NMD Plant Run Log
Plant:     NMD CPP
Period:    7/2025
Generated: 2026-07-07 20:40:57
================================================================================


Fetching data for July 2025...
######################################################################
  NMD CPP  [23BCA1B3]  Period: 7/2025
######################################################################

======================================================================
  U4U ITERATIVE BALANCING
======================================================================
20:40:28  INFO        [NMD NormsReader] Loaded 120 rows for 7/2025 — 22 generation utilities, 38 U4U materials
20:40:29  INFO        [CONSOLIDATED] 12 utilities (process + fixed) for 7/2025
20:40:29  INFO        [U4U LOOP] Initial demands: 25 utilities (25 from demand, 22 from norms)
20:40:29  INFO        [U4U LOOP] Pass-through utilities (demand but no norms): Nitrogen Gas, Power_Dis, Water
20:40:29  INFO      
20:40:29  INFO        ==========================================================================================
20:40:29  INFO        U4U ITERATION LOOP  (July 2025)
20:40:29  INFO        ==========================================================================================
20:40:29  INFO        Tolerance: 1.0000% (U4U)  |  0.02 MWh (power)  |  Max iterations: 50
20:40:29  INFO        Total utilities: 25  |  Generation utilities: 22  |  Pass-through: 3
20:40:29  INFO        Pass-through (no norms): Nitrogen Gas, Power_Dis, Water
20:40:29  INFO      
20:40:31  INFO        [DISPATCH] Total demand: 28658.46 MWh, Import: 24552.00 MWh, Net for GT/STG: 4106.46 MWh
20:40:31  WARNING     [DISPATCH] No aux power norm for 'NMD-Power Plant-1'; using 0.0
20:40:31  WARNING     [DISPATCH] No aux power norm for 'NMD-Power Plant-2'; using 0.0
20:40:31  WARNING     [DISPATCH] No aux power norm for 'NMD-STG Power Plant'; using 0.0
20:40:31  INFO        ==============================================================================
20:40:31  INFO        POWER DISPATCH  (July 2025)
20:40:31  INFO        ==============================================================================
20:40:31  INFO        Demand:  Process = 28658.46 MWh  |  Fixed = 0.00 MWh  |  Total = 28658.46 MWh
20:40:31  INFO      
20:40:31  INFO        Asset                      Priority    Min MW    Max MW     Hours   Dispatched MW  Dispatched MWh    Load %  Free Steam MT  Aux Power MWh
20:40:31  INFO        -------------------------  --------  --------  --------  --------  --------------  --------------  --------  ------------  ------------
20:40:31  INFO        NMD-Power Plant-1                 1      5.00     21.90    744.00            5.00         3720.00     22.8%       7328.40          0.00
20:40:31  INFO        NMD-Power Plant-2                 1      6.50     14.00    744.00            6.50         4836.00     46.4%       9526.92          0.00
20:40:31  INFO        NMD-STG Power Plant               2      6.00     24.90    644.00            6.00         3864.00     24.1%          0.00          0.00
20:40:31  INFO        TOTAL                                                                                    12420.00                16855.32          0.00
20:40:31  INFO        DEFICIT: 16238.46 MWh under-generation
20:40:31  INFO        ==============================================================================
20:40:31  INFO        [STG EXTRACTION] STG Load: 6.00 MW, LP Extraction: 0.00 MT, MP Extraction: 0.00 MT
20:40:32  INFO        ==============================================================================
20:40:32  INFO        STEAM DISPATCH  (July 2025)
20:40:32  INFO        ==============================================================================
20:40:32  INFO        Grade      Process/Fixed MT  Letdown MT  Byproduct MT     Net Demand MT
20:40:32  INFO        ---------  ----------------  ----------  ------------  ----------------
20:40:32  INFO        SHP                20830.00    19230.26          0.00          20830.00
20:40:32  INFO        HP                  4675.00    17928.94          0.00          23905.26
20:40:32  INFO        MP                 14093.68        0.00          0.00          32022.62
20:40:32  INFO        LP                 25767.83        0.00          0.00          25767.83
20:40:32  INFO      
20:40:32  INFO        Total Free Steam available: 16855.32 MT
20:40:32  INFO      
20:40:32  INFO        FINAL SUPPLEMENTARY FIRING DISPATCH
20:40:32  INFO        Asset                      Priority     Min TPH     Max TPH     Hours  Dispatched TPH   Dispatched MT    Load %
20:40:32  INFO        -------------------------  --------  ----------  ----------  --------  --------------  --------------  --------
20:40:32  INFO        HRSG-1                            1       50.15      126.15    744.00           50.15        37311.60     44.1%
20:40:32  INFO        HRSG-2                            1       47.20      123.19    744.00           47.20        35113.08     44.1%
20:40:32  INFO        HRSG-3                          999       60.00      136.00      0.00            0.00            0.00      0.0%
20:40:32  INFO        TOTAL SUPPLEMENTARY                                                                          72424.68          
20:40:32  INFO        TOTAL STEAM GENERATED                                                                        89280.00          
20:40:32  INFO        SURPLUS: 68450.00 MT
20:40:32  INFO        ==============================================================================
20:40:32  INFO        [REVERSE NG HRSG] Found HRSG: HRSG-1, supp_steam=37311.60 MT, free_steam=7328.40 MT, total_steam=44640.00 MT
20:40:32  INFO        [REVERSE NG HRSG] HRSG1_SHP STEAM: total_steam=44640.00 MT, norm=2.472238, consumed=110360.70 MMBTU (REVERSE, BPC method)
20:40:32  INFO        [REVERSE NG] Found GT asset: NMD-Power Plant-2, plant: NMD - Power Plant 2, heat_rate: 5182.18, free_steam: 1.97
20:40:32  INFO        [REVERSE NG] NMD - Power Plant 2: gen_qty=4836000 KWH, heat_rate=5182.18, free_steam=1.9700, consumed=70637.60 MMBTU (REVERSE)
20:40:32  INFO        [REVERSE NG] Found GT asset: NMD-Power Plant-1, plant: NMD - Power Plant 1, heat_rate: 5405.67, free_steam: 1.97
20:40:32  INFO        [REVERSE NG] NMD - Power Plant 1: gen_qty=3720000 KWH, heat_rate=5405.67, free_steam=1.9700, consumed=57633.61 MMBTU (REVERSE)
20:40:32  INFO        [REVERSE NG HRSG] Found HRSG: HRSG-2, supp_steam=35113.08 MT, free_steam=9526.92 MT, total_steam=44640.00 MT
20:40:32  INFO        [REVERSE NG HRSG] HRSG2_SHP STEAM: total_steam=44640.00 MT, norm=2.954424, consumed=131885.49 MMBTU (REVERSE, BPC method)
20:40:32  INFO      
20:40:32  INFO        ------------------------------------------------------------------------------------------
20:40:32  INFO        ITERATION 1
20:40:32  INFO        ------------------------------------------------------------------------------------------
20:40:32  INFO        Power:  Demand =    28658458.20 KWH  |  Gen =       12420.00 MWh  |  Surplus =  8313.54  |  Deficit =     0.00
20:40:32  INFO        Steam:  Gen =       89280.00 MT  |  Surplus = 68450.00  |  Deficit =     0.00
20:40:32  INFO        Power delta: 28658458.2000 MWh  |  Converged: NO
20:40:32  INFO      
20:40:32  INFO        Utility                                Total Demand      U4U Demand         Initial    Change %
20:40:32  INFO        -----------------------------------  --------------  --------------  --------------  ----------
20:40:32  INFO        Boiler Feed Water                              0.00        91422.72            0.00     0.0000%
20:40:32  INFO        COMPRESSED AIR                           5939566.24       992734.14      5939566.24   100.0000%
20:40:32  INFO        Cooling Water 1                            15089.00            0.00        15089.00   100.0000%
20:40:32  INFO        Cooling Water 2                             9380.59         2922.39         9380.59   100.0000%
20:40:32  INFO        D M Water                                  53703.20            0.00        53703.20   100.0000%
20:40:32  INFO        HP Steam PRDS                                  0.00         4675.00            0.00     0.0000%
20:40:32  INFO        HP Steam_Dis                                4675.00            0.00         4675.00   100.0000%
20:40:32  INFO        HRSG1_SHP STEAM                                0.00        10415.00            0.00     0.0000%
20:40:32  INFO        HRSG2_SHP STEAM                                0.00        10415.00            0.00     0.0000%
20:40:32  INFO        LP Steam PRDS                                  0.00        10639.54            0.00     0.0000%
20:40:32  INFO        LP Steam_Dis                               25767.83            0.00        25767.83   100.0000%
20:40:32  INFO        MP Steam PRDS SHP                              0.00        11552.59            0.00     0.0000%
20:40:32  INFO        MP Steam_Dis                               14093.68            0.00        14093.68   100.0000%
20:40:32  INFO        Nitrogen Gas                             5147845.00      5758073.20      5147845.00   100.0000% (PT)
20:40:32  INFO        Oxygen                                      6260.00            0.00         6260.00   100.0000%
20:40:32  INFO        POWERGEN                                       0.00     16121714.54            0.00     0.0000%
20:40:32  INFO        Power_Dis                               28658458.20     13006038.06     28658458.20   100.0000% (PT)
20:40:32  INFO        SHP Steam_Dis                              20830.00        13581.96        20830.00   100.0000%
20:40:32  INFO        STG1_LP STEAM                                  0.00        15128.29            0.00     0.0000%
20:40:32  INFO        STG1_MP STEAM                                  0.00         2541.09            0.00     0.0000%
20:40:32  INFO        Water                                     288030.16       331236.08       288030.16   100.0000% (PT)
20:40:32  INFO      
20:40:32  INFO        U4U CONSUMPTION BREAKDOWN (per producer per material):
20:40:32  INFO        Producer                        Material Consumed                     Norm        Quantity  Credit
20:40:32  INFO        ------------------------------  ------------------------------  ----------  --------------  ------
20:40:32  INFO        COMPRESSED AIR                  Cooling Water 2                   0.000025          148.49  
20:40:32  INFO        COMPRESSED AIR                  Power_Dis                         0.165000       980028.43  
20:40:32  INFO        Cooling Water 1                 COMPRESSED AIR                    0.109348         1649.95  
20:40:32  INFO        Cooling Water 1                 Power_Dis                       245.000005      3696805.08  
20:40:32  INFO        Cooling Water 1                 SULPHURIC ACID                    0.000158            2.38  
20:40:32  INFO        Cooling Water 1                 Water                            11.050000       166733.45  
20:40:32  INFO        Cooling Water 2                 COMPRESSED AIR                    0.118537         1111.95  
20:40:32  INFO        Cooling Water 2                 Power_Dis                       249.999998      2345147.48  
20:40:32  INFO        Cooling Water 2                 SULPHURIC ACID                    0.000200            1.88  
20:40:32  INFO        Cooling Water 2                 Water                            11.500000       107876.79  
20:40:32  INFO        D M Water                       CAUSTIC SODA LYE – GRADE 1        0.000258           13.86  
20:40:32  INFO        D M Water                       CHEM  SODIUM SULPHITE;PN:MIS 1    0.000811           43.55  
20:40:32  INFO        D M Water                       CHEM ALUM.SULFATE, AL2(SO4)3,1    0.000757           40.65  
20:40:32  INFO        D M Water                       COMPRESSED AIR                    0.077000         4135.15  
20:40:32  INFO        D M Water                       HYDRO CHLORIC ACID (30%) -VIRG    0.000258           13.86  
20:40:32  INFO        D M Water                       POLYELECTROLYTE                   0.000766           41.14  
20:40:32  INFO        D M Water                       Power_Dis                         1.210000        64980.87  
20:40:32  INFO        D M Water                       Ret steam condensate              0.203000        10901.75  
20:40:32  INFO        D M Water                       SODIUM CHLORIDE IS 797 GRADE1     0.000010            0.54  
20:40:32  INFO        D M Water                       Water                             1.050000        56388.36  
20:40:32  INFO        HP Steam_Dis                    HP Steam PRDS                     1.000000         4675.00  
20:40:32  INFO        HRSG1_SHP STEAM                 Boiler Feed Water                 1.024000        45711.36  
20:40:32  INFO        HRSG1_SHP STEAM                 CHEM TRISODIUM PHOSPHATE          0.000900           40.18  
20:40:32  INFO        HRSG1_SHP STEAM                 COMPRESSED AIR                    9.953262       444313.62  
20:40:32  INFO        HRSG1_SHP STEAM                 FURNACE OIL ( MEDIUM VISCOSITY    0.000098            4.37  
20:40:32  INFO        HRSG1_SHP STEAM                 LP Steam_Dis                     -0.078000        -3481.92  YES
20:40:32  INFO        HRSG1_SHP STEAM                 NATURAL GAS                       2.472238       110360.70  
20:40:32  INFO        HRSG1_SHP STEAM                 Water                             0.002660          118.74  
20:40:32  INFO        HRSG2_SHP STEAM                 Boiler Feed Water                 1.024000        45711.36  
20:40:32  INFO        HRSG2_SHP STEAM                 CHEM TRISODIUM PHOSPHATE          0.000900           40.18  
20:40:32  INFO        HRSG2_SHP STEAM                 COMPRESSED AIR                   10.617329       473957.57  
20:40:32  INFO        HRSG2_SHP STEAM                 FURNACE OIL ( MEDIUM VISCOSITY    0.000098            4.37  
20:40:32  INFO        HRSG2_SHP STEAM                 LP Steam_Dis                     -0.078000        -3481.92  YES
20:40:32  INFO        HRSG2_SHP STEAM                 NATURAL GAS                       2.954424       131885.49  
20:40:32  INFO        HRSG2_SHP STEAM                 Water                             0.002660          118.74  
20:40:32  INFO        LP Steam_Dis                    LP Steam PRDS                     0.412900        10639.54  
20:40:32  INFO        LP Steam_Dis                    STG1_LP STEAM                     0.587100        15128.29  
20:40:32  INFO        MP Steam_Dis                    MP Steam PRDS SHP                 0.819700        11552.59  
20:40:32  INFO        MP Steam_Dis                    STG1_MP STEAM                     0.180300         2541.09  
20:40:32  INFO        Oxygen                          Cooling Water 2                   0.250000         1565.00  
20:40:32  INFO        Oxygen                          Nitrogen Gas                    919.820000      5758073.20  
20:40:32  INFO        Oxygen                          Power_Dis                       925.170000      5791564.20  
20:40:32  INFO        POWERGEN                        COMPRESSED AIR                    0.006205        30007.38  
20:40:32  INFO        POWERGEN                        COMPRESSED AIR                    0.003912            0.00  
20:40:32  INFO        POWERGEN                        COMPRESSED AIR                    0.005283        19652.76  
20:40:32  INFO        POWERGEN                        COMPRESSED AIR                    0.004634        17905.78  
20:40:32  INFO        POWERGEN                        Cooling Water 2                   0.000022          106.39  
20:40:32  INFO        POWERGEN                        Cooling Water 2                   0.000011            0.00  
20:40:32  INFO        POWERGEN                        Cooling Water 2                   0.000018           66.96  
20:40:32  INFO        POWERGEN                        Cooling Water 2                   0.000268         1035.55  
20:40:32  INFO        POWERGEN                        NATURAL GAS                       0.014762        70637.60  
20:40:32  INFO        POWERGEN                        NATURAL GAS                       0.009472            0.00  
20:40:32  INFO        POWERGEN                        NATURAL GAS                       0.014762        57633.61  
20:40:32  INFO        POWERGEN                        No Material                       0.000000            0.00  
20:40:32  INFO        POWERGEN                        No Material                       0.000000            0.00  
20:40:32  INFO        POWERGEN                        No Material                       0.000000            0.00  
20:40:32  INFO        POWERGEN                        Power_Dis                         0.014000        67704.00  
20:40:32  INFO        POWERGEN                        Power_Dis                         0.019931            0.00  
20:40:32  INFO        POWERGEN                        Power_Dis                         0.014000        52080.00  
20:40:32  INFO        POWERGEN                        Power_Dis                         0.002000         7728.00  
20:40:32  INFO        POWERGEN                        Ret steam condensate              0.002326         8987.66  
20:40:32  INFO        POWERGEN                        SHP Steam_Dis                     0.003515        13581.96  
20:40:32  INFO        Power_Dis                       POWERGEN                          0.108045      3994639.74  
20:40:32  INFO        Power_Dis                       POWERGEN                          0.108045      3994639.74  
20:40:32  INFO        Power_Dis                       POWERGEN                          0.219962      8132435.06  
20:40:32  INFO        Power_Dis                       Power from MEL                    0.563947     24552000.00  
20:40:32  INFO        SHP Steam_Dis                   HRSG1_SHP STEAM                   0.500000        10415.00  
20:40:32  INFO        SHP Steam_Dis                   HRSG2_SHP STEAM                   0.500000        10415.00  
20:40:32  INFO      
20:40:32  INFO        Not yet converged: 27 materials
20:40:32  INFO          Boiler Feed Water               change = 100.0000%
20:40:32  INFO          CAUSTIC SODA LYE – GRADE 1      change = 100.0000%
20:40:32  INFO          CHEM  SODIUM SULPHITE;PN:MIS 19OX  change = 100.0000%
20:40:32  INFO          CHEM ALUM.SULFATE, AL2(SO4)3,18H2O  change = 100.0000%
20:40:32  INFO          CHEM TRISODIUM PHOSPHATE        change = 100.0000%
20:40:32  INFO          COMPRESSED AIR                  change = 100.0000%
20:40:32  INFO          Cooling Water 2                 change = 100.0000%
20:40:32  INFO          FURNACE OIL ( MEDIUM VISCOSITY GRADE )  change = 100.0000%
20:40:32  INFO          HP Steam PRDS                   change = 100.0000%
20:40:32  INFO          HRSG1_SHP STEAM                 change = 100.0000%
20:40:32  INFO          HRSG2_SHP STEAM                 change = 100.0000%
20:40:32  INFO          HYDRO CHLORIC ACID (30%) -VIRGIN  change = 100.0000%
20:40:32  INFO          LP Steam PRDS                   change = 100.0000%
20:40:32  INFO          MP Steam PRDS SHP               change = 100.0000%
20:40:32  INFO          NATURAL GAS                     change = 100.0000%
20:40:32  INFO          Nitrogen Gas                    change = 100.0000%
20:40:32  INFO          POLYELECTROLYTE                 change = 100.0000%
20:40:32  INFO          POWERGEN                        change = 100.0000%
20:40:32  INFO          Power from MEL                  change = 100.0000%
20:40:32  INFO          Power_Dis                       change = 100.0000%
20:40:32  INFO          Ret steam condensate            change = 100.0000%
20:40:32  INFO          SHP Steam_Dis                   change = 100.0000%
20:40:32  INFO          SODIUM CHLORIDE IS 797 GRADE1   change = 100.0000%
20:40:32  INFO          STG1_LP STEAM                   change = 100.0000%
20:40:32  INFO          STG1_MP STEAM                   change = 100.0000%
20:40:32  INFO          SULPHURIC ACID                  change = 100.0000%
20:40:32  INFO          Water                           change = 100.0000%
20:40:32  INFO        ------------------------------------------------------------------------------------------
20:40:32  INFO        [DISPATCH] Total demand: 41664.50 MWh, Import: 24552.00 MWh, Net for GT/STG: 17112.50 MWh
20:40:32  WARNING     [DISPATCH] No aux power norm for 'NMD-Power Plant-1'; using 0.0
20:40:32  WARNING     [DISPATCH] No aux power norm for 'NMD-Power Plant-2'; using 0.0
20:40:32  WARNING     [DISPATCH] No aux power norm for 'NMD-STG Power Plant'; using 0.0
20:40:32  INFO        ==============================================================================
20:40:32  INFO        POWER DISPATCH  (July 2025)
20:40:32  INFO        ==============================================================================
20:40:32  INFO        Demand:  Process = 41664.50 MWh  |  Fixed = 0.00 MWh  |  Total = 41664.50 MWh
20:40:32  INFO      
20:40:32  INFO        Asset                      Priority    Min MW    Max MW     Hours   Dispatched MW  Dispatched MWh    Load %  Free Steam MT  Aux Power MWh
20:40:32  INFO        -------------------------  --------  --------  --------  --------  --------------  --------------  --------  ------------  ------------
20:40:32  INFO        NMD-Power Plant-1                 1      5.00     21.90    744.00            8.15         6066.25     37.2%      11950.51          0.00
20:40:32  INFO        NMD-Power Plant-2                 1      6.50     14.00    744.00            9.65         7182.25     69.0%      14149.03          0.00
20:40:32  INFO        NMD-STG Power Plant               2      6.00     24.90    644.00            6.00         3864.00     24.1%          0.00          0.00
20:40:32  INFO        TOTAL                                                                                    17112.50                26099.54          0.00
20:40:32  INFO        DEFICIT: 24552.00 MWh under-generation
20:40:32  INFO        ==============================================================================
20:40:32  INFO        [STG EXTRACTION] STG Load: 6.00 MW, LP Extraction: 0.00 MT, MP Extraction: 0.00 MT
20:40:32  INFO        ==============================================================================
20:40:32  INFO        STEAM DISPATCH  (July 2025)
20:40:32  INFO        ==============================================================================
20:40:32  INFO        Grade      Process/Fixed MT  Letdown MT  Byproduct MT     Net Demand MT
20:40:32  INFO        ---------  ----------------  ----------  ------------  ----------------
20:40:32  INFO        SHP                34411.96    31769.12          0.00          34411.96
20:40:32  INFO        HP                  4675.00    27333.09          0.00          36444.12
20:40:32  INFO        MP                 14093.68        0.00          0.00          41426.77
20:40:32  INFO        LP                 25767.83        0.00          0.00          25767.83
20:40:32  INFO      
20:40:32  INFO        Total Free Steam available: 26099.54 MT
20:40:32  INFO      
20:40:32  INFO        FINAL SUPPLEMENTARY FIRING DISPATCH
20:40:32  INFO        Asset                      Priority     Min TPH     Max TPH     Hours  Dispatched TPH   Dispatched MT    Load %
20:40:32  INFO        -------------------------  --------  ----------  ----------  --------  --------------  --------------  --------
20:40:32  INFO        HRSG-1                            1       43.94      119.94    744.00           43.94        32689.49     44.1%
20:40:32  INFO        HRSG-2                            1       40.98      116.98    744.00           40.98        30490.97     44.1%
20:40:32  INFO        HRSG-3                          999       60.00      136.00      0.00            0.00            0.00      0.0%
20:40:32  INFO        TOTAL SUPPLEMENTARY                                                                          63180.46          
20:40:32  INFO        TOTAL STEAM GENERATED                                                                        89280.00          
20:40:32  INFO        SURPLUS: 54868.04 MT
20:40:32  INFO        ==============================================================================
20:40:32  INFO        [REVERSE NG HRSG] Found HRSG: HRSG-1, supp_steam=32689.49 MT, free_steam=11950.51 MT, total_steam=44640.00 MT
20:40:32  INFO        [REVERSE NG HRSG] HRSG1_SHP STEAM: total_steam=44640.00 MT, norm=2.472238, consumed=110360.70 MMBTU (REVERSE, BPC method)
20:40:32  INFO        [REVERSE NG] Found GT asset: NMD-Power Plant-2, plant: NMD - Power Plant 2, heat_rate: 4307.66, free_steam: 1.97
20:40:32  INFO        [REVERSE NG] NMD - Power Plant 2: gen_qty=7182250 KWH, heat_rate=4307.66, free_steam=1.9700, consumed=79999.92 MMBTU (REVERSE)
20:40:32  INFO        [REVERSE NG] Found GT asset: NMD-Power Plant-1, plant: NMD - Power Plant 1, heat_rate: 4613.73, free_steam: 1.97
20:40:32  INFO        [REVERSE NG] NMD - Power Plant 1: gen_qty=6066250 KWH, heat_rate=4613.73, free_steam=1.9700, consumed=74932.34 MMBTU (REVERSE)
20:40:32  INFO        [REVERSE NG HRSG] Found HRSG: HRSG-2, supp_steam=30490.97 MT, free_steam=14149.03 MT, total_steam=44640.00 MT
20:40:32  INFO        [REVERSE NG HRSG] HRSG2_SHP STEAM: total_steam=44640.00 MT, norm=2.954424, consumed=131885.49 MMBTU (REVERSE, BPC method)
20:40:32  INFO      
20:40:32  INFO        ------------------------------------------------------------------------------------------
20:40:32  INFO        ITERATION 2
20:40:32  INFO        ------------------------------------------------------------------------------------------
20:40:32  INFO        Power:  Demand =    41664496.26 KWH  |  Gen =       17112.50 MWh  |  Surplus =     0.00  |  Deficit =     0.00
20:40:32  INFO        Steam:  Gen =       89280.00 MT  |  Surplus = 54868.04  |  Deficit =     0.00
20:40:32  INFO        Power delta: 13006038.0583 MWh  |  Converged: NO
20:40:32  INFO      
20:40:32  INFO        Utility                                Total Demand      U4U Demand         Initial    Change %
20:40:32  INFO        -----------------------------------  --------------  --------------  --------------  ----------
20:40:32  INFO        Boiler Feed Water                          91422.72        95481.38            0.00   100.0000%
20:40:32  INFO        COMPRESSED AIR                           6932300.38      1020034.28      5939566.24   100.0000%
20:40:32  INFO        Cooling Water 1                            15089.00            0.00        15089.00   100.0000%
20:40:32  INFO        Cooling Water 2                            12302.98         3145.83         9380.59   100.0000%
20:40:32  INFO        D M Water                                  53703.20        78623.54        53703.20   100.0000%
20:40:32  INFO        HP Steam PRDS                               4675.00         4675.00            0.00   100.0000%
20:40:32  INFO        HP Steam_Dis                                4675.00            0.00         4675.00   100.0000%
20:40:32  INFO        HRSG1_SHP STEAM                            10415.00        17205.98            0.00   100.0000%
20:40:32  INFO        HRSG2_SHP STEAM                            10415.00        17205.98            0.00   100.0000%
20:40:32  INFO        LP Steam PRDS                              10639.54        10639.54            0.00   100.0000%
20:40:32  INFO        LP Steam_Dis                               25767.83        13256.29        25767.83   100.0000%
20:40:32  INFO        MP Steam PRDS SHP                          11552.59        11552.59            0.00   100.0000%
20:40:32  INFO        MP Steam_Dis                               14093.68         7979.65        14093.68   100.0000%
20:40:32  INFO        Nitrogen Gas                            10905918.20      5758073.20      5147845.00   100.0000% (PT)
20:40:32  INFO        Oxygen                                      6260.00            0.00         6260.00   100.0000%
20:40:32  INFO        POWERGEN                                16121714.54     18167888.55            0.00   100.0000%
20:40:32  INFO        Power_Dis                               41664496.26     14834648.32     28658458.20   100.0000% (PT)
20:40:32  INFO        SHP Steam_Dis                              34411.96        37425.71        20830.00   100.0000%
20:40:32  INFO        STG1_LP STEAM                              15128.29        15128.29            0.00   100.0000%
20:40:32  INFO        STG1_MP STEAM                               2541.09         2541.09            0.00   100.0000%
20:40:32  INFO        Water                                     619266.24       364843.60       288030.16   100.0000% (PT)
20:40:32  INFO      
20:40:32  INFO        U4U CONSUMPTION BREAKDOWN (per producer per material):
20:40:32  INFO        Producer                        Material Consumed                     Norm        Quantity  Credit
20:40:32  INFO        ------------------------------  ------------------------------  ----------  --------------  ------
20:40:32  INFO        Boiler Feed Water               CHEM CYCLO HEXY                   0.000100            9.14  
20:40:32  INFO        Boiler Feed Water               CHEM MORPHOLENE                   0.000002            0.18  
20:40:32  INFO        Boiler Feed Water               Cooling Water 2                   0.001146          104.77  
20:40:32  INFO        Boiler Feed Water               D M Water                         0.860000        78623.54  
20:40:32  INFO        Boiler Feed Water               KEM WATREAT B 70M                 0.000570           52.11  
20:40:32  INFO        Boiler Feed Water               LP Steam_Dis                      0.145000        13256.29  
20:40:32  INFO        Boiler Feed Water               Power_Dis                         9.500000       868515.84  
20:40:32  INFO        COMPRESSED AIR                  Cooling Water 2                   0.000025          173.31  
20:40:32  INFO        COMPRESSED AIR                  Power_Dis                         0.165000      1143829.56  
20:40:32  INFO        Cooling Water 1                 COMPRESSED AIR                    0.109348         1649.95  
20:40:32  INFO        Cooling Water 1                 Power_Dis                       245.000005      3696805.08  
20:40:32  INFO        Cooling Water 1                 SULPHURIC ACID                    0.000158            2.38  
20:40:32  INFO        Cooling Water 1                 Water                            11.050000       166733.45  
20:40:32  INFO        Cooling Water 2                 COMPRESSED AIR                    0.118537         1458.36  
20:40:32  INFO        Cooling Water 2                 Power_Dis                       249.999998      3075745.76  
20:40:32  INFO        Cooling Water 2                 SULPHURIC ACID                    0.000200            2.46  
20:40:32  INFO        Cooling Water 2                 Water                            11.500000       141484.31  
20:40:32  INFO        D M Water                       CAUSTIC SODA LYE – GRADE 1        0.000258           13.86  
20:40:32  INFO        D M Water                       CHEM  SODIUM SULPHITE;PN:MIS 1    0.000811           43.55  
20:40:32  INFO        D M Water                       CHEM ALUM.SULFATE, AL2(SO4)3,1    0.000757           40.65  
20:40:32  INFO        D M Water                       COMPRESSED AIR                    0.077000         4135.15  
20:40:32  INFO        D M Water                       HYDRO CHLORIC ACID (30%) -VIRG    0.000258           13.86  
20:40:32  INFO        D M Water                       POLYELECTROLYTE                   0.000766           41.14  
20:40:32  INFO        D M Water                       Power_Dis                         1.210000        64980.87  
20:40:32  INFO        D M Water                       Ret steam condensate              0.203000        10901.75  
20:40:32  INFO        D M Water                       SODIUM CHLORIDE IS 797 GRADE1     0.000010            0.54  
20:40:32  INFO        D M Water                       Water                             1.050000        56388.36  
20:40:32  INFO        HP Steam PRDS                   Boiler Feed Water                 0.076800          359.04  
20:40:32  INFO        HP Steam PRDS                   SHP Steam_Dis                     0.923200         4315.96  
20:40:32  INFO        HP Steam_Dis                    HP Steam PRDS                     1.000000         4675.00  
20:40:32  INFO        HRSG1_SHP STEAM                 Boiler Feed Water                 1.024000        45711.36  
20:40:32  INFO        HRSG1_SHP STEAM                 CHEM TRISODIUM PHOSPHATE          0.000900           40.18  
20:40:32  INFO        HRSG1_SHP STEAM                 COMPRESSED AIR                    9.953262       444313.62  
20:40:32  INFO        HRSG1_SHP STEAM                 FURNACE OIL ( MEDIUM VISCOSITY    0.000098            4.37  
20:40:32  INFO        HRSG1_SHP STEAM                 LP Steam_Dis                     -0.078000        -3481.92  YES
20:40:32  INFO        HRSG1_SHP STEAM                 NATURAL GAS                       2.472238       110360.70  
20:40:32  INFO        HRSG1_SHP STEAM                 Water                             0.002660          118.74  
20:40:32  INFO        HRSG2_SHP STEAM                 Boiler Feed Water                 1.024000        45711.36  
20:40:32  INFO        HRSG2_SHP STEAM                 CHEM TRISODIUM PHOSPHATE          0.000900           40.18  
20:40:32  INFO        HRSG2_SHP STEAM                 COMPRESSED AIR                   10.617329       473957.57  
20:40:32  INFO        HRSG2_SHP STEAM                 FURNACE OIL ( MEDIUM VISCOSITY    0.000098            4.37  
20:40:32  INFO        HRSG2_SHP STEAM                 LP Steam_Dis                     -0.078000        -3481.92  YES
20:40:32  INFO        HRSG2_SHP STEAM                 NATURAL GAS                       2.954424       131885.49  
20:40:32  INFO        HRSG2_SHP STEAM                 Water                             0.002660          118.74  
20:40:32  INFO        LP Steam PRDS                   Boiler Feed Water                 0.250000         2659.88  
20:40:32  INFO        LP Steam PRDS                   MP Steam_Dis                      0.750000         7979.65  
20:40:32  INFO        LP Steam_Dis                    LP Steam PRDS                     0.412900        10639.54  
20:40:32  INFO        LP Steam_Dis                    STG1_LP STEAM                     0.587100        15128.29  
20:40:32  INFO        MP Steam PRDS SHP               Boiler Feed Water                 0.090000         1039.73  
20:40:32  INFO        MP Steam PRDS SHP               SHP Steam_Dis                     0.910000        10512.86  
20:40:32  INFO        MP Steam_Dis                    MP Steam PRDS SHP                 0.819700        11552.59  
20:40:32  INFO        MP Steam_Dis                    STG1_MP STEAM                     0.180300         2541.09  
20:40:32  INFO        Oxygen                          Cooling Water 2                   0.250000         1565.00  
20:40:32  INFO        Oxygen                          Nitrogen Gas                    919.820000      5758073.20  
20:40:32  INFO        Oxygen                          Power_Dis                       925.170000      5791564.20  
20:40:32  INFO        POWERGEN                        COMPRESSED AIR                    0.006205        44565.86  
20:40:32  INFO        POWERGEN                        COMPRESSED AIR                    0.003912            0.00  
20:40:32  INFO        POWERGEN                        COMPRESSED AIR                    0.005283        32048.00  
20:40:32  INFO        POWERGEN                        COMPRESSED AIR                    0.004634        17905.78  
20:40:32  INFO        POWERGEN                        Cooling Water 2                   0.000022          158.01  
20:40:32  INFO        POWERGEN                        Cooling Water 2                   0.000011            0.00  
20:40:32  INFO        POWERGEN                        Cooling Water 2                   0.000018          109.19  
20:40:32  INFO        POWERGEN                        Cooling Water 2                   0.000268         1035.55  
20:40:32  INFO        POWERGEN                        NATURAL GAS                       0.014762        79999.92  
20:40:32  INFO        POWERGEN                        NATURAL GAS                       0.009472            0.00  
20:40:32  INFO        POWERGEN                        NATURAL GAS                       0.014762        74932.34  
20:40:32  INFO        POWERGEN                        No Material                       0.000000            0.00  
20:40:32  INFO        POWERGEN                        No Material                       0.000000            0.00  
20:40:32  INFO        POWERGEN                        No Material                       0.000000            0.00  
20:40:32  INFO        POWERGEN                        Power_Dis                         0.014000       100551.50  
20:40:32  INFO        POWERGEN                        Power_Dis                         0.019931            0.00  
20:40:32  INFO        POWERGEN                        Power_Dis                         0.014000        84927.50  
20:40:32  INFO        POWERGEN                        Power_Dis                         0.002000         7728.00  
20:40:32  INFO        POWERGEN                        Ret steam condensate              0.002326         8987.66  
20:40:32  INFO        POWERGEN                        SHP Steam_Dis                     0.003515        13581.96  
20:40:32  INFO        Power_Dis                       POWERGEN                          0.108045      4501640.90  
20:40:32  INFO        Power_Dis                       POWERGEN                          0.108045      4501640.90  
20:40:32  INFO        Power_Dis                       POWERGEN                          0.219962      9164606.75  
20:40:32  INFO        Power_Dis                       Power from MEL                    0.563947     24552000.00  
20:40:32  INFO        SHP Steam_Dis                   HRSG1_SHP STEAM                   0.500000        17205.98  
20:40:32  INFO        SHP Steam_Dis                   HRSG2_SHP STEAM                   0.500000        17205.98  
20:40:32  INFO        STG1_LP STEAM                   SHP Steam_Dis                     0.480000         7261.58  
20:40:32  INFO        STG1_MP STEAM                   SHP Steam_Dis                     0.690000         1753.35  
20:40:32  INFO      
20:40:32  INFO        Not yet converged: 17 materials
20:40:32  INFO          Boiler Feed Water               change = 4.2507%
20:40:32  INFO          CHEM CYCLO HEXY                 change = 100.0000%
20:40:32  INFO          CHEM MORPHOLENE                 change = 100.0000%
20:40:32  INFO          COMPRESSED AIR                  change = 2.6764%
20:40:32  INFO          Cooling Water 2                 change = 7.1027%
20:40:32  INFO          D M Water                       change = 100.0000%
20:40:32  INFO          HRSG1_SHP STEAM                 change = 39.4687%
20:40:32  INFO          HRSG2_SHP STEAM                 change = 39.4687%
20:40:32  INFO          KEM WATREAT B 70M               change = 100.0000%
20:40:32  INFO          LP Steam_Dis                    change = 100.0000%
20:40:32  INFO          MP Steam_Dis                    change = 100.0000%
20:40:32  INFO          NATURAL GAS                     change = 6.7126%
20:40:32  INFO          POWERGEN                        change = 11.2626%
20:40:32  INFO          Power_Dis                       change = 12.3266%
20:40:32  INFO          SHP Steam_Dis                   change = 63.7095%
20:40:32  INFO          SULPHURIC ACID                  change = 12.0644%
20:40:32  INFO          Water                           change = 9.2115%
20:40:32  INFO        ------------------------------------------------------------------------------------------
20:40:32  INFO        [DISPATCH] Total demand: 43493.11 MWh, Import: 24552.00 MWh, Net for GT/STG: 18941.11 MWh
20:40:32  WARNING     [DISPATCH] No aux power norm for 'NMD-Power Plant-1'; using 0.0
20:40:32  WARNING     [DISPATCH] No aux power norm for 'NMD-Power Plant-2'; using 0.0
20:40:32  WARNING     [DISPATCH] No aux power norm for 'NMD-STG Power Plant'; using 0.0
20:40:32  INFO        ==============================================================================
20:40:32  INFO        POWER DISPATCH  (July 2025)
20:40:32  INFO        ==============================================================================
20:40:32  INFO        Demand:  Process = 43493.11 MWh  |  Fixed = 0.00 MWh  |  Total = 43493.11 MWh
20:40:32  INFO      
20:40:32  INFO        Asset                      Priority    Min MW    Max MW     Hours   Dispatched MW  Dispatched MWh    Load %  Free Steam MT  Aux Power MWh
20:40:32  INFO        -------------------------  --------  --------  --------  --------  --------------  --------------  --------  ------------  ------------
20:40:32  INFO        NMD-Power Plant-1                 1      5.00     21.90    744.00            9.38         6980.56     42.8%      13751.70          0.00
20:40:32  INFO        NMD-Power Plant-2                 1      6.50     14.00    744.00           10.88         8096.56     77.7%      15950.22          0.00
20:40:32  INFO        NMD-STG Power Plant               2      6.00     24.90    644.00            6.00         3864.00     24.1%          0.00          0.00
20:40:32  INFO        TOTAL                                                                                    18941.12                29701.92          0.00
20:40:32  INFO        DEFICIT: 24551.99 MWh under-generation
20:40:32  INFO        ==============================================================================
20:40:32  INFO        [STG EXTRACTION] STG Load: 6.00 MW, LP Extraction: 0.00 MT, MP Extraction: 0.00 MT
20:40:32  INFO        ==============================================================================
20:40:32  INFO        STEAM DISPATCH  (July 2025)
20:40:32  INFO        ==============================================================================
20:40:32  INFO        Grade      Process/Fixed MT  Letdown MT  Byproduct MT     Net Demand MT
20:40:32  INFO        ---------  ----------------  ----------  ------------  ----------------
20:40:32  INFO        SHP                58255.71    53781.67          0.00          58255.71
20:40:32  INFO        HP                  4675.00    43842.50          0.00          58456.67
20:40:32  INFO        MP                 22073.33        0.00          0.00          65915.84
20:40:32  INFO        LP                 39024.12        0.00          0.00          39024.12
20:40:32  INFO      
20:40:32  INFO        Total Free Steam available: 29701.92 MT
20:40:32  INFO      
20:40:32  INFO        FINAL SUPPLEMENTARY FIRING DISPATCH
20:40:32  INFO        Asset                      Priority     Min TPH     Max TPH     Hours  Dispatched TPH   Dispatched MT    Load %
20:40:32  INFO        -------------------------  --------  ----------  ----------  --------  --------------  --------------  --------
20:40:32  INFO        HRSG-1                            1       41.52      117.52    744.00           41.52        30888.30     44.1%
20:40:32  INFO        HRSG-2                            1       38.56      114.56    744.00           38.56        28689.78     44.1%
20:40:32  INFO        HRSG-3                          999       60.00      136.00      0.00            0.00            0.00      0.0%
20:40:32  INFO        TOTAL SUPPLEMENTARY                                                                          59578.08          
20:40:32  INFO        TOTAL STEAM GENERATED                                                                        89280.00          
20:40:32  INFO        SURPLUS: 31024.29 MT
20:40:32  INFO        ==============================================================================
20:40:32  INFO        [REVERSE NG HRSG] Found HRSG: HRSG-1, supp_steam=30888.30 MT, free_steam=13751.70 MT, total_steam=44640.00 MT
20:40:32  INFO        [REVERSE NG HRSG] HRSG1_SHP STEAM: total_steam=44640.00 MT, norm=2.472238, consumed=110360.70 MMBTU (REVERSE, BPC method)
20:40:32  INFO        [REVERSE NG] Found GT asset: NMD-Power Plant-2, plant: NMD - Power Plant 2, heat_rate: 4103.05, free_steam: 1.97
20:40:32  INFO        [REVERSE NG] NMD - Power Plant 2: gen_qty=8096560 KWH, heat_rate=4103.05, free_steam=1.9700, consumed=83614.34 MMBTU (REVERSE)
20:40:32  INFO        [REVERSE NG] Found GT asset: NMD-Power Plant-1, plant: NMD - Power Plant 1, heat_rate: 4359.65, free_steam: 1.97
20:40:32  INFO        [REVERSE NG] NMD - Power Plant 1: gen_qty=6980560 KWH, heat_rate=4359.65, free_steam=1.9700, consumed=79192.61 MMBTU (REVERSE)
20:40:32  INFO        [REVERSE NG HRSG] Found HRSG: HRSG-2, supp_steam=28689.78 MT, free_steam=15950.22 MT, total_steam=44640.00 MT
20:40:32  INFO        [REVERSE NG HRSG] HRSG2_SHP STEAM: total_steam=44640.00 MT, norm=2.954424, consumed=131885.49 MMBTU (REVERSE, BPC method)
20:40:32  INFO      
20:40:32  INFO        ------------------------------------------------------------------------------------------
20:40:32  INFO        ITERATION 3
20:40:32  INFO        ------------------------------------------------------------------------------------------
20:40:32  INFO        Power:  Demand =    43493106.52 KWH  |  Gen =       18941.12 MWh  |  Surplus =     0.01  |  Deficit =     0.00
20:40:32  INFO        Steam:  Gen =       89280.00 MT  |  Surplus = 31024.29  |  Deficit =     0.00
20:40:32  INFO        Power delta: 1828610.2569 MWh  |  Converged: NO
20:40:32  INFO      
20:40:32  INFO        Utility                                Total Demand      U4U Demand         Initial    Change %
20:40:32  INFO        -----------------------------------  --------------  --------------  --------------  ----------
20:40:32  INFO        Boiler Feed Water                          95481.38        95481.38            0.00     4.2507%
20:40:32  INFO        COMPRESSED AIR                           6959600.52      1036618.37      5939566.24    85.7358%
20:40:32  INFO        Cooling Water 1                            15089.00            0.00        15089.00   100.0000%
20:40:32  INFO        Cooling Water 2                            12526.42         3187.74         9380.59    76.6702%
20:40:32  INFO        D M Water                                 132326.74        82113.98        53703.20   100.0000%
20:40:32  INFO        HP Steam PRDS                               4675.00         4675.00            0.00     0.0000%
20:40:32  INFO        HP Steam_Dis                                4675.00            0.00         4675.00   100.0000%
20:40:32  INFO        HRSG1_SHP STEAM                            17205.98        29127.85            0.00    39.4687%
20:40:32  INFO        HRSG2_SHP STEAM                            17205.98        29127.85            0.00    39.4687%
20:40:32  INFO        LP Steam PRDS                              10639.54        16113.06            0.00     0.0000%
20:40:32  INFO        LP Steam_Dis                               39024.12        13844.80        25767.83   100.0000%
20:40:32  INFO        MP Steam PRDS SHP                          11552.59        18093.51            0.00     0.0000%
20:40:32  INFO        MP Steam_Dis                               22073.33         7979.65        14093.68   100.0000%
20:40:32  INFO        Nitrogen Gas                            10905918.20      5758073.20      5147845.00    47.2023% (PT)
20:40:32  INFO        Oxygen                                      6260.00            0.00         6260.00   100.0000%
20:40:32  INFO        POWERGEN                                18167888.55     18965261.96            0.00    11.2626%
20:40:32  INFO        Power_Dis                               43493106.52     15054304.94     28658458.20    70.0963% (PT)
20:40:32  INFO        SHP Steam_Dis                              58255.71        37425.71        20830.00    76.6856%
20:40:32  INFO        STG1_LP STEAM                              15128.29        22911.06            0.00     0.0000%
20:40:32  INFO        STG1_MP STEAM                               2541.09         3979.82            0.00     0.0000%
20:40:32  INFO        Water                                     652873.76       449967.86       288030.16    49.2649% (PT)
20:40:32  INFO      
20:40:32  INFO        U4U CONSUMPTION BREAKDOWN (per producer per material):
20:40:32  INFO        Producer                        Material Consumed                     Norm        Quantity  Credit
20:40:32  INFO        ------------------------------  ------------------------------  ----------  --------------  ------
20:40:32  INFO        Boiler Feed Water               CHEM CYCLO HEXY                   0.000100            9.55  
20:40:32  INFO        Boiler Feed Water               CHEM MORPHOLENE                   0.000002            0.19  
20:40:32  INFO        Boiler Feed Water               Cooling Water 2                   0.001146          109.42  
20:40:32  INFO        Boiler Feed Water               D M Water                         0.860000        82113.98  
20:40:32  INFO        Boiler Feed Water               KEM WATREAT B 70M                 0.000570           54.42  
20:40:32  INFO        Boiler Feed Water               LP Steam_Dis                      0.145000        13844.80  
20:40:32  INFO        Boiler Feed Water               Power_Dis                         9.500000       907073.08  
20:40:32  INFO        COMPRESSED AIR                  Cooling Water 2                   0.000025          173.99  
20:40:32  INFO        COMPRESSED AIR                  Power_Dis                         0.165000      1148334.09  
20:40:32  INFO        Cooling Water 1                 COMPRESSED AIR                    0.109348         1649.95  
20:40:32  INFO        Cooling Water 1                 Power_Dis                       245.000005      3696805.08  
20:40:32  INFO        Cooling Water 1                 SULPHURIC ACID                    0.000158            2.38  
20:40:32  INFO        Cooling Water 1                 Water                            11.050000       166733.45  
20:40:32  INFO        Cooling Water 2                 COMPRESSED AIR                    0.118537         1484.84  
20:40:32  INFO        Cooling Water 2                 Power_Dis                       249.999998      3131605.46  
20:40:32  INFO        Cooling Water 2                 SULPHURIC ACID                    0.000200            2.51  
20:40:32  INFO        Cooling Water 2                 Water                            11.500000       144053.85  
20:40:32  INFO        D M Water                       CAUSTIC SODA LYE – GRADE 1        0.000258           34.14  
20:40:32  INFO        D M Water                       CHEM  SODIUM SULPHITE;PN:MIS 1    0.000811          107.32  
20:40:32  INFO        D M Water                       CHEM ALUM.SULFATE, AL2(SO4)3,1    0.000757          100.17  
20:40:32  INFO        D M Water                       COMPRESSED AIR                    0.077000        10189.16  
20:40:32  INFO        D M Water                       HYDRO CHLORIC ACID (30%) -VIRG    0.000258           34.14  
20:40:32  INFO        D M Water                       POLYELECTROLYTE                   0.000766          101.36  
20:40:32  INFO        D M Water                       Power_Dis                         1.210000       160115.35  
20:40:32  INFO        D M Water                       Ret steam condensate              0.203000        26862.33  
20:40:32  INFO        D M Water                       SODIUM CHLORIDE IS 797 GRADE1     0.000010            1.32  
20:40:32  INFO        D M Water                       Water                             1.050000       138943.08  
20:40:32  INFO        HP Steam PRDS                   Boiler Feed Water                 0.076800          359.04  
20:40:32  INFO        HP Steam PRDS                   SHP Steam_Dis                     0.923200         4315.96  
20:40:32  INFO        HP Steam_Dis                    HP Steam PRDS                     1.000000         4675.00  
20:40:32  INFO        HRSG1_SHP STEAM                 Boiler Feed Water                 1.024000        45711.36  
20:40:32  INFO        HRSG1_SHP STEAM                 CHEM TRISODIUM PHOSPHATE          0.000900           40.18  
20:40:32  INFO        HRSG1_SHP STEAM                 COMPRESSED AIR                    9.953262       444313.62  
20:40:32  INFO        HRSG1_SHP STEAM                 FURNACE OIL ( MEDIUM VISCOSITY    0.000098            4.37  
20:40:32  INFO        HRSG1_SHP STEAM                 LP Steam_Dis                     -0.078000        -3481.92  YES
20:40:32  INFO        HRSG1_SHP STEAM                 NATURAL GAS                       2.472238       110360.70  
20:40:32  INFO        HRSG1_SHP STEAM                 Water                             0.002660          118.74  
20:40:32  INFO        HRSG2_SHP STEAM                 Boiler Feed Water                 1.024000        45711.36  
20:40:32  INFO        HRSG2_SHP STEAM                 CHEM TRISODIUM PHOSPHATE          0.000900           40.18  
20:40:32  INFO        HRSG2_SHP STEAM                 COMPRESSED AIR                   10.617329       473957.57  
20:40:32  INFO        HRSG2_SHP STEAM                 FURNACE OIL ( MEDIUM VISCOSITY    0.000098            4.37  
20:40:32  INFO        HRSG2_SHP STEAM                 LP Steam_Dis                     -0.078000        -3481.92  YES
20:40:32  INFO        HRSG2_SHP STEAM                 NATURAL GAS                       2.954424       131885.49  
20:40:32  INFO        HRSG2_SHP STEAM                 Water                             0.002660          118.74  
20:40:32  INFO        LP Steam PRDS                   Boiler Feed Water                 0.250000         2659.88  
20:40:32  INFO        LP Steam PRDS                   MP Steam_Dis                      0.750000         7979.65  
20:40:32  INFO        LP Steam_Dis                    LP Steam PRDS                     0.412900        16113.06  
20:40:32  INFO        LP Steam_Dis                    STG1_LP STEAM                     0.587100        22911.06  
20:40:32  INFO        MP Steam PRDS SHP               Boiler Feed Water                 0.090000         1039.73  
20:40:32  INFO        MP Steam PRDS SHP               SHP Steam_Dis                     0.910000        10512.86  
20:40:32  INFO        MP Steam_Dis                    MP Steam PRDS SHP                 0.819700        18093.51  
20:40:32  INFO        MP Steam_Dis                    STG1_MP STEAM                     0.180300         3979.82  
20:40:32  INFO        Oxygen                          Cooling Water 2                   0.250000         1565.00  
20:40:32  INFO        Oxygen                          Nitrogen Gas                    919.820000      5758073.20  
20:40:32  INFO        Oxygen                          Power_Dis                       925.170000      5791564.20  
20:40:32  INFO        POWERGEN                        COMPRESSED AIR                    0.006205        50239.15  
20:40:32  INFO        POWERGEN                        COMPRESSED AIR                    0.003912            0.00  
20:40:32  INFO        POWERGEN                        COMPRESSED AIR                    0.005283        36878.30  
20:40:32  INFO        POWERGEN                        COMPRESSED AIR                    0.004634        17905.78  
20:40:32  INFO        POWERGEN                        Cooling Water 2                   0.000022          178.12  
20:40:32  INFO        POWERGEN                        Cooling Water 2                   0.000011            0.00  
20:40:32  INFO        POWERGEN                        Cooling Water 2                   0.000018          125.65  
20:40:32  INFO        POWERGEN                        Cooling Water 2                   0.000268         1035.55  
20:40:32  INFO        POWERGEN                        NATURAL GAS                       0.014762        83614.34  
20:40:32  INFO        POWERGEN                        NATURAL GAS                       0.009472            0.00  
20:40:32  INFO        POWERGEN                        NATURAL GAS                       0.014762        79192.61  
20:40:32  INFO        POWERGEN                        No Material                       0.000000            0.00  
20:40:32  INFO        POWERGEN                        No Material                       0.000000            0.00  
20:40:32  INFO        POWERGEN                        No Material                       0.000000            0.00  
20:40:32  INFO        POWERGEN                        Power_Dis                         0.014000       113351.84  
20:40:32  INFO        POWERGEN                        Power_Dis                         0.019931            0.00  
20:40:32  INFO        POWERGEN                        Power_Dis                         0.014000        97727.84  
20:40:32  INFO        POWERGEN                        Power_Dis                         0.002000         7728.00  
20:40:32  INFO        POWERGEN                        Ret steam condensate              0.002326         8987.66  
20:40:32  INFO        POWERGEN                        SHP Steam_Dis                     0.003515        13581.96  
20:40:32  INFO        Power_Dis                       POWERGEN                          0.108045      4699214.15  
20:40:32  INFO        Power_Dis                       POWERGEN                          0.108045      4699214.15  
20:40:32  INFO        Power_Dis                       POWERGEN                          0.219962      9566833.66  
20:40:32  INFO        Power_Dis                       Power from MEL                    0.563947     24552000.00  
20:40:32  INFO        SHP Steam_Dis                   HRSG1_SHP STEAM                   0.500000        29127.85  
20:40:32  INFO        SHP Steam_Dis                   HRSG2_SHP STEAM                   0.500000        29127.85  
20:40:32  INFO        STG1_LP STEAM                   SHP Steam_Dis                     0.480000         7261.58  
20:40:32  INFO        STG1_MP STEAM                   SHP Steam_Dis                     0.690000         1753.35  
20:40:32  INFO      
20:40:32  INFO        Not yet converged: 24 materials
20:40:32  INFO          CAUSTIC SODA LYE – GRADE 1      change = 59.4162%
20:40:32  INFO          CHEM  SODIUM SULPHITE;PN:MIS 19OX  change = 59.4162%
20:40:32  INFO          CHEM ALUM.SULFATE, AL2(SO4)3,18H2O  change = 59.4162%
20:40:32  INFO          CHEM CYCLO HEXY                 change = 4.2507%
20:40:32  INFO          CHEM MORPHOLENE                 change = 4.2507%
20:40:32  INFO          COMPRESSED AIR                  change = 1.5998%
20:40:32  INFO          Cooling Water 2                 change = 1.3146%
20:40:32  INFO          D M Water                       change = 4.2507%
20:40:32  INFO          HRSG1_SHP STEAM                 change = 40.9295%
20:40:32  INFO          HRSG2_SHP STEAM                 change = 40.9295%
20:40:32  INFO          HYDRO CHLORIC ACID (30%) -VIRGIN  change = 59.4162%
20:40:32  INFO          KEM WATREAT B 70M               change = 4.2507%
20:40:32  INFO          LP Steam PRDS                   change = 33.9695%
20:40:32  INFO          LP Steam_Dis                    change = 4.2507%
20:40:32  INFO          MP Steam PRDS SHP               change = 36.1506%
20:40:32  INFO          NATURAL GAS                     change = 1.9441%
20:40:32  INFO          POLYELECTROLYTE                 change = 59.4162%
20:40:32  INFO          POWERGEN                        change = 4.2044%
20:40:32  INFO          Power_Dis                       change = 1.4591%
20:40:32  INFO          Ret steam condensate            change = 44.5205%
20:40:32  INFO          SODIUM CHLORIDE IS 797 GRADE1   change = 59.4162%
20:40:32  INFO          STG1_LP STEAM                   change = 33.9695%
20:40:32  INFO          STG1_MP STEAM                   change = 36.1506%
20:40:32  INFO          Water                           change = 18.9179%
20:40:32  INFO        ------------------------------------------------------------------------------------------
20:40:32  INFO        [DISPATCH] Total demand: 43712.76 MWh, Import: 24552.00 MWh, Net for GT/STG: 19160.76 MWh
20:40:32  WARNING     [DISPATCH] No aux power norm for 'NMD-Power Plant-1'; using 0.0
20:40:32  WARNING     [DISPATCH] No aux power norm for 'NMD-Power Plant-2'; using 0.0
20:40:32  WARNING     [DISPATCH] No aux power norm for 'NMD-STG Power Plant'; using 0.0
20:40:32  INFO        ==============================================================================
20:40:32  INFO        POWER DISPATCH  (July 2025)
20:40:32  INFO        ==============================================================================
20:40:32  INFO        Demand:  Process = 43712.76 MWh  |  Fixed = 0.00 MWh  |  Total = 43712.76 MWh
20:40:32  INFO      
20:40:32  INFO        Asset                      Priority    Min MW    Max MW     Hours   Dispatched MW  Dispatched MWh    Load %  Free Steam MT  Aux Power MWh
20:40:32  INFO        -------------------------  --------  --------  --------  --------  --------------  --------------  --------  ------------  ------------
20:40:32  INFO        NMD-Power Plant-1                 1      5.00     21.90    744.00            9.53         7090.38     43.5%      13968.05          0.00
20:40:32  INFO        NMD-Power Plant-2                 1      6.50     14.00    744.00           11.03         8206.38     78.8%      16166.57          0.00
20:40:32  INFO        NMD-STG Power Plant               2      6.00     24.90    644.00            6.00         3864.00     24.1%          0.00          0.00
20:40:32  INFO        TOTAL                                                                                    19160.76                30134.62          0.00
20:40:32  INFO        DEFICIT: 24552.00 MWh under-generation
20:40:32  INFO        ==============================================================================
20:40:33  INFO        [STG EXTRACTION] STG Load: 6.00 MW, LP Extraction: 0.00 MT, MP Extraction: 0.00 MT
20:40:33  INFO        ==============================================================================
20:40:33  INFO        STEAM DISPATCH  (July 2025)
20:40:33  INFO        ==============================================================================
20:40:33  INFO        Grade      Process/Fixed MT  Letdown MT  Byproduct MT     Net Demand MT
20:40:33  INFO        ---------  ----------------  ----------  ------------  ----------------
20:40:33  INFO        SHP                58255.71    53781.67          0.00          58255.71
20:40:33  INFO        HP                  4675.00    43842.50          0.00          58456.67
20:40:33  INFO        MP                 22073.33        0.00          0.00          65915.84
20:40:33  INFO        LP                 39612.63        0.00          0.00          39612.63
20:40:33  INFO      
20:40:33  INFO        Total Free Steam available: 30134.62 MT
20:40:33  INFO      
20:40:33  INFO        FINAL SUPPLEMENTARY FIRING DISPATCH
20:40:33  INFO        Asset                      Priority     Min TPH     Max TPH     Hours  Dispatched TPH   Dispatched MT    Load %
20:40:33  INFO        -------------------------  --------  ----------  ----------  --------  --------------  --------------  --------
20:40:33  INFO        HRSG-1                            1       41.23      117.23    744.00           41.23        30671.95     44.1%
20:40:33  INFO        HRSG-2                            1       38.27      114.27    744.00           38.27        28473.43     44.1%
20:40:33  INFO        HRSG-3                          999       60.00      136.00      0.00            0.00            0.00      0.0%
20:40:33  INFO        TOTAL SUPPLEMENTARY                                                                          59145.38          
20:40:33  INFO        TOTAL STEAM GENERATED                                                                        89280.00          
20:40:33  INFO        SURPLUS: 31024.29 MT
20:40:33  INFO        ==============================================================================
20:40:33  INFO        [REVERSE NG HRSG] Found HRSG: HRSG-1, supp_steam=30671.95 MT, free_steam=13968.05 MT, total_steam=44640.00 MT
20:40:33  INFO        [REVERSE NG HRSG] HRSG1_SHP STEAM: total_steam=44640.00 MT, norm=2.472238, consumed=110360.70 MMBTU (REVERSE, BPC method)
20:40:33  INFO        [REVERSE NG] Found GT asset: NMD-Power Plant-2, plant: NMD - Power Plant 2, heat_rate: 4080.81, free_steam: 1.97
20:40:33  INFO        [REVERSE NG] NMD - Power Plant 2: gen_qty=8206380 KWH, heat_rate=4080.81, free_steam=1.9700, consumed=84024.70 MMBTU (REVERSE)
20:40:33  INFO        [REVERSE NG] Found GT asset: NMD-Power Plant-1, plant: NMD - Power Plant 1, heat_rate: 4329.68, free_steam: 1.97
20:40:33  INFO        [REVERSE NG] NMD - Power Plant 1: gen_qty=7090380 KWH, heat_rate=4329.68, free_steam=1.9700, consumed=79595.78 MMBTU (REVERSE)
20:40:33  INFO        [REVERSE NG HRSG] Found HRSG: HRSG-2, supp_steam=28473.43 MT, free_steam=16166.57 MT, total_steam=44640.00 MT
20:40:33  INFO        [REVERSE NG HRSG] HRSG2_SHP STEAM: total_steam=44640.00 MT, norm=2.954424, consumed=131885.49 MMBTU (REVERSE, BPC method)
20:40:33  INFO      
20:40:33  INFO        ------------------------------------------------------------------------------------------
20:40:33  INFO        ITERATION 4
20:40:33  INFO        ------------------------------------------------------------------------------------------
20:40:33  INFO        Power:  Demand =    43712763.14 KWH  |  Gen =       19160.76 MWh  |  Surplus =     0.00  |  Deficit =     0.00
20:40:33  INFO        Steam:  Gen =       89280.00 MT  |  Surplus = 31024.29  |  Deficit =     0.00
20:40:33  INFO        Power delta: 219656.6258 MWh  |  Converged: NO
20:40:33  INFO      
20:40:33  INFO        Utility                                Total Demand      U4U Demand         Initial    Change %
20:40:33  INFO        -----------------------------------  --------------  --------------  --------------  ----------
20:40:33  INFO        Boiler Feed Water                          95481.38        97438.44            0.00     0.0000%
20:40:33  INFO        COMPRESSED AIR                           6976184.61      1038153.71      5939566.24    85.3783%
20:40:33  INFO        Cooling Water 1                            15089.00            0.00        15089.00   100.0000%
20:40:33  INFO        Cooling Water 2                            12568.33         3192.55         9380.59    74.9702%
20:40:33  INFO        D M Water                                 135817.18        82113.98        53703.20    42.1108%
20:40:33  INFO        HP Steam PRDS                               4675.00         4675.00            0.00     0.0000%
20:40:33  INFO        HP Steam_Dis                                4675.00            0.00         4675.00   100.0000%
20:40:33  INFO        HRSG1_SHP STEAM                            29127.85        29127.85            0.00    40.9295%
20:40:33  INFO        HRSG2_SHP STEAM                            29127.85        29127.85            0.00    40.9295%
20:40:33  INFO        LP Steam PRDS                              16113.06        16356.05            0.00    33.9695%
20:40:33  INFO        LP Steam_Dis                               39612.63        13844.80        25767.83    66.5352%
20:40:33  INFO        MP Steam PRDS SHP                          18093.51        18093.51            0.00    36.1506%
20:40:33  INFO        MP Steam_Dis                               22073.33        12084.80        14093.68    63.8494%
20:40:33  INFO        Nitrogen Gas                            10905918.20      5758073.20      5147845.00    47.2023% (PT)
20:40:33  INFO        Oxygen                                      6260.00            0.00         6260.00   100.0000%
20:40:33  INFO        POWERGEN                                18965261.96     19061036.42            0.00     4.2044%
20:40:33  INFO        Power_Dis                               43712763.14     15074816.25     28658458.20    66.0633% (PT)
20:40:33  INFO        SHP Steam_Dis                              58255.71        48106.40        20830.00    35.7562%
20:40:33  INFO        STG1_LP STEAM                              22911.06        23256.57            0.00    33.9695%
20:40:33  INFO        STG1_MP STEAM                               3979.82         3979.82            0.00    36.1506%
20:40:33  INFO        Water                                     737998.02       454114.75       288030.16    50.5631% (PT)
20:40:33  INFO      
20:40:33  INFO        U4U CONSUMPTION BREAKDOWN (per producer per material):
20:40:33  INFO        Producer                        Material Consumed                     Norm        Quantity  Credit
20:40:33  INFO        ------------------------------  ------------------------------  ----------  --------------  ------
20:40:33  INFO        Boiler Feed Water               CHEM CYCLO HEXY                   0.000100            9.55  
20:40:33  INFO        Boiler Feed Water               CHEM MORPHOLENE                   0.000002            0.19  
20:40:33  INFO        Boiler Feed Water               Cooling Water 2                   0.001146          109.42  
20:40:33  INFO        Boiler Feed Water               D M Water                         0.860000        82113.98  
20:40:33  INFO        Boiler Feed Water               KEM WATREAT B 70M                 0.000570           54.42  
20:40:33  INFO        Boiler Feed Water               LP Steam_Dis                      0.145000        13844.80  
20:40:33  INFO        Boiler Feed Water               Power_Dis                         9.500000       907073.08  
20:40:33  INFO        COMPRESSED AIR                  Cooling Water 2                   0.000025          174.40  
20:40:33  INFO        COMPRESSED AIR                  Power_Dis                         0.165000      1151070.46  
20:40:33  INFO        Cooling Water 1                 COMPRESSED AIR                    0.109348         1649.95  
20:40:33  INFO        Cooling Water 1                 Power_Dis                       245.000005      3696805.08  
20:40:33  INFO        Cooling Water 1                 SULPHURIC ACID                    0.000158            2.38  
20:40:33  INFO        Cooling Water 1                 Water                            11.050000       166733.45  
20:40:33  INFO        Cooling Water 2                 COMPRESSED AIR                    0.118537         1489.81  
20:40:33  INFO        Cooling Water 2                 Power_Dis                       249.999998      3142081.99  
20:40:33  INFO        Cooling Water 2                 SULPHURIC ACID                    0.000200            2.51  
20:40:33  INFO        Cooling Water 2                 Water                            11.500000       144535.77  
20:40:33  INFO        D M Water                       CAUSTIC SODA LYE – GRADE 1        0.000258           35.04  
20:40:33  INFO        D M Water                       CHEM  SODIUM SULPHITE;PN:MIS 1    0.000811          110.15  
20:40:33  INFO        D M Water                       CHEM ALUM.SULFATE, AL2(SO4)3,1    0.000757          102.81  
20:40:33  INFO        D M Water                       COMPRESSED AIR                    0.077000        10457.92  
20:40:33  INFO        D M Water                       HYDRO CHLORIC ACID (30%) -VIRG    0.000258           35.04  
20:40:33  INFO        D M Water                       POLYELECTROLYTE                   0.000766          104.04  
20:40:33  INFO        D M Water                       Power_Dis                         1.210000       164338.79  
20:40:33  INFO        D M Water                       Ret steam condensate              0.203000        27570.89  
20:40:33  INFO        D M Water                       SODIUM CHLORIDE IS 797 GRADE1     0.000010            1.36  
20:40:33  INFO        D M Water                       Water                             1.050000       142608.04  
20:40:33  INFO        HP Steam PRDS                   Boiler Feed Water                 0.076800          359.04  
20:40:33  INFO        HP Steam PRDS                   SHP Steam_Dis                     0.923200         4315.96  
20:40:33  INFO        HP Steam_Dis                    HP Steam PRDS                     1.000000         4675.00  
20:40:33  INFO        HRSG1_SHP STEAM                 Boiler Feed Water                 1.024000        45711.36  
20:40:33  INFO        HRSG1_SHP STEAM                 CHEM TRISODIUM PHOSPHATE          0.000900           40.18  
20:40:33  INFO        HRSG1_SHP STEAM                 COMPRESSED AIR                    9.953262       444313.62  
20:40:33  INFO        HRSG1_SHP STEAM                 FURNACE OIL ( MEDIUM VISCOSITY    0.000098            4.37  
20:40:33  INFO        HRSG1_SHP STEAM                 LP Steam_Dis                     -0.078000        -3481.92  YES
20:40:33  INFO        HRSG1_SHP STEAM                 NATURAL GAS                       2.472238       110360.70  
20:40:33  INFO        HRSG1_SHP STEAM                 Water                             0.002660          118.74  
20:40:33  INFO        HRSG2_SHP STEAM                 Boiler Feed Water                 1.024000        45711.36  
20:40:33  INFO        HRSG2_SHP STEAM                 CHEM TRISODIUM PHOSPHATE          0.000900           40.18  
20:40:33  INFO        HRSG2_SHP STEAM                 COMPRESSED AIR                   10.617329       473957.57  
20:40:33  INFO        HRSG2_SHP STEAM                 FURNACE OIL ( MEDIUM VISCOSITY    0.000098            4.37  
20:40:33  INFO        HRSG2_SHP STEAM                 LP Steam_Dis                     -0.078000        -3481.92  YES
20:40:33  INFO        HRSG2_SHP STEAM                 NATURAL GAS                       2.954424       131885.49  
20:40:33  INFO        HRSG2_SHP STEAM                 Water                             0.002660          118.74  
20:40:33  INFO        LP Steam PRDS                   Boiler Feed Water                 0.250000         4028.27  
20:40:33  INFO        LP Steam PRDS                   MP Steam_Dis                      0.750000        12084.80  
20:40:33  INFO        LP Steam_Dis                    LP Steam PRDS                     0.412900        16356.05  
20:40:33  INFO        LP Steam_Dis                    STG1_LP STEAM                     0.587100        23256.57  
20:40:33  INFO        MP Steam PRDS SHP               Boiler Feed Water                 0.090000         1628.42  
20:40:33  INFO        MP Steam PRDS SHP               SHP Steam_Dis                     0.910000        16465.09  
20:40:33  INFO        MP Steam_Dis                    MP Steam PRDS SHP                 0.819700        18093.51  
20:40:33  INFO        MP Steam_Dis                    STG1_MP STEAM                     0.180300         3979.82  
20:40:33  INFO        Oxygen                          Cooling Water 2                   0.250000         1565.00  
20:40:33  INFO        Oxygen                          Nitrogen Gas                    919.820000      5758073.20  
20:40:33  INFO        Oxygen                          Power_Dis                       925.170000      5791564.20  
20:40:33  INFO        POWERGEN                        COMPRESSED AIR                    0.006205        50920.59  
20:40:33  INFO        POWERGEN                        COMPRESSED AIR                    0.003912            0.00  
20:40:33  INFO        POWERGEN                        COMPRESSED AIR                    0.005283        37458.48  
20:40:33  INFO        POWERGEN                        COMPRESSED AIR                    0.004634        17905.78  
20:40:33  INFO        POWERGEN                        Cooling Water 2                   0.000022          180.54  
20:40:33  INFO        POWERGEN                        Cooling Water 2                   0.000011            0.00  
20:40:33  INFO        POWERGEN                        Cooling Water 2                   0.000018          127.63  
20:40:33  INFO        POWERGEN                        Cooling Water 2                   0.000268         1035.55  
20:40:33  INFO        POWERGEN                        NATURAL GAS                       0.014762        84024.70  
20:40:33  INFO        POWERGEN                        NATURAL GAS                       0.009472            0.00  
20:40:33  INFO        POWERGEN                        NATURAL GAS                       0.014762        79595.78  
20:40:33  INFO        POWERGEN                        No Material                       0.000000            0.00  
20:40:33  INFO        POWERGEN                        No Material                       0.000000            0.00  
20:40:33  INFO        POWERGEN                        No Material                       0.000000            0.00  
20:40:33  INFO        POWERGEN                        Power_Dis                         0.014000       114889.32  
20:40:33  INFO        POWERGEN                        Power_Dis                         0.019931            0.00  
20:40:33  INFO        POWERGEN                        Power_Dis                         0.014000        99265.32  
20:40:33  INFO        POWERGEN                        Power_Dis                         0.002000         7728.00  
20:40:33  INFO        POWERGEN                        Ret steam condensate              0.002326         8987.66  
20:40:33  INFO        POWERGEN                        SHP Steam_Dis                     0.003515        13581.96  
20:40:33  INFO        Power_Dis                       POWERGEN                          0.108045      4722945.15  
20:40:33  INFO        Power_Dis                       POWERGEN                          0.108045      4722945.15  
20:40:33  INFO        Power_Dis                       POWERGEN                          0.219962      9615146.12  
20:40:33  INFO        Power_Dis                       Power from MEL                    0.563947     24552000.00  
20:40:33  INFO        SHP Steam_Dis                   HRSG1_SHP STEAM                   0.500000        29127.85  
20:40:33  INFO        SHP Steam_Dis                   HRSG2_SHP STEAM                   0.500000        29127.85  
20:40:33  INFO        STG1_LP STEAM                   SHP Steam_Dis                     0.480000        10997.31  
20:40:33  INFO        STG1_MP STEAM                   SHP Steam_Dis                     0.690000         2746.08  
20:40:33  INFO      
20:40:33  INFO        Not yet converged: 12 materials
20:40:33  INFO          Boiler Feed Water               change = 2.0085%
20:40:33  INFO          CAUSTIC SODA LYE – GRADE 1      change = 2.5700%
20:40:33  INFO          CHEM  SODIUM SULPHITE;PN:MIS 19OX  change = 2.5700%
20:40:33  INFO          CHEM ALUM.SULFATE, AL2(SO4)3,18H2O  change = 2.5700%
20:40:33  INFO          HYDRO CHLORIC ACID (30%) -VIRGIN  change = 2.5700%
20:40:33  INFO          LP Steam PRDS                   change = 1.4857%
20:40:33  INFO          MP Steam_Dis                    change = 33.9695%
20:40:33  INFO          POLYELECTROLYTE                 change = 2.5700%
20:40:33  INFO          Ret steam condensate            change = 1.9382%
20:40:33  INFO          SHP Steam_Dis                   change = 22.2022%
20:40:33  INFO          SODIUM CHLORIDE IS 797 GRADE1   change = 2.5700%
20:40:33  INFO          STG1_LP STEAM                   change = 1.4857%
20:40:33  INFO        ------------------------------------------------------------------------------------------
20:40:33  INFO        [DISPATCH] Total demand: 43733.27 MWh, Import: 24552.00 MWh, Net for GT/STG: 19181.27 MWh
20:40:33  WARNING     [DISPATCH] No aux power norm for 'NMD-Power Plant-1'; using 0.0
20:40:33  WARNING     [DISPATCH] No aux power norm for 'NMD-Power Plant-2'; using 0.0
20:40:33  WARNING     [DISPATCH] No aux power norm for 'NMD-STG Power Plant'; using 0.0
20:40:33  INFO        ==============================================================================
20:40:33  INFO        POWER DISPATCH  (July 2025)
20:40:33  INFO        ==============================================================================
20:40:33  INFO        Demand:  Process = 43733.27 MWh  |  Fixed = 0.00 MWh  |  Total = 43733.27 MWh
20:40:33  INFO      
20:40:33  INFO        Asset                      Priority    Min MW    Max MW     Hours   Dispatched MW  Dispatched MWh    Load %  Free Steam MT  Aux Power MWh
20:40:33  INFO        -------------------------  --------  --------  --------  --------  --------------  --------------  --------  ------------  ------------
20:40:33  INFO        NMD-Power Plant-1                 1      5.00     21.90    744.00            9.54         7100.63     43.6%      13988.24          0.00
20:40:33  INFO        NMD-Power Plant-2                 1      6.50     14.00    744.00           11.04         8216.63     78.9%      16186.76          0.00
20:40:33  INFO        NMD-STG Power Plant               2      6.00     24.90    644.00            6.00         3864.00     24.1%          0.00          0.00
20:40:33  INFO        TOTAL                                                                                    19181.26                30175.00          0.00
20:40:33  INFO        DEFICIT: 24552.01 MWh under-generation
20:40:33  INFO        ==============================================================================
20:40:33  INFO        [STG EXTRACTION] STG Load: 6.00 MW, LP Extraction: 0.00 MT, MP Extraction: 0.00 MT
20:40:33  INFO        ==============================================================================
20:40:33  INFO        STEAM DISPATCH  (July 2025)
20:40:33  INFO        ==============================================================================
20:40:33  INFO        Grade      Process/Fixed MT  Letdown MT  Byproduct MT     Net Demand MT
20:40:33  INFO        ---------  ----------------  ----------  ------------  ----------------
20:40:33  INFO        SHP                68936.40    63642.09          0.00          68936.40
20:40:33  INFO        HP                  4675.00    51237.82          0.00          68317.09
20:40:33  INFO        MP                 26178.48        0.00          0.00          77416.29
20:40:33  INFO        LP                 39612.63        0.00          0.00          39612.63
20:40:33  INFO      
20:40:33  INFO        Total Free Steam available: 30175.00 MT
20:40:33  INFO      
20:40:33  INFO        FINAL SUPPLEMENTARY FIRING DISPATCH
20:40:33  INFO        Asset                      Priority     Min TPH     Max TPH     Hours  Dispatched TPH   Dispatched MT    Load %
20:40:33  INFO        -------------------------  --------  ----------  ----------  --------  --------------  --------------  --------
20:40:33  INFO        HRSG-1                            1       41.20      117.20    744.00           41.20        30651.76     44.1%
20:40:33  INFO        HRSG-2                            1       38.24      114.24    744.00           38.24        28453.24     44.1%
20:40:33  INFO        HRSG-3                          999       60.00      136.00      0.00            0.00            0.00      0.0%
20:40:33  INFO        TOTAL SUPPLEMENTARY                                                                          59105.00          
20:40:33  INFO        TOTAL STEAM GENERATED                                                                        89280.00          
20:40:33  INFO        SURPLUS: 20343.60 MT
20:40:33  INFO        ==============================================================================
20:40:33  INFO        [REVERSE NG HRSG] Found HRSG: HRSG-1, supp_steam=30651.76 MT, free_steam=13988.24 MT, total_steam=44640.00 MT
20:40:33  INFO        [REVERSE NG HRSG] HRSG1_SHP STEAM: total_steam=44640.00 MT, norm=2.472238, consumed=110360.70 MMBTU (REVERSE, BPC method)
20:40:33  INFO        [REVERSE NG] Found GT asset: NMD-Power Plant-2, plant: NMD - Power Plant 2, heat_rate: 4079.43, free_steam: 1.97
20:40:33  INFO        [REVERSE NG] NMD - Power Plant 2: gen_qty=8216630 KWH, heat_rate=4079.43, free_steam=1.9700, consumed=84084.68 MMBTU (REVERSE)
20:40:33  INFO        [REVERSE NG] Found GT asset: NMD-Power Plant-1, plant: NMD - Power Plant 1, heat_rate: 4327.84, free_steam: 1.97
20:40:33  INFO        [REVERSE NG] NMD - Power Plant 1: gen_qty=7100630 KWH, heat_rate=4327.84, free_steam=1.9700, consumed=79659.04 MMBTU (REVERSE)
20:40:33  INFO        [REVERSE NG HRSG] Found HRSG: HRSG-2, supp_steam=28453.24 MT, free_steam=16186.76 MT, total_steam=44640.00 MT
20:40:33  INFO        [REVERSE NG HRSG] HRSG2_SHP STEAM: total_steam=44640.00 MT, norm=2.954424, consumed=131885.49 MMBTU (REVERSE, BPC method)
20:40:33  INFO      
20:40:33  INFO        ------------------------------------------------------------------------------------------
20:40:33  INFO        ITERATION 5
20:40:33  INFO        ------------------------------------------------------------------------------------------
20:40:33  INFO        Power:  Demand =    43733274.45 KWH  |  Gen =       19181.26 MWh  |  Surplus =     0.00  |  Deficit =     0.01
20:40:33  INFO        Steam:  Gen =       89280.00 MT  |  Surplus = 20343.60  |  Deficit =     0.00
20:40:33  INFO        Power delta: 20511.3050 MWh  |  Converged: NO
20:40:33  INFO      
20:40:33  INFO        Utility                                Total Demand      U4U Demand         Initial    Change %
20:40:33  INFO        -----------------------------------  --------------  --------------  --------------  ----------
20:40:33  INFO        Boiler Feed Water                          97438.44        97499.19            0.00     2.0085%
20:40:33  INFO        COMPRESSED AIR                           6977719.95      1038272.03      5939566.24    85.1439%
20:40:33  INFO        Cooling Water 1                            15089.00            0.00        15089.00   100.0000%
20:40:33  INFO        Cooling Water 2                            12573.14         3195.24         9380.59    74.6464%
20:40:33  INFO        D M Water                                 135817.18        83797.06        53703.20    39.5408%
20:40:33  INFO        HP Steam PRDS                               4675.00         4675.00            0.00     0.0000%
20:40:33  INFO        HP Steam_Dis                                4675.00            0.00         4675.00   100.0000%
20:40:33  INFO        HRSG1_SHP STEAM                            29127.85        34468.20            0.00     0.0000%
20:40:33  INFO        HRSG2_SHP STEAM                            29127.85        34468.20            0.00     0.0000%
20:40:33  INFO        LP Steam PRDS                              16356.05        16356.05            0.00     1.4857%
20:40:33  INFO        LP Steam_Dis                               39612.63        14128.57        25767.83    65.0495%
20:40:33  INFO        MP Steam PRDS SHP                          18093.51        21458.50            0.00     0.0000%
20:40:33  INFO        MP Steam_Dis                               26178.48        12267.04        14093.68    69.5183%
20:40:33  INFO        Nitrogen Gas                            10905918.20      5758073.20      5147845.00    47.2023% (PT)
20:40:33  INFO        Oxygen                                      6260.00            0.00         6260.00   100.0000%
20:40:33  INFO        POWERGEN                                19061036.42     19069975.49            0.00     0.5025%
20:40:33  INFO        Power_Dis                               43733274.45     15095150.54     28658458.20    65.5770% (PT)
20:40:33  INFO        SHP Steam_Dis                              68936.40        48272.25        20830.00    45.7098%
20:40:33  INFO        STG1_LP STEAM                              23256.57        23256.57            0.00     1.4857%
20:40:33  INFO        STG1_MP STEAM                               3979.82         4719.98            0.00     0.0000%
20:40:33  INFO        Water                                     742144.91       454170.04       288030.16    39.3693% (PT)
20:40:33  INFO      
20:40:33  INFO        U4U CONSUMPTION BREAKDOWN (per producer per material):
20:40:33  INFO        Producer                        Material Consumed                     Norm        Quantity  Credit
20:40:33  INFO        ------------------------------  ------------------------------  ----------  --------------  ------
20:40:33  INFO        Boiler Feed Water               CHEM CYCLO HEXY                   0.000100            9.74  
20:40:33  INFO        Boiler Feed Water               CHEM MORPHOLENE                   0.000002            0.19  
20:40:33  INFO        Boiler Feed Water               Cooling Water 2                   0.001146          111.66  
20:40:33  INFO        Boiler Feed Water               D M Water                         0.860000        83797.06  
20:40:33  INFO        Boiler Feed Water               KEM WATREAT B 70M                 0.000570           55.54  
20:40:33  INFO        Boiler Feed Water               LP Steam_Dis                      0.145000        14128.57  
20:40:33  INFO        Boiler Feed Water               Power_Dis                         9.500000       925665.19  
20:40:33  INFO        COMPRESSED AIR                  Cooling Water 2                   0.000025          174.44  
20:40:33  INFO        COMPRESSED AIR                  Power_Dis                         0.165000      1151323.79  
20:40:33  INFO        Cooling Water 1                 COMPRESSED AIR                    0.109348         1649.95  
20:40:33  INFO        Cooling Water 1                 Power_Dis                       245.000005      3696805.08  
20:40:33  INFO        Cooling Water 1                 SULPHURIC ACID                    0.000158            2.38  
20:40:33  INFO        Cooling Water 1                 Water                            11.050000       166733.45  
20:40:33  INFO        Cooling Water 2                 COMPRESSED AIR                    0.118537         1490.38  
20:40:33  INFO        Cooling Water 2                 Power_Dis                       249.999998      3143283.84  
20:40:33  INFO        Cooling Water 2                 SULPHURIC ACID                    0.000200            2.51  
20:40:33  INFO        Cooling Water 2                 Water                            11.500000       144591.06  
20:40:33  INFO        D M Water                       CAUSTIC SODA LYE – GRADE 1        0.000258           35.04  
20:40:33  INFO        D M Water                       CHEM  SODIUM SULPHITE;PN:MIS 1    0.000811          110.15  
20:40:33  INFO        D M Water                       CHEM ALUM.SULFATE, AL2(SO4)3,1    0.000757          102.81  
20:40:33  INFO        D M Water                       COMPRESSED AIR                    0.077000        10457.92  
20:40:33  INFO        D M Water                       HYDRO CHLORIC ACID (30%) -VIRG    0.000258           35.04  
20:40:33  INFO        D M Water                       POLYELECTROLYTE                   0.000766          104.04  
20:40:33  INFO        D M Water                       Power_Dis                         1.210000       164338.79  
20:40:33  INFO        D M Water                       Ret steam condensate              0.203000        27570.89  
20:40:33  INFO        D M Water                       SODIUM CHLORIDE IS 797 GRADE1     0.000010            1.36  
20:40:33  INFO        D M Water                       Water                             1.050000       142608.04  
20:40:33  INFO        HP Steam PRDS                   Boiler Feed Water                 0.076800          359.04  
20:40:33  INFO        HP Steam PRDS                   SHP Steam_Dis                     0.923200         4315.96  
20:40:33  INFO        HP Steam_Dis                    HP Steam PRDS                     1.000000         4675.00  
20:40:33  INFO        HRSG1_SHP STEAM                 Boiler Feed Water                 1.024000        45711.36  
20:40:33  INFO        HRSG1_SHP STEAM                 CHEM TRISODIUM PHOSPHATE          0.000900           40.18  
20:40:33  INFO        HRSG1_SHP STEAM                 COMPRESSED AIR                    9.953262       444313.62  
20:40:33  INFO        HRSG1_SHP STEAM                 FURNACE OIL ( MEDIUM VISCOSITY    0.000098            4.37  
20:40:33  INFO        HRSG1_SHP STEAM                 LP Steam_Dis                     -0.078000        -3481.92  YES
20:40:33  INFO        HRSG1_SHP STEAM                 NATURAL GAS                       2.472238       110360.70  
20:40:33  INFO        HRSG1_SHP STEAM                 Water                             0.002660          118.74  
20:40:33  INFO        HRSG2_SHP STEAM                 Boiler Feed Water                 1.024000        45711.36  
20:40:33  INFO        HRSG2_SHP STEAM                 CHEM TRISODIUM PHOSPHATE          0.000900           40.18  
20:40:33  INFO        HRSG2_SHP STEAM                 COMPRESSED AIR                   10.617329       473957.57  
20:40:33  INFO        HRSG2_SHP STEAM                 FURNACE OIL ( MEDIUM VISCOSITY    0.000098            4.37  
20:40:33  INFO        HRSG2_SHP STEAM                 LP Steam_Dis                     -0.078000        -3481.92  YES
20:40:33  INFO        HRSG2_SHP STEAM                 NATURAL GAS                       2.954424       131885.49  
20:40:33  INFO        HRSG2_SHP STEAM                 Water                             0.002660          118.74  
20:40:33  INFO        LP Steam PRDS                   Boiler Feed Water                 0.250000         4089.01  
20:40:33  INFO        LP Steam PRDS                   MP Steam_Dis                      0.750000        12267.04  
20:40:33  INFO        LP Steam_Dis                    LP Steam PRDS                     0.412900        16356.05  
20:40:33  INFO        LP Steam_Dis                    STG1_LP STEAM                     0.587100        23256.57  
20:40:33  INFO        MP Steam PRDS SHP               Boiler Feed Water                 0.090000         1628.42  
20:40:33  INFO        MP Steam PRDS SHP               SHP Steam_Dis                     0.910000        16465.09  
20:40:33  INFO        MP Steam_Dis                    MP Steam PRDS SHP                 0.819700        21458.50  
20:40:33  INFO        MP Steam_Dis                    STG1_MP STEAM                     0.180300         4719.98  
20:40:33  INFO        Oxygen                          Cooling Water 2                   0.250000         1565.00  
20:40:33  INFO        Oxygen                          Nitrogen Gas                    919.820000      5758073.20  
20:40:33  INFO        Oxygen                          Power_Dis                       925.170000      5791564.20  
20:40:33  INFO        POWERGEN                        COMPRESSED AIR                    0.006205        50984.19  
20:40:33  INFO        POWERGEN                        COMPRESSED AIR                    0.003912            0.00  
20:40:33  INFO        POWERGEN                        COMPRESSED AIR                    0.005283        37512.63  
20:40:33  INFO        POWERGEN                        COMPRESSED AIR                    0.004634        17905.78  
20:40:33  INFO        POWERGEN                        Cooling Water 2                   0.000022          180.77  
20:40:33  INFO        POWERGEN                        Cooling Water 2                   0.000011            0.00  
20:40:33  INFO        POWERGEN                        Cooling Water 2                   0.000018          127.81  
20:40:33  INFO        POWERGEN                        Cooling Water 2                   0.000268         1035.55  
20:40:33  INFO        POWERGEN                        NATURAL GAS                       0.014762        84084.68  
20:40:33  INFO        POWERGEN                        NATURAL GAS                       0.009472            0.00  
20:40:33  INFO        POWERGEN                        NATURAL GAS                       0.014762        79659.04  
20:40:33  INFO        POWERGEN                        No Material                       0.000000            0.00  
20:40:33  INFO        POWERGEN                        No Material                       0.000000            0.00  
20:40:33  INFO        POWERGEN                        No Material                       0.000000            0.00  
20:40:33  INFO        POWERGEN                        Power_Dis                         0.014000       115032.82  
20:40:33  INFO        POWERGEN                        Power_Dis                         0.019931            0.00  
20:40:33  INFO        POWERGEN                        Power_Dis                         0.014000        99408.82  
20:40:33  INFO        POWERGEN                        Power_Dis                         0.002000         7728.00  
20:40:33  INFO        POWERGEN                        Ret steam condensate              0.002326         8987.66  
20:40:33  INFO        POWERGEN                        SHP Steam_Dis                     0.003515        13581.96  
20:40:33  INFO        Power_Dis                       POWERGEN                          0.108045      4725160.08  
20:40:33  INFO        Power_Dis                       POWERGEN                          0.108045      4725160.08  
20:40:33  INFO        Power_Dis                       POWERGEN                          0.219962      9619655.34  
20:40:33  INFO        Power_Dis                       Power from MEL                    0.563947     24552000.00  
20:40:33  INFO        SHP Steam_Dis                   HRSG1_SHP STEAM                   0.500000        34468.20  
20:40:33  INFO        SHP Steam_Dis                   HRSG2_SHP STEAM                   0.500000        34468.20  
20:40:33  INFO        STG1_LP STEAM                   SHP Steam_Dis                     0.480000        11163.16  
20:40:33  INFO        STG1_MP STEAM                   SHP Steam_Dis                     0.690000         2746.08  
20:40:33  INFO      
20:40:33  INFO        Not yet converged: 10 materials
20:40:33  INFO          CHEM CYCLO HEXY                 change = 2.0085%
20:40:33  INFO          CHEM MORPHOLENE                 change = 2.0085%
20:40:33  INFO          D M Water                       change = 2.0085%
20:40:33  INFO          HRSG1_SHP STEAM                 change = 15.4935%
20:40:33  INFO          HRSG2_SHP STEAM                 change = 15.4935%
20:40:33  INFO          KEM WATREAT B 70M               change = 2.0085%
20:40:33  INFO          LP Steam_Dis                    change = 2.0085%
20:40:33  INFO          MP Steam PRDS SHP               change = 15.6814%
20:40:33  INFO          MP Steam_Dis                    change = 1.4857%
20:40:33  INFO          STG1_MP STEAM                   change = 15.6814%
20:40:33  INFO        ------------------------------------------------------------------------------------------
20:40:33  INFO        [DISPATCH] Total demand: 43753.61 MWh, Import: 24552.00 MWh, Net for GT/STG: 19201.61 MWh
20:40:33  WARNING     [DISPATCH] No aux power norm for 'NMD-Power Plant-1'; using 0.0
20:40:33  WARNING     [DISPATCH] No aux power norm for 'NMD-Power Plant-2'; using 0.0
20:40:33  WARNING     [DISPATCH] No aux power norm for 'NMD-STG Power Plant'; using 0.0
20:40:33  INFO        ==============================================================================
20:40:33  INFO        POWER DISPATCH  (July 2025)
20:40:33  INFO        ==============================================================================
20:40:33  INFO        Demand:  Process = 43753.61 MWh  |  Fixed = 0.00 MWh  |  Total = 43753.61 MWh
20:40:33  INFO      
20:40:33  INFO        Asset                      Priority    Min MW    Max MW     Hours   Dispatched MW  Dispatched MWh    Load %  Free Steam MT  Aux Power MWh
20:40:33  INFO        -------------------------  --------  --------  --------  --------  --------------  --------------  --------  ------------  ------------
20:40:33  INFO        NMD-Power Plant-1                 1      5.00     21.90    744.00            9.56         7110.81     43.6%      14008.30          0.00
20:40:33  INFO        NMD-Power Plant-2                 1      6.50     14.00    744.00           11.06         8226.81     79.0%      16206.82          0.00
20:40:33  INFO        NMD-STG Power Plant               2      6.00     24.90    644.00            6.00         3864.00     24.1%          0.00          0.00
20:40:33  INFO        TOTAL                                                                                    19201.62                30215.12          0.00
20:40:33  INFO        DEFICIT: 24551.99 MWh under-generation
20:40:33  INFO        ==============================================================================
20:40:33  INFO        [STG EXTRACTION] STG Load: 6.00 MW, LP Extraction: 0.00 MT, MP Extraction: 0.00 MT
20:40:33  INFO        ==============================================================================
20:40:33  INFO        STEAM DISPATCH  (July 2025)
20:40:33  INFO        ==============================================================================
20:40:33  INFO        Grade      Process/Fixed MT  Letdown MT  Byproduct MT     Net Demand MT
20:40:33  INFO        ---------  ----------------  ----------  ------------  ----------------
20:40:33  INFO        SHP                69102.25    63795.20          0.00          69102.25
20:40:33  INFO        HP                  4675.00    51352.65          0.00          68470.20
20:40:33  INFO        MP                 26360.72        0.00          0.00          77713.37
20:40:33  INFO        LP                 39896.40        0.00          0.00          39896.40
20:40:33  INFO      
20:40:33  INFO        Total Free Steam available: 30215.12 MT
20:40:33  INFO      
20:40:33  INFO        FINAL SUPPLEMENTARY FIRING DISPATCH
20:40:33  INFO        Asset                      Priority     Min TPH     Max TPH     Hours  Dispatched TPH   Dispatched MT    Load %
20:40:33  INFO        -------------------------  --------  ----------  ----------  --------  --------------  --------------  --------
20:40:33  INFO        HRSG-1                            1       41.17      117.17    744.00           41.17        30631.70     44.1%
20:40:33  INFO        HRSG-2                            1       38.22      114.22    744.00           38.22        28433.18     44.1%
20:40:33  INFO        HRSG-3                          999       60.00      136.00      0.00            0.00            0.00      0.0%
20:40:33  INFO        TOTAL SUPPLEMENTARY                                                                          59064.88          
20:40:33  INFO        TOTAL STEAM GENERATED                                                                        89280.00          
20:40:33  INFO        SURPLUS: 20177.75 MT
20:40:33  INFO        ==============================================================================
20:40:33  INFO        [REVERSE NG HRSG] Found HRSG: HRSG-1, supp_steam=30631.70 MT, free_steam=14008.30 MT, total_steam=44640.00 MT
20:40:33  INFO        [REVERSE NG HRSG] HRSG1_SHP STEAM: total_steam=44640.00 MT, norm=2.472238, consumed=110360.70 MMBTU (REVERSE, BPC method)
20:40:33  INFO        [REVERSE NG] Found GT asset: NMD-Power Plant-2, plant: NMD - Power Plant 2, heat_rate: 4076.67, free_steam: 1.97
20:40:33  INFO        [REVERSE NG] NMD - Power Plant 2: gen_qty=8226810 KWH, heat_rate=4076.67, free_steam=1.9700, consumed=84098.81 MMBTU (REVERSE)
20:40:33  INFO        [REVERSE NG] Found GT asset: NMD-Power Plant-1, plant: NMD - Power Plant 1, heat_rate: 4324.17, free_steam: 1.97
20:40:33  INFO        [REVERSE NG] NMD - Power Plant 1: gen_qty=7110810 KWH, heat_rate=4324.17, free_steam=1.9700, consumed=79669.75 MMBTU (REVERSE)
20:40:33  INFO        [REVERSE NG HRSG] Found HRSG: HRSG-2, supp_steam=28433.18 MT, free_steam=16206.82 MT, total_steam=44640.00 MT
20:40:33  INFO        [REVERSE NG HRSG] HRSG2_SHP STEAM: total_steam=44640.00 MT, norm=2.954424, consumed=131885.49 MMBTU (REVERSE, BPC method)
20:40:33  INFO        [U4U LOOP] ⚡ EXCESS STEAM BALANCING (PROPORTIONAL CONTROLLER)
20:40:33  INFO          Excess Steam: 20177.75 MT | Desired STG Adj: 4656.41 MWh | Target STG: 8520.41 MWh | Current STG: 3864.00 MWh
20:40:33  INFO          ACTION: Adjusting STG override to 8520.41 MWh
20:40:33  INFO      
20:40:33  INFO        ------------------------------------------------------------------------------------------
20:40:33  INFO        ITERATION 6
20:40:33  INFO        ------------------------------------------------------------------------------------------
20:40:33  INFO        Power:  Demand =    43753608.74 KWH  |  Gen =       19201.62 MWh  |  Surplus =     0.01  |  Deficit =     0.00
20:40:33  INFO        Steam:  Gen =       89280.00 MT  |  Surplus = 20177.75  |  Deficit =     0.00
20:40:33  INFO        Excess SHP:   20177.75 MT → STG override = 8520.41 MWh, GT reduction = 0.00 MWh
20:40:33  INFO        Power delta: 20334.2895 MWh  |  Converged: NO
20:40:33  INFO      
20:40:33  INFO        Utility                                Total Demand      U4U Demand         Initial    Change %
20:40:33  INFO        -----------------------------------  --------------  --------------  --------------  ----------
20:40:33  INFO        Boiler Feed Water                          97499.19        97802.04            0.00     0.0623%
20:40:33  INFO        COMPRESSED AIR                           6977838.27      1038518.90      5939566.24    85.1221%
20:40:33  INFO        Cooling Water 1                            15089.00            0.00        15089.00   100.0000%
20:40:33  INFO        Cooling Water 2                            12575.83         3195.72         9380.59    74.6136%
20:40:33  INFO        D M Water                                 137500.26        83849.30        53703.20    40.2809%
20:40:33  INFO        HP Steam PRDS                               4675.00         4675.00            0.00     0.0000%
20:40:33  INFO        HP Steam_Dis                                4675.00            0.00         4675.00   100.0000%
20:40:33  INFO        HRSG1_SHP STEAM                            34468.20        34551.12            0.00    15.4935%
20:40:33  INFO        HRSG2_SHP STEAM                            34468.20        34551.12            0.00    15.4935%
20:40:33  INFO        LP Steam PRDS                              16356.05        16473.23            0.00     0.0000%
20:40:33  INFO        LP Steam_Dis                               39896.40        14137.38        25767.83    65.2981%
20:40:33  INFO        MP Steam PRDS SHP                          21458.50        21607.88            0.00    15.6814%
20:40:33  INFO        MP Steam_Dis                               26360.72        12267.04        14093.68    54.1561%
20:40:33  INFO        Nitrogen Gas                            10905918.20      5758073.20      5147845.00    47.2023% (PT)
20:40:33  INFO        Oxygen                                      6260.00            0.00         6260.00   100.0000%
20:40:33  INFO        POWERGEN                                19069975.49     19078853.51            0.00     0.0469%
20:40:33  INFO        Power_Dis                               43753608.74     15098741.52     28658458.20    65.5461% (PT)
20:40:33  INFO        SHP Steam_Dis                              69102.25        51845.09        20830.00    30.3837%
20:40:33  INFO        STG1_LP STEAM                              23256.57        23423.18            0.00     0.0000%
20:40:33  INFO        STG1_MP STEAM                               4719.98         4752.84            0.00    15.6814%
20:40:33  INFO        Water                                     742200.20       455968.21       288030.16    38.8151% (PT)
20:40:33  INFO      
20:40:33  INFO        U4U CONSUMPTION BREAKDOWN (per producer per material):
20:40:33  INFO        Producer                        Material Consumed                     Norm        Quantity  Credit
20:40:33  INFO        ------------------------------  ------------------------------  ----------  --------------  ------
20:40:33  INFO        Boiler Feed Water               CHEM CYCLO HEXY                   0.000100            9.75  
20:40:33  INFO        Boiler Feed Water               CHEM MORPHOLENE                   0.000002            0.19  
20:40:33  INFO        Boiler Feed Water               Cooling Water 2                   0.001146          111.73  
20:40:33  INFO        Boiler Feed Water               D M Water                         0.860000        83849.30  
20:40:33  INFO        Boiler Feed Water               KEM WATREAT B 70M                 0.000570           55.57  
20:40:33  INFO        Boiler Feed Water               LP Steam_Dis                      0.145000        14137.38  
20:40:33  INFO        Boiler Feed Water               Power_Dis                         9.500000       926242.30  
20:40:33  INFO        COMPRESSED AIR                  Cooling Water 2                   0.000025          174.45  
20:40:33  INFO        COMPRESSED AIR                  Power_Dis                         0.165000      1151343.31  
20:40:33  INFO        Cooling Water 1                 COMPRESSED AIR                    0.109348         1649.95  
20:40:33  INFO        Cooling Water 1                 Power_Dis                       245.000005      3696805.08  
20:40:33  INFO        Cooling Water 1                 SULPHURIC ACID                    0.000158            2.38  
20:40:33  INFO        Cooling Water 1                 Water                            11.050000       166733.45  
20:40:33  INFO        Cooling Water 2                 COMPRESSED AIR                    0.118537         1490.70  
20:40:33  INFO        Cooling Water 2                 Power_Dis                       249.999998      3143956.64  
20:40:33  INFO        Cooling Water 2                 SULPHURIC ACID                    0.000200            2.52  
20:40:33  INFO        Cooling Water 2                 Water                            11.500000       144622.01  
20:40:33  INFO        D M Water                       CAUSTIC SODA LYE – GRADE 1        0.000258           35.48  
20:40:33  INFO        D M Water                       CHEM  SODIUM SULPHITE;PN:MIS 1    0.000811          111.51  
20:40:33  INFO        D M Water                       CHEM ALUM.SULFATE, AL2(SO4)3,1    0.000757          104.09  
20:40:33  INFO        D M Water                       COMPRESSED AIR                    0.077000        10587.52  
20:40:33  INFO        D M Water                       HYDRO CHLORIC ACID (30%) -VIRG    0.000258           35.48  
20:40:33  INFO        D M Water                       POLYELECTROLYTE                   0.000766          105.33  
20:40:33  INFO        D M Water                       Power_Dis                         1.210000       166375.31  
20:40:33  INFO        D M Water                       Ret steam condensate              0.203000        27912.55  
20:40:33  INFO        D M Water                       SODIUM CHLORIDE IS 797 GRADE1     0.000010            1.38  
20:40:33  INFO        D M Water                       Water                             1.050000       144375.27  
20:40:33  INFO        HP Steam PRDS                   Boiler Feed Water                 0.076800          359.04  
20:40:33  INFO        HP Steam PRDS                   SHP Steam_Dis                     0.923200         4315.96  
20:40:33  INFO        HP Steam_Dis                    HP Steam PRDS                     1.000000         4675.00  
20:40:33  INFO        HRSG1_SHP STEAM                 Boiler Feed Water                 1.024000        45711.36  
20:40:33  INFO        HRSG1_SHP STEAM                 CHEM TRISODIUM PHOSPHATE          0.000900           40.18  
20:40:33  INFO        HRSG1_SHP STEAM                 COMPRESSED AIR                    9.953262       444313.62  
20:40:33  INFO        HRSG1_SHP STEAM                 FURNACE OIL ( MEDIUM VISCOSITY    0.000098            4.37  
20:40:33  INFO        HRSG1_SHP STEAM                 LP Steam_Dis                     -0.078000        -3481.92  YES
20:40:33  INFO        HRSG1_SHP STEAM                 NATURAL GAS                       2.472238       110360.70  
20:40:33  INFO        HRSG1_SHP STEAM                 Water                             0.002660          118.74  
20:40:33  INFO        HRSG2_SHP STEAM                 Boiler Feed Water                 1.024000        45711.36  
20:40:33  INFO        HRSG2_SHP STEAM                 CHEM TRISODIUM PHOSPHATE          0.000900           40.18  
20:40:33  INFO        HRSG2_SHP STEAM                 COMPRESSED AIR                   10.617329       473957.57  
20:40:33  INFO        HRSG2_SHP STEAM                 FURNACE OIL ( MEDIUM VISCOSITY    0.000098            4.37  
20:40:33  INFO        HRSG2_SHP STEAM                 LP Steam_Dis                     -0.078000        -3481.92  YES
20:40:33  INFO        HRSG2_SHP STEAM                 NATURAL GAS                       2.954424       131885.49  
20:40:33  INFO        HRSG2_SHP STEAM                 Water                             0.002660          118.74  
20:40:33  INFO        LP Steam PRDS                   Boiler Feed Water                 0.250000         4089.01  
20:40:33  INFO        LP Steam PRDS                   MP Steam_Dis                      0.750000        12267.04  
20:40:33  INFO        LP Steam_Dis                    LP Steam PRDS                     0.412900        16473.23  
20:40:33  INFO        LP Steam_Dis                    STG1_LP STEAM                     0.587100        23423.18  
20:40:33  INFO        MP Steam PRDS SHP               Boiler Feed Water                 0.090000         1931.26  
20:40:33  INFO        MP Steam PRDS SHP               SHP Steam_Dis                     0.910000        19527.23  
20:40:33  INFO        MP Steam_Dis                    MP Steam PRDS SHP                 0.819700        21607.88  
20:40:33  INFO        MP Steam_Dis                    STG1_MP STEAM                     0.180300         4752.84  
20:40:33  INFO        Oxygen                          Cooling Water 2                   0.250000         1565.00  
20:40:33  INFO        Oxygen                          Nitrogen Gas                    919.820000      5758073.20  
20:40:33  INFO        Oxygen                          Power_Dis                       925.170000      5791564.20  
20:40:33  INFO        POWERGEN                        COMPRESSED AIR                    0.006205        51047.36  
20:40:33  INFO        POWERGEN                        COMPRESSED AIR                    0.003912            0.00  
20:40:33  INFO        POWERGEN                        COMPRESSED AIR                    0.005283        37566.41  
20:40:33  INFO        POWERGEN                        COMPRESSED AIR                    0.004634        17905.78  
20:40:33  INFO        POWERGEN                        Cooling Water 2                   0.000022          180.99  
20:40:33  INFO        POWERGEN                        Cooling Water 2                   0.000011            0.00  
20:40:33  INFO        POWERGEN                        Cooling Water 2                   0.000018          127.99  
20:40:33  INFO        POWERGEN                        Cooling Water 2                   0.000268         1035.55  
20:40:33  INFO        POWERGEN                        NATURAL GAS                       0.014762        84098.81  
20:40:33  INFO        POWERGEN                        NATURAL GAS                       0.009472            0.00  
20:40:33  INFO        POWERGEN                        NATURAL GAS                       0.014762        79669.75  
20:40:33  INFO        POWERGEN                        No Material                       0.000000            0.00  
20:40:33  INFO        POWERGEN                        No Material                       0.000000            0.00  
20:40:33  INFO        POWERGEN                        No Material                       0.000000            0.00  
20:40:33  INFO        POWERGEN                        Power_Dis                         0.014000       115175.34  
20:40:33  INFO        POWERGEN                        Power_Dis                         0.019931            0.00  
20:40:33  INFO        POWERGEN                        Power_Dis                         0.014000        99551.34  
20:40:33  INFO        POWERGEN                        Power_Dis                         0.002000         7728.00  
20:40:33  INFO        POWERGEN                        Ret steam condensate              0.002326         8987.66  
20:40:33  INFO        POWERGEN                        SHP Steam_Dis                     0.003515        13581.96  
20:40:33  INFO        Power_Dis                       POWERGEN                          0.108045      4727359.87  
20:40:33  INFO        Power_Dis                       POWERGEN                          0.108045      4727359.87  
20:40:33  INFO        Power_Dis                       POWERGEN                          0.219962      9624133.76  
20:40:33  INFO        Power_Dis                       Power from MEL                    0.563947     24552000.00  
20:40:33  INFO        SHP Steam_Dis                   HRSG1_SHP STEAM                   0.500000        34551.12  
20:40:33  INFO        SHP Steam_Dis                   HRSG2_SHP STEAM                   0.500000        34551.12  
20:40:33  INFO        STG1_LP STEAM                   SHP Steam_Dis                     0.480000        11163.16  
20:40:33  INFO        STG1_MP STEAM                   SHP Steam_Dis                     0.690000         3256.79  
20:40:33  INFO      
20:40:33  INFO        Not yet converged: 7 materials
20:40:33  INFO          CAUSTIC SODA LYE – GRADE 1      change = 1.2241%
20:40:33  INFO          CHEM  SODIUM SULPHITE;PN:MIS 19OX  change = 1.2241%
20:40:33  INFO          CHEM ALUM.SULFATE, AL2(SO4)3,18H2O  change = 1.2241%
20:40:33  INFO          HYDRO CHLORIC ACID (30%) -VIRGIN  change = 1.2241%
20:40:33  INFO          POLYELECTROLYTE                 change = 1.2241%
20:40:33  INFO          SHP Steam_Dis                   change = 6.8914%
20:40:33  INFO          SODIUM CHLORIDE IS 797 GRADE1   change = 1.2241%
20:40:33  INFO        ------------------------------------------------------------------------------------------
20:40:33  INFO        [DISPATCH] Total demand: 43757.20 MWh, Import: 24552.00 MWh, Net for GT/STG: 19205.20 MWh
20:40:33  WARNING     [DISPATCH] No aux power norm for 'NMD-Power Plant-1'; using 0.0
20:40:33  WARNING     [DISPATCH] No aux power norm for 'NMD-Power Plant-2'; using 0.0
20:40:33  WARNING     [DISPATCH] No aux power norm for 'NMD-STG Power Plant'; using 0.0
20:40:33  INFO        ==============================================================================
20:40:33  INFO        POWER DISPATCH  (July 2025)
20:40:33  INFO        ==============================================================================
20:40:33  INFO        Demand:  Process = 43757.20 MWh  |  Fixed = 0.00 MWh  |  Total = 43757.20 MWh
20:40:33  INFO      
20:40:33  INFO        Asset                      Priority    Min MW    Max MW     Hours   Dispatched MW  Dispatched MWh    Load %  Free Steam MT  Aux Power MWh
20:40:33  INFO        -------------------------  --------  --------  --------  --------  --------------  --------------  --------  ------------  ------------
20:40:33  INFO        NMD-Power Plant-1                 1      5.00     21.90    744.00            6.43         4784.40     29.4%       9425.27          0.00
20:40:33  INFO        NMD-Power Plant-2                 1      6.50     14.00    744.00            7.93         5900.40     56.6%      11623.79          0.00
20:40:33  INFO        NMD-STG Power Plant               2      6.00     24.90    644.00           13.23         8520.41     53.1%          0.00          0.00
20:40:33  INFO        TOTAL                                                                                    19205.21                21049.06          0.00
20:40:33  INFO        DEFICIT: 24551.99 MWh under-generation
20:40:33  INFO        ==============================================================================
20:40:33  INFO        [STG EXTRACTION] STG Load: 13.23 MW, LP Extraction: 18676.00 MT, MP Extraction: 2576.00 MT
20:40:33  INFO        ==============================================================================
20:40:33  INFO        STEAM DISPATCH  (July 2025)
20:40:33  INFO        ==============================================================================
20:40:33  INFO        Grade      Process/Fixed MT  Letdown MT  Byproduct MT     Net Demand MT
20:40:33  INFO        ---------  ----------------  ----------  ------------  ----------------
20:40:33  INFO        SHP                72675.09    67093.65          0.00          72675.09
20:40:33  INFO        HP                  4675.00    53826.48          0.00          71768.65
20:40:33  INFO        MP                 26360.72        0.00          0.00          77611.21
20:40:33  INFO        LP                 39905.21        0.00          0.00          21229.21
20:40:33  INFO      
20:40:33  INFO        Total Free Steam available: 21049.06 MT
20:40:33  INFO      
20:40:33  INFO        FINAL SUPPLEMENTARY FIRING DISPATCH
20:40:33  INFO        Asset                      Priority     Min TPH     Max TPH     Hours  Dispatched TPH   Dispatched MT    Load %
20:40:33  INFO        -------------------------  --------  ----------  ----------  --------  --------------  --------------  --------
20:40:33  INFO        HRSG-1                            1       47.33      123.33    744.00           47.33        35214.73     44.1%
20:40:33  INFO        HRSG-2                            1       44.38      120.38    744.00           44.38        33016.21     44.1%
20:40:33  INFO        HRSG-3                          999       60.00      136.00      0.00            0.00            0.00      0.0%
20:40:33  INFO        TOTAL SUPPLEMENTARY                                                                          68230.94          
20:40:33  INFO        TOTAL STEAM GENERATED                                                                        89280.00          
20:40:33  INFO        SURPLUS: 16604.91 MT
20:40:33  INFO        ==============================================================================
20:40:33  INFO        [REVERSE NG HRSG] Found HRSG: HRSG-1, supp_steam=35214.73 MT, free_steam=9425.27 MT, total_steam=44640.00 MT
20:40:33  INFO        [REVERSE NG HRSG] HRSG1_SHP STEAM: total_steam=44640.00 MT, norm=2.472238, consumed=110360.70 MMBTU (REVERSE, BPC method)
20:40:33  INFO        [REVERSE NG] Found GT asset: NMD-Power Plant-2, plant: NMD - Power Plant 2, heat_rate: 4699.62, free_steam: 1.97
20:40:33  INFO        [REVERSE NG] NMD - Power Plant 2: gen_qty=5900400 KWH, heat_rate=4699.62, free_steam=1.9700, consumed=74893.45 MMBTU (REVERSE)
20:40:33  INFO        [REVERSE NG] Found GT asset: NMD-Power Plant-1, plant: NMD - Power Plant 1, heat_rate: 5213.47, free_steam: 1.97
20:40:33  INFO        [REVERSE NG] NMD - Power Plant 1: gen_qty=4784400 KWH, heat_rate=5213.47, free_steam=1.9700, consumed=70477.58 MMBTU (REVERSE)
20:40:33  INFO        [REVERSE NG HRSG] Found HRSG: HRSG-2, supp_steam=33016.21 MT, free_steam=11623.79 MT, total_steam=44640.00 MT
20:40:33  INFO        [REVERSE NG HRSG] HRSG2_SHP STEAM: total_steam=44640.00 MT, norm=2.954424, consumed=131885.49 MMBTU (REVERSE, BPC method)
20:40:33  INFO        [U4U LOOP] ⚡ EXCESS STEAM BALANCING (PROPORTIONAL CONTROLLER)
20:40:33  INFO          Excess Steam: 16604.91 MT | Desired STG Adj: 4655.29 MWh | Target STG: 13175.70 MWh | Current STG: 8520.41 MWh
20:40:33  INFO          ACTION: Adjusting STG override to 13175.70 MWh
20:40:33  INFO      
20:40:33  INFO        ------------------------------------------------------------------------------------------
20:40:33  INFO        ITERATION 7
20:40:33  INFO        ------------------------------------------------------------------------------------------
20:40:33  INFO        Power:  Demand =    43757199.72 KWH  |  Gen =       19205.21 MWh  |  Surplus =     0.01  |  Deficit =     0.00
20:40:33  INFO        Steam:  Gen =       89280.00 MT  |  Surplus = 16604.91  |  Deficit =     0.00
20:40:33  INFO        Excess SHP:   16604.91 MT → STG override = 13175.70 MWh, GT reduction = 0.00 MWh
20:40:33  INFO        Power delta: 3590.9889 MWh  |  Converged: NO
20:40:33  INFO      
20:40:33  INFO        Utility                                Total Demand      U4U Demand         Initial    Change %
20:40:34  INFO        -----------------------------------  --------------  --------------  --------------  ----------
20:40:34  INFO        Boiler Feed Water                          97802.04        97844.78            0.00     0.3097%
20:40:34  INFO        COMPRESSED AIR                           6978085.14      1033374.98      5939566.24    85.1210%
20:40:34  INFO        Cooling Water 1                            15089.00            0.00        15089.00   100.0000%
20:40:34  INFO        Cooling Water 2                            12576.31         4350.93         9380.59    74.5932%
20:40:34  INFO        D M Water                                 137552.50        84109.75        53703.20    39.0799%
20:40:34  INFO        HP Steam PRDS                               4675.00         4675.00            0.00     0.0000%
20:40:34  INFO        HP Steam_Dis                                4675.00            0.00         4675.00   100.0000%
20:40:34  INFO        HRSG1_SHP STEAM                            34551.12        36337.55            0.00     0.2400%
20:40:34  INFO        HRSG2_SHP STEAM                            34551.12        36337.55            0.00     0.2400%
20:40:34  INFO        LP Steam PRDS                              16473.23        16476.86            0.00     0.7113%
20:40:34  INFO        LP Steam_Dis                               39905.21        14181.30        25767.83    64.5947%
20:40:34  INFO        MP Steam PRDS SHP                          21607.88        21607.88            0.00     0.6914%
20:40:34  INFO        MP Steam_Dis                               26360.72        12354.92        14093.68    53.4647%
20:40:34  INFO        Nitrogen Gas                            10905918.20      5758073.20      5147845.00    47.2023% (PT)
20:40:34  INFO        Oxygen                                      6260.00            0.00         6260.00   100.0000%
20:40:34  INFO        POWERGEN                                19078853.51     19080418.93            0.00     0.0465%
20:40:34  INFO        Power_Dis                               43757199.72     15046015.82     28658458.20    65.5025% (PT)
20:40:34  INFO        SHP Steam_Dis                              72675.09        68450.96        20830.00    33.5780%
20:40:34  INFO        STG1_LP STEAM                              23423.18        23428.35            0.00     0.7113%
20:40:34  INFO        STG1_MP STEAM                               4752.84         4752.84            0.00     0.6914%
20:40:34  INFO        Water                                     743998.37       456028.59       288030.16    38.9555% (PT)
20:40:34  INFO      
20:40:34  INFO        U4U CONSUMPTION BREAKDOWN (per producer per material):
20:40:34  INFO        Producer                        Material Consumed                     Norm        Quantity  Credit
20:40:34  INFO        ------------------------------  ------------------------------  ----------  --------------  ------
20:40:34  INFO        Boiler Feed Water               CHEM CYCLO HEXY                   0.000100            9.78  
20:40:34  INFO        Boiler Feed Water               CHEM MORPHOLENE                   0.000002            0.20  
20:40:34  INFO        Boiler Feed Water               Cooling Water 2                   0.001146          112.08  
20:40:34  INFO        Boiler Feed Water               D M Water                         0.860000        84109.75  
20:40:34  INFO        Boiler Feed Water               KEM WATREAT B 70M                 0.000570           55.75  
20:40:34  INFO        Boiler Feed Water               LP Steam_Dis                      0.145000        14181.30  
20:40:34  INFO        Boiler Feed Water               Power_Dis                         9.500000       929119.36  
20:40:34  INFO        COMPRESSED AIR                  Cooling Water 2                   0.000025          174.45  
20:40:34  INFO        COMPRESSED AIR                  Power_Dis                         0.165000      1151384.05  
20:40:34  INFO        Cooling Water 1                 COMPRESSED AIR                    0.109348         1649.95  
20:40:34  INFO        Cooling Water 1                 Power_Dis                       245.000005      3696805.08  
20:40:34  INFO        Cooling Water 1                 SULPHURIC ACID                    0.000158            2.38  
20:40:34  INFO        Cooling Water 1                 Water                            11.050000       166733.45  
20:40:34  INFO        Cooling Water 2                 COMPRESSED AIR                    0.118537         1490.76  
20:40:34  INFO        Cooling Water 2                 Power_Dis                       249.999998      3144076.58  
20:40:34  INFO        Cooling Water 2                 SULPHURIC ACID                    0.000200            2.52  
20:40:34  INFO        Cooling Water 2                 Water                            11.500000       144627.52  
20:40:34  INFO        D M Water                       CAUSTIC SODA LYE – GRADE 1        0.000258           35.49  
20:40:34  INFO        D M Water                       CHEM  SODIUM SULPHITE;PN:MIS 1    0.000811          111.56  
20:40:34  INFO        D M Water                       CHEM ALUM.SULFATE, AL2(SO4)3,1    0.000757          104.13  
20:40:34  INFO        D M Water                       COMPRESSED AIR                    0.077000        10591.54  
20:40:34  INFO        D M Water                       HYDRO CHLORIC ACID (30%) -VIRG    0.000258           35.49  
20:40:34  INFO        D M Water                       POLYELECTROLYTE                   0.000766          105.37  
20:40:34  INFO        D M Water                       Power_Dis                         1.210000       166438.53  
20:40:34  INFO        D M Water                       Ret steam condensate              0.203000        27923.16  
20:40:34  INFO        D M Water                       SODIUM CHLORIDE IS 797 GRADE1     0.000010            1.38  
20:40:34  INFO        D M Water                       Water                             1.050000       144430.13  
20:40:34  INFO        HP Steam PRDS                   Boiler Feed Water                 0.076800          359.04  
20:40:34  INFO        HP Steam PRDS                   SHP Steam_Dis                     0.923200         4315.96  
20:40:34  INFO        HP Steam_Dis                    HP Steam PRDS                     1.000000         4675.00  
20:40:34  INFO        HRSG1_SHP STEAM                 Boiler Feed Water                 1.024000        45711.36  
20:40:34  INFO        HRSG1_SHP STEAM                 CHEM TRISODIUM PHOSPHATE          0.000900           40.18  
20:40:34  INFO        HRSG1_SHP STEAM                 COMPRESSED AIR                    9.953262       444313.62  
20:40:34  INFO        HRSG1_SHP STEAM                 FURNACE OIL ( MEDIUM VISCOSITY    0.000098            4.37  
20:40:34  INFO        HRSG1_SHP STEAM                 LP Steam_Dis                     -0.078000        -3481.92  YES
20:40:34  INFO        HRSG1_SHP STEAM                 NATURAL GAS                       2.472238       110360.70  
20:40:34  INFO        HRSG1_SHP STEAM                 Water                             0.002660          118.74  
20:40:34  INFO        HRSG2_SHP STEAM                 Boiler Feed Water                 1.024000        45711.36  
20:40:34  INFO        HRSG2_SHP STEAM                 CHEM TRISODIUM PHOSPHATE          0.000900           40.18  
20:40:34  INFO        HRSG2_SHP STEAM                 COMPRESSED AIR                   10.617329       473957.57  
20:40:34  INFO        HRSG2_SHP STEAM                 FURNACE OIL ( MEDIUM VISCOSITY    0.000098            4.37  
20:40:34  INFO        HRSG2_SHP STEAM                 LP Steam_Dis                     -0.078000        -3481.92  YES
20:40:34  INFO        HRSG2_SHP STEAM                 NATURAL GAS                       2.954424       131885.49  
20:40:34  INFO        HRSG2_SHP STEAM                 Water                             0.002660          118.74  
20:40:34  INFO        LP Steam PRDS                   Boiler Feed Water                 0.250000         4118.31  
20:40:34  INFO        LP Steam PRDS                   MP Steam_Dis                      0.750000        12354.92  
20:40:34  INFO        LP Steam_Dis                    LP Steam PRDS                     0.412900        16476.86  
20:40:34  INFO        LP Steam_Dis                    STG1_LP STEAM                     0.587100        23428.35  
20:40:34  INFO        MP Steam PRDS SHP               Boiler Feed Water                 0.090000         1944.71  
20:40:34  INFO        MP Steam PRDS SHP               SHP Steam_Dis                     0.910000        19663.17  
20:40:34  INFO        MP Steam_Dis                    MP Steam PRDS SHP                 0.819700        21607.88  
20:40:34  INFO        MP Steam_Dis                    STG1_MP STEAM                     0.180300         4752.84  
20:40:34  INFO        Oxygen                          Cooling Water 2                   0.250000         1565.00  
20:40:34  INFO        Oxygen                          Nitrogen Gas                    919.820000      5758073.20  
20:40:34  INFO        Oxygen                          Power_Dis                       925.170000      5791564.20  
20:40:34  INFO        POWERGEN                        COMPRESSED AIR                    0.006205        36611.98  
20:40:34  INFO        POWERGEN                        COMPRESSED AIR                    0.003912            0.00  
20:40:34  INFO        POWERGEN                        COMPRESSED AIR                    0.005283        25275.99  
20:40:34  INFO        POWERGEN                        COMPRESSED AIR                    0.004634        39483.58  
20:40:34  INFO        POWERGEN                        Cooling Water 2                   0.000022          129.81  
20:40:34  INFO        POWERGEN                        Cooling Water 2                   0.000011            0.00  
20:40:34  INFO        POWERGEN                        Cooling Water 2                   0.000018           86.12  
20:40:34  INFO        POWERGEN                        Cooling Water 2                   0.000268         2283.47  
20:40:34  INFO        POWERGEN                        NATURAL GAS                       0.014762        74893.45  
20:40:34  INFO        POWERGEN                        NATURAL GAS                       0.009472            0.00  
20:40:34  INFO        POWERGEN                        NATURAL GAS                       0.014762        70477.58  
20:40:34  INFO        POWERGEN                        No Material                       0.000000            0.00  
20:40:34  INFO        POWERGEN                        No Material                       0.000000            0.00  
20:40:34  INFO        POWERGEN                        No Material                       0.000000            0.00  
20:40:34  INFO        POWERGEN                        Power_Dis                         0.014000        82605.60  
20:40:34  INFO        POWERGEN                        Power_Dis                         0.019931            0.00  
20:40:34  INFO        POWERGEN                        Power_Dis                         0.014000        66981.60  
20:40:34  INFO        POWERGEN                        Power_Dis                         0.002000        17040.82  
20:40:34  INFO        POWERGEN                        Ret steam condensate              0.002326        19818.47  
20:40:34  INFO        POWERGEN                        SHP Steam_Dis                     0.003515        29949.24  
20:40:34  INFO        Power_Dis                       POWERGEN                          0.108045      4727747.75  
20:40:34  INFO        Power_Dis                       POWERGEN                          0.108045      4727747.75  
20:40:34  INFO        Power_Dis                       POWERGEN                          0.219962      9624923.43  
20:40:34  INFO        Power_Dis                       Power from MEL                    0.563947     24552000.00  
20:40:34  INFO        SHP Steam_Dis                   HRSG1_SHP STEAM                   0.500000        36337.55  
20:40:34  INFO        SHP Steam_Dis                   HRSG2_SHP STEAM                   0.500000        36337.55  
20:40:34  INFO        STG1_LP STEAM                   SHP Steam_Dis                     0.480000        11243.13  
20:40:34  INFO        STG1_MP STEAM                   SHP Steam_Dis                     0.690000         3279.46  
20:40:34  INFO      
20:40:34  INFO        Not yet converged: 6 materials
20:40:34  INFO          Cooling Water 2                 change = 26.5510%
20:40:34  INFO          HRSG1_SHP STEAM                 change = 4.9162%
20:40:34  INFO          HRSG2_SHP STEAM                 change = 4.9162%
20:40:34  INFO          NATURAL GAS                     change = 4.7463%
20:40:34  INFO          Ret steam condensate            change = 22.7085%
20:40:34  INFO          SHP Steam_Dis                   change = 24.2595%
20:40:34  INFO        ------------------------------------------------------------------------------------------
20:40:34  INFO        [DISPATCH] Total demand: 43704.47 MWh, Import: 24552.00 MWh, Net for GT/STG: 19152.47 MWh
20:40:34  WARNING     [DISPATCH] No aux power norm for 'NMD-Power Plant-1'; using 0.0
20:40:34  WARNING     [DISPATCH] No aux power norm for 'NMD-Power Plant-2'; using 0.0
20:40:34  WARNING     [DISPATCH] No aux power norm for 'NMD-STG Power Plant'; using 0.0
20:40:34  INFO        ==============================================================================
20:40:34  INFO        POWER DISPATCH  (July 2025)
20:40:34  INFO        ==============================================================================
20:40:34  INFO        Demand:  Process = 43704.47 MWh  |  Fixed = 0.00 MWh  |  Total = 43704.47 MWh
20:40:34  INFO      
20:40:34  INFO        Asset                      Priority    Min MW    Max MW     Hours   Dispatched MW  Dispatched MWh    Load %  Free Steam MT  Aux Power MWh
20:40:34  INFO        -------------------------  --------  --------  --------  --------  --------------  --------------  --------  ------------  ------------
20:40:34  INFO        NMD-Power Plant-1                 1      5.00     21.90    744.00            5.00         3720.00     22.8%       7328.40          0.00
20:40:34  INFO        NMD-Power Plant-2                 1      6.50     14.00    744.00            6.50         4836.00     46.4%       9526.92          0.00
20:40:34  INFO        NMD-STG Power Plant               2      6.00     24.90    644.00           20.46        13175.70     82.2%          0.00          0.00
20:40:34  INFO        TOTAL                                                                                    21731.70                16855.32          0.00
20:40:34  INFO        DEFICIT: 21972.77 MWh under-generation
20:40:34  INFO        ==============================================================================
20:40:34  INFO        [STG EXTRACTION] STG Load: 20.46 MW, LP Extraction: 19320.00 MT, MP Extraction: 8372.00 MT
20:40:34  INFO        ==============================================================================
20:40:34  INFO        STEAM DISPATCH  (July 2025)
20:40:34  INFO        ==============================================================================
20:40:34  INFO        Grade      Process/Fixed MT  Letdown MT  Byproduct MT     Net Demand MT
20:40:34  INFO        ---------  ----------------  ----------  ------------  ----------------
20:40:34  INFO        SHP                89280.96    82424.18          0.00          89280.96
20:40:34  INFO        HP                  4675.00    65324.39          0.00          87099.18
20:40:34  INFO        MP                 26448.60        0.00          0.00          83400.98
20:40:34  INFO        LP                 39949.13        0.00          0.00          20629.13
20:40:34  INFO      
20:40:34  INFO        Total Free Steam available: 16855.32 MT
20:40:34  INFO      
20:40:34  INFO        FINAL SUPPLEMENTARY FIRING DISPATCH
20:40:34  INFO        Asset                      Priority     Min TPH     Max TPH     Hours  Dispatched TPH   Dispatched MT    Load %
20:40:34  INFO        -------------------------  --------  ----------  ----------  --------  --------------  --------------  --------
20:40:34  INFO        HRSG-1                            1       50.15      126.15    744.00           50.15        37312.08     44.1%
20:40:34  INFO        HRSG-2                            1       47.20      123.19    744.00           47.20        35113.56     44.1%
20:40:34  INFO        HRSG-3                          999       60.00      136.00      0.00            0.00            0.00      0.0%
20:40:34  INFO        TOTAL SUPPLEMENTARY                                                                          72425.64          
20:40:34  INFO        TOTAL STEAM GENERATED                                                                        89280.96          
20:40:34  INFO        DEFICIT: 0.00 MT
20:40:34  INFO        ==============================================================================
20:40:34  INFO        [REVERSE NG HRSG] Found HRSG: HRSG-1, supp_steam=37312.08 MT, free_steam=7328.40 MT, total_steam=44640.48 MT
20:40:34  INFO        [REVERSE NG HRSG] HRSG1_SHP STEAM: total_steam=44640.48 MT, norm=2.472238, consumed=110361.89 MMBTU (REVERSE, BPC method)
20:40:34  INFO        [REVERSE NG] Found GT asset: NMD-Power Plant-2, plant: NMD - Power Plant 2, heat_rate: 5182.18, free_steam: 1.97
20:40:34  INFO        [REVERSE NG] NMD - Power Plant 2: gen_qty=4836000 KWH, heat_rate=5182.18, free_steam=1.9700, consumed=70637.60 MMBTU (REVERSE)
20:40:34  INFO        [REVERSE NG] Found GT asset: NMD-Power Plant-1, plant: NMD - Power Plant 1, heat_rate: 5405.67, free_steam: 1.97
20:40:34  INFO        [REVERSE NG] NMD - Power Plant 1: gen_qty=3720000 KWH, heat_rate=5405.67, free_steam=1.9700, consumed=57633.61 MMBTU (REVERSE)
20:40:34  INFO        [REVERSE NG HRSG] Found HRSG: HRSG-2, supp_steam=35113.56 MT, free_steam=9526.92 MT, total_steam=44640.48 MT
20:40:34  INFO        [REVERSE NG HRSG] HRSG2_SHP STEAM: total_steam=44640.48 MT, norm=2.954424, consumed=131886.91 MMBTU (REVERSE, BPC method)
20:40:34  INFO        [U4U LOOP] Excess steam (0.00 MT) is small, holding STG override at 13175.70 MWh
20:40:34  INFO      
20:40:34  INFO        ------------------------------------------------------------------------------------------
20:40:34  INFO        ITERATION 8
20:40:34  INFO        ------------------------------------------------------------------------------------------
20:40:34  INFO        Power:  Demand =    43704474.02 KWH  |  Gen =       21731.70 MWh  |  Surplus =  2579.23  |  Deficit =     0.00
20:40:34  INFO        Steam:  Gen =       89280.96 MT  |  Surplus =     0.00  |  Deficit =     0.00
20:40:34  INFO        Power delta: 52725.7059 MWh  |  Converged: NO
20:40:34  INFO      
20:40:34  INFO        Utility                                Total Demand      U4U Demand         Initial    Change %
20:40:34  INFO        -----------------------------------  --------------  --------------  --------------  ----------
20:40:34  INFO        Boiler Feed Water                          97844.78        97846.67            0.00     0.0437%
20:40:34  INFO        COMPRESSED AIR                           6972941.22      1042886.63      5939566.24    85.1064%
20:40:34  INFO        Cooling Water 1                            15089.00            0.00        15089.00   100.0000%
20:40:34  INFO        Cooling Water 2                            13731.52         5555.89         9380.59    76.7271%
20:40:34  INFO        D M Water                                 137812.95        84146.51        53703.20    39.1572%
20:40:34  INFO        HP Steam PRDS                               4675.00         4675.00            0.00     0.0000%
20:40:34  INFO        HP Steam_Dis                                4675.00            0.00         4675.00   100.0000%
20:40:34  INFO        HRSG1_SHP STEAM                            36337.55        44640.48            0.00     4.9162%
20:40:34  INFO        HRSG2_SHP STEAM                            36337.55        44640.48            0.00     4.9162%
20:40:34  INFO        LP Steam PRDS                              16476.86        16494.99            0.00     0.0221%
20:40:34  INFO        LP Steam_Dis                               39949.13        14187.49        25767.83    64.6115%
20:40:34  INFO        MP Steam PRDS SHP                          21607.88        21679.92            0.00     0.0000%
20:40:34  INFO        MP Steam_Dis                               26448.60        12357.65        14093.68    53.6193%
20:40:34  INFO        Nitrogen Gas                            10905918.20      5758073.20      5147845.00    47.2023% (PT)
20:40:34  INFO        Oxygen                                      6260.00            0.00         6260.00   100.0000%
20:40:34  INFO        POWERGEN                                19080418.93     20182099.95            0.00     0.0082%
20:40:34  INFO        Power_Dis                               43704474.02     15314199.28     28658458.20    65.4526% (PT)
20:40:34  INFO        SHP Steam_Dis                              89280.96        84816.79        20830.00    41.9304%
20:40:34  INFO        STG1_LP STEAM                              23428.35        23454.13            0.00     0.0221%
20:40:34  INFO        STG1_MP STEAM                               4752.84         4768.68            0.00     0.0000%
20:40:34  INFO        Water                                     744058.75       469587.03       288030.16    38.7188% (PT)
20:40:34  INFO      
20:40:34  INFO        U4U CONSUMPTION BREAKDOWN (per producer per material):
20:40:34  INFO        Producer                        Material Consumed                     Norm        Quantity  Credit
20:40:34  INFO        ------------------------------  ------------------------------  ----------  --------------  ------
20:40:34  INFO        Boiler Feed Water               CHEM CYCLO HEXY                   0.000100            9.78  
20:40:34  INFO        Boiler Feed Water               CHEM MORPHOLENE                   0.000002            0.20  
20:40:34  INFO        Boiler Feed Water               Cooling Water 2                   0.001146          112.13  
20:40:34  INFO        Boiler Feed Water               D M Water                         0.860000        84146.51  
20:40:34  INFO        Boiler Feed Water               KEM WATREAT B 70M                 0.000570           55.77  
20:40:34  INFO        Boiler Feed Water               LP Steam_Dis                      0.145000        14187.49  
20:40:34  INFO        Boiler Feed Water               Power_Dis                         9.500000       929525.37  
20:40:34  INFO        COMPRESSED AIR                  Cooling Water 2                   0.000025          174.32  
20:40:34  INFO        COMPRESSED AIR                  Power_Dis                         0.165000      1150535.30  
20:40:34  INFO        Cooling Water 1                 COMPRESSED AIR                    0.109348         1649.95  
20:40:34  INFO        Cooling Water 1                 Power_Dis                       245.000005      3696805.08  
20:40:34  INFO        Cooling Water 1                 SULPHURIC ACID                    0.000158            2.38  
20:40:34  INFO        Cooling Water 1                 Water                            11.050000       166733.45  
20:40:34  INFO        Cooling Water 2                 COMPRESSED AIR                    0.118537         1627.69  
20:40:34  INFO        Cooling Water 2                 Power_Dis                       249.999998      3432880.26  
20:40:34  INFO        Cooling Water 2                 SULPHURIC ACID                    0.000200            2.75  
20:40:34  INFO        Cooling Water 2                 Water                            11.500000       157912.49  
20:40:34  INFO        D M Water                       CAUSTIC SODA LYE – GRADE 1        0.000258           35.56  
20:40:34  INFO        D M Water                       CHEM  SODIUM SULPHITE;PN:MIS 1    0.000811          111.77  
20:40:34  INFO        D M Water                       CHEM ALUM.SULFATE, AL2(SO4)3,1    0.000757          104.32  
20:40:34  INFO        D M Water                       COMPRESSED AIR                    0.077000        10611.60  
20:40:34  INFO        D M Water                       HYDRO CHLORIC ACID (30%) -VIRG    0.000258           35.56  
20:40:34  INFO        D M Water                       POLYELECTROLYTE                   0.000766          105.56  
20:40:34  INFO        D M Water                       Power_Dis                         1.210000       166753.67  
20:40:34  INFO        D M Water                       Ret steam condensate              0.203000        27976.03  
20:40:34  INFO        D M Water                       SODIUM CHLORIDE IS 797 GRADE1     0.000010            1.38  
20:40:34  INFO        D M Water                       Water                             1.050000       144703.60  
20:40:34  INFO        HP Steam PRDS                   Boiler Feed Water                 0.076800          359.04  
20:40:34  INFO        HP Steam PRDS                   SHP Steam_Dis                     0.923200         4315.96  
20:40:34  INFO        HP Steam_Dis                    HP Steam PRDS                     1.000000         4675.00  
20:40:34  INFO        HRSG1_SHP STEAM                 Boiler Feed Water                 1.024000        45711.85  
20:40:34  INFO        HRSG1_SHP STEAM                 CHEM TRISODIUM PHOSPHATE          0.000900           40.18  
20:40:34  INFO        HRSG1_SHP STEAM                 COMPRESSED AIR                    9.953262       444318.39  
20:40:34  INFO        HRSG1_SHP STEAM                 FURNACE OIL ( MEDIUM VISCOSITY    0.000098            4.37  
20:40:34  INFO        HRSG1_SHP STEAM                 LP Steam_Dis                     -0.078000        -3481.96  YES
20:40:34  INFO        HRSG1_SHP STEAM                 NATURAL GAS                       2.472238       110361.89  
20:40:34  INFO        HRSG1_SHP STEAM                 Water                             0.002660          118.74  
20:40:34  INFO        HRSG2_SHP STEAM                 Boiler Feed Water                 1.024000        45711.85  
20:40:34  INFO        HRSG2_SHP STEAM                 CHEM TRISODIUM PHOSPHATE          0.000900           40.18  
20:40:34  INFO        HRSG2_SHP STEAM                 COMPRESSED AIR                   10.617329       473962.66  
20:40:34  INFO        HRSG2_SHP STEAM                 FURNACE OIL ( MEDIUM VISCOSITY    0.000098            4.37  
20:40:34  INFO        HRSG2_SHP STEAM                 LP Steam_Dis                     -0.078000        -3481.96  YES
20:40:34  INFO        HRSG2_SHP STEAM                 NATURAL GAS                       2.954424       131886.91  
20:40:34  INFO        HRSG2_SHP STEAM                 Water                             0.002660          118.74  
20:40:34  INFO        LP Steam PRDS                   Boiler Feed Water                 0.250000         4119.22  
20:40:34  INFO        LP Steam PRDS                   MP Steam_Dis                      0.750000        12357.65  
20:40:34  INFO        LP Steam_Dis                    LP Steam PRDS                     0.412900        16494.99  
20:40:34  INFO        LP Steam_Dis                    STG1_LP STEAM                     0.587100        23454.13  
20:40:34  INFO        MP Steam PRDS SHP               Boiler Feed Water                 0.090000         1944.71  
20:40:34  INFO        MP Steam PRDS SHP               SHP Steam_Dis                     0.910000        19663.17  
20:40:34  INFO        MP Steam_Dis                    MP Steam PRDS SHP                 0.819700        21679.92  
20:40:34  INFO        MP Steam_Dis                    STG1_MP STEAM                     0.180300         4768.68  
20:40:34  INFO        Oxygen                          Cooling Water 2                   0.250000         1565.00  
20:40:34  INFO        Oxygen                          Nitrogen Gas                    919.820000      5758073.20  
20:40:34  INFO        Oxygen                          Power_Dis                       925.170000      5791564.20  
20:40:34  INFO        POWERGEN                        COMPRESSED AIR                    0.006205        30007.38  
20:40:34  INFO        POWERGEN                        COMPRESSED AIR                    0.003912            0.00  
20:40:34  INFO        POWERGEN                        COMPRESSED AIR                    0.005283        19652.76  
20:40:34  INFO        POWERGEN                        COMPRESSED AIR                    0.004634        61056.19  
20:40:34  INFO        POWERGEN                        Cooling Water 2                   0.000022          106.39  
20:40:34  INFO        POWERGEN                        Cooling Water 2                   0.000011            0.00  
20:40:34  INFO        POWERGEN                        Cooling Water 2                   0.000018           66.96  
20:40:34  INFO        POWERGEN                        Cooling Water 2                   0.000268         3531.09  
20:40:34  INFO        POWERGEN                        NATURAL GAS                       0.014762        70637.60  
20:40:34  INFO        POWERGEN                        NATURAL GAS                       0.009472            0.00  
20:40:34  INFO        POWERGEN                        NATURAL GAS                       0.014762        57633.61  
20:40:34  INFO        POWERGEN                        No Material                       0.000000            0.00  
20:40:34  INFO        POWERGEN                        No Material                       0.000000            0.00  
20:40:34  INFO        POWERGEN                        No Material                       0.000000            0.00  
20:40:34  INFO        POWERGEN                        Power_Dis                         0.014000        67704.00  
20:40:34  INFO        POWERGEN                        Power_Dis                         0.019931            0.00  
20:40:34  INFO        POWERGEN                        Power_Dis                         0.014000        52080.00  
20:40:34  INFO        POWERGEN                        Power_Dis                         0.002000        26351.40  
20:40:34  INFO        POWERGEN                        Ret steam condensate              0.002326        30646.68  
20:40:34  INFO        POWERGEN                        SHP Steam_Dis                     0.003515        46312.59  
20:40:34  INFO        Power_Dis                       POWERGEN                          0.108045      5000722.37  
20:40:34  INFO        Power_Dis                       POWERGEN                          0.108045      5000722.37  
20:40:34  INFO        Power_Dis                       POWERGEN                          0.219962     10180655.22  
20:40:34  INFO        Power_Dis                       Power from MEL                    0.563947     24552000.00  
20:40:34  INFO        SHP Steam_Dis                   HRSG1_SHP STEAM                   0.500000        44640.48  
20:40:34  INFO        SHP Steam_Dis                   HRSG2_SHP STEAM                   0.500000        44640.48  
20:40:34  INFO        STG1_LP STEAM                   SHP Steam_Dis                     0.480000        11245.61  
20:40:34  INFO        STG1_MP STEAM                   SHP Steam_Dis                     0.690000         3279.46  
20:40:34  INFO      
20:40:34  INFO        Not yet converged: 10 materials
20:40:34  INFO          Cooling Water 2                 change = 21.6880%
20:40:34  INFO          HRSG1_SHP STEAM                 change = 18.5996%
20:40:34  INFO          HRSG2_SHP STEAM                 change = 18.5996%
20:40:34  INFO          NATURAL GAS                     change = 4.6144%
20:40:34  INFO          POWERGEN                        change = 5.4587%
20:40:34  INFO          Power_Dis                       change = 1.7512%
20:40:34  INFO          Ret steam condensate            change = 18.5612%
20:40:34  INFO          SHP Steam_Dis                   change = 19.2955%
20:40:34  INFO          SULPHURIC ACID                  change = 4.5034%
20:40:34  INFO          Water                           change = 2.8873%
20:40:34  INFO        ------------------------------------------------------------------------------------------
20:40:34  INFO        [DISPATCH] Total demand: 43972.66 MWh, Import: 24552.00 MWh, Net for GT/STG: 19420.66 MWh
20:40:34  WARNING     [DISPATCH] No aux power norm for 'NMD-Power Plant-1'; using 0.0
20:40:34  WARNING     [DISPATCH] No aux power norm for 'NMD-Power Plant-2'; using 0.0
20:40:34  WARNING     [DISPATCH] No aux power norm for 'NMD-STG Power Plant'; using 0.0
20:40:34  INFO        ==============================================================================
20:40:34  INFO        POWER DISPATCH  (July 2025)
20:40:34  INFO        ==============================================================================
20:40:34  INFO        Demand:  Process = 43972.66 MWh  |  Fixed = 0.00 MWh  |  Total = 43972.66 MWh
20:40:34  INFO      
20:40:34  INFO        Asset                      Priority    Min MW    Max MW     Hours   Dispatched MW  Dispatched MWh    Load %  Free Steam MT  Aux Power MWh
20:40:34  INFO        -------------------------  --------  --------  --------  --------  --------------  --------------  --------  ------------  ------------
20:40:34  INFO        NMD-Power Plant-1                 1      5.00     21.90    744.00            5.00         3720.00     22.8%       7328.40          0.00
20:40:34  INFO        NMD-Power Plant-2                 1      6.50     14.00    744.00            6.50         4836.00     46.4%       9526.92          0.00
20:40:34  INFO        NMD-STG Power Plant               2      6.00     24.90    644.00           20.46        13175.70     82.2%          0.00          0.00
20:40:34  INFO        TOTAL                                                                                    21731.70                16855.32          0.00
20:40:34  INFO        DEFICIT: 22240.96 MWh under-generation
20:40:34  INFO        ==============================================================================
20:40:34  INFO        [STG EXTRACTION] STG Load: 20.46 MW, LP Extraction: 19320.00 MT, MP Extraction: 8372.00 MT
20:40:34  INFO        ==============================================================================
20:40:34  INFO        STEAM DISPATCH  (July 2025)
20:40:34  INFO        ==============================================================================
20:40:34  INFO        Grade      Process/Fixed MT  Letdown MT  Byproduct MT     Net Demand MT
20:40:34  INFO        ---------  ----------------  ----------  ------------  ----------------
20:40:34  INFO        SHP               105646.79    97533.11          0.00         105646.79
20:40:34  INFO        HP                  4675.00    76656.08          0.00         102208.11
20:40:34  INFO        MP                 26451.33        0.00          0.00          94735.41
20:40:34  INFO        LP                 39955.32        0.00          0.00          20635.32
20:40:34  INFO      
20:40:34  INFO        Total Free Steam available: 16855.32 MT
20:40:34  INFO      
20:40:34  INFO        FINAL SUPPLEMENTARY FIRING DISPATCH
20:40:34  INFO        Asset                      Priority     Min TPH     Max TPH     Hours  Dispatched TPH   Dispatched MT    Load %
20:40:34  INFO        -------------------------  --------  ----------  ----------  --------  --------------  --------------  --------
20:40:34  INFO        HRSG-1                            1       50.15      126.15    744.00           61.15        45494.99     52.2%
20:40:34  INFO        HRSG-2                            1       47.20      123.19    744.00           58.19        43296.47     52.2%
20:40:34  INFO        HRSG-3                          999       60.00      136.00      0.00            0.00            0.00      0.0%
20:40:34  INFO        TOTAL SUPPLEMENTARY                                                                          88791.46          
20:40:34  INFO        TOTAL STEAM GENERATED                                                                       105646.78          
20:40:34  INFO        DEFICIT: 0.01 MT
20:40:34  INFO        ==============================================================================
20:40:34  INFO        [REVERSE NG HRSG] Found HRSG: HRSG-1, supp_steam=45494.99 MT, free_steam=7328.40 MT, total_steam=52823.39 MT
20:40:34  INFO        [REVERSE NG HRSG] HRSG1_SHP STEAM: total_steam=52823.39 MT, norm=2.472238, consumed=130591.99 MMBTU (REVERSE, BPC method)
20:40:34  INFO        [REVERSE NG] Found GT asset: NMD-Power Plant-2, plant: NMD - Power Plant 2, heat_rate: 5182.18, free_steam: 1.97
20:40:34  INFO        [REVERSE NG] NMD - Power Plant 2: gen_qty=4836000 KWH, heat_rate=5182.18, free_steam=1.9700, consumed=70637.60 MMBTU (REVERSE)
20:40:34  INFO        [REVERSE NG] Found GT asset: NMD-Power Plant-1, plant: NMD - Power Plant 1, heat_rate: 5405.67, free_steam: 1.97
20:40:34  INFO        [REVERSE NG] NMD - Power Plant 1: gen_qty=3720000 KWH, heat_rate=5405.67, free_steam=1.9700, consumed=57633.61 MMBTU (REVERSE)
20:40:34  INFO        [REVERSE NG HRSG] Found HRSG: HRSG-2, supp_steam=43296.47 MT, free_steam=9526.92 MT, total_steam=52823.39 MT
20:40:34  INFO        [REVERSE NG HRSG] HRSG2_SHP STEAM: total_steam=52823.39 MT, norm=2.954424, consumed=156062.69 MMBTU (REVERSE, BPC method)
20:40:34  INFO        [U4U LOOP] Excess steam (0.00 MT) is small, holding STG override at 13175.70 MWh
20:40:34  INFO      
20:40:34  INFO        ------------------------------------------------------------------------------------------
20:40:34  INFO        ITERATION 9
20:40:34  INFO        ------------------------------------------------------------------------------------------
20:40:34  INFO        Power:  Demand =    43972657.48 KWH  |  Gen =       21731.70 MWh  |  Surplus =  2311.04  |  Deficit =     0.00
20:40:34  INFO        Steam:  Gen =      105646.78 MT  |  Surplus =     0.00  |  Deficit =     0.01
20:40:34  INFO        Power delta: 268183.4604 MWh  |  Converged: NO
20:40:34  INFO      
20:40:34  INFO        Utility                                Total Demand      U4U Demand         Initial    Change %
20:40:34  INFO        -----------------------------------  --------------  --------------  --------------  ----------
20:40:34  INFO        Boiler Feed Water                          97846.67       114616.28            0.00     0.0019%
20:40:34  INFO        COMPRESSED AIR                           6982452.87      1211359.59      5939566.24    85.2004%
20:40:34  INFO        Cooling Water 1                            15089.00            0.00        15089.00   100.0000%
20:40:34  INFO        Cooling Water 2                            14936.48         5556.13         9380.59    70.8704%
20:40:34  INFO        D M Water                                 137849.71        84148.13        53703.20    38.9845%
20:40:34  INFO        HP Steam PRDS                               4675.00         4675.00            0.00     0.0000%
20:40:34  INFO        HP Steam_Dis                                4675.00            0.00         4675.00   100.0000%
20:40:34  INFO        HRSG1_SHP STEAM                            44640.48        52823.39            0.00    18.5996%
20:40:34  INFO        HRSG2_SHP STEAM                            44640.48        52823.39            0.00    18.5996%
20:40:34  INFO        LP Steam PRDS                              16494.99        16497.55            0.00     0.1099%
20:40:34  INFO        LP Steam_Dis                               39955.32        14187.77        25767.83    64.5071%
20:40:34  INFO        MP Steam PRDS SHP                          21679.92        21682.15            0.00     0.3323%
20:40:34  INFO        MP Steam_Dis                               26451.33        12371.25        14093.68    53.2919%
20:40:34  INFO        Nitrogen Gas                            10905918.20      5758073.20      5147845.00    47.2023% (PT)
20:40:34  INFO        Oxygen                                      6260.00            0.00         6260.00   100.0000%
20:40:34  INFO        POWERGEN                                20182099.95     20182099.95            0.00     5.4587%
20:40:34  INFO        Power_Dis                               43972657.48     15617071.67     28658458.20    65.7832% (PT)
20:40:34  INFO        SHP Steam_Dis                             105646.79        84905.64        20830.00    35.2077%
20:40:34  INFO        STG1_LP STEAM                              23454.13        23457.77            0.00     0.1099%
20:40:34  INFO        STG1_MP STEAM                               4768.68         4769.17            0.00     0.3323%
20:40:34  INFO        Water                                     757617.19       483526.22       288030.16    39.8075% (PT)
20:40:34  INFO      
20:40:34  INFO        U4U CONSUMPTION BREAKDOWN (per producer per material):
20:40:34  INFO        Producer                        Material Consumed                     Norm        Quantity  Credit
20:40:34  INFO        ------------------------------  ------------------------------  ----------  --------------  ------
20:40:34  INFO        Boiler Feed Water               CHEM CYCLO HEXY                   0.000100            9.78  
20:40:34  INFO        Boiler Feed Water               CHEM MORPHOLENE                   0.000002            0.20  
20:40:34  INFO        Boiler Feed Water               Cooling Water 2                   0.001146          112.13  
20:40:34  INFO        Boiler Feed Water               D M Water                         0.860000        84148.13  
20:40:34  INFO        Boiler Feed Water               KEM WATREAT B 70M                 0.000570           55.77  
20:40:34  INFO        Boiler Feed Water               LP Steam_Dis                      0.145000        14187.77  
20:40:34  INFO        Boiler Feed Water               Power_Dis                         9.500000       929543.35  
20:40:34  INFO        COMPRESSED AIR                  Cooling Water 2                   0.000025          174.56  
20:40:34  INFO        COMPRESSED AIR                  Power_Dis                         0.165000      1152104.72  
20:40:34  INFO        Cooling Water 1                 COMPRESSED AIR                    0.109348         1649.95  
20:40:34  INFO        Cooling Water 1                 Power_Dis                       245.000005      3696805.08  
20:40:34  INFO        Cooling Water 1                 SULPHURIC ACID                    0.000158            2.38  
20:40:34  INFO        Cooling Water 1                 Water                            11.050000       166733.45  
20:40:34  INFO        Cooling Water 2                 COMPRESSED AIR                    0.118537         1770.53  
20:40:34  INFO        Cooling Water 2                 Power_Dis                       249.999998      3734120.78  
20:40:34  INFO        Cooling Water 2                 SULPHURIC ACID                    0.000200            2.99  
20:40:34  INFO        Cooling Water 2                 Water                            11.500000       171769.56  
20:40:34  INFO        D M Water                       CAUSTIC SODA LYE – GRADE 1        0.000258           35.57  
20:40:34  INFO        D M Water                       CHEM  SODIUM SULPHITE;PN:MIS 1    0.000811          111.80  
20:40:34  INFO        D M Water                       CHEM ALUM.SULFATE, AL2(SO4)3,1    0.000757          104.35  
20:40:34  INFO        D M Water                       COMPRESSED AIR                    0.077000        10614.43  
20:40:34  INFO        D M Water                       HYDRO CHLORIC ACID (30%) -VIRG    0.000258           35.57  
20:40:34  INFO        D M Water                       POLYELECTROLYTE                   0.000766          105.59  
20:40:34  INFO        D M Water                       Power_Dis                         1.210000       166798.15  
20:40:34  INFO        D M Water                       Ret steam condensate              0.203000        27983.49  
20:40:34  INFO        D M Water                       SODIUM CHLORIDE IS 797 GRADE1     0.000010            1.38  
20:40:34  INFO        D M Water                       Water                             1.050000       144742.19  
20:40:34  INFO        HP Steam PRDS                   Boiler Feed Water                 0.076800          359.04  
20:40:34  INFO        HP Steam PRDS                   SHP Steam_Dis                     0.923200         4315.96  
20:40:34  INFO        HP Steam_Dis                    HP Steam PRDS                     1.000000         4675.00  
20:40:34  INFO        HRSG1_SHP STEAM                 Boiler Feed Water                 1.024000        54091.15  
20:40:34  INFO        HRSG1_SHP STEAM                 CHEM TRISODIUM PHOSPHATE          0.000900           47.54  
20:40:34  INFO        HRSG1_SHP STEAM                 COMPRESSED AIR                    9.953262       525765.04  
20:40:34  INFO        HRSG1_SHP STEAM                 FURNACE OIL ( MEDIUM VISCOSITY    0.000098            5.18  
20:40:34  INFO        HRSG1_SHP STEAM                 LP Steam_Dis                     -0.078000        -4120.22  YES
20:40:34  INFO        HRSG1_SHP STEAM                 NATURAL GAS                       2.472238       130591.99  
20:40:34  INFO        HRSG1_SHP STEAM                 Water                             0.002660          140.51  
20:40:34  INFO        HRSG2_SHP STEAM                 Boiler Feed Water                 1.024000        54091.15  
20:40:34  INFO        HRSG2_SHP STEAM                 CHEM TRISODIUM PHOSPHATE          0.000900           47.54  
20:40:34  INFO        HRSG2_SHP STEAM                 COMPRESSED AIR                   10.617329       560843.31  
20:40:34  INFO        HRSG2_SHP STEAM                 FURNACE OIL ( MEDIUM VISCOSITY    0.000098            5.18  
20:40:34  INFO        HRSG2_SHP STEAM                 LP Steam_Dis                     -0.078000        -4120.22  YES
20:40:34  INFO        HRSG2_SHP STEAM                 NATURAL GAS                       2.954424       156062.69  
20:40:34  INFO        HRSG2_SHP STEAM                 Water                             0.002660          140.51  
20:40:34  INFO        LP Steam PRDS                   Boiler Feed Water                 0.250000         4123.75  
20:40:34  INFO        LP Steam PRDS                   MP Steam_Dis                      0.750000        12371.25  
20:40:34  INFO        LP Steam_Dis                    LP Steam PRDS                     0.412900        16497.55  
20:40:34  INFO        LP Steam_Dis                    STG1_LP STEAM                     0.587100        23457.77  
20:40:34  INFO        MP Steam PRDS SHP               Boiler Feed Water                 0.090000         1951.19  
20:40:34  INFO        MP Steam PRDS SHP               SHP Steam_Dis                     0.910000        19728.72  
20:40:34  INFO        MP Steam_Dis                    MP Steam PRDS SHP                 0.819700        21682.15  
20:40:34  INFO        MP Steam_Dis                    STG1_MP STEAM                     0.180300         4769.17  
20:40:34  INFO        Oxygen                          Cooling Water 2                   0.250000         1565.00  
20:40:34  INFO        Oxygen                          Nitrogen Gas                    919.820000      5758073.20  
20:40:34  INFO        Oxygen                          Power_Dis                       925.170000      5791564.20  
20:40:34  INFO        POWERGEN                        COMPRESSED AIR                    0.006205        30007.38  
20:40:34  INFO        POWERGEN                        COMPRESSED AIR                    0.003912            0.00  
20:40:34  INFO        POWERGEN                        COMPRESSED AIR                    0.005283        19652.76  
20:40:34  INFO        POWERGEN                        COMPRESSED AIR                    0.004634        61056.19  
20:40:34  INFO        POWERGEN                        Cooling Water 2                   0.000022          106.39  
20:40:34  INFO        POWERGEN                        Cooling Water 2                   0.000011            0.00  
20:40:34  INFO        POWERGEN                        Cooling Water 2                   0.000018           66.96  
20:40:34  INFO        POWERGEN                        Cooling Water 2                   0.000268         3531.09  
20:40:34  INFO        POWERGEN                        NATURAL GAS                       0.014762        70637.60  
20:40:34  INFO        POWERGEN                        NATURAL GAS                       0.009472            0.00  
20:40:34  INFO        POWERGEN                        NATURAL GAS                       0.014762        57633.61  
20:40:34  INFO        POWERGEN                        No Material                       0.000000            0.00  
20:40:34  INFO        POWERGEN                        No Material                       0.000000            0.00  
20:40:34  INFO        POWERGEN                        No Material                       0.000000            0.00  
20:40:34  INFO        POWERGEN                        Power_Dis                         0.014000        67704.00  
20:40:34  INFO        POWERGEN                        Power_Dis                         0.019931            0.00  
20:40:34  INFO        POWERGEN                        Power_Dis                         0.014000        52080.00  
20:40:34  INFO        POWERGEN                        Power_Dis                         0.002000        26351.40  
20:40:34  INFO        POWERGEN                        Ret steam condensate              0.002326        30646.68  
20:40:34  INFO        POWERGEN                        SHP Steam_Dis                     0.003515        46312.59  
20:40:34  INFO        Power_Dis                       POWERGEN                          0.108045      5000722.37  
20:40:34  INFO        Power_Dis                       POWERGEN                          0.108045      5000722.37  
20:40:34  INFO        Power_Dis                       POWERGEN                          0.219962     10180655.22  
20:40:34  INFO        Power_Dis                       Power from MEL                    0.563947     24552000.00  
20:40:34  INFO        SHP Steam_Dis                   HRSG1_SHP STEAM                   0.500000        52823.39  
20:40:34  INFO        SHP Steam_Dis                   HRSG2_SHP STEAM                   0.500000        52823.39  
20:40:34  INFO        STG1_LP STEAM                   SHP Steam_Dis                     0.480000        11257.98  
20:40:34  INFO        STG1_MP STEAM                   SHP Steam_Dis                     0.690000         3290.39  
20:40:34  INFO      
20:40:34  INFO        Not yet converged: 10 materials
20:40:34  INFO          Boiler Feed Water               change = 14.6311%
20:40:34  INFO          CHEM TRISODIUM PHOSPHATE        change = 15.4911%
20:40:34  INFO          COMPRESSED AIR                  change = 13.9078%
20:40:34  INFO          FURNACE OIL ( MEDIUM VISCOSITY GRADE )  change = 15.4911%
20:40:34  INFO          HRSG1_SHP STEAM                 change = 15.4911%
20:40:34  INFO          HRSG2_SHP STEAM                 change = 15.4911%
20:40:34  INFO          NATURAL GAS                     change = 10.7021%
20:40:34  INFO          Power_Dis                       change = 1.9394%
20:40:34  INFO          SULPHURIC ACID                  change = 4.4866%
20:40:34  INFO          Water                           change = 2.8828%
20:40:34  INFO        ------------------------------------------------------------------------------------------
20:40:34  INFO        [DISPATCH] Total demand: 44275.53 MWh, Import: 24552.00 MWh, Net for GT/STG: 19723.53 MWh
20:40:34  WARNING     [DISPATCH] No aux power norm for 'NMD-Power Plant-1'; using 0.0
20:40:34  WARNING     [DISPATCH] No aux power norm for 'NMD-Power Plant-2'; using 0.0
20:40:34  WARNING     [DISPATCH] No aux power norm for 'NMD-STG Power Plant'; using 0.0
20:40:34  INFO        ==============================================================================
20:40:34  INFO        POWER DISPATCH  (July 2025)
20:40:34  INFO        ==============================================================================
20:40:34  INFO        Demand:  Process = 44275.53 MWh  |  Fixed = 0.00 MWh  |  Total = 44275.53 MWh
20:40:34  INFO      
20:40:34  INFO        Asset                      Priority    Min MW    Max MW     Hours   Dispatched MW  Dispatched MWh    Load %  Free Steam MT  Aux Power MWh
20:40:34  INFO        -------------------------  --------  --------  --------  --------  --------------  --------------  --------  ------------  ------------
20:40:34  INFO        NMD-Power Plant-1                 1      5.00     21.90    744.00            5.00         3720.00     22.8%       7328.40          0.00
20:40:34  INFO        NMD-Power Plant-2                 1      6.50     14.00    744.00            6.50         4836.00     46.4%       9526.92          0.00
20:40:34  INFO        NMD-STG Power Plant               2      6.00     24.90    644.00           20.46        13175.70     82.2%          0.00          0.00
20:40:34  INFO        TOTAL                                                                                    21731.70                16855.32          0.00
20:40:34  INFO        DEFICIT: 22543.83 MWh under-generation
20:40:34  INFO        ==============================================================================
20:40:34  INFO        [STG EXTRACTION] STG Load: 20.46 MW, LP Extraction: 19320.00 MT, MP Extraction: 8372.00 MT
20:40:34  INFO        ==============================================================================
20:40:34  INFO        STEAM DISPATCH  (July 2025)
20:40:34  INFO        ==============================================================================
20:40:34  INFO        Grade      Process/Fixed MT  Letdown MT  Byproduct MT     Net Demand MT
20:40:34  INFO        ---------  ----------------  ----------  ------------  ----------------
20:40:34  INFO        SHP               105735.64    97615.15          0.00         105735.64
20:40:34  INFO        HP                  4675.00    76717.61          0.00         102290.15
20:40:34  INFO        MP                 26464.93        0.00          0.00          94810.54
20:40:34  INFO        LP                 39955.60        0.00          0.00          20635.60
20:40:34  INFO      
20:40:34  INFO        Total Free Steam available: 16855.32 MT
20:40:34  INFO      
20:40:34  INFO        FINAL SUPPLEMENTARY FIRING DISPATCH
20:40:34  INFO        Asset                      Priority     Min TPH     Max TPH     Hours  Dispatched TPH   Dispatched MT    Load %
20:40:34  INFO        -------------------------  --------  ----------  ----------  --------  --------------  --------------  --------
20:40:34  INFO        HRSG-1                            1       50.15      126.15    744.00           61.21        45539.42     52.2%
20:40:34  INFO        HRSG-2                            1       47.20      123.19    744.00           58.25        43340.90     52.2%
20:40:34  INFO        HRSG-3                          999       60.00      136.00      0.00            0.00            0.00      0.0%
20:40:34  INFO        TOTAL SUPPLEMENTARY                                                                          88880.32          
20:40:34  INFO        TOTAL STEAM GENERATED                                                                       105735.64          
20:40:34  INFO        SURPLUS: 0.00 MT
20:40:34  INFO        ==============================================================================
20:40:34  INFO        [REVERSE NG HRSG] Found HRSG: HRSG-1, supp_steam=45539.42 MT, free_steam=7328.40 MT, total_steam=52867.82 MT
20:40:34  INFO        [REVERSE NG HRSG] HRSG1_SHP STEAM: total_steam=52867.82 MT, norm=2.472238, consumed=130701.83 MMBTU (REVERSE, BPC method)
20:40:34  INFO        [REVERSE NG] Found GT asset: NMD-Power Plant-2, plant: NMD - Power Plant 2, heat_rate: 5182.18, free_steam: 1.97
20:40:34  INFO        [REVERSE NG] NMD - Power Plant 2: gen_qty=4836000 KWH, heat_rate=5182.18, free_steam=1.9700, consumed=70637.60 MMBTU (REVERSE)
20:40:34  INFO        [REVERSE NG] Found GT asset: NMD-Power Plant-1, plant: NMD - Power Plant 1, heat_rate: 5405.67, free_steam: 1.97
20:40:34  INFO        [REVERSE NG] NMD - Power Plant 1: gen_qty=3720000 KWH, heat_rate=5405.67, free_steam=1.9700, consumed=57633.61 MMBTU (REVERSE)
20:40:34  INFO        [REVERSE NG HRSG] Found HRSG: HRSG-2, supp_steam=43340.90 MT, free_steam=9526.92 MT, total_steam=52867.82 MT
20:40:34  INFO        [REVERSE NG HRSG] HRSG2_SHP STEAM: total_steam=52867.82 MT, norm=2.954424, consumed=156193.96 MMBTU (REVERSE, BPC method)
20:40:34  INFO        [U4U LOOP] Excess steam (0.00 MT) is small, holding STG override at 13175.70 MWh
20:40:34  INFO      
20:40:34  INFO        ------------------------------------------------------------------------------------------
20:40:34  INFO        ITERATION 10
20:40:34  INFO        ------------------------------------------------------------------------------------------
20:40:34  INFO        Power:  Demand =    44275529.87 KWH  |  Gen =       21731.70 MWh  |  Surplus =  2008.17  |  Deficit =     0.00
20:40:34  INFO        Steam:  Gen =      105735.64 MT  |  Surplus =     0.00  |  Deficit =     0.00
20:40:34  INFO        Power delta: 302872.3942 MWh  |  Converged: NO
20:40:34  INFO      
20:40:34  INFO        Utility                                Total Demand      U4U Demand         Initial    Change %
20:40:34  INFO        -----------------------------------  --------------  --------------  --------------  ----------
20:40:34  INFO        Boiler Feed Water                         114616.28       114708.12            0.00    14.6311%
20:40:34  INFO        COMPRESSED AIR                           7150925.83      1212273.70      5939566.24    85.4161%
20:40:34  INFO        Cooling Water 1                            15089.00            0.00        15089.00   100.0000%
20:40:34  INFO        Cooling Water 2                            14936.72         5579.56         9380.59    62.8038%
20:40:34  INFO        D M Water                                 137851.33        98570.00        53703.20    38.9585%
20:40:34  INFO        HP Steam PRDS                               4675.00         4675.00            0.00     0.0000%
20:40:34  INFO        HP Steam_Dis                                4675.00            0.00         4675.00   100.0000%
20:40:34  INFO        HRSG1_SHP STEAM                            52823.39        52867.82            0.00    15.4911%
20:40:34  INFO        HRSG2_SHP STEAM                            52823.39        52867.82            0.00    15.4911%
20:40:34  INFO        LP Steam PRDS                              16497.55        16497.67            0.00     0.0155%
20:40:34  INFO        LP Steam_Dis                               39955.60        16619.36        25767.83    64.4919%
20:40:34  INFO        MP Steam PRDS SHP                          21682.15        21693.30            0.00     0.0103%
20:40:34  INFO        MP Steam_Dis                               26464.93        12373.16        14093.68    53.3056%
20:40:34  INFO        Nitrogen Gas                            10905918.20      5758073.20      5147845.00    47.2023% (PT)
20:40:34  INFO        Oxygen                                      6260.00            0.00         6260.00   100.0000%
20:40:34  INFO        POWERGEN                                20182099.95     20182099.95            0.00     0.0000%
20:40:34  INFO        Power_Dis                               44275529.87     15804243.02     28658458.20    65.4116% (PT)
20:40:34  INFO        SHP Steam_Dis                             105735.64        84909.76        20830.00    19.7841%
20:40:34  INFO        STG1_LP STEAM                              23457.77        23457.93            0.00     0.0155%
20:40:34  INFO        STG1_MP STEAM                               4769.17         4771.63            0.00     0.0103%
20:40:34  INFO        Water                                     771556.38       483530.92       288030.16    39.1377% (PT)
20:40:34  INFO      
20:40:34  INFO        U4U CONSUMPTION BREAKDOWN (per producer per material):
20:40:34  INFO        Producer                        Material Consumed                     Norm        Quantity  Credit
20:40:34  INFO        ------------------------------  ------------------------------  ----------  --------------  ------
20:40:34  INFO        Boiler Feed Water               CHEM CYCLO HEXY                   0.000100           11.46  
20:40:34  INFO        Boiler Feed Water               CHEM MORPHOLENE                   0.000002            0.23  
20:40:34  INFO        Boiler Feed Water               Cooling Water 2                   0.001146          131.35  
20:40:34  INFO        Boiler Feed Water               D M Water                         0.860000        98570.00  
20:40:34  INFO        Boiler Feed Water               KEM WATREAT B 70M                 0.000570           65.33  
20:40:34  INFO        Boiler Feed Water               LP Steam_Dis                      0.145000        16619.36  
20:40:34  INFO        Boiler Feed Water               Power_Dis                         9.500000      1088854.70  
20:40:34  INFO        COMPRESSED AIR                  Cooling Water 2                   0.000025          178.77  
20:40:34  INFO        COMPRESSED AIR                  Power_Dis                         0.165000      1179902.76  
20:40:34  INFO        Cooling Water 1                 COMPRESSED AIR                    0.109348         1649.95  
20:40:34  INFO        Cooling Water 1                 Power_Dis                       245.000005      3696805.08  
20:40:34  INFO        Cooling Water 1                 SULPHURIC ACID                    0.000158            2.38  
20:40:34  INFO        Cooling Water 1                 Water                            11.050000       166733.45  
20:40:34  INFO        Cooling Water 2                 COMPRESSED AIR                    0.118537         1770.55  
20:40:34  INFO        Cooling Water 2                 Power_Dis                       249.999998      3734180.77  
20:40:34  INFO        Cooling Water 2                 SULPHURIC ACID                    0.000200            2.99  
20:40:34  INFO        Cooling Water 2                 Water                            11.500000       171772.32  
20:40:34  INFO        D M Water                       CAUSTIC SODA LYE – GRADE 1        0.000258           35.57  
20:40:34  INFO        D M Water                       CHEM  SODIUM SULPHITE;PN:MIS 1    0.000811          111.80  
20:40:34  INFO        D M Water                       CHEM ALUM.SULFATE, AL2(SO4)3,1    0.000757          104.35  
20:40:34  INFO        D M Water                       COMPRESSED AIR                    0.077000        10614.55  
20:40:34  INFO        D M Water                       HYDRO CHLORIC ACID (30%) -VIRG    0.000258           35.57  
20:40:34  INFO        D M Water                       POLYELECTROLYTE                   0.000766          105.59  
20:40:34  INFO        D M Water                       Power_Dis                         1.210000       166800.11  
20:40:34  INFO        D M Water                       Ret steam condensate              0.203000        27983.82  
20:40:34  INFO        D M Water                       SODIUM CHLORIDE IS 797 GRADE1     0.000010            1.38  
20:40:34  INFO        D M Water                       Water                             1.050000       144743.90  
20:40:34  INFO        HP Steam PRDS                   Boiler Feed Water                 0.076800          359.04  
20:40:34  INFO        HP Steam PRDS                   SHP Steam_Dis                     0.923200         4315.96  
20:40:34  INFO        HP Steam_Dis                    HP Steam PRDS                     1.000000         4675.00  
20:40:34  INFO        HRSG1_SHP STEAM                 Boiler Feed Water                 1.024000        54136.65  
20:40:34  INFO        HRSG1_SHP STEAM                 CHEM TRISODIUM PHOSPHATE          0.000900           47.58  
20:40:34  INFO        HRSG1_SHP STEAM                 COMPRESSED AIR                    9.953262       526207.26  
20:40:34  INFO        HRSG1_SHP STEAM                 FURNACE OIL ( MEDIUM VISCOSITY    0.000098            5.18  
20:40:34  INFO        HRSG1_SHP STEAM                 LP Steam_Dis                     -0.078000        -4123.69  YES
20:40:34  INFO        HRSG1_SHP STEAM                 NATURAL GAS                       2.472238       130701.83  
20:40:34  INFO        HRSG1_SHP STEAM                 Water                             0.002660          140.63  
20:40:34  INFO        HRSG2_SHP STEAM                 Boiler Feed Water                 1.024000        54136.65  
20:40:34  INFO        HRSG2_SHP STEAM                 CHEM TRISODIUM PHOSPHATE          0.000900           47.58  
20:40:34  INFO        HRSG2_SHP STEAM                 COMPRESSED AIR                   10.617329       561315.04  
20:40:34  INFO        HRSG2_SHP STEAM                 FURNACE OIL ( MEDIUM VISCOSITY    0.000098            5.18  
20:40:34  INFO        HRSG2_SHP STEAM                 LP Steam_Dis                     -0.078000        -4123.69  YES
20:40:34  INFO        HRSG2_SHP STEAM                 NATURAL GAS                       2.954424       156193.96  
20:40:34  INFO        HRSG2_SHP STEAM                 Water                             0.002660          140.63  
20:40:34  INFO        LP Steam PRDS                   Boiler Feed Water                 0.250000         4124.39  
20:40:34  INFO        LP Steam PRDS                   MP Steam_Dis                      0.750000        12373.16  
20:40:34  INFO        LP Steam_Dis                    LP Steam PRDS                     0.412900        16497.67  
20:40:34  INFO        LP Steam_Dis                    STG1_LP STEAM                     0.587100        23457.93  
20:40:34  INFO        MP Steam PRDS SHP               Boiler Feed Water                 0.090000         1951.39  
20:40:34  INFO        MP Steam PRDS SHP               SHP Steam_Dis                     0.910000        19730.76  
20:40:34  INFO        MP Steam_Dis                    MP Steam PRDS SHP                 0.819700        21693.30  
20:40:34  INFO        MP Steam_Dis                    STG1_MP STEAM                     0.180300         4771.63  
20:40:34  INFO        Oxygen                          Cooling Water 2                   0.250000         1565.00  
20:40:34  INFO        Oxygen                          Nitrogen Gas                    919.820000      5758073.20  
20:40:34  INFO        Oxygen                          Power_Dis                       925.170000      5791564.20  
20:40:34  INFO        POWERGEN                        COMPRESSED AIR                    0.006205        30007.38  
20:40:34  INFO        POWERGEN                        COMPRESSED AIR                    0.003912            0.00  
20:40:34  INFO        POWERGEN                        COMPRESSED AIR                    0.005283        19652.76  
20:40:34  INFO        POWERGEN                        COMPRESSED AIR                    0.004634        61056.19  
20:40:34  INFO        POWERGEN                        Cooling Water 2                   0.000022          106.39  
20:40:34  INFO        POWERGEN                        Cooling Water 2                   0.000011            0.00  
20:40:34  INFO        POWERGEN                        Cooling Water 2                   0.000018           66.96  
20:40:34  INFO        POWERGEN                        Cooling Water 2                   0.000268         3531.09  
20:40:34  INFO        POWERGEN                        NATURAL GAS                       0.014762        70637.60  
20:40:34  INFO        POWERGEN                        NATURAL GAS                       0.009472            0.00  
20:40:34  INFO        POWERGEN                        NATURAL GAS                       0.014762        57633.61  
20:40:34  INFO        POWERGEN                        No Material                       0.000000            0.00  
20:40:34  INFO        POWERGEN                        No Material                       0.000000            0.00  
20:40:34  INFO        POWERGEN                        No Material                       0.000000            0.00  
20:40:34  INFO        POWERGEN                        Power_Dis                         0.014000        67704.00  
20:40:34  INFO        POWERGEN                        Power_Dis                         0.019931            0.00  
20:40:34  INFO        POWERGEN                        Power_Dis                         0.014000        52080.00  
20:40:34  INFO        POWERGEN                        Power_Dis                         0.002000        26351.40  
20:40:34  INFO        POWERGEN                        Ret steam condensate              0.002326        30646.68  
20:40:34  INFO        POWERGEN                        SHP Steam_Dis                     0.003515        46312.59  
20:40:34  INFO        Power_Dis                       POWERGEN                          0.108045      5000722.37  
20:40:34  INFO        Power_Dis                       POWERGEN                          0.108045      5000722.37  
20:40:34  INFO        Power_Dis                       POWERGEN                          0.219962     10180655.22  
20:40:34  INFO        Power_Dis                       Power from MEL                    0.563947     24552000.00  
20:40:34  INFO        SHP Steam_Dis                   HRSG1_SHP STEAM                   0.500000        52867.82  
20:40:34  INFO        SHP Steam_Dis                   HRSG2_SHP STEAM                   0.500000        52867.82  
20:40:34  INFO        STG1_LP STEAM                   SHP Steam_Dis                     0.480000        11259.73  
20:40:34  INFO        STG1_MP STEAM                   SHP Steam_Dis                     0.690000         3290.73  
20:40:34  INFO      
20:40:34  INFO        Not yet converged: 6 materials
20:40:34  INFO          CHEM CYCLO HEXY                 change = 14.6311%
20:40:34  INFO          CHEM MORPHOLENE                 change = 14.6311%
20:40:34  INFO          D M Water                       change = 14.6311%
20:40:34  INFO          KEM WATREAT B 70M               change = 14.6311%
20:40:34  INFO          LP Steam_Dis                    change = 14.6311%
20:40:34  INFO          Power_Dis                       change = 1.1843%
20:40:34  INFO        ------------------------------------------------------------------------------------------
20:40:34  INFO        [DISPATCH] Total demand: 44462.70 MWh, Import: 24552.00 MWh, Net for GT/STG: 19910.70 MWh
20:40:34  WARNING     [DISPATCH] No aux power norm for 'NMD-Power Plant-1'; using 0.0
20:40:34  WARNING     [DISPATCH] No aux power norm for 'NMD-Power Plant-2'; using 0.0
20:40:34  WARNING     [DISPATCH] No aux power norm for 'NMD-STG Power Plant'; using 0.0
20:40:34  INFO        ==============================================================================
20:40:34  INFO        POWER DISPATCH  (July 2025)
20:40:34  INFO        ==============================================================================
20:40:34  INFO        Demand:  Process = 44462.70 MWh  |  Fixed = 0.00 MWh  |  Total = 44462.70 MWh
20:40:34  INFO      
20:40:34  INFO        Asset                      Priority    Min MW    Max MW     Hours   Dispatched MW  Dispatched MWh    Load %  Free Steam MT  Aux Power MWh
20:40:34  INFO        -------------------------  --------  --------  --------  --------  --------------  --------------  --------  ------------  ------------
20:40:34  INFO        NMD-Power Plant-1                 1      5.00     21.90    744.00            5.00         3720.00     22.8%       7328.40          0.00
20:40:34  INFO        NMD-Power Plant-2                 1      6.50     14.00    744.00            6.50         4836.00     46.4%       9526.92          0.00
20:40:34  INFO        NMD-STG Power Plant               2      6.00     24.90    644.00           20.46        13175.70     82.2%          0.00          0.00
20:40:34  INFO        TOTAL                                                                                    21731.70                16855.32          0.00
20:40:34  INFO        DEFICIT: 22731.00 MWh under-generation
20:40:34  INFO        ==============================================================================
20:40:35  INFO        [STG EXTRACTION] STG Load: 20.46 MW, LP Extraction: 19320.00 MT, MP Extraction: 8372.00 MT
20:40:35  INFO        ==============================================================================
20:40:35  INFO        STEAM DISPATCH  (July 2025)
20:40:35  INFO        ==============================================================================
20:40:35  INFO        Grade      Process/Fixed MT  Letdown MT  Byproduct MT     Net Demand MT
20:40:35  INFO        ---------  ----------------  ----------  ------------  ----------------
20:40:35  INFO        SHP               105739.76    97618.95          0.00         105739.76
20:40:35  INFO        HP                  4675.00    76720.46          0.00         102293.95
20:40:35  INFO        MP                 26466.84        0.00          0.00          94815.31
20:40:35  INFO        LP                 42387.19        0.00          0.00          23067.19
20:40:35  INFO      
20:40:35  INFO        Total Free Steam available: 16855.32 MT
20:40:35  INFO      
20:40:35  INFO        FINAL SUPPLEMENTARY FIRING DISPATCH
20:40:35  INFO        Asset                      Priority     Min TPH     Max TPH     Hours  Dispatched TPH   Dispatched MT    Load %
20:40:35  INFO        -------------------------  --------  ----------  ----------  --------  --------------  --------------  --------
20:40:35  INFO        HRSG-1                            1       50.15      126.15    744.00           61.21        45541.48     52.3%
20:40:35  INFO        HRSG-2                            1       47.20      123.19    744.00           58.26        43342.96     52.3%
20:40:35  INFO        HRSG-3                          999       60.00      136.00      0.00            0.00            0.00      0.0%
20:40:35  INFO        TOTAL SUPPLEMENTARY                                                                          88884.44          
20:40:35  INFO        TOTAL STEAM GENERATED                                                                       105739.76          
20:40:35  INFO        SURPLUS: 0.00 MT
20:40:35  INFO        ==============================================================================
20:40:35  INFO        [REVERSE NG HRSG] Found HRSG: HRSG-1, supp_steam=45541.48 MT, free_steam=7328.40 MT, total_steam=52869.88 MT
20:40:35  INFO        [REVERSE NG HRSG] HRSG1_SHP STEAM: total_steam=52869.88 MT, norm=2.472238, consumed=130706.93 MMBTU (REVERSE, BPC method)
20:40:35  INFO        [REVERSE NG] Found GT asset: NMD-Power Plant-2, plant: NMD - Power Plant 2, heat_rate: 5182.18, free_steam: 1.97
20:40:35  INFO        [REVERSE NG] NMD - Power Plant 2: gen_qty=4836000 KWH, heat_rate=5182.18, free_steam=1.9700, consumed=70637.60 MMBTU (REVERSE)
20:40:35  INFO        [REVERSE NG] Found GT asset: NMD-Power Plant-1, plant: NMD - Power Plant 1, heat_rate: 5405.67, free_steam: 1.97
20:40:35  INFO        [REVERSE NG] NMD - Power Plant 1: gen_qty=3720000 KWH, heat_rate=5405.67, free_steam=1.9700, consumed=57633.61 MMBTU (REVERSE)
20:40:35  INFO        [REVERSE NG HRSG] Found HRSG: HRSG-2, supp_steam=43342.96 MT, free_steam=9526.92 MT, total_steam=52869.88 MT
20:40:35  INFO        [REVERSE NG HRSG] HRSG2_SHP STEAM: total_steam=52869.88 MT, norm=2.954424, consumed=156200.04 MMBTU (REVERSE, BPC method)
20:40:35  INFO        [U4U LOOP] Excess steam (0.00 MT) is small, holding STG override at 13175.70 MWh
20:40:35  INFO      
20:40:35  INFO        ------------------------------------------------------------------------------------------
20:40:35  INFO        ITERATION 11
20:40:35  INFO        ------------------------------------------------------------------------------------------
20:40:35  INFO        Power:  Demand =    44462701.22 KWH  |  Gen =       21731.70 MWh  |  Surplus =  1821.00  |  Deficit =     0.00
20:40:35  INFO        Steam:  Gen =      105739.76 MT  |  Surplus =     0.00  |  Deficit =     0.00
20:40:35  INFO        Power delta: 187171.3454 MWh  |  Converged: NO
20:40:35  INFO      
20:40:35  INFO        Utility                                Total Demand      U4U Demand         Initial    Change %
20:40:35  INFO        -----------------------------------  --------------  --------------  --------------  ----------
20:40:35  INFO        Boiler Feed Water                         114708.12       114713.37            0.00     0.0801%
20:40:35  INFO        COMPRESSED AIR                           7151839.94      1213429.33      5939566.24    83.0623%
20:40:35  INFO        Cooling Water 1                            15089.00            0.00        15089.00   100.0000%
20:40:35  INFO        Cooling Water 2                            14960.15         5579.69         9380.59    62.8605%
20:40:35  INFO        D M Water                                 152273.20        98648.98        53703.20    44.7387%
20:40:35  INFO        HP Steam PRDS                               4675.00         4675.00            0.00     0.0000%
20:40:35  INFO        HP Steam_Dis                                4675.00            0.00         4675.00   100.0000%
20:40:35  INFO        HRSG1_SHP STEAM                            52867.82        52869.88            0.00     0.0840%
20:40:35  INFO        HRSG2_SHP STEAM                            52867.82        52869.88            0.00     0.0840%
20:40:35  INFO        LP Steam PRDS                              16497.67        17501.67            0.00     0.0007%
20:40:35  INFO        LP Steam_Dis                               42387.19        16632.68        25767.83    66.5282%
20:40:35  INFO        MP Steam PRDS SHP                          21693.30        21694.87            0.00     0.0514%
20:40:35  INFO        MP Steam_Dis                               26466.84        12373.25        14093.68    53.2576%
20:40:35  INFO        Nitrogen Gas                            10905918.20      5758073.20      5147845.00    47.2023% (PT)
20:40:35  INFO        Oxygen                                      6260.00            0.00         6260.00   100.0000%
20:40:35  INFO        POWERGEN                                20182099.95     20182099.95            0.00     0.0000%
20:40:35  INFO        Power_Dis                               44462701.22     15828574.18     28658458.20    64.8760% (PT)
20:40:35  INFO        SHP Steam_Dis                             105739.76        84921.68        20830.00    19.7032%
20:40:35  INFO        STG1_LP STEAM                              23457.93        24885.52            0.00     0.0007%
20:40:35  INFO        STG1_MP STEAM                               4771.63         4771.97            0.00     0.0514%
20:40:35  INFO        Water                                     771561.08       498943.34       288030.16    37.3314% (PT)
20:40:35  INFO      
20:40:35  INFO        U4U CONSUMPTION BREAKDOWN (per producer per material):
20:40:35  INFO        Producer                        Material Consumed                     Norm        Quantity  Credit
20:40:35  INFO        ------------------------------  ------------------------------  ----------  --------------  ------
20:40:35  INFO        Boiler Feed Water               CHEM CYCLO HEXY                   0.000100           11.47  
20:40:35  INFO        Boiler Feed Water               CHEM MORPHOLENE                   0.000002            0.23  
20:40:35  INFO        Boiler Feed Water               Cooling Water 2                   0.001146          131.46  
20:40:35  INFO        Boiler Feed Water               D M Water                         0.860000        98648.98  
20:40:35  INFO        Boiler Feed Water               KEM WATREAT B 70M                 0.000570           65.38  
20:40:35  INFO        Boiler Feed Water               LP Steam_Dis                      0.145000        16632.68  
20:40:35  INFO        Boiler Feed Water               Power_Dis                         9.500000      1089727.11  
20:40:35  INFO        COMPRESSED AIR                  Cooling Water 2                   0.000025          178.80  
20:40:35  INFO        COMPRESSED AIR                  Power_Dis                         0.165000      1180053.59  
20:40:35  INFO        Cooling Water 1                 COMPRESSED AIR                    0.109348         1649.95  
20:40:35  INFO        Cooling Water 1                 Power_Dis                       245.000005      3696805.08  
20:40:35  INFO        Cooling Water 1                 SULPHURIC ACID                    0.000158            2.38  
20:40:35  INFO        Cooling Water 1                 Water                            11.050000       166733.45  
20:40:35  INFO        Cooling Water 2                 COMPRESSED AIR                    0.118537         1773.33  
20:40:35  INFO        Cooling Water 2                 Power_Dis                       249.999998      3740038.22  
20:40:35  INFO        Cooling Water 2                 SULPHURIC ACID                    0.000200            2.99  
20:40:35  INFO        Cooling Water 2                 Water                            11.500000       172041.76  
20:40:35  INFO        D M Water                       CAUSTIC SODA LYE – GRADE 1        0.000258           39.29  
20:40:35  INFO        D M Water                       CHEM  SODIUM SULPHITE;PN:MIS 1    0.000811          123.49  
20:40:35  INFO        D M Water                       CHEM ALUM.SULFATE, AL2(SO4)3,1    0.000757          115.27  
20:40:35  INFO        D M Water                       COMPRESSED AIR                    0.077000        11725.04  
20:40:35  INFO        D M Water                       HYDRO CHLORIC ACID (30%) -VIRG    0.000258           39.29  
20:40:35  INFO        D M Water                       POLYELECTROLYTE                   0.000766          116.64  
20:40:35  INFO        D M Water                       Power_Dis                         1.210000       184250.58  
20:40:35  INFO        D M Water                       Ret steam condensate              0.203000        30911.46  
20:40:35  INFO        D M Water                       SODIUM CHLORIDE IS 797 GRADE1     0.000010            1.52  
20:40:35  INFO        D M Water                       Water                             1.050000       159886.86  
20:40:35  INFO        HP Steam PRDS                   Boiler Feed Water                 0.076800          359.04  
20:40:35  INFO        HP Steam PRDS                   SHP Steam_Dis                     0.923200         4315.96  
20:40:35  INFO        HP Steam_Dis                    HP Steam PRDS                     1.000000         4675.00  
20:40:35  INFO        HRSG1_SHP STEAM                 Boiler Feed Water                 1.024000        54138.76  
20:40:35  INFO        HRSG1_SHP STEAM                 CHEM TRISODIUM PHOSPHATE          0.000900           47.58  
20:40:35  INFO        HRSG1_SHP STEAM                 COMPRESSED AIR                    9.953262       526227.77  
20:40:35  INFO        HRSG1_SHP STEAM                 FURNACE OIL ( MEDIUM VISCOSITY    0.000098            5.18  
20:40:35  INFO        HRSG1_SHP STEAM                 LP Steam_Dis                     -0.078000        -4123.85  YES
20:40:35  INFO        HRSG1_SHP STEAM                 NATURAL GAS                       2.472238       130706.93  
20:40:35  INFO        HRSG1_SHP STEAM                 Water                             0.002660          140.63  
20:40:35  INFO        HRSG2_SHP STEAM                 Boiler Feed Water                 1.024000        54138.76  
20:40:35  INFO        HRSG2_SHP STEAM                 CHEM TRISODIUM PHOSPHATE          0.000900           47.58  
20:40:35  INFO        HRSG2_SHP STEAM                 COMPRESSED AIR                   10.617329       561336.91  
20:40:35  INFO        HRSG2_SHP STEAM                 FURNACE OIL ( MEDIUM VISCOSITY    0.000098            5.18  
20:40:35  INFO        HRSG2_SHP STEAM                 LP Steam_Dis                     -0.078000        -4123.85  YES
20:40:35  INFO        HRSG2_SHP STEAM                 NATURAL GAS                       2.954424       156200.04  
20:40:35  INFO        HRSG2_SHP STEAM                 Water                             0.002660          140.63  
20:40:35  INFO        LP Steam PRDS                   Boiler Feed Water                 0.250000         4124.42  
20:40:35  INFO        LP Steam PRDS                   MP Steam_Dis                      0.750000        12373.25  
20:40:35  INFO        LP Steam_Dis                    LP Steam PRDS                     0.412900        17501.67  
20:40:35  INFO        LP Steam_Dis                    STG1_LP STEAM                     0.587100        24885.52  
20:40:35  INFO        MP Steam PRDS SHP               Boiler Feed Water                 0.090000         1952.40  
20:40:35  INFO        MP Steam PRDS SHP               SHP Steam_Dis                     0.910000        19740.90  
20:40:35  INFO        MP Steam_Dis                    MP Steam PRDS SHP                 0.819700        21694.87  
20:40:35  INFO        MP Steam_Dis                    STG1_MP STEAM                     0.180300         4771.97  
20:40:35  INFO        Oxygen                          Cooling Water 2                   0.250000         1565.00  
20:40:35  INFO        Oxygen                          Nitrogen Gas                    919.820000      5758073.20  
20:40:35  INFO        Oxygen                          Power_Dis                       925.170000      5791564.20  
20:40:35  INFO        POWERGEN                        COMPRESSED AIR                    0.006205        30007.38  
20:40:35  INFO        POWERGEN                        COMPRESSED AIR                    0.003912            0.00  
20:40:35  INFO        POWERGEN                        COMPRESSED AIR                    0.005283        19652.76  
20:40:35  INFO        POWERGEN                        COMPRESSED AIR                    0.004634        61056.19  
20:40:35  INFO        POWERGEN                        Cooling Water 2                   0.000022          106.39  
20:40:35  INFO        POWERGEN                        Cooling Water 2                   0.000011            0.00  
20:40:35  INFO        POWERGEN                        Cooling Water 2                   0.000018           66.96  
20:40:35  INFO        POWERGEN                        Cooling Water 2                   0.000268         3531.09  
20:40:35  INFO        POWERGEN                        NATURAL GAS                       0.014762        70637.60  
20:40:35  INFO        POWERGEN                        NATURAL GAS                       0.009472            0.00  
20:40:35  INFO        POWERGEN                        NATURAL GAS                       0.014762        57633.61  
20:40:35  INFO        POWERGEN                        No Material                       0.000000            0.00  
20:40:35  INFO        POWERGEN                        No Material                       0.000000            0.00  
20:40:35  INFO        POWERGEN                        No Material                       0.000000            0.00  
20:40:35  INFO        POWERGEN                        Power_Dis                         0.014000        67704.00  
20:40:35  INFO        POWERGEN                        Power_Dis                         0.019931            0.00  
20:40:35  INFO        POWERGEN                        Power_Dis                         0.014000        52080.00  
20:40:35  INFO        POWERGEN                        Power_Dis                         0.002000        26351.40  
20:40:35  INFO        POWERGEN                        Ret steam condensate              0.002326        30646.68  
20:40:35  INFO        POWERGEN                        SHP Steam_Dis                     0.003515        46312.59  
20:40:35  INFO        Power_Dis                       POWERGEN                          0.108045      5000722.37  
20:40:35  INFO        Power_Dis                       POWERGEN                          0.108045      5000722.37  
20:40:35  INFO        Power_Dis                       POWERGEN                          0.219962     10180655.22  
20:40:35  INFO        Power_Dis                       Power from MEL                    0.563947     24552000.00  
20:40:35  INFO        SHP Steam_Dis                   HRSG1_SHP STEAM                   0.500000        52869.88  
20:40:35  INFO        SHP Steam_Dis                   HRSG2_SHP STEAM                   0.500000        52869.88  
20:40:35  INFO        STG1_LP STEAM                   SHP Steam_Dis                     0.480000        11259.81  
20:40:35  INFO        STG1_MP STEAM                   SHP Steam_Dis                     0.690000         3292.42  
20:40:35  INFO      
20:40:35  INFO        Not yet converged: 10 materials
20:40:35  INFO          CAUSTIC SODA LYE – GRADE 1      change = 9.4710%
20:40:35  INFO          CHEM  SODIUM SULPHITE;PN:MIS 19OX  change = 9.4710%
20:40:35  INFO          CHEM ALUM.SULFATE, AL2(SO4)3,18H2O  change = 9.4710%
20:40:35  INFO          HYDRO CHLORIC ACID (30%) -VIRGIN  change = 9.4710%
20:40:35  INFO          LP Steam PRDS                   change = 5.7366%
20:40:35  INFO          POLYELECTROLYTE                 change = 9.4710%
20:40:35  INFO          Ret steam condensate            change = 4.7559%
20:40:35  INFO          SODIUM CHLORIDE IS 797 GRADE1   change = 9.4710%
20:40:35  INFO          STG1_LP STEAM                   change = 5.7366%
20:40:35  INFO          Water                           change = 3.0890%
20:40:35  INFO        ------------------------------------------------------------------------------------------
20:40:35  INFO        [DISPATCH] Total demand: 44487.03 MWh, Import: 24552.00 MWh, Net for GT/STG: 19935.03 MWh
20:40:35  WARNING     [DISPATCH] No aux power norm for 'NMD-Power Plant-1'; using 0.0
20:40:35  WARNING     [DISPATCH] No aux power norm for 'NMD-Power Plant-2'; using 0.0
20:40:35  WARNING     [DISPATCH] No aux power norm for 'NMD-STG Power Plant'; using 0.0
20:40:35  INFO        ==============================================================================
20:40:35  INFO        POWER DISPATCH  (July 2025)
20:40:35  INFO        ==============================================================================
20:40:35  INFO        Demand:  Process = 44487.03 MWh  |  Fixed = 0.00 MWh  |  Total = 44487.03 MWh
20:40:35  INFO      
20:40:35  INFO        Asset                      Priority    Min MW    Max MW     Hours   Dispatched MW  Dispatched MWh    Load %  Free Steam MT  Aux Power MWh
20:40:35  INFO        -------------------------  --------  --------  --------  --------  --------------  --------------  --------  ------------  ------------
20:40:35  INFO        NMD-Power Plant-1                 1      5.00     21.90    744.00            5.00         3720.00     22.8%       7328.40          0.00
20:40:35  INFO        NMD-Power Plant-2                 1      6.50     14.00    744.00            6.50         4836.00     46.4%       9526.92          0.00
20:40:35  INFO        NMD-STG Power Plant               2      6.00     24.90    644.00           20.46        13175.70     82.2%          0.00          0.00
20:40:35  INFO        TOTAL                                                                                    21731.70                16855.32          0.00
20:40:35  INFO        DEFICIT: 22755.33 MWh under-generation
20:40:35  INFO        ==============================================================================
20:40:35  INFO        [STG EXTRACTION] STG Load: 20.46 MW, LP Extraction: 19320.00 MT, MP Extraction: 8372.00 MT
20:40:35  INFO        ==============================================================================
20:40:35  INFO        STEAM DISPATCH  (July 2025)
20:40:35  INFO        ==============================================================================
20:40:35  INFO        Grade      Process/Fixed MT  Letdown MT  Byproduct MT     Net Demand MT
20:40:35  INFO        ---------  ----------------  ----------  ------------  ----------------
20:40:35  INFO        SHP               105751.68    97629.95          0.00         105751.68
20:40:35  INFO        HP                  4675.00    76728.71          0.00         102304.95
20:40:35  INFO        MP                 26466.93        0.00          0.00          94823.64
20:40:35  INFO        LP                 42400.51        0.00          0.00          23080.51
20:40:35  INFO      
20:40:35  INFO        Total Free Steam available: 16855.32 MT
20:40:35  INFO      
20:40:35  INFO        FINAL SUPPLEMENTARY FIRING DISPATCH
20:40:35  INFO        Asset                      Priority     Min TPH     Max TPH     Hours  Dispatched TPH   Dispatched MT    Load %
20:40:35  INFO        -------------------------  --------  ----------  ----------  --------  --------------  --------------  --------
20:40:35  INFO        HRSG-1                            1       50.15      126.15    744.00           61.22        45547.44     52.3%
20:40:35  INFO        HRSG-2                            1       47.20      123.19    744.00           58.26        43348.92     52.3%
20:40:35  INFO        HRSG-3                          999       60.00      136.00      0.00            0.00            0.00      0.0%
20:40:35  INFO        TOTAL SUPPLEMENTARY                                                                          88896.36          
20:40:35  INFO        TOTAL STEAM GENERATED                                                                       105751.68          
20:40:35  INFO        Demand met
20:40:35  INFO        ==============================================================================
20:40:35  INFO        [REVERSE NG HRSG] Found HRSG: HRSG-1, supp_steam=45547.44 MT, free_steam=7328.40 MT, total_steam=52875.84 MT
20:40:35  INFO        [REVERSE NG HRSG] HRSG1_SHP STEAM: total_steam=52875.84 MT, norm=2.472238, consumed=130721.66 MMBTU (REVERSE, BPC method)
20:40:35  INFO        [REVERSE NG] Found GT asset: NMD-Power Plant-2, plant: NMD - Power Plant 2, heat_rate: 5182.18, free_steam: 1.97
20:40:35  INFO        [REVERSE NG] NMD - Power Plant 2: gen_qty=4836000 KWH, heat_rate=5182.18, free_steam=1.9700, consumed=70637.60 MMBTU (REVERSE)
20:40:35  INFO        [REVERSE NG] Found GT asset: NMD-Power Plant-1, plant: NMD - Power Plant 1, heat_rate: 5405.67, free_steam: 1.97
20:40:35  INFO        [REVERSE NG] NMD - Power Plant 1: gen_qty=3720000 KWH, heat_rate=5405.67, free_steam=1.9700, consumed=57633.61 MMBTU (REVERSE)
20:40:35  INFO        [REVERSE NG HRSG] Found HRSG: HRSG-2, supp_steam=43348.92 MT, free_steam=9526.92 MT, total_steam=52875.84 MT
20:40:35  INFO        [REVERSE NG HRSG] HRSG2_SHP STEAM: total_steam=52875.84 MT, norm=2.954424, consumed=156217.65 MMBTU (REVERSE, BPC method)
20:40:35  INFO        [U4U LOOP] Excess steam (0.00 MT) is small, holding STG override at 13175.70 MWh
20:40:35  INFO      
20:40:35  INFO        ------------------------------------------------------------------------------------------
20:40:35  INFO        ITERATION 12
20:40:35  INFO        ------------------------------------------------------------------------------------------
20:40:35  INFO        Power:  Demand =    44487032.38 KWH  |  Gen =       21731.70 MWh  |  Surplus =  1796.67  |  Deficit =     0.00
20:40:35  INFO        Steam:  Gen =      105751.68 MT  |  Surplus =     0.00  |  Deficit =     0.00
20:40:35  INFO        Power delta: 24331.1589 MWh  |  Converged: NO
20:40:35  INFO      
20:40:35  INFO        Utility                                Total Demand      U4U Demand         Initial    Change %
20:40:35  INFO        -----------------------------------  --------------  --------------  --------------  ----------
20:40:35  INFO        Boiler Feed Water                         114713.37       114976.72            0.00     0.0046%
20:40:35  INFO        COMPRESSED AIR                           7152995.57      1213558.03      5939566.24    83.0522%
20:40:35  INFO        Cooling Water 1                            15089.00            0.00        15089.00   100.0000%
20:40:35  INFO        Cooling Water 2                            14960.28         5579.73         9380.59    62.7042%
20:40:35  INFO        D M Water                                 152352.18        98653.50        53703.20    35.3012%
20:40:35  INFO        HP Steam PRDS                               4675.00         4675.00            0.00     0.0000%
20:40:35  INFO        HP Steam_Dis                                4675.00            0.00         4675.00   100.0000%
20:40:35  INFO        HRSG1_SHP STEAM                            52869.88        52875.84            0.00     0.0039%
20:40:35  INFO        HRSG2_SHP STEAM                            52869.88        52875.84            0.00     0.0039%
20:40:35  INFO        LP Steam PRDS                              17501.67        17507.17            0.00     5.7366%
20:40:35  INFO        LP Steam_Dis                               42400.51        16633.44        25767.83    60.8039%
20:40:35  INFO        MP Steam PRDS SHP                          21694.87        21694.94            0.00     0.0073%
20:40:35  INFO        MP Steam_Dis                               26466.93        13126.25        14093.68    53.2505%
20:40:35  INFO        Nitrogen Gas                            10905918.20      5758073.20      5147845.00    47.2023% (PT)
20:40:35  INFO        Oxygen                                      6260.00            0.00         6260.00   100.0000%
20:40:35  INFO        POWERGEN                                20182099.95     20182099.95            0.00     0.0000%
20:40:35  INFO        Power_Dis                               44487032.38     15828942.32     28658458.20    64.4745% (PT)
20:40:35  INFO        SHP Steam_Dis                             105751.68        85608.59        20830.00    19.7084%
20:40:35  INFO        STG1_LP STEAM                              24885.52        24893.34            0.00     5.7366%
20:40:35  INFO        STG1_MP STEAM                               4771.97         4771.99            0.00     0.0073%
20:40:35  INFO        Water                                     786973.50       499027.77       288030.16    38.5582% (PT)
20:40:35  INFO      
20:40:35  INFO        U4U CONSUMPTION BREAKDOWN (per producer per material):
20:40:35  INFO        Producer                        Material Consumed                     Norm        Quantity  Credit
20:40:35  INFO        ------------------------------  ------------------------------  ----------  --------------  ------
20:40:35  INFO        Boiler Feed Water               CHEM CYCLO HEXY                   0.000100           11.47  
20:40:35  INFO        Boiler Feed Water               CHEM MORPHOLENE                   0.000002            0.23  
20:40:35  INFO        Boiler Feed Water               Cooling Water 2                   0.001146          131.46  
20:40:35  INFO        Boiler Feed Water               D M Water                         0.860000        98653.50  
20:40:35  INFO        Boiler Feed Water               KEM WATREAT B 70M                 0.000570           65.39  
20:40:35  INFO        Boiler Feed Water               LP Steam_Dis                      0.145000        16633.44  
20:40:35  INFO        Boiler Feed Water               Power_Dis                         9.500000      1089776.99  
20:40:35  INFO        COMPRESSED AIR                  Cooling Water 2                   0.000025          178.82  
20:40:35  INFO        COMPRESSED AIR                  Power_Dis                         0.165000      1180244.27  
20:40:35  INFO        Cooling Water 1                 COMPRESSED AIR                    0.109348         1649.95  
20:40:35  INFO        Cooling Water 1                 Power_Dis                       245.000005      3696805.08  
20:40:35  INFO        Cooling Water 1                 SULPHURIC ACID                    0.000158            2.38  
20:40:35  INFO        Cooling Water 1                 Water                            11.050000       166733.45  
20:40:35  INFO        Cooling Water 2                 COMPRESSED AIR                    0.118537         1773.35  
20:40:35  INFO        Cooling Water 2                 Power_Dis                       249.999998      3740070.25  
20:40:35  INFO        Cooling Water 2                 SULPHURIC ACID                    0.000200            2.99  
20:40:35  INFO        Cooling Water 2                 Water                            11.500000       172043.23  
20:40:35  INFO        D M Water                       CAUSTIC SODA LYE – GRADE 1        0.000258           39.31  
20:40:35  INFO        D M Water                       CHEM  SODIUM SULPHITE;PN:MIS 1    0.000811          123.56  
20:40:35  INFO        D M Water                       CHEM ALUM.SULFATE, AL2(SO4)3,1    0.000757          115.33  
20:40:35  INFO        D M Water                       COMPRESSED AIR                    0.077000        11731.12  
20:40:35  INFO        D M Water                       HYDRO CHLORIC ACID (30%) -VIRG    0.000258           39.31  
20:40:35  INFO        D M Water                       POLYELECTROLYTE                   0.000766          116.70  
20:40:35  INFO        D M Water                       Power_Dis                         1.210000       184346.14  
20:40:35  INFO        D M Water                       Ret steam condensate              0.203000        30927.49  
20:40:35  INFO        D M Water                       SODIUM CHLORIDE IS 797 GRADE1     0.000010            1.52  
20:40:35  INFO        D M Water                       Water                             1.050000       159969.79  
20:40:35  INFO        HP Steam PRDS                   Boiler Feed Water                 0.076800          359.04  
20:40:35  INFO        HP Steam PRDS                   SHP Steam_Dis                     0.923200         4315.96  
20:40:35  INFO        HP Steam_Dis                    HP Steam PRDS                     1.000000         4675.00  
20:40:35  INFO        HRSG1_SHP STEAM                 Boiler Feed Water                 1.024000        54144.86  
20:40:35  INFO        HRSG1_SHP STEAM                 CHEM TRISODIUM PHOSPHATE          0.000900           47.59  
20:40:35  INFO        HRSG1_SHP STEAM                 COMPRESSED AIR                    9.953262       526287.09  
20:40:35  INFO        HRSG1_SHP STEAM                 FURNACE OIL ( MEDIUM VISCOSITY    0.000098            5.18  
20:40:35  INFO        HRSG1_SHP STEAM                 LP Steam_Dis                     -0.078000        -4124.32  YES
20:40:35  INFO        HRSG1_SHP STEAM                 NATURAL GAS                       2.472238       130721.66  
20:40:35  INFO        HRSG1_SHP STEAM                 Water                             0.002660          140.65  
20:40:35  INFO        HRSG2_SHP STEAM                 Boiler Feed Water                 1.024000        54144.86  
20:40:35  INFO        HRSG2_SHP STEAM                 CHEM TRISODIUM PHOSPHATE          0.000900           47.59  
20:40:35  INFO        HRSG2_SHP STEAM                 COMPRESSED AIR                   10.617329       561400.19  
20:40:35  INFO        HRSG2_SHP STEAM                 FURNACE OIL ( MEDIUM VISCOSITY    0.000098            5.18  
20:40:35  INFO        HRSG2_SHP STEAM                 LP Steam_Dis                     -0.078000        -4124.32  YES
20:40:35  INFO        HRSG2_SHP STEAM                 NATURAL GAS                       2.954424       156217.65  
20:40:35  INFO        HRSG2_SHP STEAM                 Water                             0.002660          140.65  
20:40:35  INFO        LP Steam PRDS                   Boiler Feed Water                 0.250000         4375.42  
20:40:35  INFO        LP Steam PRDS                   MP Steam_Dis                      0.750000        13126.25  
20:40:35  INFO        LP Steam_Dis                    LP Steam PRDS                     0.412900        17507.17  
20:40:35  INFO        LP Steam_Dis                    STG1_LP STEAM                     0.587100        24893.34  
20:40:35  INFO        MP Steam PRDS SHP               Boiler Feed Water                 0.090000         1952.54  
20:40:35  INFO        MP Steam PRDS SHP               SHP Steam_Dis                     0.910000        19742.33  
20:40:35  INFO        MP Steam_Dis                    MP Steam PRDS SHP                 0.819700        21694.94  
20:40:35  INFO        MP Steam_Dis                    STG1_MP STEAM                     0.180300         4771.99  
20:40:35  INFO        Oxygen                          Cooling Water 2                   0.250000         1565.00  
20:40:35  INFO        Oxygen                          Nitrogen Gas                    919.820000      5758073.20  
20:40:35  INFO        Oxygen                          Power_Dis                       925.170000      5791564.20  
20:40:35  INFO        POWERGEN                        COMPRESSED AIR                    0.006205        30007.38  
20:40:35  INFO        POWERGEN                        COMPRESSED AIR                    0.003912            0.00  
20:40:35  INFO        POWERGEN                        COMPRESSED AIR                    0.005283        19652.76  
20:40:35  INFO        POWERGEN                        COMPRESSED AIR                    0.004634        61056.19  
20:40:35  INFO        POWERGEN                        Cooling Water 2                   0.000022          106.39  
20:40:35  INFO        POWERGEN                        Cooling Water 2                   0.000011            0.00  
20:40:35  INFO        POWERGEN                        Cooling Water 2                   0.000018           66.96  
20:40:35  INFO        POWERGEN                        Cooling Water 2                   0.000268         3531.09  
20:40:35  INFO        POWERGEN                        NATURAL GAS                       0.014762        70637.60  
20:40:35  INFO        POWERGEN                        NATURAL GAS                       0.009472            0.00  
20:40:35  INFO        POWERGEN                        NATURAL GAS                       0.014762        57633.61  
20:40:35  INFO        POWERGEN                        No Material                       0.000000            0.00  
20:40:35  INFO        POWERGEN                        No Material                       0.000000            0.00  
20:40:35  INFO        POWERGEN                        No Material                       0.000000            0.00  
20:40:35  INFO        POWERGEN                        Power_Dis                         0.014000        67704.00  
20:40:35  INFO        POWERGEN                        Power_Dis                         0.019931            0.00  
20:40:35  INFO        POWERGEN                        Power_Dis                         0.014000        52080.00  
20:40:35  INFO        POWERGEN                        Power_Dis                         0.002000        26351.40  
20:40:35  INFO        POWERGEN                        Ret steam condensate              0.002326        30646.68  
20:40:35  INFO        POWERGEN                        SHP Steam_Dis                     0.003515        46312.59  
20:40:35  INFO        Power_Dis                       POWERGEN                          0.108045      5000722.37  
20:40:35  INFO        Power_Dis                       POWERGEN                          0.108045      5000722.37  
20:40:35  INFO        Power_Dis                       POWERGEN                          0.219962     10180655.22  
20:40:35  INFO        Power_Dis                       Power from MEL                    0.563947     24552000.00  
20:40:35  INFO        SHP Steam_Dis                   HRSG1_SHP STEAM                   0.500000        52875.84  
20:40:35  INFO        SHP Steam_Dis                   HRSG2_SHP STEAM                   0.500000        52875.84  
20:40:35  INFO        STG1_LP STEAM                   SHP Steam_Dis                     0.480000        11945.05  
20:40:35  INFO        STG1_MP STEAM                   SHP Steam_Dis                     0.690000         3292.66  
20:40:35  INFO      
20:40:35  INFO        Not yet converged: 1 materials
20:40:35  INFO          MP Steam_Dis                    change = 5.7366%
20:40:35  INFO        ------------------------------------------------------------------------------------------
20:40:35  INFO        [DISPATCH] Total demand: 44487.40 MWh, Import: 24552.00 MWh, Net for GT/STG: 19935.40 MWh
20:40:35  WARNING     [DISPATCH] No aux power norm for 'NMD-Power Plant-1'; using 0.0
20:40:35  WARNING     [DISPATCH] No aux power norm for 'NMD-Power Plant-2'; using 0.0
20:40:35  WARNING     [DISPATCH] No aux power norm for 'NMD-STG Power Plant'; using 0.0
20:40:35  INFO        ==============================================================================
20:40:35  INFO        POWER DISPATCH  (July 2025)
20:40:35  INFO        ==============================================================================
20:40:35  INFO        Demand:  Process = 44487.40 MWh  |  Fixed = 0.00 MWh  |  Total = 44487.40 MWh
20:40:35  INFO      
20:40:35  INFO        Asset                      Priority    Min MW    Max MW     Hours   Dispatched MW  Dispatched MWh    Load %  Free Steam MT  Aux Power MWh
20:40:35  INFO        -------------------------  --------  --------  --------  --------  --------------  --------------  --------  ------------  ------------
20:40:35  INFO        NMD-Power Plant-1                 1      5.00     21.90    744.00            5.00         3720.00     22.8%       7328.40          0.00
20:40:35  INFO        NMD-Power Plant-2                 1      6.50     14.00    744.00            6.50         4836.00     46.4%       9526.92          0.00
20:40:35  INFO        NMD-STG Power Plant               2      6.00     24.90    644.00           20.46        13175.70     82.2%          0.00          0.00
20:40:35  INFO        TOTAL                                                                                    21731.70                16855.32          0.00
20:40:35  INFO        DEFICIT: 22755.70 MWh under-generation
20:40:35  INFO        ==============================================================================
20:40:35  INFO        [STG EXTRACTION] STG Load: 20.46 MW, LP Extraction: 19320.00 MT, MP Extraction: 8372.00 MT
20:40:35  INFO        ==============================================================================
20:40:35  INFO        STEAM DISPATCH  (July 2025)
20:40:35  INFO        ==============================================================================
20:40:35  INFO        Grade      Process/Fixed MT  Letdown MT  Byproduct MT     Net Demand MT
20:40:35  INFO        ---------  ----------------  ----------  ------------  ----------------
20:40:35  INFO        SHP               106438.59    98264.11          0.00         106438.59
20:40:35  INFO        HP                  4675.00    77204.33          0.00         102939.11
20:40:35  INFO        MP                 27219.93        0.00          0.00          96052.26
20:40:35  INFO        LP                 42401.27        0.00          0.00          23081.27
20:40:35  INFO      
20:40:35  INFO        Total Free Steam available: 16855.32 MT
20:40:35  INFO      
20:40:35  INFO        FINAL SUPPLEMENTARY FIRING DISPATCH
20:40:35  INFO        Asset                      Priority     Min TPH     Max TPH     Hours  Dispatched TPH   Dispatched MT    Load %
20:40:35  INFO        -------------------------  --------  ----------  ----------  --------  --------------  --------------  --------
20:40:35  INFO        HRSG-1                            1       50.15      126.15    744.00           61.68        45890.89     52.6%
20:40:35  INFO        HRSG-2                            1       47.20      123.19    744.00           58.73        43692.37     52.6%
20:40:35  INFO        HRSG-3                          999       60.00      136.00      0.00            0.00            0.00      0.0%
20:40:35  INFO        TOTAL SUPPLEMENTARY                                                                          89583.26          
20:40:35  INFO        TOTAL STEAM GENERATED                                                                       106438.58          
20:40:35  INFO        DEFICIT: 0.01 MT
20:40:35  INFO        ==============================================================================
20:40:35  INFO        [REVERSE NG HRSG] Found HRSG: HRSG-1, supp_steam=45890.89 MT, free_steam=7328.40 MT, total_steam=53219.29 MT
20:40:35  INFO        [REVERSE NG HRSG] HRSG1_SHP STEAM: total_steam=53219.29 MT, norm=2.472238, consumed=131570.75 MMBTU (REVERSE, BPC method)
20:40:35  INFO        [REVERSE NG] Found GT asset: NMD-Power Plant-2, plant: NMD - Power Plant 2, heat_rate: 5182.18, free_steam: 1.97
20:40:35  INFO        [REVERSE NG] NMD - Power Plant 2: gen_qty=4836000 KWH, heat_rate=5182.18, free_steam=1.9700, consumed=70637.60 MMBTU (REVERSE)
20:40:35  INFO        [REVERSE NG] Found GT asset: NMD-Power Plant-1, plant: NMD - Power Plant 1, heat_rate: 5405.67, free_steam: 1.97
20:40:35  INFO        [REVERSE NG] NMD - Power Plant 1: gen_qty=3720000 KWH, heat_rate=5405.67, free_steam=1.9700, consumed=57633.61 MMBTU (REVERSE)
20:40:35  INFO        [REVERSE NG HRSG] Found HRSG: HRSG-2, supp_steam=43692.37 MT, free_steam=9526.92 MT, total_steam=53219.29 MT
20:40:35  INFO        [REVERSE NG HRSG] HRSG2_SHP STEAM: total_steam=53219.29 MT, norm=2.954424, consumed=157232.35 MMBTU (REVERSE, BPC method)
20:40:35  INFO        [U4U LOOP] Excess steam (0.00 MT) is small, holding STG override at 13175.70 MWh
20:40:35  INFO      
20:40:35  INFO        ------------------------------------------------------------------------------------------
20:40:35  INFO        ITERATION 13
20:40:35  INFO        ------------------------------------------------------------------------------------------
20:40:35  INFO        Power:  Demand =    44487400.52 KWH  |  Gen =       21731.70 MWh  |  Surplus =  1796.30  |  Deficit =     0.00
20:40:35  INFO        Steam:  Gen =      106438.58 MT  |  Surplus =     0.00  |  Deficit =     0.01
20:40:35  INFO        Power delta: 368.1446 MWh  |  Converged: NO
20:40:35  INFO      
20:40:35  INFO        Utility                                Total Demand      U4U Demand         Initial    Change %
20:40:35  INFO        -----------------------------------  --------------  --------------  --------------  ----------
20:40:35  INFO        Boiler Feed Water                         114976.72       115681.48            0.00     0.2290%
20:40:35  INFO        COMPRESSED AIR                           7153124.27      1220623.35      5939566.24    83.0364%
20:40:35  INFO        Cooling Water 1                            15089.00            0.00        15089.00   100.0000%
20:40:35  INFO        Cooling Water 2                            14960.32         5580.03         9380.59    62.7034%
20:40:35  INFO        D M Water                                 152356.70        98879.98        53703.20    35.2513%
20:40:35  INFO        HP Steam PRDS                               4675.00         4675.00            0.00     0.0000%
20:40:35  INFO        HP Steam_Dis                                4675.00            0.00         4675.00   100.0000%
20:40:35  INFO        HRSG1_SHP STEAM                            52875.84        53219.29            0.00     0.0113%
20:40:35  INFO        HRSG2_SHP STEAM                            52875.84        53219.29            0.00     0.0113%
20:40:35  INFO        LP Steam PRDS                              17507.17        17507.48            0.00     0.0314%
20:40:35  INFO        LP Steam_Dis                               42401.27        16671.62        25767.83    60.7732%
20:40:35  INFO        MP Steam PRDS SHP                          21694.94        22312.18            0.00     0.0003%
20:40:35  INFO        MP Steam_Dis                               27219.93        13130.38        14093.68    54.5434%
20:40:35  INFO        Nitrogen Gas                            10905918.20      5758073.20      5147845.00    47.2023% (PT)
20:40:35  INFO        Oxygen                                      6260.00            0.00         6260.00   100.0000%
20:40:35  INFO        POWERGEN                                20182099.95     20182099.95            0.00     0.0000%
20:40:35  INFO        Power_Dis                               44487400.52     15831479.56     28658458.20    64.4201% (PT)
20:40:35  INFO        SHP Steam_Dis                             106438.59        85612.42        20830.00    20.2153%
20:40:35  INFO        STG1_LP STEAM                              24893.34        24893.78            0.00     0.0314%
20:40:35  INFO        STG1_MP STEAM                               4771.99         4907.75            0.00     0.0003%
20:40:35  INFO        Water                                     787057.93       499034.74       288030.16    36.6065% (PT)
20:40:35  INFO      
20:40:35  INFO        U4U CONSUMPTION BREAKDOWN (per producer per material):
20:40:35  INFO        Producer                        Material Consumed                     Norm        Quantity  Credit
20:40:35  INFO        ------------------------------  ------------------------------  ----------  --------------  ------
20:40:35  INFO        Boiler Feed Water               CHEM CYCLO HEXY                   0.000100           11.50  
20:40:35  INFO        Boiler Feed Water               CHEM MORPHOLENE                   0.000002            0.23  
20:40:35  INFO        Boiler Feed Water               Cooling Water 2                   0.001146          131.76  
20:40:35  INFO        Boiler Feed Water               D M Water                         0.860000        98879.98  
20:40:35  INFO        Boiler Feed Water               KEM WATREAT B 70M                 0.000570           65.54  
20:40:35  INFO        Boiler Feed Water               LP Steam_Dis                      0.145000        16671.62  
20:40:35  INFO        Boiler Feed Water               Power_Dis                         9.500000      1092278.81  
20:40:35  INFO        COMPRESSED AIR                  Cooling Water 2                   0.000025          178.83  
20:40:35  INFO        COMPRESSED AIR                  Power_Dis                         0.165000      1180265.50  
20:40:35  INFO        Cooling Water 1                 COMPRESSED AIR                    0.109348         1649.95  
20:40:35  INFO        Cooling Water 1                 Power_Dis                       245.000005      3696805.08  
20:40:35  INFO        Cooling Water 1                 SULPHURIC ACID                    0.000158            2.38  
20:40:35  INFO        Cooling Water 1                 Water                            11.050000       166733.45  
20:40:35  INFO        Cooling Water 2                 COMPRESSED AIR                    0.118537         1773.35  
20:40:35  INFO        Cooling Water 2                 Power_Dis                       249.999998      3740078.97  
20:40:35  INFO        Cooling Water 2                 SULPHURIC ACID                    0.000200            2.99  
20:40:35  INFO        Cooling Water 2                 Water                            11.500000       172043.63  
20:40:35  INFO        D M Water                       CAUSTIC SODA LYE – GRADE 1        0.000258           39.31  
20:40:35  INFO        D M Water                       CHEM  SODIUM SULPHITE;PN:MIS 1    0.000811          123.56  
20:40:35  INFO        D M Water                       CHEM ALUM.SULFATE, AL2(SO4)3,1    0.000757          115.33  
20:40:35  INFO        D M Water                       COMPRESSED AIR                    0.077000        11731.47  
20:40:35  INFO        D M Water                       HYDRO CHLORIC ACID (30%) -VIRG    0.000258           39.31  
20:40:35  INFO        D M Water                       POLYELECTROLYTE                   0.000766          116.71  
20:40:35  INFO        D M Water                       Power_Dis                         1.210000       184351.60  
20:40:35  INFO        D M Water                       Ret steam condensate              0.203000        30928.41  
20:40:35  INFO        D M Water                       SODIUM CHLORIDE IS 797 GRADE1     0.000010            1.52  
20:40:35  INFO        D M Water                       Water                             1.050000       159974.53  
20:40:35  INFO        HP Steam PRDS                   Boiler Feed Water                 0.076800          359.04  
20:40:35  INFO        HP Steam PRDS                   SHP Steam_Dis                     0.923200         4315.96  
20:40:35  INFO        HP Steam_Dis                    HP Steam PRDS                     1.000000         4675.00  
20:40:35  INFO        HRSG1_SHP STEAM                 Boiler Feed Water                 1.024000        54496.55  
20:40:35  INFO        HRSG1_SHP STEAM                 CHEM TRISODIUM PHOSPHATE          0.000900           47.90  
20:40:35  INFO        HRSG1_SHP STEAM                 COMPRESSED AIR                    9.953262       529705.54  
20:40:35  INFO        HRSG1_SHP STEAM                 FURNACE OIL ( MEDIUM VISCOSITY    0.000098            5.22  
20:40:35  INFO        HRSG1_SHP STEAM                 LP Steam_Dis                     -0.078000        -4151.10  YES
20:40:35  INFO        HRSG1_SHP STEAM                 NATURAL GAS                       2.472238       131570.75  
20:40:35  INFO        HRSG1_SHP STEAM                 Water                             0.002660          141.56  
20:40:35  INFO        HRSG2_SHP STEAM                 Boiler Feed Water                 1.024000        54496.55  
20:40:35  INFO        HRSG2_SHP STEAM                 CHEM TRISODIUM PHOSPHATE          0.000900           47.90  
20:40:35  INFO        HRSG2_SHP STEAM                 COMPRESSED AIR                   10.617329       565046.71  
20:40:35  INFO        HRSG2_SHP STEAM                 FURNACE OIL ( MEDIUM VISCOSITY    0.000098            5.22  
20:40:35  INFO        HRSG2_SHP STEAM                 LP Steam_Dis                     -0.078000        -4151.10  YES
20:40:35  INFO        HRSG2_SHP STEAM                 NATURAL GAS                       2.954424       157232.35  
20:40:35  INFO        HRSG2_SHP STEAM                 Water                             0.002660          141.56  
20:40:35  INFO        LP Steam PRDS                   Boiler Feed Water                 0.250000         4376.79  
20:40:35  INFO        LP Steam PRDS                   MP Steam_Dis                      0.750000        13130.38  
20:40:35  INFO        LP Steam_Dis                    LP Steam PRDS                     0.412900        17507.48  
20:40:35  INFO        LP Steam_Dis                    STG1_LP STEAM                     0.587100        24893.78  
20:40:35  INFO        MP Steam PRDS SHP               Boiler Feed Water                 0.090000         1952.54  
20:40:35  INFO        MP Steam PRDS SHP               SHP Steam_Dis                     0.910000        19742.40  
20:40:35  INFO        MP Steam_Dis                    MP Steam PRDS SHP                 0.819700        22312.18  
20:40:35  INFO        MP Steam_Dis                    STG1_MP STEAM                     0.180300         4907.75  
20:40:35  INFO        Oxygen                          Cooling Water 2                   0.250000         1565.00  
20:40:35  INFO        Oxygen                          Nitrogen Gas                    919.820000      5758073.20  
20:40:35  INFO        Oxygen                          Power_Dis                       925.170000      5791564.20  
20:40:35  INFO        POWERGEN                        COMPRESSED AIR                    0.006205        30007.38  
20:40:35  INFO        POWERGEN                        COMPRESSED AIR                    0.003912            0.00  
20:40:35  INFO        POWERGEN                        COMPRESSED AIR                    0.005283        19652.76  
20:40:35  INFO        POWERGEN                        COMPRESSED AIR                    0.004634        61056.19  
20:40:35  INFO        POWERGEN                        Cooling Water 2                   0.000022          106.39  
20:40:35  INFO        POWERGEN                        Cooling Water 2                   0.000011            0.00  
20:40:35  INFO        POWERGEN                        Cooling Water 2                   0.000018           66.96  
20:40:35  INFO        POWERGEN                        Cooling Water 2                   0.000268         3531.09  
20:40:35  INFO        POWERGEN                        NATURAL GAS                       0.014762        70637.60  
20:40:35  INFO        POWERGEN                        NATURAL GAS                       0.009472            0.00  
20:40:35  INFO        POWERGEN                        NATURAL GAS                       0.014762        57633.61  
20:40:35  INFO        POWERGEN                        No Material                       0.000000            0.00  
20:40:35  INFO        POWERGEN                        No Material                       0.000000            0.00  
20:40:35  INFO        POWERGEN                        No Material                       0.000000            0.00  
20:40:35  INFO        POWERGEN                        Power_Dis                         0.014000        67704.00  
20:40:35  INFO        POWERGEN                        Power_Dis                         0.019931            0.00  
20:40:35  INFO        POWERGEN                        Power_Dis                         0.014000        52080.00  
20:40:35  INFO        POWERGEN                        Power_Dis                         0.002000        26351.40  
20:40:35  INFO        POWERGEN                        Ret steam condensate              0.002326        30646.68  
20:40:35  INFO        POWERGEN                        SHP Steam_Dis                     0.003515        46312.59  
20:40:35  INFO        Power_Dis                       POWERGEN                          0.108045      5000722.37  
20:40:35  INFO        Power_Dis                       POWERGEN                          0.108045      5000722.37  
20:40:35  INFO        Power_Dis                       POWERGEN                          0.219962     10180655.22  
20:40:35  INFO        Power_Dis                       Power from MEL                    0.563947     24552000.00  
20:40:35  INFO        SHP Steam_Dis                   HRSG1_SHP STEAM                   0.500000        53219.29  
20:40:35  INFO        SHP Steam_Dis                   HRSG2_SHP STEAM                   0.500000        53219.29  
20:40:35  INFO        STG1_LP STEAM                   SHP Steam_Dis                     0.480000        11948.80  
20:40:35  INFO        STG1_MP STEAM                   SHP Steam_Dis                     0.690000         3292.67  
20:40:35  INFO      
20:40:35  INFO        Not yet converged: 2 materials
20:40:35  INFO          MP Steam PRDS SHP               change = 2.7664%
20:40:35  INFO          STG1_MP STEAM                   change = 2.7664%
20:40:35  INFO        ------------------------------------------------------------------------------------------
20:40:35  INFO        [DISPATCH] Total demand: 44489.94 MWh, Import: 24552.00 MWh, Net for GT/STG: 19937.94 MWh
20:40:35  WARNING     [DISPATCH] No aux power norm for 'NMD-Power Plant-1'; using 0.0
20:40:35  WARNING     [DISPATCH] No aux power norm for 'NMD-Power Plant-2'; using 0.0
20:40:35  WARNING     [DISPATCH] No aux power norm for 'NMD-STG Power Plant'; using 0.0
20:40:35  INFO        ==============================================================================
20:40:35  INFO        POWER DISPATCH  (July 2025)
20:40:35  INFO        ==============================================================================
20:40:35  INFO        Demand:  Process = 44489.94 MWh  |  Fixed = 0.00 MWh  |  Total = 44489.94 MWh
20:40:35  INFO      
20:40:35  INFO        Asset                      Priority    Min MW    Max MW     Hours   Dispatched MW  Dispatched MWh    Load %  Free Steam MT  Aux Power MWh
20:40:35  INFO        -------------------------  --------  --------  --------  --------  --------------  --------------  --------  ------------  ------------
20:40:35  INFO        NMD-Power Plant-1                 1      5.00     21.90    744.00            5.00         3720.00     22.8%       7328.40          0.00
20:40:35  INFO        NMD-Power Plant-2                 1      6.50     14.00    744.00            6.50         4836.00     46.4%       9526.92          0.00
20:40:35  INFO        NMD-STG Power Plant               2      6.00     24.90    644.00           20.46        13175.70     82.2%          0.00          0.00
20:40:35  INFO        TOTAL                                                                                    21731.70                16855.32          0.00
20:40:35  INFO        DEFICIT: 22758.24 MWh under-generation
20:40:35  INFO        ==============================================================================
20:40:36  INFO        [STG EXTRACTION] STG Load: 20.46 MW, LP Extraction: 19320.00 MT, MP Extraction: 8372.00 MT
20:40:36  INFO        ==============================================================================
20:40:36  INFO        STEAM DISPATCH  (July 2025)
20:40:36  INFO        ==============================================================================
20:40:36  INFO        Grade      Process/Fixed MT  Letdown MT  Byproduct MT     Net Demand MT
20:40:36  INFO        ---------  ----------------  ----------  ------------  ----------------
20:40:36  INFO        SHP               106442.42    98267.64          0.00         106442.42
20:40:36  INFO        HP                  4675.00    77206.98          0.00         102942.64
20:40:36  INFO        MP                 27224.06        0.00          0.00          96059.04
20:40:36  INFO        LP                 42439.45        0.00          0.00          23119.45
20:40:36  INFO      
20:40:36  INFO        Total Free Steam available: 16855.32 MT
20:40:36  INFO      
20:40:36  INFO        FINAL SUPPLEMENTARY FIRING DISPATCH
20:40:36  INFO        Asset                      Priority     Min TPH     Max TPH     Hours  Dispatched TPH   Dispatched MT    Load %
20:40:36  INFO        -------------------------  --------  ----------  ----------  --------  --------------  --------------  --------
20:40:36  INFO        HRSG-1                            1       50.15      126.15    744.00           61.68        45892.81     52.6%
20:40:36  INFO        HRSG-2                            1       47.20      123.19    744.00           58.73        43694.29     52.6%
20:40:36  INFO        HRSG-3                          999       60.00      136.00      0.00            0.00            0.00      0.0%
20:40:36  INFO        TOTAL SUPPLEMENTARY                                                                          89587.10          
20:40:36  INFO        TOTAL STEAM GENERATED                                                                       106442.42          
20:40:36  INFO        SURPLUS: 0.00 MT
20:40:36  INFO        ==============================================================================
20:40:36  INFO        [REVERSE NG HRSG] Found HRSG: HRSG-1, supp_steam=45892.81 MT, free_steam=7328.40 MT, total_steam=53221.21 MT
20:40:36  INFO        [REVERSE NG HRSG] HRSG1_SHP STEAM: total_steam=53221.21 MT, norm=2.472238, consumed=131575.50 MMBTU (REVERSE, BPC method)
20:40:36  INFO        [REVERSE NG] Found GT asset: NMD-Power Plant-2, plant: NMD - Power Plant 2, heat_rate: 5182.18, free_steam: 1.97
20:40:36  INFO        [REVERSE NG] NMD - Power Plant 2: gen_qty=4836000 KWH, heat_rate=5182.18, free_steam=1.9700, consumed=70637.60 MMBTU (REVERSE)
20:40:36  INFO        [REVERSE NG] Found GT asset: NMD-Power Plant-1, plant: NMD - Power Plant 1, heat_rate: 5405.67, free_steam: 1.97
20:40:36  INFO        [REVERSE NG] NMD - Power Plant 1: gen_qty=3720000 KWH, heat_rate=5405.67, free_steam=1.9700, consumed=57633.61 MMBTU (REVERSE)
20:40:36  INFO        [REVERSE NG HRSG] Found HRSG: HRSG-2, supp_steam=43694.29 MT, free_steam=9526.92 MT, total_steam=53221.21 MT
20:40:36  INFO        [REVERSE NG HRSG] HRSG2_SHP STEAM: total_steam=53221.21 MT, norm=2.954424, consumed=157238.02 MMBTU (REVERSE, BPC method)
20:40:36  INFO        [U4U LOOP] Excess steam (0.00 MT) is small, holding STG override at 13175.70 MWh
20:40:36  INFO      
20:40:36  INFO        ------------------------------------------------------------------------------------------
20:40:36  INFO        ITERATION 14
20:40:36  INFO        ------------------------------------------------------------------------------------------
20:40:36  INFO        Power:  Demand =    44489937.76 KWH  |  Gen =       21731.70 MWh  |  Surplus =  1793.76  |  Deficit =     0.00
20:40:36  INFO        Steam:  Gen =      106442.42 MT  |  Surplus =     0.00  |  Deficit =     0.00
20:40:36  INFO        Power delta: 2537.2408 MWh  |  Converged: NO
20:40:36  INFO      
20:40:36  INFO        Utility                                Total Demand      U4U Demand         Initial    Change %
20:40:36  INFO        -----------------------------------  --------------  --------------  --------------  ----------
20:40:36  INFO        Boiler Feed Water                         115681.48       115741.05            0.00     0.6092%
20:40:36  INFO        COMPRESSED AIR                           7160189.59      1220680.32      5939566.24    83.0513%
20:40:36  INFO        Cooling Water 1                            15089.00            0.00        15089.00   100.0000%
20:40:36  INFO        Cooling Water 2                            14960.62         5581.02         9380.59    62.7039%
20:40:36  INFO        D M Water                                 152583.18        99486.08        53703.20    35.3444%
20:40:36  INFO        HP Steam PRDS                               4675.00         4675.00            0.00     0.0000%
20:40:36  INFO        HP Steam_Dis                                4675.00            0.00         4675.00   100.0000%
20:40:36  INFO        HRSG1_SHP STEAM                            53219.29        53221.21            0.00     0.6454%
20:40:36  INFO        HRSG2_SHP STEAM                            53219.29        53221.21            0.00     0.6454%
20:40:36  INFO        LP Steam PRDS                              17507.48        17523.25            0.00     0.0018%
20:40:36  INFO        LP Steam_Dis                               42439.45        16773.82        25767.83    60.8067%
20:40:36  INFO        MP Steam PRDS SHP                          22312.18        22315.56            0.00     2.7664%
20:40:36  INFO        MP Steam_Dis                               27224.06        13130.61        14093.68    51.7844%
20:40:36  INFO        Nitrogen Gas                            10905918.20      5758073.20      5147845.00    47.2023% (PT)
20:40:36  INFO        Oxygen                                      6260.00            0.00         6260.00   100.0000%
20:40:36  INFO        POWERGEN                                20182099.95     20182099.95            0.00     0.0000%
20:40:36  INFO        Power_Dis                               44489937.76     15839690.92     28658458.20    64.4213% (PT)
20:40:36  INFO        SHP Steam_Dis                             106442.42        86268.00        20830.00    19.5729%
20:40:36  INFO        STG1_LP STEAM                              24893.78        24916.20            0.00     0.0018%
20:40:36  INFO        STG1_MP STEAM                               4907.75         4908.50            0.00     2.7664%
20:40:36  INFO        Water                                     787064.90       499276.06       288030.16    36.5964% (PT)
20:40:36  INFO      
20:40:36  INFO        U4U CONSUMPTION BREAKDOWN (per producer per material):
20:40:36  INFO        Producer                        Material Consumed                     Norm        Quantity  Credit
20:40:36  INFO        ------------------------------  ------------------------------  ----------  --------------  ------
20:40:36  INFO        Boiler Feed Water               CHEM CYCLO HEXY                   0.000100           11.57  
20:40:36  INFO        Boiler Feed Water               CHEM MORPHOLENE                   0.000002            0.23  
20:40:36  INFO        Boiler Feed Water               Cooling Water 2                   0.001146          132.57  
20:40:36  INFO        Boiler Feed Water               D M Water                         0.860000        99486.08  
20:40:36  INFO        Boiler Feed Water               KEM WATREAT B 70M                 0.000570           65.94  
20:40:36  INFO        Boiler Feed Water               LP Steam_Dis                      0.145000        16773.82  
20:40:36  INFO        Boiler Feed Water               Power_Dis                         9.500000      1098974.09  
20:40:36  INFO        COMPRESSED AIR                  Cooling Water 2                   0.000025          179.00  
20:40:36  INFO        COMPRESSED AIR                  Power_Dis                         0.165000      1181431.28  
20:40:36  INFO        Cooling Water 1                 COMPRESSED AIR                    0.109348         1649.95  
20:40:36  INFO        Cooling Water 1                 Power_Dis                       245.000005      3696805.08  
20:40:36  INFO        Cooling Water 1                 SULPHURIC ACID                    0.000158            2.38  
20:40:36  INFO        Cooling Water 1                 Water                            11.050000       166733.45  
20:40:36  INFO        Cooling Water 2                 COMPRESSED AIR                    0.118537         1773.39  
20:40:36  INFO        Cooling Water 2                 Power_Dis                       249.999998      3740155.23  
20:40:36  INFO        Cooling Water 2                 SULPHURIC ACID                    0.000200            2.99  
20:40:36  INFO        Cooling Water 2                 Water                            11.500000       172047.14  
20:40:36  INFO        D M Water                       CAUSTIC SODA LYE – GRADE 1        0.000258           39.37  
20:40:36  INFO        D M Water                       CHEM  SODIUM SULPHITE;PN:MIS 1    0.000811          123.74  
20:40:36  INFO        D M Water                       CHEM ALUM.SULFATE, AL2(SO4)3,1    0.000757          115.51  
20:40:36  INFO        D M Water                       COMPRESSED AIR                    0.077000        11748.90  
20:40:36  INFO        D M Water                       HYDRO CHLORIC ACID (30%) -VIRG    0.000258           39.37  
20:40:36  INFO        D M Water                       POLYELECTROLYTE                   0.000766          116.88  
20:40:36  INFO        D M Water                       Power_Dis                         1.210000       184625.64  
20:40:36  INFO        D M Water                       Ret steam condensate              0.203000        30974.38  
20:40:36  INFO        D M Water                       SODIUM CHLORIDE IS 797 GRADE1     0.000010            1.53  
20:40:36  INFO        D M Water                       Water                             1.050000       160212.34  
20:40:36  INFO        HP Steam PRDS                   Boiler Feed Water                 0.076800          359.04  
20:40:36  INFO        HP Steam PRDS                   SHP Steam_Dis                     0.923200         4315.96  
20:40:36  INFO        HP Steam_Dis                    HP Steam PRDS                     1.000000         4675.00  
20:40:36  INFO        HRSG1_SHP STEAM                 Boiler Feed Water                 1.024000        54498.52  
20:40:36  INFO        HRSG1_SHP STEAM                 CHEM TRISODIUM PHOSPHATE          0.000900           47.90  
20:40:36  INFO        HRSG1_SHP STEAM                 COMPRESSED AIR                    9.953262       529724.65  
20:40:36  INFO        HRSG1_SHP STEAM                 FURNACE OIL ( MEDIUM VISCOSITY    0.000098            5.22  
20:40:36  INFO        HRSG1_SHP STEAM                 LP Steam_Dis                     -0.078000        -4151.25  YES
20:40:36  INFO        HRSG1_SHP STEAM                 NATURAL GAS                       2.472238       131575.50  
20:40:36  INFO        HRSG1_SHP STEAM                 Water                             0.002660          141.57  
20:40:36  INFO        HRSG2_SHP STEAM                 Boiler Feed Water                 1.024000        54498.52  
20:40:36  INFO        HRSG2_SHP STEAM                 CHEM TRISODIUM PHOSPHATE          0.000900           47.90  
20:40:36  INFO        HRSG2_SHP STEAM                 COMPRESSED AIR                   10.617329       565067.10  
20:40:36  INFO        HRSG2_SHP STEAM                 FURNACE OIL ( MEDIUM VISCOSITY    0.000098            5.22  
20:40:36  INFO        HRSG2_SHP STEAM                 LP Steam_Dis                     -0.078000        -4151.25  YES
20:40:36  INFO        HRSG2_SHP STEAM                 NATURAL GAS                       2.954424       157238.02  
20:40:36  INFO        HRSG2_SHP STEAM                 Water                             0.002660          141.57  
20:40:36  INFO        LP Steam PRDS                   Boiler Feed Water                 0.250000         4376.87  
20:40:36  INFO        LP Steam PRDS                   MP Steam_Dis                      0.750000        13130.61  
20:40:36  INFO        LP Steam_Dis                    LP Steam PRDS                     0.412900        17523.25  
20:40:36  INFO        LP Steam_Dis                    STG1_LP STEAM                     0.587100        24916.20  
20:40:36  INFO        MP Steam PRDS SHP               Boiler Feed Water                 0.090000         2008.10  
20:40:36  INFO        MP Steam PRDS SHP               SHP Steam_Dis                     0.910000        20304.08  
20:40:36  INFO        MP Steam_Dis                    MP Steam PRDS SHP                 0.819700        22315.56  
20:40:36  INFO        MP Steam_Dis                    STG1_MP STEAM                     0.180300         4908.50  
20:40:36  INFO        Oxygen                          Cooling Water 2                   0.250000         1565.00  
20:40:36  INFO        Oxygen                          Nitrogen Gas                    919.820000      5758073.20  
20:40:36  INFO        Oxygen                          Power_Dis                       925.170000      5791564.20  
20:40:36  INFO        POWERGEN                        COMPRESSED AIR                    0.006205        30007.38  
20:40:36  INFO        POWERGEN                        COMPRESSED AIR                    0.003912            0.00  
20:40:36  INFO        POWERGEN                        COMPRESSED AIR                    0.005283        19652.76  
20:40:36  INFO        POWERGEN                        COMPRESSED AIR                    0.004634        61056.19  
20:40:36  INFO        POWERGEN                        Cooling Water 2                   0.000022          106.39  
20:40:36  INFO        POWERGEN                        Cooling Water 2                   0.000011            0.00  
20:40:36  INFO        POWERGEN                        Cooling Water 2                   0.000018           66.96  
20:40:36  INFO        POWERGEN                        Cooling Water 2                   0.000268         3531.09  
20:40:36  INFO        POWERGEN                        NATURAL GAS                       0.014762        70637.60  
20:40:36  INFO        POWERGEN                        NATURAL GAS                       0.009472            0.00  
20:40:36  INFO        POWERGEN                        NATURAL GAS                       0.014762        57633.61  
20:40:36  INFO        POWERGEN                        No Material                       0.000000            0.00  
20:40:36  INFO        POWERGEN                        No Material                       0.000000            0.00  
20:40:36  INFO        POWERGEN                        No Material                       0.000000            0.00  
20:40:36  INFO        POWERGEN                        Power_Dis                         0.014000        67704.00  
20:40:36  INFO        POWERGEN                        Power_Dis                         0.019931            0.00  
20:40:36  INFO        POWERGEN                        Power_Dis                         0.014000        52080.00  
20:40:36  INFO        POWERGEN                        Power_Dis                         0.002000        26351.40  
20:40:36  INFO        POWERGEN                        Ret steam condensate              0.002326        30646.68  
20:40:36  INFO        POWERGEN                        SHP Steam_Dis                     0.003515        46312.59  
20:40:36  INFO        Power_Dis                       POWERGEN                          0.108045      5000722.37  
20:40:36  INFO        Power_Dis                       POWERGEN                          0.108045      5000722.37  
20:40:36  INFO        Power_Dis                       POWERGEN                          0.219962     10180655.22  
20:40:36  INFO        Power_Dis                       Power from MEL                    0.563947     24552000.00  
20:40:36  INFO        SHP Steam_Dis                   HRSG1_SHP STEAM                   0.500000        53221.21  
20:40:36  INFO        SHP Steam_Dis                   HRSG2_SHP STEAM                   0.500000        53221.21  
20:40:36  INFO        STG1_LP STEAM                   SHP Steam_Dis                     0.480000        11949.02  
20:40:36  INFO        STG1_MP STEAM                   SHP Steam_Dis                     0.690000         3386.35  
20:40:36  INFO      
20:40:36  INFO        All U4U materials converged within tolerance
20:40:36  INFO        ------------------------------------------------------------------------------------------
20:40:36  INFO        [DISPATCH] Total demand: 44498.15 MWh, Import: 24552.00 MWh, Net for GT/STG: 19946.15 MWh
20:40:36  WARNING     [DISPATCH] No aux power norm for 'NMD-Power Plant-1'; using 0.0
20:40:36  WARNING     [DISPATCH] No aux power norm for 'NMD-Power Plant-2'; using 0.0
20:40:36  WARNING     [DISPATCH] No aux power norm for 'NMD-STG Power Plant'; using 0.0
20:40:36  INFO        ==============================================================================
20:40:36  INFO        POWER DISPATCH  (July 2025)
20:40:36  INFO        ==============================================================================
20:40:36  INFO        Demand:  Process = 44498.15 MWh  |  Fixed = 0.00 MWh  |  Total = 44498.15 MWh
20:40:36  INFO      
20:40:36  INFO        Asset                      Priority    Min MW    Max MW     Hours   Dispatched MW  Dispatched MWh    Load %  Free Steam MT  Aux Power MWh
20:40:36  INFO        -------------------------  --------  --------  --------  --------  --------------  --------------  --------  ------------  ------------
20:40:36  INFO        NMD-Power Plant-1                 1      5.00     21.90    744.00            5.00         3720.00     22.8%       7328.40          0.00
20:40:36  INFO        NMD-Power Plant-2                 1      6.50     14.00    744.00            6.50         4836.00     46.4%       9526.92          0.00
20:40:36  INFO        NMD-STG Power Plant               2      6.00     24.90    644.00           20.46        13175.70     82.2%          0.00          0.00
20:40:36  INFO        TOTAL                                                                                    21731.70                16855.32          0.00
20:40:36  INFO        DEFICIT: 22766.45 MWh under-generation
20:40:36  INFO        ==============================================================================
20:40:36  INFO        [STG EXTRACTION] STG Load: 20.46 MW, LP Extraction: 19320.00 MT, MP Extraction: 8372.00 MT
20:40:36  INFO        ==============================================================================
20:40:36  INFO        STEAM DISPATCH  (July 2025)
20:40:36  INFO        ==============================================================================
20:40:36  INFO        Grade      Process/Fixed MT  Letdown MT  Byproduct MT     Net Demand MT
20:40:36  INFO        ---------  ----------------  ----------  ------------  ----------------
20:40:36  INFO        SHP               107098.00    98872.87          0.00         107098.00
20:40:36  INFO        HP                  4675.00    77660.90          0.00         103547.87
20:40:36  INFO        MP                 27224.29        0.00          0.00          96513.19
20:40:36  INFO        LP                 42541.65        0.00          0.00          23221.65
20:40:36  INFO      
20:40:36  INFO        Total Free Steam available: 16855.32 MT
20:40:36  INFO      
20:40:36  INFO        FINAL SUPPLEMENTARY FIRING DISPATCH
20:40:36  INFO        Asset                      Priority     Min TPH     Max TPH     Hours  Dispatched TPH   Dispatched MT    Load %
20:40:36  INFO        -------------------------  --------  ----------  ----------  --------  --------------  --------------  --------
20:40:36  INFO        HRSG-1                            1       50.15      126.15    744.00           62.12        46220.60     52.9%
20:40:36  INFO        HRSG-2                            1       47.20      123.19    744.00           59.17        44022.08     52.9%
20:40:36  INFO        HRSG-3                          999       60.00      136.00      0.00            0.00            0.00      0.0%
20:40:36  INFO        TOTAL SUPPLEMENTARY                                                                          90242.68          
20:40:36  INFO        TOTAL STEAM GENERATED                                                                       107098.00          
20:40:36  INFO        Demand met
20:40:36  INFO        ==============================================================================
20:40:36  INFO        [REVERSE NG HRSG] Found HRSG: HRSG-1, supp_steam=46220.60 MT, free_steam=7328.40 MT, total_steam=53549.00 MT
20:40:36  INFO        [REVERSE NG HRSG] HRSG1_SHP STEAM: total_steam=53549.00 MT, norm=2.472238, consumed=132385.87 MMBTU (REVERSE, BPC method)
20:40:36  INFO        [REVERSE NG] Found GT asset: NMD-Power Plant-2, plant: NMD - Power Plant 2, heat_rate: 5182.18, free_steam: 1.97
20:40:36  INFO        [REVERSE NG] NMD - Power Plant 2: gen_qty=4836000 KWH, heat_rate=5182.18, free_steam=1.9700, consumed=70637.60 MMBTU (REVERSE)
20:40:36  INFO        [REVERSE NG] Found GT asset: NMD-Power Plant-1, plant: NMD - Power Plant 1, heat_rate: 5405.67, free_steam: 1.97
20:40:36  INFO        [REVERSE NG] NMD - Power Plant 1: gen_qty=3720000 KWH, heat_rate=5405.67, free_steam=1.9700, consumed=57633.61 MMBTU (REVERSE)
20:40:36  INFO        [REVERSE NG HRSG] Found HRSG: HRSG-2, supp_steam=44022.08 MT, free_steam=9526.92 MT, total_steam=53549.00 MT
20:40:36  INFO        [REVERSE NG HRSG] HRSG2_SHP STEAM: total_steam=53549.00 MT, norm=2.954424, consumed=158206.45 MMBTU (REVERSE, BPC method)
20:40:36  INFO        [U4U LOOP] Excess steam (0.00 MT) is small, holding STG override at 13175.70 MWh
20:40:36  INFO      
20:40:36  INFO        ------------------------------------------------------------------------------------------
20:40:36  INFO        ITERATION 15
20:40:36  INFO        ------------------------------------------------------------------------------------------
20:40:36  INFO        Power:  Demand =    44498149.12 KWH  |  Gen =       21731.70 MWh  |  Surplus =  1785.55  |  Deficit =     0.00
20:40:36  INFO        Steam:  Gen =      107098.00 MT  |  Surplus =     0.00  |  Deficit =     0.00
20:40:36  INFO        Power delta: 8211.3536 MWh  |  Converged: NO
20:40:36  INFO      
20:40:36  INFO        Utility                                Total Demand      U4U Demand         Initial    Change %
20:40:36  INFO        -----------------------------------  --------------  --------------  --------------  ----------
20:40:36  INFO        Boiler Feed Water                         115741.05       116416.60            0.00     0.0515%
20:40:36  INFO        COMPRESSED AIR                           7160246.56      1227469.94      5939566.24    82.9528%
20:40:36  INFO        Cooling Water 1                            15089.00            0.00        15089.00   100.0000%
20:40:36  INFO        Cooling Water 2                            14961.61         5581.09         9380.59    62.7043%
20:40:36  INFO        D M Water                                 153189.28        99537.30        53703.20    35.4524%
20:40:36  INFO        HP Steam PRDS                               4675.00         4675.00            0.00     0.0000%
20:40:36  INFO        HP Steam_Dis                                4675.00            0.00         4675.00   100.0000%
20:40:36  INFO        HRSG1_SHP STEAM                            53221.21        53549.00            0.00     0.0036%
20:40:36  INFO        HRSG2_SHP STEAM                            53221.21        53549.00            0.00     0.0036%
20:40:36  INFO        LP Steam PRDS                              17523.25        17565.45            0.00     0.0900%
20:40:36  INFO        LP Steam_Dis                               42541.65        16782.45        25767.83    60.8111%
20:40:36  INFO        MP Steam PRDS SHP                          22315.56        22315.75            0.00     0.0151%
20:40:36  INFO        MP Steam_Dis                               27224.29        13142.44        14093.68    51.7696%
20:40:36  INFO        Nitrogen Gas                            10905918.20      5758073.20      5147845.00    47.2023% (PT)
20:40:36  INFO        Oxygen                                      6260.00            0.00         6260.00   100.0000%
20:40:36  INFO        POWERGEN                                20182099.95     20182099.95            0.00     0.0000%
20:40:36  INFO        Power_Dis                               44498149.12     15841245.61     28658458.20    64.4222% (PT)
20:40:36  INFO        SHP Steam_Dis                             107098.00        86282.35        20830.00    20.0616%
20:40:36  INFO        STG1_LP STEAM                              24916.20        24976.20            0.00     0.0900%
20:40:36  INFO        STG1_MP STEAM                               4908.50         4908.54            0.00     0.0151%
20:40:36  INFO        Water                                     787306.22       499925.53       288030.16    36.6149% (PT)
20:40:36  INFO      
20:40:36  INFO        U4U CONSUMPTION BREAKDOWN (per producer per material):
20:40:36  INFO        Producer                        Material Consumed                     Norm        Quantity  Credit
20:40:36  INFO        ------------------------------  ------------------------------  ----------  --------------  ------
20:40:36  INFO        Boiler Feed Water               CHEM CYCLO HEXY                   0.000100           11.57  
20:40:36  INFO        Boiler Feed Water               CHEM MORPHOLENE                   0.000002            0.23  
20:40:36  INFO        Boiler Feed Water               Cooling Water 2                   0.001146          132.64  
20:40:36  INFO        Boiler Feed Water               D M Water                         0.860000        99537.30  
20:40:36  INFO        Boiler Feed Water               KEM WATREAT B 70M                 0.000570           65.97  
20:40:36  INFO        Boiler Feed Water               LP Steam_Dis                      0.145000        16782.45  
20:40:36  INFO        Boiler Feed Water               Power_Dis                         9.500000      1099539.93  
20:40:36  INFO        COMPRESSED AIR                  Cooling Water 2                   0.000025          179.01  
20:40:36  INFO        COMPRESSED AIR                  Power_Dis                         0.165000      1181440.68  
20:40:36  INFO        Cooling Water 1                 COMPRESSED AIR                    0.109348         1649.95  
20:40:36  INFO        Cooling Water 1                 Power_Dis                       245.000005      3696805.08  
20:40:36  INFO        Cooling Water 1                 SULPHURIC ACID                    0.000158            2.38  
20:40:36  INFO        Cooling Water 1                 Water                            11.050000       166733.45  
20:40:36  INFO        Cooling Water 2                 COMPRESSED AIR                    0.118537         1773.50  
20:40:36  INFO        Cooling Water 2                 Power_Dis                       249.999998      3740401.30  
20:40:36  INFO        Cooling Water 2                 SULPHURIC ACID                    0.000200            2.99  
20:40:36  INFO        Cooling Water 2                 Water                            11.500000       172058.46  
20:40:36  INFO        D M Water                       CAUSTIC SODA LYE – GRADE 1        0.000258           39.52  
20:40:36  INFO        D M Water                       CHEM  SODIUM SULPHITE;PN:MIS 1    0.000811          124.24  
20:40:36  INFO        D M Water                       CHEM ALUM.SULFATE, AL2(SO4)3,1    0.000757          115.96  
20:40:36  INFO        D M Water                       COMPRESSED AIR                    0.077000        11795.57  
20:40:36  INFO        D M Water                       HYDRO CHLORIC ACID (30%) -VIRG    0.000258           39.52  
20:40:36  INFO        D M Water                       POLYELECTROLYTE                   0.000766          117.34  
20:40:36  INFO        D M Water                       Power_Dis                         1.210000       185359.02  
20:40:36  INFO        D M Water                       Ret steam condensate              0.203000        31097.42  
20:40:36  INFO        D M Water                       SODIUM CHLORIDE IS 797 GRADE1     0.000010            1.53  
20:40:36  INFO        D M Water                       Water                             1.050000       160848.74  
20:40:36  INFO        HP Steam PRDS                   Boiler Feed Water                 0.076800          359.04  
20:40:36  INFO        HP Steam PRDS                   SHP Steam_Dis                     0.923200         4315.96  
20:40:36  INFO        HP Steam_Dis                    HP Steam PRDS                     1.000000         4675.00  
20:40:36  INFO        HRSG1_SHP STEAM                 Boiler Feed Water                 1.024000        54834.18  
20:40:36  INFO        HRSG1_SHP STEAM                 CHEM TRISODIUM PHOSPHATE          0.000900           48.19  
20:40:36  INFO        HRSG1_SHP STEAM                 COMPRESSED AIR                    9.953262       532987.23  
20:40:36  INFO        HRSG1_SHP STEAM                 FURNACE OIL ( MEDIUM VISCOSITY    0.000098            5.25  
20:40:36  INFO        HRSG1_SHP STEAM                 LP Steam_Dis                     -0.078000        -4176.82  YES
20:40:36  INFO        HRSG1_SHP STEAM                 NATURAL GAS                       2.472238       132385.87  
20:40:36  INFO        HRSG1_SHP STEAM                 Water                             0.002660          142.44  
20:40:36  INFO        HRSG2_SHP STEAM                 Boiler Feed Water                 1.024000        54834.18  
20:40:36  INFO        HRSG2_SHP STEAM                 CHEM TRISODIUM PHOSPHATE          0.000900           48.19  
20:40:36  INFO        HRSG2_SHP STEAM                 COMPRESSED AIR                   10.617329       568547.35  
20:40:36  INFO        HRSG2_SHP STEAM                 FURNACE OIL ( MEDIUM VISCOSITY    0.000098            5.25  
20:40:36  INFO        HRSG2_SHP STEAM                 LP Steam_Dis                     -0.078000        -4176.82  YES
20:40:36  INFO        HRSG2_SHP STEAM                 NATURAL GAS                       2.954424       158206.45  
20:40:36  INFO        HRSG2_SHP STEAM                 Water                             0.002660          142.44  
20:40:36  INFO        LP Steam PRDS                   Boiler Feed Water                 0.250000         4380.81  
20:40:36  INFO        LP Steam PRDS                   MP Steam_Dis                      0.750000        13142.44  
20:40:36  INFO        LP Steam_Dis                    LP Steam PRDS                     0.412900        17565.45  
20:40:36  INFO        LP Steam_Dis                    STG1_LP STEAM                     0.587100        24976.20  
20:40:36  INFO        MP Steam PRDS SHP               Boiler Feed Water                 0.090000         2008.40  
20:40:36  INFO        MP Steam PRDS SHP               SHP Steam_Dis                     0.910000        20307.16  
20:40:36  INFO        MP Steam_Dis                    MP Steam PRDS SHP                 0.819700        22315.75  
20:40:36  INFO        MP Steam_Dis                    STG1_MP STEAM                     0.180300         4908.54  
20:40:36  INFO        Oxygen                          Cooling Water 2                   0.250000         1565.00  
20:40:36  INFO        Oxygen                          Nitrogen Gas                    919.820000      5758073.20  
20:40:36  INFO        Oxygen                          Power_Dis                       925.170000      5791564.20  
20:40:36  INFO        POWERGEN                        COMPRESSED AIR                    0.006205        30007.38  
20:40:36  INFO        POWERGEN                        COMPRESSED AIR                    0.003912            0.00  
20:40:36  INFO        POWERGEN                        COMPRESSED AIR                    0.005283        19652.76  
20:40:36  INFO        POWERGEN                        COMPRESSED AIR                    0.004634        61056.19  
20:40:36  INFO        POWERGEN                        Cooling Water 2                   0.000022          106.39  
20:40:36  INFO        POWERGEN                        Cooling Water 2                   0.000011            0.00  
20:40:36  INFO        POWERGEN                        Cooling Water 2                   0.000018           66.96  
20:40:36  INFO        POWERGEN                        Cooling Water 2                   0.000268         3531.09  
20:40:36  INFO        POWERGEN                        NATURAL GAS                       0.014762        70637.60  
20:40:36  INFO        POWERGEN                        NATURAL GAS                       0.009472            0.00  
20:40:36  INFO        POWERGEN                        NATURAL GAS                       0.014762        57633.61  
20:40:36  INFO        POWERGEN                        No Material                       0.000000            0.00  
20:40:36  INFO        POWERGEN                        No Material                       0.000000            0.00  
20:40:36  INFO        POWERGEN                        No Material                       0.000000            0.00  
20:40:36  INFO        POWERGEN                        Power_Dis                         0.014000        67704.00  
20:40:36  INFO        POWERGEN                        Power_Dis                         0.019931            0.00  
20:40:36  INFO        POWERGEN                        Power_Dis                         0.014000        52080.00  
20:40:36  INFO        POWERGEN                        Power_Dis                         0.002000        26351.40  
20:40:36  INFO        POWERGEN                        Ret steam condensate              0.002326        30646.68  
20:40:36  INFO        POWERGEN                        SHP Steam_Dis                     0.003515        46312.59  
20:40:36  INFO        Power_Dis                       POWERGEN                          0.108045      5000722.37  
20:40:36  INFO        Power_Dis                       POWERGEN                          0.108045      5000722.37  
20:40:36  INFO        Power_Dis                       POWERGEN                          0.219962     10180655.22  
20:40:36  INFO        Power_Dis                       Power from MEL                    0.563947     24552000.00  
20:40:36  INFO        SHP Steam_Dis                   HRSG1_SHP STEAM                   0.500000        53549.00  
20:40:36  INFO        SHP Steam_Dis                   HRSG2_SHP STEAM                   0.500000        53549.00  
20:40:36  INFO        STG1_LP STEAM                   SHP Steam_Dis                     0.480000        11959.78  
20:40:36  INFO        STG1_MP STEAM                   SHP Steam_Dis                     0.690000         3386.86  
20:40:36  INFO      
20:40:36  INFO        All U4U materials converged within tolerance
20:40:36  INFO        ------------------------------------------------------------------------------------------
20:40:36  INFO        [DISPATCH] Total demand: 44499.70 MWh, Import: 24552.00 MWh, Net for GT/STG: 19947.70 MWh
20:40:36  WARNING     [DISPATCH] No aux power norm for 'NMD-Power Plant-1'; using 0.0
20:40:36  WARNING     [DISPATCH] No aux power norm for 'NMD-Power Plant-2'; using 0.0
20:40:36  WARNING     [DISPATCH] No aux power norm for 'NMD-STG Power Plant'; using 0.0
20:40:36  INFO        ==============================================================================
20:40:36  INFO        POWER DISPATCH  (July 2025)
20:40:36  INFO        ==============================================================================
20:40:36  INFO        Demand:  Process = 44499.70 MWh  |  Fixed = 0.00 MWh  |  Total = 44499.70 MWh
20:40:36  INFO      
20:40:36  INFO        Asset                      Priority    Min MW    Max MW     Hours   Dispatched MW  Dispatched MWh    Load %  Free Steam MT  Aux Power MWh
20:40:36  INFO        -------------------------  --------  --------  --------  --------  --------------  --------------  --------  ------------  ------------
20:40:36  INFO        NMD-Power Plant-1                 1      5.00     21.90    744.00            5.00         3720.00     22.8%       7328.40          0.00
20:40:36  INFO        NMD-Power Plant-2                 1      6.50     14.00    744.00            6.50         4836.00     46.4%       9526.92          0.00
20:40:36  INFO        NMD-STG Power Plant               2      6.00     24.90    644.00           20.46        13175.70     82.2%          0.00          0.00
20:40:36  INFO        TOTAL                                                                                    21731.70                16855.32          0.00
20:40:36  INFO        DEFICIT: 22768.00 MWh under-generation
20:40:36  INFO        ==============================================================================
20:40:36  INFO        [STG EXTRACTION] STG Load: 20.46 MW, LP Extraction: 19320.00 MT, MP Extraction: 8372.00 MT
20:40:36  INFO        ==============================================================================
20:40:36  INFO        STEAM DISPATCH  (July 2025)
20:40:36  INFO        ==============================================================================
20:40:36  INFO        Grade      Process/Fixed MT  Letdown MT  Byproduct MT     Net Demand MT
20:40:36  INFO        ---------  ----------------  ----------  ------------  ----------------
20:40:36  INFO        SHP               107112.35    98886.12          0.00         107112.35
20:40:36  INFO        HP                  4675.00    77670.84          0.00         103561.12
20:40:36  INFO        MP                 27236.12        0.00          0.00          96534.96
20:40:36  INFO        LP                 42550.28        0.00          0.00          23230.28
20:40:36  INFO      
20:40:36  INFO        Total Free Steam available: 16855.32 MT
20:40:36  INFO      
20:40:36  INFO        FINAL SUPPLEMENTARY FIRING DISPATCH
20:40:36  INFO        Asset                      Priority     Min TPH     Max TPH     Hours  Dispatched TPH   Dispatched MT    Load %
20:40:36  INFO        -------------------------  --------  ----------  ----------  --------  --------------  --------------  --------
20:40:36  INFO        HRSG-1                            1       50.15      126.15    744.00           62.13        46227.77     52.9%
20:40:36  INFO        HRSG-2                            1       47.20      123.19    744.00           59.18        44029.25     52.9%
20:40:36  INFO        HRSG-3                          999       60.00      136.00      0.00            0.00            0.00      0.0%
20:40:36  INFO        TOTAL SUPPLEMENTARY                                                                          90257.02          
20:40:36  INFO        TOTAL STEAM GENERATED                                                                       107112.34          
20:40:36  INFO        DEFICIT: 0.01 MT
20:40:36  INFO        ==============================================================================
20:40:36  INFO        [REVERSE NG HRSG] Found HRSG: HRSG-1, supp_steam=46227.77 MT, free_steam=7328.40 MT, total_steam=53556.17 MT
20:40:36  INFO        [REVERSE NG HRSG] HRSG1_SHP STEAM: total_steam=53556.17 MT, norm=2.472238, consumed=132403.60 MMBTU (REVERSE, BPC method)
20:40:36  INFO        [REVERSE NG] Found GT asset: NMD-Power Plant-2, plant: NMD - Power Plant 2, heat_rate: 5182.18, free_steam: 1.97
20:40:36  INFO        [REVERSE NG] NMD - Power Plant 2: gen_qty=4836000 KWH, heat_rate=5182.18, free_steam=1.9700, consumed=70637.60 MMBTU (REVERSE)
20:40:36  INFO        [REVERSE NG] Found GT asset: NMD-Power Plant-1, plant: NMD - Power Plant 1, heat_rate: 5405.67, free_steam: 1.97
20:40:36  INFO        [REVERSE NG] NMD - Power Plant 1: gen_qty=3720000 KWH, heat_rate=5405.67, free_steam=1.9700, consumed=57633.61 MMBTU (REVERSE)
20:40:36  INFO        [REVERSE NG HRSG] Found HRSG: HRSG-2, supp_steam=44029.25 MT, free_steam=9526.92 MT, total_steam=53556.17 MT
20:40:36  INFO        [REVERSE NG HRSG] HRSG2_SHP STEAM: total_steam=53556.17 MT, norm=2.954424, consumed=158227.63 MMBTU (REVERSE, BPC method)
20:40:36  INFO        [U4U LOOP] Excess steam (0.00 MT) is small, holding STG override at 13175.70 MWh
20:40:36  INFO      
20:40:36  INFO        ------------------------------------------------------------------------------------------
20:40:36  INFO        ITERATION 16
20:40:36  INFO        ------------------------------------------------------------------------------------------
20:40:36  INFO        Power:  Demand =    44499703.81 KWH  |  Gen =       21731.70 MWh  |  Surplus =  1784.00  |  Deficit =     0.00
20:40:36  INFO        Steam:  Gen =      107112.34 MT  |  Surplus =     0.00  |  Deficit =     0.01
20:40:36  INFO        Power delta: 1554.6939 MWh  |  Converged: NO
20:40:36  INFO      
20:40:36  INFO        Utility                                Total Demand      U4U Demand         Initial    Change %
20:40:36  INFO        -----------------------------------  --------------  --------------  --------------  ----------
20:40:36  INFO        Boiler Feed Water                         116416.60       116441.86            0.00     0.5803%
20:40:36  INFO        COMPRESSED AIR                           7167036.18      1227621.38      5939566.24    82.9681%
20:40:36  INFO        Cooling Water 1                            15089.00            0.00        15089.00   100.0000%
20:40:36  INFO        Cooling Water 2                            14961.68         5582.03         9380.59    62.6979%
20:40:36  INFO        D M Water                                 153240.50       100118.28        53703.20    35.0785%
20:40:36  INFO        HP Steam PRDS                               4675.00         4675.00            0.00     0.0000%
20:40:36  INFO        HP Steam_Dis                                4675.00            0.00         4675.00   100.0000%
20:40:36  INFO        HRSG1_SHP STEAM                            53549.00        53556.17            0.00     0.6121%
20:40:36  INFO        HRSG2_SHP STEAM                            53549.00        53556.17            0.00     0.6121%
20:40:36  INFO        LP Steam PRDS                              17565.45        17569.01            0.00     0.2402%
20:40:36  INFO        LP Steam_Dis                               42550.28        16880.41        25767.83    60.5788%
20:40:36  INFO        MP Steam PRDS SHP                          22315.75        22325.45            0.00     0.0009%
20:40:36  INFO        MP Steam_Dis                               27236.12        13174.08        14093.68    51.7897%
20:40:36  INFO        Nitrogen Gas                            10905918.20      5758073.20      5147845.00    47.2023% (PT)
20:40:36  INFO        Oxygen                                      6260.00            0.00         6260.00   100.0000%
20:40:36  INFO        POWERGEN                                20182099.95     20182099.95            0.00     0.0000%
20:40:36  INFO        Power_Dis                               44499703.81     15848863.12     28658458.20    64.4050% (PT)
20:40:36  INFO        SHP Steam_Dis                             107112.35        86311.35        20830.00    19.4603%
20:40:36  INFO        STG1_LP STEAM                              24976.20        24981.27            0.00     0.2402%
20:40:36  INFO        STG1_MP STEAM                               4908.54         4910.67            0.00     0.0009%
20:40:36  INFO        Water                                     787955.69       499980.16       288030.16    36.6365% (PT)
20:40:36  INFO      
20:40:36  INFO        U4U CONSUMPTION BREAKDOWN (per producer per material):
20:40:36  INFO        Producer                        Material Consumed                     Norm        Quantity  Credit
20:40:36  INFO        ------------------------------  ------------------------------  ----------  --------------  ------
20:40:36  INFO        Boiler Feed Water               CHEM CYCLO HEXY                   0.000100           11.64  
20:40:36  INFO        Boiler Feed Water               CHEM MORPHOLENE                   0.000002            0.23  
20:40:36  INFO        Boiler Feed Water               Cooling Water 2                   0.001146          133.41  
20:40:36  INFO        Boiler Feed Water               D M Water                         0.860000       100118.28  
20:40:36  INFO        Boiler Feed Water               KEM WATREAT B 70M                 0.000570           66.36  
20:40:36  INFO        Boiler Feed Water               LP Steam_Dis                      0.145000        16880.41  
20:40:36  INFO        Boiler Feed Water               Power_Dis                         9.500000      1105957.75  
20:40:36  INFO        COMPRESSED AIR                  Cooling Water 2                   0.000025          179.18  
20:40:36  INFO        COMPRESSED AIR                  Power_Dis                         0.165000      1182560.97  
20:40:36  INFO        Cooling Water 1                 COMPRESSED AIR                    0.109348         1649.95  
20:40:36  INFO        Cooling Water 1                 Power_Dis                       245.000005      3696805.08  
20:40:36  INFO        Cooling Water 1                 SULPHURIC ACID                    0.000158            2.38  
20:40:36  INFO        Cooling Water 1                 Water                            11.050000       166733.45  
20:40:36  INFO        Cooling Water 2                 COMPRESSED AIR                    0.118537         1773.51  
20:40:36  INFO        Cooling Water 2                 Power_Dis                       249.999998      3740418.72  
20:40:36  INFO        Cooling Water 2                 SULPHURIC ACID                    0.000200            2.99  
20:40:36  INFO        Cooling Water 2                 Water                            11.500000       172059.26  
20:40:36  INFO        D M Water                       CAUSTIC SODA LYE – GRADE 1        0.000258           39.54  
20:40:36  INFO        D M Water                       CHEM  SODIUM SULPHITE;PN:MIS 1    0.000811          124.28  
20:40:36  INFO        D M Water                       CHEM ALUM.SULFATE, AL2(SO4)3,1    0.000757          116.00  
20:40:36  INFO        D M Water                       COMPRESSED AIR                    0.077000        11799.52  
20:40:36  INFO        D M Water                       HYDRO CHLORIC ACID (30%) -VIRG    0.000258           39.54  
20:40:36  INFO        D M Water                       POLYELECTROLYTE                   0.000766          117.38  
20:40:36  INFO        D M Water                       Power_Dis                         1.210000       185421.00  
20:40:36  INFO        D M Water                       Ret steam condensate              0.203000        31107.82  
20:40:36  INFO        D M Water                       SODIUM CHLORIDE IS 797 GRADE1     0.000010            1.53  
20:40:36  INFO        D M Water                       Water                             1.050000       160902.52  
20:40:36  INFO        HP Steam PRDS                   Boiler Feed Water                 0.076800          359.04  
20:40:36  INFO        HP Steam PRDS                   SHP Steam_Dis                     0.923200         4315.96  
20:40:36  INFO        HP Steam_Dis                    HP Steam PRDS                     1.000000         4675.00  
20:40:36  INFO        HRSG1_SHP STEAM                 Boiler Feed Water                 1.024000        54841.52  
20:40:36  INFO        HRSG1_SHP STEAM                 CHEM TRISODIUM PHOSPHATE          0.000900           48.20  
20:40:36  INFO        HRSG1_SHP STEAM                 COMPRESSED AIR                    9.953262       533058.59  
20:40:36  INFO        HRSG1_SHP STEAM                 FURNACE OIL ( MEDIUM VISCOSITY    0.000098            5.25  
20:40:36  INFO        HRSG1_SHP STEAM                 LP Steam_Dis                     -0.078000        -4177.38  YES
20:40:36  INFO        HRSG1_SHP STEAM                 NATURAL GAS                       2.472238       132403.60  
20:40:36  INFO        HRSG1_SHP STEAM                 Water                             0.002660          142.46  
20:40:36  INFO        HRSG2_SHP STEAM                 Boiler Feed Water                 1.024000        54841.52  
20:40:36  INFO        HRSG2_SHP STEAM                 CHEM TRISODIUM PHOSPHATE          0.000900           48.20  
20:40:36  INFO        HRSG2_SHP STEAM                 COMPRESSED AIR                   10.617329       568623.48  
20:40:36  INFO        HRSG2_SHP STEAM                 FURNACE OIL ( MEDIUM VISCOSITY    0.000098            5.25  
20:40:36  INFO        HRSG2_SHP STEAM                 LP Steam_Dis                     -0.078000        -4177.38  YES
20:40:36  INFO        HRSG2_SHP STEAM                 NATURAL GAS                       2.954424       158227.63  
20:40:36  INFO        HRSG2_SHP STEAM                 Water                             0.002660          142.46  
20:40:36  INFO        LP Steam PRDS                   Boiler Feed Water                 0.250000         4391.36  
20:40:36  INFO        LP Steam PRDS                   MP Steam_Dis                      0.750000        13174.08  
20:40:36  INFO        LP Steam_Dis                    LP Steam PRDS                     0.412900        17569.01  
20:40:36  INFO        LP Steam_Dis                    STG1_LP STEAM                     0.587100        24981.27  
20:40:36  INFO        MP Steam PRDS SHP               Boiler Feed Water                 0.090000         2008.42  
20:40:36  INFO        MP Steam PRDS SHP               SHP Steam_Dis                     0.910000        20307.34  
20:40:36  INFO        MP Steam_Dis                    MP Steam PRDS SHP                 0.819700        22325.45  
20:40:36  INFO        MP Steam_Dis                    STG1_MP STEAM                     0.180300         4910.67  
20:40:36  INFO        Oxygen                          Cooling Water 2                   0.250000         1565.00  
20:40:36  INFO        Oxygen                          Nitrogen Gas                    919.820000      5758073.20  
20:40:36  INFO        Oxygen                          Power_Dis                       925.170000      5791564.20  
20:40:36  INFO        POWERGEN                        COMPRESSED AIR                    0.006205        30007.38  
20:40:36  INFO        POWERGEN                        COMPRESSED AIR                    0.003912            0.00  
20:40:36  INFO        POWERGEN                        COMPRESSED AIR                    0.005283        19652.76  
20:40:36  INFO        POWERGEN                        COMPRESSED AIR                    0.004634        61056.19  
20:40:36  INFO        POWERGEN                        Cooling Water 2                   0.000022          106.39  
20:40:36  INFO        POWERGEN                        Cooling Water 2                   0.000011            0.00  
20:40:36  INFO        POWERGEN                        Cooling Water 2                   0.000018           66.96  
20:40:36  INFO        POWERGEN                        Cooling Water 2                   0.000268         3531.09  
20:40:36  INFO        POWERGEN                        NATURAL GAS                       0.014762        70637.60  
20:40:36  INFO        POWERGEN                        NATURAL GAS                       0.009472            0.00  
20:40:36  INFO        POWERGEN                        NATURAL GAS                       0.014762        57633.61  
20:40:36  INFO        POWERGEN                        No Material                       0.000000            0.00  
20:40:36  INFO        POWERGEN                        No Material                       0.000000            0.00  
20:40:36  INFO        POWERGEN                        No Material                       0.000000            0.00  
20:40:36  INFO        POWERGEN                        Power_Dis                         0.014000        67704.00  
20:40:36  INFO        POWERGEN                        Power_Dis                         0.019931            0.00  
20:40:36  INFO        POWERGEN                        Power_Dis                         0.014000        52080.00  
20:40:36  INFO        POWERGEN                        Power_Dis                         0.002000        26351.40  
20:40:36  INFO        POWERGEN                        Ret steam condensate              0.002326        30646.68  
20:40:36  INFO        POWERGEN                        SHP Steam_Dis                     0.003515        46312.59  
20:40:36  INFO        Power_Dis                       POWERGEN                          0.108045      5000722.37  
20:40:36  INFO        Power_Dis                       POWERGEN                          0.108045      5000722.37  
20:40:36  INFO        Power_Dis                       POWERGEN                          0.219962     10180655.22  
20:40:36  INFO        Power_Dis                       Power from MEL                    0.563947     24552000.00  
20:40:36  INFO        SHP Steam_Dis                   HRSG1_SHP STEAM                   0.500000        53556.17  
20:40:36  INFO        SHP Steam_Dis                   HRSG2_SHP STEAM                   0.500000        53556.17  
20:40:36  INFO        STG1_LP STEAM                   SHP Steam_Dis                     0.480000        11988.58  
20:40:36  INFO        STG1_MP STEAM                   SHP Steam_Dis                     0.690000         3386.89  
20:40:36  INFO      
20:40:36  INFO        All U4U materials converged within tolerance
20:40:36  INFO        ------------------------------------------------------------------------------------------
20:40:36  INFO        [DISPATCH] Total demand: 44507.32 MWh, Import: 24552.00 MWh, Net for GT/STG: 19955.32 MWh
20:40:36  WARNING     [DISPATCH] No aux power norm for 'NMD-Power Plant-1'; using 0.0
20:40:36  WARNING     [DISPATCH] No aux power norm for 'NMD-Power Plant-2'; using 0.0
20:40:36  WARNING     [DISPATCH] No aux power norm for 'NMD-STG Power Plant'; using 0.0
20:40:36  INFO        ==============================================================================
20:40:36  INFO        POWER DISPATCH  (July 2025)
20:40:36  INFO        ==============================================================================
20:40:36  INFO        Demand:  Process = 44507.32 MWh  |  Fixed = 0.00 MWh  |  Total = 44507.32 MWh
20:40:36  INFO      
20:40:36  INFO        Asset                      Priority    Min MW    Max MW     Hours   Dispatched MW  Dispatched MWh    Load %  Free Steam MT  Aux Power MWh
20:40:36  INFO        -------------------------  --------  --------  --------  --------  --------------  --------------  --------  ------------  ------------
20:40:36  INFO        NMD-Power Plant-1                 1      5.00     21.90    744.00            5.00         3720.00     22.8%       7328.40          0.00
20:40:36  INFO        NMD-Power Plant-2                 1      6.50     14.00    744.00            6.50         4836.00     46.4%       9526.92          0.00
20:40:36  INFO        NMD-STG Power Plant               2      6.00     24.90    644.00           20.46        13175.70     82.2%          0.00          0.00
20:40:36  INFO        TOTAL                                                                                    21731.70                16855.32          0.00
20:40:36  INFO        DEFICIT: 22775.62 MWh under-generation
20:40:36  INFO        ==============================================================================
20:40:37  INFO        [STG EXTRACTION] STG Load: 20.46 MW, LP Extraction: 19320.00 MT, MP Extraction: 8372.00 MT
20:40:37  INFO        ==============================================================================
20:40:37  INFO        STEAM DISPATCH  (July 2025)
20:40:37  INFO        ==============================================================================
20:40:37  INFO        Grade      Process/Fixed MT  Letdown MT  Byproduct MT     Net Demand MT
20:40:37  INFO        ---------  ----------------  ----------  ------------  ----------------
20:40:37  INFO        SHP               107141.35    98912.89          0.00         107141.35
20:40:37  INFO        HP                  4675.00    77690.92          0.00         103587.89
20:40:37  INFO        MP                 27267.76        0.00          0.00          96586.68
20:40:37  INFO        LP                 42648.24        0.00          0.00          23328.24
20:40:37  INFO      
20:40:37  INFO        Total Free Steam available: 16855.32 MT
20:40:37  INFO      
20:40:37  INFO        FINAL SUPPLEMENTARY FIRING DISPATCH
20:40:37  INFO        Asset                      Priority     Min TPH     Max TPH     Hours  Dispatched TPH   Dispatched MT    Load %
20:40:37  INFO        -------------------------  --------  ----------  ----------  --------  --------------  --------------  --------
20:40:37  INFO        HRSG-1                            1       50.15      126.15    744.00           62.15        46242.27     52.9%
20:40:37  INFO        HRSG-2                            1       47.20      123.19    744.00           59.20        44043.75     52.9%
20:40:37  INFO        HRSG-3                          999       60.00      136.00      0.00            0.00            0.00      0.0%
20:40:37  INFO        TOTAL SUPPLEMENTARY                                                                          90286.02          
20:40:37  INFO        TOTAL STEAM GENERATED                                                                       107141.34          
20:40:37  INFO        DEFICIT: 0.01 MT
20:40:37  INFO        ==============================================================================
20:40:37  INFO        [REVERSE NG HRSG] Found HRSG: HRSG-1, supp_steam=46242.27 MT, free_steam=7328.40 MT, total_steam=53570.67 MT
20:40:37  INFO        [REVERSE NG HRSG] HRSG1_SHP STEAM: total_steam=53570.67 MT, norm=2.472238, consumed=132439.45 MMBTU (REVERSE, BPC method)
20:40:37  INFO        [REVERSE NG] Found GT asset: NMD-Power Plant-2, plant: NMD - Power Plant 2, heat_rate: 5182.18, free_steam: 1.97
20:40:37  INFO        [REVERSE NG] NMD - Power Plant 2: gen_qty=4836000 KWH, heat_rate=5182.18, free_steam=1.9700, consumed=70637.60 MMBTU (REVERSE)
20:40:37  INFO        [REVERSE NG] Found GT asset: NMD-Power Plant-1, plant: NMD - Power Plant 1, heat_rate: 5405.67, free_steam: 1.97
20:40:37  INFO        [REVERSE NG] NMD - Power Plant 1: gen_qty=3720000 KWH, heat_rate=5405.67, free_steam=1.9700, consumed=57633.61 MMBTU (REVERSE)
20:40:37  INFO        [REVERSE NG HRSG] Found HRSG: HRSG-2, supp_steam=44043.75 MT, free_steam=9526.92 MT, total_steam=53570.67 MT
20:40:37  INFO        [REVERSE NG HRSG] HRSG2_SHP STEAM: total_steam=53570.67 MT, norm=2.954424, consumed=158270.47 MMBTU (REVERSE, BPC method)
20:40:37  INFO        [U4U LOOP] Excess steam (0.00 MT) is small, holding STG override at 13175.70 MWh
20:40:37  INFO      
20:40:37  INFO        ------------------------------------------------------------------------------------------
20:40:37  INFO        ITERATION 17
20:40:37  INFO        ------------------------------------------------------------------------------------------
20:40:37  INFO        Power:  Demand =    44507321.32 KWH  |  Gen =       21731.70 MWh  |  Surplus =  1776.38  |  Deficit =     0.00
20:40:37  INFO        Steam:  Gen =      107141.34 MT  |  Surplus =     0.00  |  Deficit =     0.01
20:40:37  INFO        Power delta: 7617.5068 MWh  |  Converged: NO
20:40:37  INFO      
20:40:37  INFO        Utility                                Total Demand      U4U Demand         Initial    Change %
20:40:37  INFO        -----------------------------------  --------------  --------------  --------------  ----------
20:40:37  INFO        Boiler Feed Water                         116441.86       116473.32            0.00     0.0217%
20:40:37  INFO        COMPRESSED AIR                           7167187.62      1227964.51      5939566.24    82.8738%
20:40:37  INFO        Cooling Water 1                            15089.00            0.00        15089.00   100.0000%
20:40:37  INFO        Cooling Water 2                            14962.62         5582.06         9380.59    62.6998%
20:40:37  INFO        D M Water                                 153821.48       100140.00        53703.20    35.2904%
20:40:37  INFO        HP Steam PRDS                               4675.00         4675.00            0.00     0.0000%
20:40:37  INFO        HP Steam_Dis                                4675.00            0.00         4675.00   100.0000%
20:40:37  INFO        HRSG1_SHP STEAM                            53556.17        53570.67            0.00     0.0134%
20:40:37  INFO        HRSG2_SHP STEAM                            53556.17        53570.67            0.00     0.0134%
20:40:37  INFO        LP Steam PRDS                              17569.01        17609.46            0.00     0.0203%
20:40:37  INFO        LP Steam_Dis                               42648.24        16884.07        25767.83    60.6491%
20:40:37  INFO        MP Steam PRDS SHP                          22325.45        22351.39            0.00     0.0434%
20:40:37  INFO        MP Steam_Dis                               27267.76        13176.76        14093.68    51.8023%
20:40:37  INFO        Nitrogen Gas                            10905918.20      5758073.20      5147845.00    47.2023% (PT)
20:40:37  INFO        Oxygen                                      6260.00            0.00         6260.00   100.0000%
20:40:37  INFO        POWERGEN                                20182099.95     20182099.95            0.00     0.0000%
20:40:37  INFO        Power_Dis                               44507321.32     15850066.95     28658458.20    64.4076% (PT)
20:40:37  INFO        SHP Steam_Dis                             107141.35        86324.07        20830.00    19.4687%
20:40:37  INFO        STG1_LP STEAM                              24981.27        25038.78            0.00     0.0203%
20:40:37  INFO        STG1_MP STEAM                               4910.67         4916.38            0.00     0.0434%
20:40:37  INFO        Water                                     788010.32       500601.12       288030.16    36.5585% (PT)
20:40:37  INFO      
20:40:37  INFO        U4U CONSUMPTION BREAKDOWN (per producer per material):
20:40:37  INFO        Producer                        Material Consumed                     Norm        Quantity  Credit
20:40:37  INFO        ------------------------------  ------------------------------  ----------  --------------  ------
20:40:37  INFO        Boiler Feed Water               CHEM CYCLO HEXY                   0.000100           11.64  
20:40:37  INFO        Boiler Feed Water               CHEM MORPHOLENE                   0.000002            0.23  
20:40:37  INFO        Boiler Feed Water               Cooling Water 2                   0.001146          133.44  
20:40:37  INFO        Boiler Feed Water               D M Water                         0.860000       100140.00  
20:40:37  INFO        Boiler Feed Water               KEM WATREAT B 70M                 0.000570           66.37  
20:40:37  INFO        Boiler Feed Water               LP Steam_Dis                      0.145000        16884.07  
20:40:37  INFO        Boiler Feed Water               Power_Dis                         9.500000      1106197.62  
20:40:37  INFO        COMPRESSED AIR                  Cooling Water 2                   0.000025          179.18  
20:40:37  INFO        COMPRESSED AIR                  Power_Dis                         0.165000      1182585.96  
20:40:37  INFO        Cooling Water 1                 COMPRESSED AIR                    0.109348         1649.95  
20:40:37  INFO        Cooling Water 1                 Power_Dis                       245.000005      3696805.08  
20:40:37  INFO        Cooling Water 1                 SULPHURIC ACID                    0.000158            2.38  
20:40:37  INFO        Cooling Water 1                 Water                            11.050000       166733.45  
20:40:37  INFO        Cooling Water 2                 COMPRESSED AIR                    0.118537         1773.62  
20:40:37  INFO        Cooling Water 2                 Power_Dis                       249.999998      3740654.70  
20:40:37  INFO        Cooling Water 2                 SULPHURIC ACID                    0.000200            2.99  
20:40:37  INFO        Cooling Water 2                 Water                            11.500000       172070.12  
20:40:37  INFO        D M Water                       CAUSTIC SODA LYE – GRADE 1        0.000258           39.69  
20:40:37  INFO        D M Water                       CHEM  SODIUM SULPHITE;PN:MIS 1    0.000811          124.75  
20:40:37  INFO        D M Water                       CHEM ALUM.SULFATE, AL2(SO4)3,1    0.000757          116.44  
20:40:37  INFO        D M Water                       COMPRESSED AIR                    0.077000        11844.25  
20:40:37  INFO        D M Water                       HYDRO CHLORIC ACID (30%) -VIRG    0.000258           39.69  
20:40:37  INFO        D M Water                       POLYELECTROLYTE                   0.000766          117.83  
20:40:37  INFO        D M Water                       Power_Dis                         1.210000       186123.99  
20:40:37  INFO        D M Water                       Ret steam condensate              0.203000        31225.76  
20:40:37  INFO        D M Water                       SODIUM CHLORIDE IS 797 GRADE1     0.000010            1.54  
20:40:37  INFO        D M Water                       Water                             1.050000       161512.55  
20:40:37  INFO        HP Steam PRDS                   Boiler Feed Water                 0.076800          359.04  
20:40:37  INFO        HP Steam PRDS                   SHP Steam_Dis                     0.923200         4315.96  
20:40:37  INFO        HP Steam_Dis                    HP Steam PRDS                     1.000000         4675.00  
20:40:37  INFO        HRSG1_SHP STEAM                 Boiler Feed Water                 1.024000        54856.37  
20:40:37  INFO        HRSG1_SHP STEAM                 CHEM TRISODIUM PHOSPHATE          0.000900           48.21  
20:40:37  INFO        HRSG1_SHP STEAM                 COMPRESSED AIR                    9.953262       533202.91  
20:40:37  INFO        HRSG1_SHP STEAM                 FURNACE OIL ( MEDIUM VISCOSITY    0.000098            5.25  
20:40:37  INFO        HRSG1_SHP STEAM                 LP Steam_Dis                     -0.078000        -4178.51  YES
20:40:37  INFO        HRSG1_SHP STEAM                 NATURAL GAS                       2.472238       132439.45  
20:40:37  INFO        HRSG1_SHP STEAM                 Water                             0.002660          142.50  
20:40:37  INFO        HRSG2_SHP STEAM                 Boiler Feed Water                 1.024000        54856.37  
20:40:37  INFO        HRSG2_SHP STEAM                 CHEM TRISODIUM PHOSPHATE          0.000900           48.21  
20:40:37  INFO        HRSG2_SHP STEAM                 COMPRESSED AIR                   10.617329       568777.43  
20:40:37  INFO        HRSG2_SHP STEAM                 FURNACE OIL ( MEDIUM VISCOSITY    0.000098            5.25  
20:40:37  INFO        HRSG2_SHP STEAM                 LP Steam_Dis                     -0.078000        -4178.51  YES
20:40:37  INFO        HRSG2_SHP STEAM                 NATURAL GAS                       2.954424       158270.47  
20:40:37  INFO        HRSG2_SHP STEAM                 Water                             0.002660          142.50  
20:40:37  INFO        LP Steam PRDS                   Boiler Feed Water                 0.250000         4392.25  
20:40:37  INFO        LP Steam PRDS                   MP Steam_Dis                      0.750000        13176.76  
20:40:37  INFO        LP Steam_Dis                    LP Steam PRDS                     0.412900        17609.46  
20:40:37  INFO        LP Steam_Dis                    STG1_LP STEAM                     0.587100        25038.78  
20:40:37  INFO        MP Steam PRDS SHP               Boiler Feed Water                 0.090000         2009.29  
20:40:37  INFO        MP Steam PRDS SHP               SHP Steam_Dis                     0.910000        20316.16  
20:40:37  INFO        MP Steam_Dis                    MP Steam PRDS SHP                 0.819700        22351.39  
20:40:37  INFO        MP Steam_Dis                    STG1_MP STEAM                     0.180300         4916.38  
20:40:37  INFO        Oxygen                          Cooling Water 2                   0.250000         1565.00  
20:40:37  INFO        Oxygen                          Nitrogen Gas                    919.820000      5758073.20  
20:40:37  INFO        Oxygen                          Power_Dis                       925.170000      5791564.20  
20:40:37  INFO        POWERGEN                        COMPRESSED AIR                    0.006205        30007.38  
20:40:37  INFO        POWERGEN                        COMPRESSED AIR                    0.003912            0.00  
20:40:37  INFO        POWERGEN                        COMPRESSED AIR                    0.005283        19652.76  
20:40:37  INFO        POWERGEN                        COMPRESSED AIR                    0.004634        61056.19  
20:40:37  INFO        POWERGEN                        Cooling Water 2                   0.000022          106.39  
20:40:37  INFO        POWERGEN                        Cooling Water 2                   0.000011            0.00  
20:40:37  INFO        POWERGEN                        Cooling Water 2                   0.000018           66.96  
20:40:37  INFO        POWERGEN                        Cooling Water 2                   0.000268         3531.09  
20:40:37  INFO        POWERGEN                        NATURAL GAS                       0.014762        70637.60  
20:40:37  INFO        POWERGEN                        NATURAL GAS                       0.009472            0.00  
20:40:37  INFO        POWERGEN                        NATURAL GAS                       0.014762        57633.61  
20:40:37  INFO        POWERGEN                        No Material                       0.000000            0.00  
20:40:37  INFO        POWERGEN                        No Material                       0.000000            0.00  
20:40:37  INFO        POWERGEN                        No Material                       0.000000            0.00  
20:40:37  INFO        POWERGEN                        Power_Dis                         0.014000        67704.00  
20:40:37  INFO        POWERGEN                        Power_Dis                         0.019931            0.00  
20:40:37  INFO        POWERGEN                        Power_Dis                         0.014000        52080.00  
20:40:37  INFO        POWERGEN                        Power_Dis                         0.002000        26351.40  
20:40:37  INFO        POWERGEN                        Ret steam condensate              0.002326        30646.68  
20:40:37  INFO        POWERGEN                        SHP Steam_Dis                     0.003515        46312.59  
20:40:37  INFO        Power_Dis                       POWERGEN                          0.108045      5000722.37  
20:40:37  INFO        Power_Dis                       POWERGEN                          0.108045      5000722.37  
20:40:37  INFO        Power_Dis                       POWERGEN                          0.219962     10180655.22  
20:40:37  INFO        Power_Dis                       Power from MEL                    0.563947     24552000.00  
20:40:37  INFO        SHP Steam_Dis                   HRSG1_SHP STEAM                   0.500000        53570.67  
20:40:37  INFO        SHP Steam_Dis                   HRSG2_SHP STEAM                   0.500000        53570.67  
20:40:37  INFO        STG1_LP STEAM                   SHP Steam_Dis                     0.480000        11991.01  
20:40:37  INFO        STG1_MP STEAM                   SHP Steam_Dis                     0.690000         3388.36  
20:40:37  INFO      
20:40:37  INFO        All U4U materials converged within tolerance
20:40:37  INFO        ------------------------------------------------------------------------------------------
20:40:37  INFO        [DISPATCH] Total demand: 44508.53 MWh, Import: 24552.00 MWh, Net for GT/STG: 19956.53 MWh
20:40:37  WARNING     [DISPATCH] No aux power norm for 'NMD-Power Plant-1'; using 0.0
20:40:37  WARNING     [DISPATCH] No aux power norm for 'NMD-Power Plant-2'; using 0.0
20:40:37  WARNING     [DISPATCH] No aux power norm for 'NMD-STG Power Plant'; using 0.0
20:40:37  INFO        ==============================================================================
20:40:37  INFO        POWER DISPATCH  (July 2025)
20:40:37  INFO        ==============================================================================
20:40:37  INFO        Demand:  Process = 44508.53 MWh  |  Fixed = 0.00 MWh  |  Total = 44508.53 MWh
20:40:37  INFO      
20:40:37  INFO        Asset                      Priority    Min MW    Max MW     Hours   Dispatched MW  Dispatched MWh    Load %  Free Steam MT  Aux Power MWh
20:40:37  INFO        -------------------------  --------  --------  --------  --------  --------------  --------------  --------  ------------  ------------
20:40:37  INFO        NMD-Power Plant-1                 1      5.00     21.90    744.00            5.00         3720.00     22.8%       7328.40          0.00
20:40:37  INFO        NMD-Power Plant-2                 1      6.50     14.00    744.00            6.50         4836.00     46.4%       9526.92          0.00
20:40:37  INFO        NMD-STG Power Plant               2      6.00     24.90    644.00           20.46        13175.70     82.2%          0.00          0.00
20:40:37  INFO        TOTAL                                                                                    21731.70                16855.32          0.00
20:40:37  INFO        DEFICIT: 22776.83 MWh under-generation
20:40:37  INFO        ==============================================================================
20:40:37  INFO        [STG EXTRACTION] STG Load: 20.46 MW, LP Extraction: 19320.00 MT, MP Extraction: 8372.00 MT
20:40:37  INFO        ==============================================================================
20:40:37  INFO        STEAM DISPATCH  (July 2025)
20:40:37  INFO        ==============================================================================
20:40:37  INFO        Grade      Process/Fixed MT  Letdown MT  Byproduct MT     Net Demand MT
20:40:37  INFO        ---------  ----------------  ----------  ------------  ----------------
20:40:37  INFO        SHP               107154.07    98924.64          0.00         107154.07
20:40:37  INFO        HP                  4675.00    77699.73          0.00         103599.64
20:40:37  INFO        MP                 27270.44        0.00          0.00          96598.17
20:40:37  INFO        LP                 42651.90        0.00          0.00          23331.90
20:40:37  INFO      
20:40:37  INFO        Total Free Steam available: 16855.32 MT
20:40:37  INFO      
20:40:37  INFO        FINAL SUPPLEMENTARY FIRING DISPATCH
20:40:37  INFO        Asset                      Priority     Min TPH     Max TPH     Hours  Dispatched TPH   Dispatched MT    Load %
20:40:37  INFO        -------------------------  --------  ----------  ----------  --------  --------------  --------------  --------
20:40:37  INFO        HRSG-1                            1       50.15      126.15    744.00           62.16        46248.64     53.0%
20:40:37  INFO        HRSG-2                            1       47.20      123.19    744.00           59.21        44050.12     53.0%
20:40:37  INFO        HRSG-3                          999       60.00      136.00      0.00            0.00            0.00      0.0%
20:40:37  INFO        TOTAL SUPPLEMENTARY                                                                          90298.76          
20:40:37  INFO        TOTAL STEAM GENERATED                                                                       107154.08          
20:40:37  INFO        SURPLUS: 0.01 MT
20:40:37  INFO        ==============================================================================
20:40:37  INFO        [REVERSE NG HRSG] Found HRSG: HRSG-1, supp_steam=46248.64 MT, free_steam=7328.40 MT, total_steam=53577.04 MT
20:40:37  INFO        [REVERSE NG HRSG] HRSG1_SHP STEAM: total_steam=53577.04 MT, norm=2.472238, consumed=132455.19 MMBTU (REVERSE, BPC method)
20:40:37  INFO        [REVERSE NG] Found GT asset: NMD-Power Plant-2, plant: NMD - Power Plant 2, heat_rate: 5182.18, free_steam: 1.97
20:40:37  INFO        [REVERSE NG] NMD - Power Plant 2: gen_qty=4836000 KWH, heat_rate=5182.18, free_steam=1.9700, consumed=70637.60 MMBTU (REVERSE)
20:40:37  INFO        [REVERSE NG] Found GT asset: NMD-Power Plant-1, plant: NMD - Power Plant 1, heat_rate: 5405.67, free_steam: 1.97
20:40:37  INFO        [REVERSE NG] NMD - Power Plant 1: gen_qty=3720000 KWH, heat_rate=5405.67, free_steam=1.9700, consumed=57633.61 MMBTU (REVERSE)
20:40:37  INFO        [REVERSE NG HRSG] Found HRSG: HRSG-2, supp_steam=44050.12 MT, free_steam=9526.92 MT, total_steam=53577.04 MT
20:40:37  INFO        [REVERSE NG HRSG] HRSG2_SHP STEAM: total_steam=53577.04 MT, norm=2.954424, consumed=158289.29 MMBTU (REVERSE, BPC method)
20:40:37  INFO        [U4U LOOP] Excess steam (0.01 MT) is small, holding STG override at 13175.70 MWh
20:40:37  INFO      
20:40:37  INFO        ------------------------------------------------------------------------------------------
20:40:37  INFO        ITERATION 18
20:40:37  INFO        ------------------------------------------------------------------------------------------
20:40:37  INFO        Power:  Demand =    44508525.15 KWH  |  Gen =       21731.70 MWh  |  Surplus =  1775.17  |  Deficit =     0.00
20:40:37  INFO        Steam:  Gen =      107154.08 MT  |  Surplus =     0.01  |  Deficit =     0.00
20:40:37  INFO        Excess SHP:       0.01 MT → STG override = 13175.70 MWh, GT reduction = 0.00 MWh
20:40:37  INFO        Power delta: 1203.8360 MWh  |  Converged: NO
20:40:37  INFO      
20:40:37  INFO        Utility                                Total Demand      U4U Demand         Initial    Change %
20:40:37  INFO        -----------------------------------  --------------  --------------  --------------  ----------
20:40:37  INFO        Boiler Feed Water                         116473.32       116498.81            0.00     0.0270%
20:40:37  INFO        COMPRESSED AIR                           7167530.75      1228097.22      5939566.24    82.8725%
20:40:37  INFO        Cooling Water 1                            15089.00            0.00        15089.00   100.0000%
20:40:37  INFO        Cooling Water 2                            14962.65         5582.11         9380.59    62.6936%
20:40:37  INFO        D M Water                                 153843.20       100167.05        53703.20    34.9219%
20:40:37  INFO        HP Steam PRDS                               4675.00         4675.00            0.00     0.0000%
20:40:37  INFO        HP Steam_Dis                                4675.00            0.00         4675.00   100.0000%
20:40:37  INFO        HRSG1_SHP STEAM                            53570.67        53577.04            0.00     0.0271%
20:40:37  INFO        HRSG2_SHP STEAM                            53570.67        53577.04            0.00     0.0271%
20:40:37  INFO        LP Steam PRDS                              17609.46        17610.97            0.00     0.2297%
20:40:37  INFO        LP Steam_Dis                               42651.90        16888.63        25767.83    60.4228%
20:40:37  INFO        MP Steam PRDS SHP                          22351.39        22353.58            0.00     0.1161%
20:40:37  INFO        MP Steam_Dis                               27270.44        13207.09        14093.68    51.6910%
20:40:37  INFO        Nitrogen Gas                            10905918.20      5758073.20      5147845.00    47.2023% (PT)
20:40:37  INFO        Oxygen                                      6260.00            0.00         6260.00   100.0000%
20:40:37  INFO        POWERGEN                                20182099.95     20182099.95            0.00     0.0000%
20:40:37  INFO        Power_Dis                               44508525.15     15850456.89     28658458.20    64.3914% (PT)
20:40:37  INFO        SHP Steam_Dis                             107154.07        86379.22        20830.00    19.4512%
20:40:37  INFO        STG1_LP STEAM                              25038.78        25040.93            0.00     0.2297%
20:40:37  INFO        STG1_MP STEAM                               4916.38         4916.86            0.00     0.1161%
20:40:37  INFO        Water                                     788631.28       500624.33       288030.16    36.6015% (PT)
20:40:37  INFO      
20:40:37  INFO        U4U CONSUMPTION BREAKDOWN (per producer per material):
20:40:37  INFO        Producer                        Material Consumed                     Norm        Quantity  Credit
20:40:37  INFO        ------------------------------  ------------------------------  ----------  --------------  ------
20:40:37  INFO        Boiler Feed Water               CHEM CYCLO HEXY                   0.000100           11.65  
20:40:37  INFO        Boiler Feed Water               CHEM MORPHOLENE                   0.000002            0.23  
20:40:37  INFO        Boiler Feed Water               Cooling Water 2                   0.001146          133.48  
20:40:37  INFO        Boiler Feed Water               D M Water                         0.860000       100167.05  
20:40:37  INFO        Boiler Feed Water               KEM WATREAT B 70M                 0.000570           66.39  
20:40:37  INFO        Boiler Feed Water               LP Steam_Dis                      0.145000        16888.63  
20:40:37  INFO        Boiler Feed Water               Power_Dis                         9.500000      1106496.49  
20:40:37  INFO        COMPRESSED AIR                  Cooling Water 2                   0.000025          179.19  
20:40:37  INFO        COMPRESSED AIR                  Power_Dis                         0.165000      1182642.57  
20:40:37  INFO        Cooling Water 1                 COMPRESSED AIR                    0.109348         1649.95  
20:40:37  INFO        Cooling Water 1                 Power_Dis                       245.000005      3696805.08  
20:40:37  INFO        Cooling Water 1                 SULPHURIC ACID                    0.000158            2.38  
20:40:37  INFO        Cooling Water 1                 Water                            11.050000       166733.45  
20:40:37  INFO        Cooling Water 2                 COMPRESSED AIR                    0.118537         1773.63  
20:40:37  INFO        Cooling Water 2                 Power_Dis                       249.999998      3740662.88  
20:40:37  INFO        Cooling Water 2                 SULPHURIC ACID                    0.000200            2.99  
20:40:37  INFO        Cooling Water 2                 Water                            11.500000       172070.49  
20:40:37  INFO        D M Water                       CAUSTIC SODA LYE – GRADE 1        0.000258           39.69  
20:40:37  INFO        D M Water                       CHEM  SODIUM SULPHITE;PN:MIS 1    0.000811          124.77  
20:40:37  INFO        D M Water                       CHEM ALUM.SULFATE, AL2(SO4)3,1    0.000757          116.46  
20:40:37  INFO        D M Water                       COMPRESSED AIR                    0.077000        11845.93  
20:40:37  INFO        D M Water                       HYDRO CHLORIC ACID (30%) -VIRG    0.000258           39.69  
20:40:37  INFO        D M Water                       POLYELECTROLYTE                   0.000766          117.84  
20:40:37  INFO        D M Water                       Power_Dis                         1.210000       186150.27  
20:40:37  INFO        D M Water                       Ret steam condensate              0.203000        31230.17  
20:40:37  INFO        D M Water                       SODIUM CHLORIDE IS 797 GRADE1     0.000010            1.54  
20:40:37  INFO        D M Water                       Water                             1.050000       161535.36  
20:40:37  INFO        HP Steam PRDS                   Boiler Feed Water                 0.076800          359.04  
20:40:37  INFO        HP Steam PRDS                   SHP Steam_Dis                     0.923200         4315.96  
20:40:37  INFO        HP Steam_Dis                    HP Steam PRDS                     1.000000         4675.00  
20:40:37  INFO        HRSG1_SHP STEAM                 Boiler Feed Water                 1.024000        54862.89  
20:40:37  INFO        HRSG1_SHP STEAM                 CHEM TRISODIUM PHOSPHATE          0.000900           48.22  
20:40:37  INFO        HRSG1_SHP STEAM                 COMPRESSED AIR                    9.953262       533266.32  
20:40:37  INFO        HRSG1_SHP STEAM                 FURNACE OIL ( MEDIUM VISCOSITY    0.000098            5.25  
20:40:37  INFO        HRSG1_SHP STEAM                 LP Steam_Dis                     -0.078000        -4179.01  YES
20:40:37  INFO        HRSG1_SHP STEAM                 NATURAL GAS                       2.472238       132455.19  
20:40:37  INFO        HRSG1_SHP STEAM                 Water                             0.002660          142.51  
20:40:37  INFO        HRSG2_SHP STEAM                 Boiler Feed Water                 1.024000        54862.89  
20:40:37  INFO        HRSG2_SHP STEAM                 CHEM TRISODIUM PHOSPHATE          0.000900           48.22  
20:40:37  INFO        HRSG2_SHP STEAM                 COMPRESSED AIR                   10.617329       568845.06  
20:40:37  INFO        HRSG2_SHP STEAM                 FURNACE OIL ( MEDIUM VISCOSITY    0.000098            5.25  
20:40:37  INFO        HRSG2_SHP STEAM                 LP Steam_Dis                     -0.078000        -4179.01  YES
20:40:37  INFO        HRSG2_SHP STEAM                 NATURAL GAS                       2.954424       158289.29  
20:40:37  INFO        HRSG2_SHP STEAM                 Water                             0.002660          142.51  
20:40:37  INFO        LP Steam PRDS                   Boiler Feed Water                 0.250000         4402.36  
20:40:37  INFO        LP Steam PRDS                   MP Steam_Dis                      0.750000        13207.09  
20:40:37  INFO        LP Steam_Dis                    LP Steam PRDS                     0.412900        17610.97  
20:40:37  INFO        LP Steam_Dis                    STG1_LP STEAM                     0.587100        25040.93  
20:40:37  INFO        MP Steam PRDS SHP               Boiler Feed Water                 0.090000         2011.62  
20:40:37  INFO        MP Steam PRDS SHP               SHP Steam_Dis                     0.910000        20339.76  
20:40:37  INFO        MP Steam_Dis                    MP Steam PRDS SHP                 0.819700        22353.58  
20:40:37  INFO        MP Steam_Dis                    STG1_MP STEAM                     0.180300         4916.86  
20:40:37  INFO        Oxygen                          Cooling Water 2                   0.250000         1565.00  
20:40:37  INFO        Oxygen                          Nitrogen Gas                    919.820000      5758073.20  
20:40:37  INFO        Oxygen                          Power_Dis                       925.170000      5791564.20  
20:40:37  INFO        POWERGEN                        COMPRESSED AIR                    0.006205        30007.38  
20:40:37  INFO        POWERGEN                        COMPRESSED AIR                    0.003912            0.00  
20:40:37  INFO        POWERGEN                        COMPRESSED AIR                    0.005283        19652.76  
20:40:37  INFO        POWERGEN                        COMPRESSED AIR                    0.004634        61056.19  
20:40:37  INFO        POWERGEN                        Cooling Water 2                   0.000022          106.39  
20:40:37  INFO        POWERGEN                        Cooling Water 2                   0.000011            0.00  
20:40:37  INFO        POWERGEN                        Cooling Water 2                   0.000018           66.96  
20:40:37  INFO        POWERGEN                        Cooling Water 2                   0.000268         3531.09  
20:40:37  INFO        POWERGEN                        NATURAL GAS                       0.014762        70637.60  
20:40:37  INFO        POWERGEN                        NATURAL GAS                       0.009472            0.00  
20:40:37  INFO        POWERGEN                        NATURAL GAS                       0.014762        57633.61  
20:40:37  INFO        POWERGEN                        No Material                       0.000000            0.00  
20:40:37  INFO        POWERGEN                        No Material                       0.000000            0.00  
20:40:37  INFO        POWERGEN                        No Material                       0.000000            0.00  
20:40:37  INFO        POWERGEN                        Power_Dis                         0.014000        67704.00  
20:40:37  INFO        POWERGEN                        Power_Dis                         0.019931            0.00  
20:40:37  INFO        POWERGEN                        Power_Dis                         0.014000        52080.00  
20:40:37  INFO        POWERGEN                        Power_Dis                         0.002000        26351.40  
20:40:37  INFO        POWERGEN                        Ret steam condensate              0.002326        30646.68  
20:40:37  INFO        POWERGEN                        SHP Steam_Dis                     0.003515        46312.59  
20:40:37  INFO        Power_Dis                       POWERGEN                          0.108045      5000722.37  
20:40:37  INFO        Power_Dis                       POWERGEN                          0.108045      5000722.37  
20:40:37  INFO        Power_Dis                       POWERGEN                          0.219962     10180655.22  
20:40:37  INFO        Power_Dis                       Power from MEL                    0.563947     24552000.00  
20:40:37  INFO        SHP Steam_Dis                   HRSG1_SHP STEAM                   0.500000        53577.04  
20:40:37  INFO        SHP Steam_Dis                   HRSG2_SHP STEAM                   0.500000        53577.04  
20:40:37  INFO        STG1_LP STEAM                   SHP Steam_Dis                     0.480000        12018.61  
20:40:37  INFO        STG1_MP STEAM                   SHP Steam_Dis                     0.690000         3392.30  
20:40:37  INFO      
20:40:37  INFO        All U4U materials converged within tolerance
20:40:37  INFO        ------------------------------------------------------------------------------------------
20:40:37  INFO        [DISPATCH] Total demand: 44508.92 MWh, Import: 24552.00 MWh, Net for GT/STG: 19956.92 MWh
20:40:37  WARNING     [DISPATCH] No aux power norm for 'NMD-Power Plant-1'; using 0.0
20:40:37  WARNING     [DISPATCH] No aux power norm for 'NMD-Power Plant-2'; using 0.0
20:40:37  WARNING     [DISPATCH] No aux power norm for 'NMD-STG Power Plant'; using 0.0
20:40:37  INFO        ==============================================================================
20:40:37  INFO        POWER DISPATCH  (July 2025)
20:40:37  INFO        ==============================================================================
20:40:37  INFO        Demand:  Process = 44508.92 MWh  |  Fixed = 0.00 MWh  |  Total = 44508.92 MWh
20:40:37  INFO      
20:40:37  INFO        Asset                      Priority    Min MW    Max MW     Hours   Dispatched MW  Dispatched MWh    Load %  Free Steam MT  Aux Power MWh
20:40:37  INFO        -------------------------  --------  --------  --------  --------  --------------  --------------  --------  ------------  ------------
20:40:37  INFO        NMD-Power Plant-1                 1      5.00     21.90    744.00            5.00         3720.00     22.8%       7328.40          0.00
20:40:37  INFO        NMD-Power Plant-2                 1      6.50     14.00    744.00            6.50         4836.00     46.4%       9526.92          0.00
20:40:37  INFO        NMD-STG Power Plant               2      6.00     24.90    644.00           20.46        13175.70     82.2%          0.00          0.00
20:40:37  INFO        TOTAL                                                                                    21731.70                16855.32          0.00
20:40:37  INFO        DEFICIT: 22777.22 MWh under-generation
20:40:37  INFO        ==============================================================================
20:40:37  INFO        [STG EXTRACTION] STG Load: 20.46 MW, LP Extraction: 19320.00 MT, MP Extraction: 8372.00 MT
20:40:37  INFO        ==============================================================================
20:40:37  INFO        STEAM DISPATCH  (July 2025)
20:40:37  INFO        ==============================================================================
20:40:37  INFO        Grade      Process/Fixed MT  Letdown MT  Byproduct MT     Net Demand MT
20:40:37  INFO        ---------  ----------------  ----------  ------------  ----------------
20:40:37  INFO        SHP               107209.22    98975.55          0.00         107209.22
20:40:37  INFO        HP                  4675.00    77737.92          0.00         103650.55
20:40:37  INFO        MP                 27300.77        0.00          0.00          96666.69
20:40:37  INFO        LP                 42656.46        0.00          0.00          23336.46
20:40:37  INFO      
20:40:37  INFO        Total Free Steam available: 16855.32 MT
20:40:37  INFO      
20:40:37  INFO        FINAL SUPPLEMENTARY FIRING DISPATCH
20:40:37  INFO        Asset                      Priority     Min TPH     Max TPH     Hours  Dispatched TPH   Dispatched MT    Load %
20:40:37  INFO        -------------------------  --------  ----------  ----------  --------  --------------  --------------  --------
20:40:37  INFO        HRSG-1                            1       50.15      126.15    744.00           62.20        46276.21     53.0%
20:40:37  INFO        HRSG-2                            1       47.20      123.19    744.00           59.24        44077.69     53.0%
20:40:37  INFO        HRSG-3                          999       60.00      136.00      0.00            0.00            0.00      0.0%
20:40:37  INFO        TOTAL SUPPLEMENTARY                                                                          90353.90          
20:40:37  INFO        TOTAL STEAM GENERATED                                                                       107209.22          
20:40:37  INFO        Demand met
20:40:37  INFO        ==============================================================================
20:40:37  INFO        [REVERSE NG HRSG] Found HRSG: HRSG-1, supp_steam=46276.21 MT, free_steam=7328.40 MT, total_steam=53604.61 MT
20:40:37  INFO        [REVERSE NG HRSG] HRSG1_SHP STEAM: total_steam=53604.61 MT, norm=2.472238, consumed=132523.35 MMBTU (REVERSE, BPC method)
20:40:37  INFO        [REVERSE NG] Found GT asset: NMD-Power Plant-2, plant: NMD - Power Plant 2, heat_rate: 5182.18, free_steam: 1.97
20:40:37  INFO        [REVERSE NG] NMD - Power Plant 2: gen_qty=4836000 KWH, heat_rate=5182.18, free_steam=1.9700, consumed=70637.60 MMBTU (REVERSE)
20:40:37  INFO        [REVERSE NG] Found GT asset: NMD-Power Plant-1, plant: NMD - Power Plant 1, heat_rate: 5405.67, free_steam: 1.97
20:40:37  INFO        [REVERSE NG] NMD - Power Plant 1: gen_qty=3720000 KWH, heat_rate=5405.67, free_steam=1.9700, consumed=57633.61 MMBTU (REVERSE)
20:40:37  INFO        [REVERSE NG HRSG] Found HRSG: HRSG-2, supp_steam=44077.69 MT, free_steam=9526.92 MT, total_steam=53604.61 MT
20:40:37  INFO        [REVERSE NG HRSG] HRSG2_SHP STEAM: total_steam=53604.61 MT, norm=2.954424, consumed=158370.75 MMBTU (REVERSE, BPC method)
20:40:37  INFO        [U4U LOOP] Excess steam (0.00 MT) is small, holding STG override at 13175.70 MWh
20:40:37  INFO      
20:40:37  INFO        ------------------------------------------------------------------------------------------
20:40:37  INFO        ITERATION 19
20:40:37  INFO        ------------------------------------------------------------------------------------------
20:40:37  INFO        Power:  Demand =    44508915.09 KWH  |  Gen =       21731.70 MWh  |  Surplus =  1774.78  |  Deficit =     0.00
20:40:37  INFO        Steam:  Gen =      107209.22 MT  |  Surplus =     0.00  |  Deficit =     0.00
20:40:37  INFO        Power delta: 389.9399 MWh  |  Converged: NO
20:40:37  INFO      
20:40:37  INFO        Utility                                Total Demand      U4U Demand         Initial    Change %
20:40:37  INFO        -----------------------------------  --------------  --------------  --------------  ----------
20:40:37  INFO        Boiler Feed Water                         116498.81       116555.85            0.00     0.0219%
20:40:37  INFO        COMPRESSED AIR                           7167663.46      1228666.44      5939566.24    82.8680%
20:40:37  INFO        Cooling Water 1                            15089.00            0.00        15089.00   100.0000%
20:40:37  INFO        Cooling Water 2                            14962.70         5582.14         9380.59    62.6935%
20:40:37  INFO        D M Water                                 153870.25       100188.97        53703.20    34.9192%
20:40:37  INFO        HP Steam PRDS                               4675.00         4675.00            0.00     0.0000%
20:40:37  INFO        HP Steam_Dis                                4675.00            0.00         4675.00   100.0000%
20:40:37  INFO        HRSG1_SHP STEAM                            53577.04        53604.61            0.00     0.0119%
20:40:37  INFO        HRSG2_SHP STEAM                            53577.04        53604.61            0.00     0.0119%
20:40:37  INFO        LP Steam PRDS                              17610.97        17612.85            0.00     0.0086%
20:40:37  INFO        LP Steam_Dis                               42656.46        16892.33        25767.83    60.4185%
20:40:37  INFO        MP Steam PRDS SHP                          22353.58        22378.44            0.00     0.0098%
20:40:37  INFO        MP Steam_Dis                               27300.77        13208.23        14093.68    51.7349%
20:40:37  INFO        Nitrogen Gas                            10905918.20      5758073.20      5147845.00    47.2023% (PT)
20:40:37  INFO        Oxygen                                      6260.00            0.00         6260.00   100.0000%
20:40:37  INFO        POWERGEN                                20182099.95     20182099.95            0.00     0.0000%
20:40:37  INFO        Power_Dis                               44508915.09     15850764.86     28658458.20    64.3890% (PT)
20:40:37  INFO        SHP Steam_Dis                             107209.22        86382.58        20830.00    19.4807%
20:40:37  INFO        STG1_LP STEAM                              25040.93        25043.61            0.00     0.0086%
20:40:37  INFO        STG1_MP STEAM                               4916.86         4922.33            0.00     0.0098%
20:40:37  INFO        Water                                     788654.49       500653.40       288030.16    36.5247% (PT)
20:40:37  INFO      
20:40:37  INFO        U4U CONSUMPTION BREAKDOWN (per producer per material):
20:40:37  INFO        Producer                        Material Consumed                     Norm        Quantity  Credit
20:40:37  INFO        ------------------------------  ------------------------------  ----------  --------------  ------
20:40:37  INFO        Boiler Feed Water               CHEM CYCLO HEXY                   0.000100           11.65  
20:40:37  INFO        Boiler Feed Water               CHEM MORPHOLENE                   0.000002            0.23  
20:40:37  INFO        Boiler Feed Water               Cooling Water 2                   0.001146          133.51  
20:40:37  INFO        Boiler Feed Water               D M Water                         0.860000       100188.97  
20:40:37  INFO        Boiler Feed Water               KEM WATREAT B 70M                 0.000570           66.40  
20:40:37  INFO        Boiler Feed Water               LP Steam_Dis                      0.145000        16892.33  
20:40:37  INFO        Boiler Feed Water               Power_Dis                         9.500000      1106738.67  
20:40:37  INFO        COMPRESSED AIR                  Cooling Water 2                   0.000025          179.19  
20:40:37  INFO        COMPRESSED AIR                  Power_Dis                         0.165000      1182664.47  
20:40:37  INFO        Cooling Water 1                 COMPRESSED AIR                    0.109348         1649.95  
20:40:37  INFO        Cooling Water 1                 Power_Dis                       245.000005      3696805.08  
20:40:37  INFO        Cooling Water 1                 SULPHURIC ACID                    0.000158            2.38  
20:40:37  INFO        Cooling Water 1                 Water                            11.050000       166733.45  
20:40:37  INFO        Cooling Water 2                 COMPRESSED AIR                    0.118537         1773.63  
20:40:37  INFO        Cooling Water 2                 Power_Dis                       249.999998      3740674.04  
20:40:37  INFO        Cooling Water 2                 SULPHURIC ACID                    0.000200            2.99  
20:40:37  INFO        Cooling Water 2                 Water                            11.500000       172071.01  
20:40:37  INFO        D M Water                       CAUSTIC SODA LYE – GRADE 1        0.000258           39.70  
20:40:37  INFO        D M Water                       CHEM  SODIUM SULPHITE;PN:MIS 1    0.000811          124.79  
20:40:37  INFO        D M Water                       CHEM ALUM.SULFATE, AL2(SO4)3,1    0.000757          116.48  
20:40:37  INFO        D M Water                       COMPRESSED AIR                    0.077000        11848.01  
20:40:37  INFO        D M Water                       HYDRO CHLORIC ACID (30%) -VIRG    0.000258           39.70  
20:40:37  INFO        D M Water                       POLYELECTROLYTE                   0.000766          117.86  
20:40:37  INFO        D M Water                       Power_Dis                         1.210000       186183.00  
20:40:37  INFO        D M Water                       Ret steam condensate              0.203000        31235.66  
20:40:37  INFO        D M Water                       SODIUM CHLORIDE IS 797 GRADE1     0.000010            1.54  
20:40:37  INFO        D M Water                       Water                             1.050000       161563.76  
20:40:37  INFO        HP Steam PRDS                   Boiler Feed Water                 0.076800          359.04  
20:40:37  INFO        HP Steam PRDS                   SHP Steam_Dis                     0.923200         4315.96  
20:40:37  INFO        HP Steam_Dis                    HP Steam PRDS                     1.000000         4675.00  
20:40:37  INFO        HRSG1_SHP STEAM                 Boiler Feed Water                 1.024000        54891.12  
20:40:37  INFO        HRSG1_SHP STEAM                 CHEM TRISODIUM PHOSPHATE          0.000900           48.24  
20:40:37  INFO        HRSG1_SHP STEAM                 COMPRESSED AIR                    9.953262       533540.73  
20:40:37  INFO        HRSG1_SHP STEAM                 FURNACE OIL ( MEDIUM VISCOSITY    0.000098            5.25  
20:40:37  INFO        HRSG1_SHP STEAM                 LP Steam_Dis                     -0.078000        -4181.16  YES
20:40:37  INFO        HRSG1_SHP STEAM                 NATURAL GAS                       2.472238       132523.35  
20:40:37  INFO        HRSG1_SHP STEAM                 Water                             0.002660          142.59  
20:40:37  INFO        HRSG2_SHP STEAM                 Boiler Feed Water                 1.024000        54891.12  
20:40:37  INFO        HRSG2_SHP STEAM                 CHEM TRISODIUM PHOSPHATE          0.000900           48.24  
20:40:37  INFO        HRSG2_SHP STEAM                 COMPRESSED AIR                   10.617329       569137.78  
20:40:37  INFO        HRSG2_SHP STEAM                 FURNACE OIL ( MEDIUM VISCOSITY    0.000098            5.25  
20:40:37  INFO        HRSG2_SHP STEAM                 LP Steam_Dis                     -0.078000        -4181.16  YES
20:40:37  INFO        HRSG2_SHP STEAM                 NATURAL GAS                       2.954424       158370.75  
20:40:37  INFO        HRSG2_SHP STEAM                 Water                             0.002660          142.59  
20:40:37  INFO        LP Steam PRDS                   Boiler Feed Water                 0.250000         4402.74  
20:40:37  INFO        LP Steam PRDS                   MP Steam_Dis                      0.750000        13208.23  
20:40:37  INFO        LP Steam_Dis                    LP Steam PRDS                     0.412900        17612.85  
20:40:37  INFO        LP Steam_Dis                    STG1_LP STEAM                     0.587100        25043.61  
20:40:37  INFO        MP Steam PRDS SHP               Boiler Feed Water                 0.090000         2011.82  
20:40:37  INFO        MP Steam PRDS SHP               SHP Steam_Dis                     0.910000        20341.76  
20:40:37  INFO        MP Steam_Dis                    MP Steam PRDS SHP                 0.819700        22378.44  
20:40:37  INFO        MP Steam_Dis                    STG1_MP STEAM                     0.180300         4922.33  
20:40:37  INFO        Oxygen                          Cooling Water 2                   0.250000         1565.00  
20:40:37  INFO        Oxygen                          Nitrogen Gas                    919.820000      5758073.20  
20:40:37  INFO        Oxygen                          Power_Dis                       925.170000      5791564.20  
20:40:37  INFO        POWERGEN                        COMPRESSED AIR                    0.006205        30007.38  
20:40:37  INFO        POWERGEN                        COMPRESSED AIR                    0.003912            0.00  
20:40:37  INFO        POWERGEN                        COMPRESSED AIR                    0.005283        19652.76  
20:40:37  INFO        POWERGEN                        COMPRESSED AIR                    0.004634        61056.19  
20:40:37  INFO        POWERGEN                        Cooling Water 2                   0.000022          106.39  
20:40:37  INFO        POWERGEN                        Cooling Water 2                   0.000011            0.00  
20:40:37  INFO        POWERGEN                        Cooling Water 2                   0.000018           66.96  
20:40:37  INFO        POWERGEN                        Cooling Water 2                   0.000268         3531.09  
20:40:37  INFO        POWERGEN                        NATURAL GAS                       0.014762        70637.60  
20:40:37  INFO        POWERGEN                        NATURAL GAS                       0.009472            0.00  
20:40:37  INFO        POWERGEN                        NATURAL GAS                       0.014762        57633.61  
20:40:37  INFO        POWERGEN                        No Material                       0.000000            0.00  
20:40:37  INFO        POWERGEN                        No Material                       0.000000            0.00  
20:40:37  INFO        POWERGEN                        No Material                       0.000000            0.00  
20:40:37  INFO        POWERGEN                        Power_Dis                         0.014000        67704.00  
20:40:37  INFO        POWERGEN                        Power_Dis                         0.019931            0.00  
20:40:37  INFO        POWERGEN                        Power_Dis                         0.014000        52080.00  
20:40:37  INFO        POWERGEN                        Power_Dis                         0.002000        26351.40  
20:40:37  INFO        POWERGEN                        Ret steam condensate              0.002326        30646.68  
20:40:37  INFO        POWERGEN                        SHP Steam_Dis                     0.003515        46312.59  
20:40:37  INFO        Power_Dis                       POWERGEN                          0.108045      5000722.37  
20:40:37  INFO        Power_Dis                       POWERGEN                          0.108045      5000722.37  
20:40:37  INFO        Power_Dis                       POWERGEN                          0.219962     10180655.22  
20:40:37  INFO        Power_Dis                       Power from MEL                    0.563947     24552000.00  
20:40:37  INFO        SHP Steam_Dis                   HRSG1_SHP STEAM                   0.500000        53604.61  
20:40:37  INFO        SHP Steam_Dis                   HRSG2_SHP STEAM                   0.500000        53604.61  
20:40:37  INFO        STG1_LP STEAM                   SHP Steam_Dis                     0.480000        12019.65  
20:40:37  INFO        STG1_MP STEAM                   SHP Steam_Dis                     0.690000         3392.63  
20:40:37  INFO      
20:40:37  INFO        All U4U materials converged within tolerance
20:40:37  INFO        ------------------------------------------------------------------------------------------
20:40:37  INFO        [DISPATCH] Total demand: 44509.22 MWh, Import: 24552.00 MWh, Net for GT/STG: 19957.22 MWh
20:40:37  WARNING     [DISPATCH] No aux power norm for 'NMD-Power Plant-1'; using 0.0
20:40:37  WARNING     [DISPATCH] No aux power norm for 'NMD-Power Plant-2'; using 0.0
20:40:37  WARNING     [DISPATCH] No aux power norm for 'NMD-STG Power Plant'; using 0.0
20:40:37  INFO        ==============================================================================
20:40:37  INFO        POWER DISPATCH  (July 2025)
20:40:37  INFO        ==============================================================================
20:40:37  INFO        Demand:  Process = 44509.22 MWh  |  Fixed = 0.00 MWh  |  Total = 44509.22 MWh
20:40:37  INFO      
20:40:37  INFO        Asset                      Priority    Min MW    Max MW     Hours   Dispatched MW  Dispatched MWh    Load %  Free Steam MT  Aux Power MWh
20:40:37  INFO        -------------------------  --------  --------  --------  --------  --------------  --------------  --------  ------------  ------------
20:40:37  INFO        NMD-Power Plant-1                 1      5.00     21.90    744.00            5.00         3720.00     22.8%       7328.40          0.00
20:40:37  INFO        NMD-Power Plant-2                 1      6.50     14.00    744.00            6.50         4836.00     46.4%       9526.92          0.00
20:40:37  INFO        NMD-STG Power Plant               2      6.00     24.90    644.00           20.46        13175.70     82.2%          0.00          0.00
20:40:37  INFO        TOTAL                                                                                    21731.70                16855.32          0.00
20:40:37  INFO        DEFICIT: 22777.52 MWh under-generation
20:40:37  INFO        ==============================================================================
20:40:38  INFO        [STG EXTRACTION] STG Load: 20.46 MW, LP Extraction: 19320.00 MT, MP Extraction: 8372.00 MT
20:40:38  INFO        ==============================================================================
20:40:38  INFO        STEAM DISPATCH  (July 2025)
20:40:38  INFO        ==============================================================================
20:40:38  INFO        Grade      Process/Fixed MT  Letdown MT  Byproduct MT     Net Demand MT
20:40:38  INFO        ---------  ----------------  ----------  ------------  ----------------
20:40:38  INFO        SHP               107212.58    98978.66          0.00         107212.58
20:40:38  INFO        HP                  4675.00    77740.24          0.00         103653.66
20:40:38  INFO        MP                 27301.91        0.00          0.00          96670.15
20:40:38  INFO        LP                 42660.16        0.00          0.00          23340.16
20:40:38  INFO      
20:40:38  INFO        Total Free Steam available: 16855.32 MT
20:40:38  INFO      
20:40:38  INFO        FINAL SUPPLEMENTARY FIRING DISPATCH
20:40:38  INFO        Asset                      Priority     Min TPH     Max TPH     Hours  Dispatched TPH   Dispatched MT    Load %
20:40:38  INFO        -------------------------  --------  ----------  ----------  --------  --------------  --------------  --------
20:40:38  INFO        HRSG-1                            1       50.15      126.15    744.00           62.20        46277.89     53.0%
20:40:38  INFO        HRSG-2                            1       47.20      123.19    744.00           59.25        44079.37     53.0%
20:40:38  INFO        HRSG-3                          999       60.00      136.00      0.00            0.00            0.00      0.0%
20:40:38  INFO        TOTAL SUPPLEMENTARY                                                                          90357.26          
20:40:38  INFO        TOTAL STEAM GENERATED                                                                       107212.58          
20:40:38  INFO        SURPLUS: 0.00 MT
20:40:38  INFO        ==============================================================================
20:40:38  INFO        [REVERSE NG HRSG] Found HRSG: HRSG-1, supp_steam=46277.89 MT, free_steam=7328.40 MT, total_steam=53606.29 MT
20:40:38  INFO        [REVERSE NG HRSG] HRSG1_SHP STEAM: total_steam=53606.29 MT, norm=2.472238, consumed=132527.51 MMBTU (REVERSE, BPC method)
20:40:38  INFO        [REVERSE NG] Found GT asset: NMD-Power Plant-2, plant: NMD - Power Plant 2, heat_rate: 5182.18, free_steam: 1.97
20:40:38  INFO        [REVERSE NG] NMD - Power Plant 2: gen_qty=4836000 KWH, heat_rate=5182.18, free_steam=1.9700, consumed=70637.60 MMBTU (REVERSE)
20:40:38  INFO        [REVERSE NG] Found GT asset: NMD-Power Plant-1, plant: NMD - Power Plant 1, heat_rate: 5405.67, free_steam: 1.97
20:40:38  INFO        [REVERSE NG] NMD - Power Plant 1: gen_qty=3720000 KWH, heat_rate=5405.67, free_steam=1.9700, consumed=57633.61 MMBTU (REVERSE)
20:40:38  INFO        [REVERSE NG HRSG] Found HRSG: HRSG-2, supp_steam=44079.37 MT, free_steam=9526.92 MT, total_steam=53606.29 MT
20:40:38  INFO        [REVERSE NG HRSG] HRSG2_SHP STEAM: total_steam=53606.29 MT, norm=2.954424, consumed=158375.71 MMBTU (REVERSE, BPC method)
20:40:38  INFO        [U4U LOOP] Excess steam (0.00 MT) is small, holding STG override at 13175.70 MWh
20:40:38  INFO      
20:40:38  INFO        ------------------------------------------------------------------------------------------
20:40:38  INFO        ITERATION 20
20:40:38  INFO        ------------------------------------------------------------------------------------------
20:40:38  INFO        Power:  Demand =    44509223.06 KWH  |  Gen =       21731.70 MWh  |  Surplus =  1774.48  |  Deficit =     0.00
20:40:38  INFO        Steam:  Gen =      107212.58 MT  |  Surplus =     0.00  |  Deficit =     0.00
20:40:38  INFO        Power delta: 307.9653 MWh  |  Converged: NO
20:40:38  INFO      
20:40:38  INFO        Utility                                Total Demand      U4U Demand         Initial    Change %
20:40:38  INFO        -----------------------------------  --------------  --------------  --------------  ----------
20:40:38  INFO        Boiler Feed Water                         116555.85       116562.00            0.00     0.0489%
20:40:38  INFO        COMPRESSED AIR                           7168232.68      1228702.69      5939566.24    82.8675%
20:40:38  INFO        Cooling Water 1                            15089.00            0.00        15089.00   100.0000%
20:40:38  INFO        Cooling Water 2                            14962.73         5582.22         9380.59    62.6933%
20:40:38  INFO        D M Water                                 153892.17       100238.03        53703.20    34.9109%
20:40:38  INFO        HP Steam PRDS                               4675.00         4675.00            0.00     0.0000%
20:40:38  INFO        HP Steam_Dis                                4675.00            0.00         4675.00   100.0000%
20:40:38  INFO        HRSG1_SHP STEAM                            53604.61        53606.29            0.00     0.0514%
20:40:38  INFO        HRSG2_SHP STEAM                            53604.61        53606.29            0.00     0.0514%
20:40:38  INFO        LP Steam PRDS                              17612.85        17614.38            0.00     0.0107%
20:40:38  INFO        LP Steam_Dis                               42660.16        16900.60        25767.83    60.4112%
20:40:38  INFO        MP Steam PRDS SHP                          22378.44        22379.37            0.00     0.1111%
20:40:38  INFO        MP Steam_Dis                               27301.91        13209.64        14093.68    51.6257%
20:40:38  INFO        Nitrogen Gas                            10905918.20      5758073.20      5147845.00    47.2023% (PT)
20:40:38  INFO        Oxygen                                      6260.00            0.00         6260.00   100.0000%
20:40:38  INFO        POWERGEN                                20182099.95     20182099.95            0.00     0.0000%
20:40:38  INFO        Power_Dis                               44509223.06     15851435.31     28658458.20    64.3884% (PT)
20:40:38  INFO        SHP Steam_Dis                             107212.58        86410.27        20830.00    19.4318%
20:40:38  INFO        STG1_LP STEAM                              25043.61        25045.78            0.00     0.0107%
20:40:38  INFO        STG1_MP STEAM                               4922.33         4922.53            0.00     0.1111%
20:40:38  INFO        Water                                     788683.56       500676.80       288030.16    36.5241% (PT)
20:40:38  INFO      
20:40:38  INFO        U4U CONSUMPTION BREAKDOWN (per producer per material):
20:40:38  INFO        Producer                        Material Consumed                     Norm        Quantity  Credit
20:40:38  INFO        ------------------------------  ------------------------------  ----------  --------------  ------
20:40:38  INFO        Boiler Feed Water               CHEM CYCLO HEXY                   0.000100           11.66  
20:40:38  INFO        Boiler Feed Water               CHEM MORPHOLENE                   0.000002            0.23  
20:40:38  INFO        Boiler Feed Water               Cooling Water 2                   0.001146          133.57  
20:40:38  INFO        Boiler Feed Water               D M Water                         0.860000       100238.03  
20:40:38  INFO        Boiler Feed Water               KEM WATREAT B 70M                 0.000570           66.44  
20:40:38  INFO        Boiler Feed Water               LP Steam_Dis                      0.145000        16900.60  
20:40:38  INFO        Boiler Feed Water               Power_Dis                         9.500000      1107280.53  
20:40:38  INFO        COMPRESSED AIR                  Cooling Water 2                   0.000025          179.21  
20:40:38  INFO        COMPRESSED AIR                  Power_Dis                         0.165000      1182758.39  
20:40:38  INFO        Cooling Water 1                 COMPRESSED AIR                    0.109348         1649.95  
20:40:38  INFO        Cooling Water 1                 Power_Dis                       245.000005      3696805.08  
20:40:38  INFO        Cooling Water 1                 SULPHURIC ACID                    0.000158            2.38  
20:40:38  INFO        Cooling Water 1                 Water                            11.050000       166733.45  
20:40:38  INFO        Cooling Water 2                 COMPRESSED AIR                    0.118537         1773.64  
20:40:38  INFO        Cooling Water 2                 Power_Dis                       249.999998      3740682.17  
20:40:38  INFO        Cooling Water 2                 SULPHURIC ACID                    0.000200            2.99  
20:40:38  INFO        Cooling Water 2                 Water                            11.500000       172071.38  
20:40:38  INFO        D M Water                       CAUSTIC SODA LYE – GRADE 1        0.000258           39.70  
20:40:38  INFO        D M Water                       CHEM  SODIUM SULPHITE;PN:MIS 1    0.000811          124.81  
20:40:38  INFO        D M Water                       CHEM ALUM.SULFATE, AL2(SO4)3,1    0.000757          116.50  
20:40:38  INFO        D M Water                       COMPRESSED AIR                    0.077000        11849.70  
20:40:38  INFO        D M Water                       HYDRO CHLORIC ACID (30%) -VIRG    0.000258           39.70  
20:40:38  INFO        D M Water                       POLYELECTROLYTE                   0.000766          117.88  
20:40:38  INFO        D M Water                       Power_Dis                         1.210000       186209.53  
20:40:38  INFO        D M Water                       Ret steam condensate              0.203000        31240.11  
20:40:38  INFO        D M Water                       SODIUM CHLORIDE IS 797 GRADE1     0.000010            1.54  
20:40:38  INFO        D M Water                       Water                             1.050000       161586.78  
20:40:38  INFO        HP Steam PRDS                   Boiler Feed Water                 0.076800          359.04  
20:40:38  INFO        HP Steam PRDS                   SHP Steam_Dis                     0.923200         4315.96  
20:40:38  INFO        HP Steam_Dis                    HP Steam PRDS                     1.000000         4675.00  
20:40:38  INFO        HRSG1_SHP STEAM                 Boiler Feed Water                 1.024000        54892.84  
20:40:38  INFO        HRSG1_SHP STEAM                 CHEM TRISODIUM PHOSPHATE          0.000900           48.25  
20:40:38  INFO        HRSG1_SHP STEAM                 COMPRESSED AIR                    9.953262       533557.45  
20:40:38  INFO        HRSG1_SHP STEAM                 FURNACE OIL ( MEDIUM VISCOSITY    0.000098            5.25  
20:40:38  INFO        HRSG1_SHP STEAM                 LP Steam_Dis                     -0.078000        -4181.29  YES
20:40:38  INFO        HRSG1_SHP STEAM                 NATURAL GAS                       2.472238       132527.51  
20:40:38  INFO        HRSG1_SHP STEAM                 Water                             0.002660          142.59  
20:40:38  INFO        HRSG2_SHP STEAM                 Boiler Feed Water                 1.024000        54892.84  
20:40:38  INFO        HRSG2_SHP STEAM                 CHEM TRISODIUM PHOSPHATE          0.000900           48.25  
20:40:38  INFO        HRSG2_SHP STEAM                 COMPRESSED AIR                   10.617329       569155.62  
20:40:38  INFO        HRSG2_SHP STEAM                 FURNACE OIL ( MEDIUM VISCOSITY    0.000098            5.25  
20:40:38  INFO        HRSG2_SHP STEAM                 LP Steam_Dis                     -0.078000        -4181.29  YES
20:40:38  INFO        HRSG2_SHP STEAM                 NATURAL GAS                       2.954424       158375.71  
20:40:38  INFO        HRSG2_SHP STEAM                 Water                             0.002660          142.59  
20:40:38  INFO        LP Steam PRDS                   Boiler Feed Water                 0.250000         4403.21  
20:40:38  INFO        LP Steam PRDS                   MP Steam_Dis                      0.750000        13209.64  
20:40:38  INFO        LP Steam_Dis                    LP Steam PRDS                     0.412900        17614.38  
20:40:38  INFO        LP Steam_Dis                    STG1_LP STEAM                     0.587100        25045.78  
20:40:38  INFO        MP Steam PRDS SHP               Boiler Feed Water                 0.090000         2014.06  
20:40:38  INFO        MP Steam PRDS SHP               SHP Steam_Dis                     0.910000        20364.38  
20:40:38  INFO        MP Steam_Dis                    MP Steam PRDS SHP                 0.819700        22379.37  
20:40:38  INFO        MP Steam_Dis                    STG1_MP STEAM                     0.180300         4922.53  
20:40:38  INFO        Oxygen                          Cooling Water 2                   0.250000         1565.00  
20:40:38  INFO        Oxygen                          Nitrogen Gas                    919.820000      5758073.20  
20:40:38  INFO        Oxygen                          Power_Dis                       925.170000      5791564.20  
20:40:38  INFO        POWERGEN                        COMPRESSED AIR                    0.006205        30007.38  
20:40:38  INFO        POWERGEN                        COMPRESSED AIR                    0.003912            0.00  
20:40:38  INFO        POWERGEN                        COMPRESSED AIR                    0.005283        19652.76  
20:40:38  INFO        POWERGEN                        COMPRESSED AIR                    0.004634        61056.19  
20:40:38  INFO        POWERGEN                        Cooling Water 2                   0.000022          106.39  
20:40:38  INFO        POWERGEN                        Cooling Water 2                   0.000011            0.00  
20:40:38  INFO        POWERGEN                        Cooling Water 2                   0.000018           66.96  
20:40:38  INFO        POWERGEN                        Cooling Water 2                   0.000268         3531.09  
20:40:38  INFO        POWERGEN                        NATURAL GAS                       0.014762        70637.60  
20:40:38  INFO        POWERGEN                        NATURAL GAS                       0.009472            0.00  
20:40:38  INFO        POWERGEN                        NATURAL GAS                       0.014762        57633.61  
20:40:38  INFO        POWERGEN                        No Material                       0.000000            0.00  
20:40:38  INFO        POWERGEN                        No Material                       0.000000            0.00  
20:40:38  INFO        POWERGEN                        No Material                       0.000000            0.00  
20:40:38  INFO        POWERGEN                        Power_Dis                         0.014000        67704.00  
20:40:38  INFO        POWERGEN                        Power_Dis                         0.019931            0.00  
20:40:38  INFO        POWERGEN                        Power_Dis                         0.014000        52080.00  
20:40:38  INFO        POWERGEN                        Power_Dis                         0.002000        26351.40  
20:40:38  INFO        POWERGEN                        Ret steam condensate              0.002326        30646.68  
20:40:38  INFO        POWERGEN                        SHP Steam_Dis                     0.003515        46312.59  
20:40:38  INFO        Power_Dis                       POWERGEN                          0.108045      5000722.37  
20:40:38  INFO        Power_Dis                       POWERGEN                          0.108045      5000722.37  
20:40:38  INFO        Power_Dis                       POWERGEN                          0.219962     10180655.22  
20:40:38  INFO        Power_Dis                       Power from MEL                    0.563947     24552000.00  
20:40:38  INFO        SHP Steam_Dis                   HRSG1_SHP STEAM                   0.500000        53606.29  
20:40:38  INFO        SHP Steam_Dis                   HRSG2_SHP STEAM                   0.500000        53606.29  
20:40:38  INFO        STG1_LP STEAM                   SHP Steam_Dis                     0.480000        12020.93  
20:40:38  INFO        STG1_MP STEAM                   SHP Steam_Dis                     0.690000         3396.41  
20:40:38  INFO      
20:40:38  INFO        All U4U materials converged within tolerance
20:40:38  INFO        ------------------------------------------------------------------------------------------
20:40:38  INFO        [DISPATCH] Total demand: 44509.89 MWh, Import: 24552.00 MWh, Net for GT/STG: 19957.89 MWh
20:40:38  WARNING     [DISPATCH] No aux power norm for 'NMD-Power Plant-1'; using 0.0
20:40:38  WARNING     [DISPATCH] No aux power norm for 'NMD-Power Plant-2'; using 0.0
20:40:38  WARNING     [DISPATCH] No aux power norm for 'NMD-STG Power Plant'; using 0.0
20:40:38  INFO        ==============================================================================
20:40:38  INFO        POWER DISPATCH  (July 2025)
20:40:38  INFO        ==============================================================================
20:40:38  INFO        Demand:  Process = 44509.89 MWh  |  Fixed = 0.00 MWh  |  Total = 44509.89 MWh
20:40:38  INFO      
20:40:38  INFO        Asset                      Priority    Min MW    Max MW     Hours   Dispatched MW  Dispatched MWh    Load %  Free Steam MT  Aux Power MWh
20:40:38  INFO        -------------------------  --------  --------  --------  --------  --------------  --------------  --------  ------------  ------------
20:40:38  INFO        NMD-Power Plant-1                 1      5.00     21.90    744.00            5.00         3720.00     22.8%       7328.40          0.00
20:40:38  INFO        NMD-Power Plant-2                 1      6.50     14.00    744.00            6.50         4836.00     46.4%       9526.92          0.00
20:40:38  INFO        NMD-STG Power Plant               2      6.00     24.90    644.00           20.46        13175.70     82.2%          0.00          0.00
20:40:38  INFO        TOTAL                                                                                    21731.70                16855.32          0.00
20:40:38  INFO        DEFICIT: 22778.19 MWh under-generation
20:40:38  INFO        ==============================================================================
20:40:38  INFO        [STG EXTRACTION] STG Load: 20.46 MW, LP Extraction: 19320.00 MT, MP Extraction: 8372.00 MT
20:40:38  INFO        ==============================================================================
20:40:38  INFO        STEAM DISPATCH  (July 2025)
20:40:38  INFO        ==============================================================================
20:40:38  INFO        Grade      Process/Fixed MT  Letdown MT  Byproduct MT     Net Demand MT
20:40:38  INFO        ---------  ----------------  ----------  ------------  ----------------
20:40:38  INFO        SHP               107240.27    99004.22          0.00         107240.27
20:40:38  INFO        HP                  4675.00    77759.41          0.00         103679.22
20:40:38  INFO        MP                 27303.32        0.00          0.00          96690.73
20:40:38  INFO        LP                 42668.43        0.00          0.00          23348.43
20:40:38  INFO      
20:40:38  INFO        Total Free Steam available: 16855.32 MT
20:40:38  INFO      
20:40:38  INFO        FINAL SUPPLEMENTARY FIRING DISPATCH
20:40:38  INFO        Asset                      Priority     Min TPH     Max TPH     Hours  Dispatched TPH   Dispatched MT    Load %
20:40:38  INFO        -------------------------  --------  ----------  ----------  --------  --------------  --------------  --------
20:40:38  INFO        HRSG-1                            1       50.15      126.15    744.00           62.22        46291.73     53.0%
20:40:38  INFO        HRSG-2                            1       47.20      123.19    744.00           59.27        44093.21     53.0%
20:40:38  INFO        HRSG-3                          999       60.00      136.00      0.00            0.00            0.00      0.0%
20:40:38  INFO        TOTAL SUPPLEMENTARY                                                                          90384.94          
20:40:38  INFO        TOTAL STEAM GENERATED                                                                       107240.26          
20:40:38  INFO        DEFICIT: 0.01 MT
20:40:38  INFO        ==============================================================================
20:40:38  INFO        [REVERSE NG HRSG] Found HRSG: HRSG-1, supp_steam=46291.73 MT, free_steam=7328.40 MT, total_steam=53620.13 MT
20:40:38  INFO        [REVERSE NG HRSG] HRSG1_SHP STEAM: total_steam=53620.13 MT, norm=2.472238, consumed=132561.72 MMBTU (REVERSE, BPC method)
20:40:38  INFO        [REVERSE NG] Found GT asset: NMD-Power Plant-2, plant: NMD - Power Plant 2, heat_rate: 5182.18, free_steam: 1.97
20:40:38  INFO        [REVERSE NG] NMD - Power Plant 2: gen_qty=4836000 KWH, heat_rate=5182.18, free_steam=1.9700, consumed=70637.60 MMBTU (REVERSE)
20:40:38  INFO        [REVERSE NG] Found GT asset: NMD-Power Plant-1, plant: NMD - Power Plant 1, heat_rate: 5405.67, free_steam: 1.97
20:40:38  INFO        [REVERSE NG] NMD - Power Plant 1: gen_qty=3720000 KWH, heat_rate=5405.67, free_steam=1.9700, consumed=57633.61 MMBTU (REVERSE)
20:40:38  INFO        [REVERSE NG HRSG] Found HRSG: HRSG-2, supp_steam=44093.21 MT, free_steam=9526.92 MT, total_steam=53620.13 MT
20:40:38  INFO        [REVERSE NG HRSG] HRSG2_SHP STEAM: total_steam=53620.13 MT, norm=2.954424, consumed=158416.60 MMBTU (REVERSE, BPC method)
20:40:38  INFO        [U4U LOOP] Excess steam (0.00 MT) is small, holding STG override at 13175.70 MWh
20:40:38  INFO      
20:40:38  INFO        ------------------------------------------------------------------------------------------
20:40:38  INFO        ITERATION 21
20:40:38  INFO        ------------------------------------------------------------------------------------------
20:40:38  INFO        Power:  Demand =    44509893.51 KWH  |  Gen =       21731.70 MWh  |  Surplus =  1773.81  |  Deficit =     0.00
20:40:38  INFO        Steam:  Gen =      107240.26 MT  |  Surplus =     0.00  |  Deficit =     0.01
20:40:38  INFO        Power delta: 670.4477 MWh  |  Converged: NO
20:40:38  INFO      
20:40:38  INFO        Utility                                Total Demand      U4U Demand         Initial    Change %
20:40:38  INFO        -----------------------------------  --------------  --------------  --------------  ----------
20:40:38  INFO        Boiler Feed Water                         116562.00       116590.80            0.00     0.0053%
20:40:38  INFO        COMPRESSED AIR                           7168268.93      1228991.17      5939566.24    82.8596%
20:40:38  INFO        Cooling Water 1                            15089.00            0.00        15089.00   100.0000%
20:40:38  INFO        Cooling Water 2                            14962.81         5582.23         9380.59    62.6932%
20:40:38  INFO        D M Water                                 153941.23       100243.32        53703.20    34.9174%
20:40:38  INFO        HP Steam PRDS                               4675.00         4675.00            0.00     0.0000%
20:40:38  INFO        HP Steam_Dis                                4675.00            0.00         4675.00   100.0000%
20:40:38  INFO        HRSG1_SHP STEAM                            53606.29        53620.13            0.00     0.0031%
20:40:38  INFO        HRSG2_SHP STEAM                            53606.29        53620.13            0.00     0.0031%
20:40:38  INFO        LP Steam PRDS                              17614.38        17617.79            0.00     0.0087%
20:40:38  INFO        LP Steam_Dis                               42668.43        16901.49        25767.83    60.4102%
20:40:38  INFO        MP Steam PRDS SHP                          22379.37        22380.53            0.00     0.0042%
20:40:38  INFO        MP Steam_Dis                               27303.32        13210.78        14093.68    51.6241%
20:40:38  INFO        Nitrogen Gas                            10905918.20      5758073.20      5147845.00    47.2023% (PT)
20:40:38  INFO        Oxygen                                      6260.00            0.00         6260.00   100.0000%
20:40:38  INFO        POWERGEN                                20182099.95     20182099.95            0.00     0.0000%
20:40:38  INFO        Power_Dis                               44509893.51     15851578.96     28658458.20    64.3882% (PT)
20:40:38  INFO        SHP Steam_Dis                             107240.27        86412.30        20830.00    19.4495%
20:40:38  INFO        STG1_LP STEAM                              25045.78        25050.63            0.00     0.0087%
20:40:38  INFO        STG1_MP STEAM                               4922.53         4922.79            0.00     0.0042%
20:40:38  INFO        Water                                     788706.96       500729.29       288030.16    36.5223% (PT)
20:40:38  INFO      
20:40:38  INFO        U4U CONSUMPTION BREAKDOWN (per producer per material):
20:40:38  INFO        Producer                        Material Consumed                     Norm        Quantity  Credit
20:40:38  INFO        ------------------------------  ------------------------------  ----------  --------------  ------
20:40:38  INFO        Boiler Feed Water               CHEM CYCLO HEXY                   0.000100           11.66  
20:40:38  INFO        Boiler Feed Water               CHEM MORPHOLENE                   0.000002            0.23  
20:40:38  INFO        Boiler Feed Water               Cooling Water 2                   0.001146          133.58  
20:40:38  INFO        Boiler Feed Water               D M Water                         0.860000       100243.32  
20:40:38  INFO        Boiler Feed Water               KEM WATREAT B 70M                 0.000570           66.44  
20:40:38  INFO        Boiler Feed Water               LP Steam_Dis                      0.145000        16901.49  
20:40:38  INFO        Boiler Feed Water               Power_Dis                         9.500000      1107338.95  
20:40:38  INFO        COMPRESSED AIR                  Cooling Water 2                   0.000025          179.21  
20:40:38  INFO        COMPRESSED AIR                  Power_Dis                         0.165000      1182764.37  
20:40:38  INFO        Cooling Water 1                 COMPRESSED AIR                    0.109348         1649.95  
20:40:38  INFO        Cooling Water 1                 Power_Dis                       245.000005      3696805.08  
20:40:38  INFO        Cooling Water 1                 SULPHURIC ACID                    0.000158            2.38  
20:40:38  INFO        Cooling Water 1                 Water                            11.050000       166733.45  
20:40:38  INFO        Cooling Water 2                 COMPRESSED AIR                    0.118537         1773.65  
20:40:38  INFO        Cooling Water 2                 Power_Dis                       249.999998      3740702.07  
20:40:38  INFO        Cooling Water 2                 SULPHURIC ACID                    0.000200            2.99  
20:40:38  INFO        Cooling Water 2                 Water                            11.500000       172072.30  
20:40:38  INFO        D M Water                       CAUSTIC SODA LYE – GRADE 1        0.000258           39.72  
20:40:38  INFO        D M Water                       CHEM  SODIUM SULPHITE;PN:MIS 1    0.000811          124.85  
20:40:38  INFO        D M Water                       CHEM ALUM.SULFATE, AL2(SO4)3,1    0.000757          116.53  
20:40:38  INFO        D M Water                       COMPRESSED AIR                    0.077000        11853.47  
20:40:38  INFO        D M Water                       HYDRO CHLORIC ACID (30%) -VIRG    0.000258           39.72  
20:40:38  INFO        D M Water                       POLYELECTROLYTE                   0.000766          117.92  
20:40:38  INFO        D M Water                       Power_Dis                         1.210000       186268.88  
20:40:38  INFO        D M Water                       Ret steam condensate              0.203000        31250.07  
20:40:38  INFO        D M Water                       SODIUM CHLORIDE IS 797 GRADE1     0.000010            1.54  
20:40:38  INFO        D M Water                       Water                             1.050000       161638.29  
20:40:38  INFO        HP Steam PRDS                   Boiler Feed Water                 0.076800          359.04  
20:40:38  INFO        HP Steam PRDS                   SHP Steam_Dis                     0.923200         4315.96  
20:40:38  INFO        HP Steam_Dis                    HP Steam PRDS                     1.000000         4675.00  
20:40:38  INFO        HRSG1_SHP STEAM                 Boiler Feed Water                 1.024000        54907.01  
20:40:38  INFO        HRSG1_SHP STEAM                 CHEM TRISODIUM PHOSPHATE          0.000900           48.26  
20:40:38  INFO        HRSG1_SHP STEAM                 COMPRESSED AIR                    9.953262       533695.20  
20:40:38  INFO        HRSG1_SHP STEAM                 FURNACE OIL ( MEDIUM VISCOSITY    0.000098            5.25  
20:40:38  INFO        HRSG1_SHP STEAM                 LP Steam_Dis                     -0.078000        -4182.37  YES
20:40:38  INFO        HRSG1_SHP STEAM                 NATURAL GAS                       2.472238       132561.72  
20:40:38  INFO        HRSG1_SHP STEAM                 Water                             0.002660          142.63  
20:40:38  INFO        HRSG2_SHP STEAM                 Boiler Feed Water                 1.024000        54907.01  
20:40:38  INFO        HRSG2_SHP STEAM                 CHEM TRISODIUM PHOSPHATE          0.000900           48.26  
20:40:38  INFO        HRSG2_SHP STEAM                 COMPRESSED AIR                   10.617329       569302.56  
20:40:38  INFO        HRSG2_SHP STEAM                 FURNACE OIL ( MEDIUM VISCOSITY    0.000098            5.25  
20:40:38  INFO        HRSG2_SHP STEAM                 LP Steam_Dis                     -0.078000        -4182.37  YES
20:40:38  INFO        HRSG2_SHP STEAM                 NATURAL GAS                       2.954424       158416.60  
20:40:38  INFO        HRSG2_SHP STEAM                 Water                             0.002660          142.63  
20:40:38  INFO        LP Steam PRDS                   Boiler Feed Water                 0.250000         4403.59  
20:40:38  INFO        LP Steam PRDS                   MP Steam_Dis                      0.750000        13210.78  
20:40:38  INFO        LP Steam_Dis                    LP Steam PRDS                     0.412900        17617.79  
20:40:38  INFO        LP Steam_Dis                    STG1_LP STEAM                     0.587100        25050.63  
20:40:38  INFO        MP Steam PRDS SHP               Boiler Feed Water                 0.090000         2014.14  
20:40:38  INFO        MP Steam PRDS SHP               SHP Steam_Dis                     0.910000        20365.23  
20:40:38  INFO        MP Steam_Dis                    MP Steam PRDS SHP                 0.819700        22380.53  
20:40:38  INFO        MP Steam_Dis                    STG1_MP STEAM                     0.180300         4922.79  
20:40:38  INFO        Oxygen                          Cooling Water 2                   0.250000         1565.00  
20:40:38  INFO        Oxygen                          Nitrogen Gas                    919.820000      5758073.20  
20:40:38  INFO        Oxygen                          Power_Dis                       925.170000      5791564.20  
20:40:38  INFO        POWERGEN                        COMPRESSED AIR                    0.006205        30007.38  
20:40:38  INFO        POWERGEN                        COMPRESSED AIR                    0.003912            0.00  
20:40:38  INFO        POWERGEN                        COMPRESSED AIR                    0.005283        19652.76  
20:40:38  INFO        POWERGEN                        COMPRESSED AIR                    0.004634        61056.19  
20:40:38  INFO        POWERGEN                        Cooling Water 2                   0.000022          106.39  
20:40:38  INFO        POWERGEN                        Cooling Water 2                   0.000011            0.00  
20:40:38  INFO        POWERGEN                        Cooling Water 2                   0.000018           66.96  
20:40:38  INFO        POWERGEN                        Cooling Water 2                   0.000268         3531.09  
20:40:38  INFO        POWERGEN                        NATURAL GAS                       0.014762        70637.60  
20:40:38  INFO        POWERGEN                        NATURAL GAS                       0.009472            0.00  
20:40:38  INFO        POWERGEN                        NATURAL GAS                       0.014762        57633.61  
20:40:38  INFO        POWERGEN                        No Material                       0.000000            0.00  
20:40:38  INFO        POWERGEN                        No Material                       0.000000            0.00  
20:40:38  INFO        POWERGEN                        No Material                       0.000000            0.00  
20:40:38  INFO        POWERGEN                        Power_Dis                         0.014000        67704.00  
20:40:38  INFO        POWERGEN                        Power_Dis                         0.019931            0.00  
20:40:38  INFO        POWERGEN                        Power_Dis                         0.014000        52080.00  
20:40:38  INFO        POWERGEN                        Power_Dis                         0.002000        26351.40  
20:40:38  INFO        POWERGEN                        Ret steam condensate              0.002326        30646.68  
20:40:38  INFO        POWERGEN                        SHP Steam_Dis                     0.003515        46312.59  
20:40:38  INFO        Power_Dis                       POWERGEN                          0.108045      5000722.37  
20:40:38  INFO        Power_Dis                       POWERGEN                          0.108045      5000722.37  
20:40:38  INFO        Power_Dis                       POWERGEN                          0.219962     10180655.22  
20:40:38  INFO        Power_Dis                       Power from MEL                    0.563947     24552000.00  
20:40:38  INFO        SHP Steam_Dis                   HRSG1_SHP STEAM                   0.500000        53620.13  
20:40:38  INFO        SHP Steam_Dis                   HRSG2_SHP STEAM                   0.500000        53620.13  
20:40:38  INFO        STG1_LP STEAM                   SHP Steam_Dis                     0.480000        12021.97  
20:40:38  INFO        STG1_MP STEAM                   SHP Steam_Dis                     0.690000         3396.55  
20:40:38  INFO      
20:40:38  INFO        All U4U materials converged within tolerance
20:40:38  INFO        ------------------------------------------------------------------------------------------
20:40:38  INFO        [DISPATCH] Total demand: 44510.04 MWh, Import: 24552.00 MWh, Net for GT/STG: 19958.04 MWh
20:40:38  WARNING     [DISPATCH] No aux power norm for 'NMD-Power Plant-1'; using 0.0
20:40:38  WARNING     [DISPATCH] No aux power norm for 'NMD-Power Plant-2'; using 0.0
20:40:38  WARNING     [DISPATCH] No aux power norm for 'NMD-STG Power Plant'; using 0.0
20:40:38  INFO        ==============================================================================
20:40:38  INFO        POWER DISPATCH  (July 2025)
20:40:38  INFO        ==============================================================================
20:40:38  INFO        Demand:  Process = 44510.04 MWh  |  Fixed = 0.00 MWh  |  Total = 44510.04 MWh
20:40:38  INFO      
20:40:38  INFO        Asset                      Priority    Min MW    Max MW     Hours   Dispatched MW  Dispatched MWh    Load %  Free Steam MT  Aux Power MWh
20:40:38  INFO        -------------------------  --------  --------  --------  --------  --------------  --------------  --------  ------------  ------------
20:40:38  INFO        NMD-Power Plant-1                 1      5.00     21.90    744.00            5.00         3720.00     22.8%       7328.40          0.00
20:40:38  INFO        NMD-Power Plant-2                 1      6.50     14.00    744.00            6.50         4836.00     46.4%       9526.92          0.00
20:40:38  INFO        NMD-STG Power Plant               2      6.00     24.90    644.00           20.46        13175.70     82.2%          0.00          0.00
20:40:38  INFO        TOTAL                                                                                    21731.70                16855.32          0.00
20:40:38  INFO        DEFICIT: 22778.34 MWh under-generation
20:40:38  INFO        ==============================================================================
20:40:38  INFO        [STG EXTRACTION] STG Load: 20.46 MW, LP Extraction: 19320.00 MT, MP Extraction: 8372.00 MT
20:40:38  INFO        ==============================================================================
20:40:38  INFO        STEAM DISPATCH  (July 2025)
20:40:38  INFO        ==============================================================================
20:40:38  INFO        Grade      Process/Fixed MT  Letdown MT  Byproduct MT     Net Demand MT
20:40:38  INFO        ---------  ----------------  ----------  ------------  ----------------
20:40:38  INFO        SHP               107242.30    99006.09          0.00         107242.30
20:40:38  INFO        HP                  4675.00    77760.82          0.00         103681.09
20:40:38  INFO        MP                 27304.46        0.00          0.00          96693.28
20:40:38  INFO        LP                 42669.32        0.00          0.00          23349.32
20:40:38  INFO      
20:40:38  INFO        Total Free Steam available: 16855.32 MT
20:40:38  INFO      
20:40:38  INFO        FINAL SUPPLEMENTARY FIRING DISPATCH
20:40:38  INFO        Asset                      Priority     Min TPH     Max TPH     Hours  Dispatched TPH   Dispatched MT    Load %
20:40:38  INFO        -------------------------  --------  ----------  ----------  --------  --------------  --------------  --------
20:40:38  INFO        HRSG-1                            1       50.15      126.15    744.00           62.22        46292.75     53.0%
20:40:38  INFO        HRSG-2                            1       47.20      123.19    744.00           59.27        44094.23     53.0%
20:40:38  INFO        HRSG-3                          999       60.00      136.00      0.00            0.00            0.00      0.0%
20:40:38  INFO        TOTAL SUPPLEMENTARY                                                                          90386.98          
20:40:38  INFO        TOTAL STEAM GENERATED                                                                       107242.30          
20:40:38  INFO        SURPLUS: 0.00 MT
20:40:38  INFO        ==============================================================================
20:40:38  INFO        [REVERSE NG HRSG] Found HRSG: HRSG-1, supp_steam=46292.75 MT, free_steam=7328.40 MT, total_steam=53621.15 MT
20:40:38  INFO        [REVERSE NG HRSG] HRSG1_SHP STEAM: total_steam=53621.15 MT, norm=2.472238, consumed=132564.24 MMBTU (REVERSE, BPC method)
20:40:38  INFO        [REVERSE NG] Found GT asset: NMD-Power Plant-2, plant: NMD - Power Plant 2, heat_rate: 5182.18, free_steam: 1.97
20:40:38  INFO        [REVERSE NG] NMD - Power Plant 2: gen_qty=4836000 KWH, heat_rate=5182.18, free_steam=1.9700, consumed=70637.60 MMBTU (REVERSE)
20:40:38  INFO        [REVERSE NG] Found GT asset: NMD-Power Plant-1, plant: NMD - Power Plant 1, heat_rate: 5405.67, free_steam: 1.97
20:40:38  INFO        [REVERSE NG] NMD - Power Plant 1: gen_qty=3720000 KWH, heat_rate=5405.67, free_steam=1.9700, consumed=57633.61 MMBTU (REVERSE)
20:40:38  INFO        [REVERSE NG HRSG] Found HRSG: HRSG-2, supp_steam=44094.23 MT, free_steam=9526.92 MT, total_steam=53621.15 MT
20:40:38  INFO        [REVERSE NG HRSG] HRSG2_SHP STEAM: total_steam=53621.15 MT, norm=2.954424, consumed=158419.61 MMBTU (REVERSE, BPC method)
20:40:38  INFO        [U4U LOOP] Excess steam (0.00 MT) is small, holding STG override at 13175.70 MWh
20:40:38  INFO      
20:40:38  INFO        ------------------------------------------------------------------------------------------
20:40:38  INFO        ITERATION 22
20:40:38  INFO        ------------------------------------------------------------------------------------------
20:40:38  INFO        Power:  Demand =    44510037.16 KWH  |  Gen =       21731.70 MWh  |  Surplus =  1773.66  |  Deficit =     0.00
20:40:38  INFO        Steam:  Gen =      107242.30 MT  |  Surplus =     0.00  |  Deficit =     0.00
20:40:38  INFO        Power delta: 143.6541 MWh  |  Converged: NO
20:40:38  INFO      
20:40:38  INFO        Utility                                Total Demand      U4U Demand         Initial    Change %
20:40:38  INFO        -----------------------------------  --------------  --------------  --------------  ----------
20:40:38  INFO        Boiler Feed Water                         116590.80       116593.85            0.00     0.0247%
20:40:38  INFO        COMPRESSED AIR                           7168557.41      1229012.56      5939566.24    82.8598%
20:40:38  INFO        Cooling Water 1                            15089.00            0.00        15089.00   100.0000%
20:40:38  INFO        Cooling Water 2                            14962.82         5582.27         9380.59    62.6927%
20:40:38  INFO        D M Water                                 153946.52       100268.09        53703.20    34.8878%
20:40:38  INFO        HP Steam PRDS                               4675.00         4675.00            0.00     0.0000%
20:40:38  INFO        HP Steam_Dis                                4675.00            0.00         4675.00   100.0000%
20:40:38  INFO        HRSG1_SHP STEAM                            53620.13        53621.15            0.00     0.0258%
20:40:38  INFO        HRSG2_SHP STEAM                            53620.13        53621.15            0.00     0.0258%
20:40:38  INFO        LP Steam PRDS                              17617.79        17618.16            0.00     0.0194%
20:40:38  INFO        LP Steam_Dis                               42669.32        16905.67        25767.83    60.3917%
20:40:38  INFO        MP Steam PRDS SHP                          22380.53        22381.47            0.00     0.0052%
20:40:38  INFO        MP Steam_Dis                               27304.46        13213.35        14093.68    51.6210%
20:40:38  INFO        Nitrogen Gas                            10905918.20      5758073.20      5147845.00    47.2023% (PT)
20:40:38  INFO        Oxygen                                      6260.00            0.00         6260.00   100.0000%
20:40:38  INFO        POWERGEN                                20182099.95     20182099.95            0.00     0.0000%
20:40:38  INFO        Power_Dis                               44510037.16     15851908.64     28658458.20    64.3868% (PT)
20:40:38  INFO        SHP Steam_Dis                             107242.30        86415.86        20830.00    19.4252%
20:40:38  INFO        STG1_LP STEAM                              25050.63        25051.16            0.00     0.0194%
20:40:38  INFO        STG1_MP STEAM                               4922.79         4922.99            0.00     0.0052%
20:40:38  INFO        Water                                     788759.45       500734.94       288030.16    36.5235% (PT)
20:40:38  INFO      
20:40:38  INFO        U4U CONSUMPTION BREAKDOWN (per producer per material):
20:40:38  INFO        Producer                        Material Consumed                     Norm        Quantity  Credit
20:40:38  INFO        ------------------------------  ------------------------------  ----------  --------------  ------
20:40:38  INFO        Boiler Feed Water               CHEM CYCLO HEXY                   0.000100           11.66  
20:40:38  INFO        Boiler Feed Water               CHEM MORPHOLENE                   0.000002            0.23  
20:40:38  INFO        Boiler Feed Water               Cooling Water 2                   0.001146          133.61  
20:40:38  INFO        Boiler Feed Water               D M Water                         0.860000       100268.09  
20:40:38  INFO        Boiler Feed Water               KEM WATREAT B 70M                 0.000570           66.46  
20:40:38  INFO        Boiler Feed Water               LP Steam_Dis                      0.145000        16905.67  
20:40:38  INFO        Boiler Feed Water               Power_Dis                         9.500000      1107612.64  
20:40:38  INFO        COMPRESSED AIR                  Cooling Water 2                   0.000025          179.21  
20:40:38  INFO        COMPRESSED AIR                  Power_Dis                         0.165000      1182811.97  
20:40:38  INFO        Cooling Water 1                 COMPRESSED AIR                    0.109348         1649.95  
20:40:38  INFO        Cooling Water 1                 Power_Dis                       245.000005      3696805.08  
20:40:38  INFO        Cooling Water 1                 SULPHURIC ACID                    0.000158            2.38  
20:40:38  INFO        Cooling Water 1                 Water                            11.050000       166733.45  
20:40:38  INFO        Cooling Water 2                 COMPRESSED AIR                    0.118537         1773.65  
20:40:38  INFO        Cooling Water 2                 Power_Dis                       249.999998      3740704.06  
20:40:38  INFO        Cooling Water 2                 SULPHURIC ACID                    0.000200            2.99  
20:40:38  INFO        Cooling Water 2                 Water                            11.500000       172072.39  
20:40:38  INFO        D M Water                       CAUSTIC SODA LYE – GRADE 1        0.000258           39.72  
20:40:38  INFO        D M Water                       CHEM  SODIUM SULPHITE;PN:MIS 1    0.000811          124.85  
20:40:38  INFO        D M Water                       CHEM ALUM.SULFATE, AL2(SO4)3,1    0.000757          116.54  
20:40:38  INFO        D M Water                       COMPRESSED AIR                    0.077000        11853.88  
20:40:38  INFO        D M Water                       HYDRO CHLORIC ACID (30%) -VIRG    0.000258           39.72  
20:40:38  INFO        D M Water                       POLYELECTROLYTE                   0.000766          117.92  
20:40:38  INFO        D M Water                       Power_Dis                         1.210000       186275.28  
20:40:38  INFO        D M Water                       Ret steam condensate              0.203000        31251.14  
20:40:38  INFO        D M Water                       SODIUM CHLORIDE IS 797 GRADE1     0.000010            1.54  
20:40:38  INFO        D M Water                       Water                             1.050000       161643.84  
20:40:38  INFO        HP Steam PRDS                   Boiler Feed Water                 0.076800          359.04  
20:40:38  INFO        HP Steam PRDS                   SHP Steam_Dis                     0.923200         4315.96  
20:40:38  INFO        HP Steam_Dis                    HP Steam PRDS                     1.000000         4675.00  
20:40:38  INFO        HRSG1_SHP STEAM                 Boiler Feed Water                 1.024000        54908.06  
20:40:38  INFO        HRSG1_SHP STEAM                 CHEM TRISODIUM PHOSPHATE          0.000900           48.26  
20:40:38  INFO        HRSG1_SHP STEAM                 COMPRESSED AIR                    9.953262       533705.35  
20:40:38  INFO        HRSG1_SHP STEAM                 FURNACE OIL ( MEDIUM VISCOSITY    0.000098            5.25  
20:40:38  INFO        HRSG1_SHP STEAM                 LP Steam_Dis                     -0.078000        -4182.45  YES
20:40:38  INFO        HRSG1_SHP STEAM                 NATURAL GAS                       2.472238       132564.24  
20:40:38  INFO        HRSG1_SHP STEAM                 Water                             0.002660          142.63  
20:40:38  INFO        HRSG2_SHP STEAM                 Boiler Feed Water                 1.024000        54908.06  
20:40:38  INFO        HRSG2_SHP STEAM                 CHEM TRISODIUM PHOSPHATE          0.000900           48.26  
20:40:38  INFO        HRSG2_SHP STEAM                 COMPRESSED AIR                   10.617329       569313.39  
20:40:38  INFO        HRSG2_SHP STEAM                 FURNACE OIL ( MEDIUM VISCOSITY    0.000098            5.25  
20:40:38  INFO        HRSG2_SHP STEAM                 LP Steam_Dis                     -0.078000        -4182.45  YES
20:40:38  INFO        HRSG2_SHP STEAM                 NATURAL GAS                       2.954424       158419.61  
20:40:38  INFO        HRSG2_SHP STEAM                 Water                             0.002660          142.63  
20:40:38  INFO        LP Steam PRDS                   Boiler Feed Water                 0.250000         4404.45  
20:40:38  INFO        LP Steam PRDS                   MP Steam_Dis                      0.750000        13213.35  
20:40:38  INFO        LP Steam_Dis                    LP Steam PRDS                     0.412900        17618.16  
20:40:38  INFO        LP Steam_Dis                    STG1_LP STEAM                     0.587100        25051.16  
20:40:38  INFO        MP Steam PRDS SHP               Boiler Feed Water                 0.090000         2014.25  
20:40:38  INFO        MP Steam PRDS SHP               SHP Steam_Dis                     0.910000        20366.28  
20:40:38  INFO        MP Steam_Dis                    MP Steam PRDS SHP                 0.819700        22381.47  
20:40:38  INFO        MP Steam_Dis                    STG1_MP STEAM                     0.180300         4922.99  
20:40:38  INFO        Oxygen                          Cooling Water 2                   0.250000         1565.00  
20:40:38  INFO        Oxygen                          Nitrogen Gas                    919.820000      5758073.20  
20:40:38  INFO        Oxygen                          Power_Dis                       925.170000      5791564.20  
20:40:38  INFO        POWERGEN                        COMPRESSED AIR                    0.006205        30007.38  
20:40:38  INFO        POWERGEN                        COMPRESSED AIR                    0.003912            0.00  
20:40:38  INFO        POWERGEN                        COMPRESSED AIR                    0.005283        19652.76  
20:40:38  INFO        POWERGEN                        COMPRESSED AIR                    0.004634        61056.19  
20:40:38  INFO        POWERGEN                        Cooling Water 2                   0.000022          106.39  
20:40:38  INFO        POWERGEN                        Cooling Water 2                   0.000011            0.00  
20:40:38  INFO        POWERGEN                        Cooling Water 2                   0.000018           66.96  
20:40:38  INFO        POWERGEN                        Cooling Water 2                   0.000268         3531.09  
20:40:38  INFO        POWERGEN                        NATURAL GAS                       0.014762        70637.60  
20:40:38  INFO        POWERGEN                        NATURAL GAS                       0.009472            0.00  
20:40:38  INFO        POWERGEN                        NATURAL GAS                       0.014762        57633.61  
20:40:38  INFO        POWERGEN                        No Material                       0.000000            0.00  
20:40:38  INFO        POWERGEN                        No Material                       0.000000            0.00  
20:40:38  INFO        POWERGEN                        No Material                       0.000000            0.00  
20:40:38  INFO        POWERGEN                        Power_Dis                         0.014000        67704.00  
20:40:38  INFO        POWERGEN                        Power_Dis                         0.019931            0.00  
20:40:38  INFO        POWERGEN                        Power_Dis                         0.014000        52080.00  
20:40:38  INFO        POWERGEN                        Power_Dis                         0.002000        26351.40  
20:40:38  INFO        POWERGEN                        Ret steam condensate              0.002326        30646.68  
20:40:38  INFO        POWERGEN                        SHP Steam_Dis                     0.003515        46312.59  
20:40:38  INFO        Power_Dis                       POWERGEN                          0.108045      5000722.37  
20:40:38  INFO        Power_Dis                       POWERGEN                          0.108045      5000722.37  
20:40:38  INFO        Power_Dis                       POWERGEN                          0.219962     10180655.22  
20:40:38  INFO        Power_Dis                       Power from MEL                    0.563947     24552000.00  
20:40:38  INFO        SHP Steam_Dis                   HRSG1_SHP STEAM                   0.500000        53621.15  
20:40:38  INFO        SHP Steam_Dis                   HRSG2_SHP STEAM                   0.500000        53621.15  
20:40:38  INFO        STG1_LP STEAM                   SHP Steam_Dis                     0.480000        12024.30  
20:40:38  INFO        STG1_MP STEAM                   SHP Steam_Dis                     0.690000         3396.72  
20:40:38  INFO      
20:40:38  INFO        All U4U materials converged within tolerance
20:40:38  INFO        ------------------------------------------------------------------------------------------
20:40:38  INFO        [DISPATCH] Total demand: 44510.37 MWh, Import: 24552.00 MWh, Net for GT/STG: 19958.37 MWh
20:40:38  WARNING     [DISPATCH] No aux power norm for 'NMD-Power Plant-1'; using 0.0
20:40:38  WARNING     [DISPATCH] No aux power norm for 'NMD-Power Plant-2'; using 0.0
20:40:38  WARNING     [DISPATCH] No aux power norm for 'NMD-STG Power Plant'; using 0.0
20:40:38  INFO        ==============================================================================
20:40:38  INFO        POWER DISPATCH  (July 2025)
20:40:38  INFO        ==============================================================================
20:40:38  INFO        Demand:  Process = 44510.37 MWh  |  Fixed = 0.00 MWh  |  Total = 44510.37 MWh
20:40:38  INFO      
20:40:38  INFO        Asset                      Priority    Min MW    Max MW     Hours   Dispatched MW  Dispatched MWh    Load %  Free Steam MT  Aux Power MWh
20:40:38  INFO        -------------------------  --------  --------  --------  --------  --------------  --------------  --------  ------------  ------------
20:40:38  INFO        NMD-Power Plant-1                 1      5.00     21.90    744.00            5.00         3720.00     22.8%       7328.40          0.00
20:40:38  INFO        NMD-Power Plant-2                 1      6.50     14.00    744.00            6.50         4836.00     46.4%       9526.92          0.00
20:40:38  INFO        NMD-STG Power Plant               2      6.00     24.90    644.00           20.46        13175.70     82.2%          0.00          0.00
20:40:38  INFO        TOTAL                                                                                    21731.70                16855.32          0.00
20:40:38  INFO        DEFICIT: 22778.67 MWh under-generation
20:40:38  INFO        ==============================================================================
20:40:39  INFO        [STG EXTRACTION] STG Load: 20.46 MW, LP Extraction: 19320.00 MT, MP Extraction: 8372.00 MT
20:40:39  INFO        ==============================================================================
20:40:39  INFO        STEAM DISPATCH  (July 2025)
20:40:39  INFO        ==============================================================================
20:40:39  INFO        Grade      Process/Fixed MT  Letdown MT  Byproduct MT     Net Demand MT
20:40:39  INFO        ---------  ----------------  ----------  ------------  ----------------
20:40:39  INFO        SHP               107245.86    99009.38          0.00         107245.86
20:40:39  INFO        HP                  4675.00    77763.28          0.00         103684.38
20:40:39  INFO        MP                 27307.03        0.00          0.00          96698.31
20:40:39  INFO        LP                 42673.50        0.00          0.00          23353.50
20:40:39  INFO      
20:40:39  INFO        Total Free Steam available: 16855.32 MT
20:40:39  INFO      
20:40:39  INFO        FINAL SUPPLEMENTARY FIRING DISPATCH
20:40:39  INFO        Asset                      Priority     Min TPH     Max TPH     Hours  Dispatched TPH   Dispatched MT    Load %
20:40:39  INFO        -------------------------  --------  ----------  ----------  --------  --------------  --------------  --------
20:40:39  INFO        HRSG-1                            1       50.15      126.15    744.00           62.22        46294.53     53.0%
20:40:39  INFO        HRSG-2                            1       47.20      123.19    744.00           59.27        44096.01     53.0%
20:40:39  INFO        HRSG-3                          999       60.00      136.00      0.00            0.00            0.00      0.0%
20:40:39  INFO        TOTAL SUPPLEMENTARY                                                                          90390.54          
20:40:39  INFO        TOTAL STEAM GENERATED                                                                       107245.86          
20:40:39  INFO        SURPLUS: 0.00 MT
20:40:39  INFO        ==============================================================================
20:40:39  INFO        [REVERSE NG HRSG] Found HRSG: HRSG-1, supp_steam=46294.53 MT, free_steam=7328.40 MT, total_steam=53622.93 MT
20:40:39  INFO        [REVERSE NG HRSG] HRSG1_SHP STEAM: total_steam=53622.93 MT, norm=2.472238, consumed=132568.65 MMBTU (REVERSE, BPC method)
20:40:39  INFO        [REVERSE NG] Found GT asset: NMD-Power Plant-2, plant: NMD - Power Plant 2, heat_rate: 5182.18, free_steam: 1.97
20:40:39  INFO        [REVERSE NG] NMD - Power Plant 2: gen_qty=4836000 KWH, heat_rate=5182.18, free_steam=1.9700, consumed=70637.60 MMBTU (REVERSE)
20:40:39  INFO        [REVERSE NG] Found GT asset: NMD-Power Plant-1, plant: NMD - Power Plant 1, heat_rate: 5405.67, free_steam: 1.97
20:40:39  INFO        [REVERSE NG] NMD - Power Plant 1: gen_qty=3720000 KWH, heat_rate=5405.67, free_steam=1.9700, consumed=57633.61 MMBTU (REVERSE)
20:40:39  INFO        [REVERSE NG HRSG] Found HRSG: HRSG-2, supp_steam=44096.01 MT, free_steam=9526.92 MT, total_steam=53622.93 MT
20:40:39  INFO        [REVERSE NG HRSG] HRSG2_SHP STEAM: total_steam=53622.93 MT, norm=2.954424, consumed=158424.87 MMBTU (REVERSE, BPC method)
20:40:39  INFO        [U4U LOOP] Excess steam (0.00 MT) is small, holding STG override at 13175.70 MWh
20:40:39  INFO      
20:40:39  INFO        ------------------------------------------------------------------------------------------
20:40:39  INFO        ITERATION 23
20:40:39  INFO        ------------------------------------------------------------------------------------------
20:40:39  INFO        Power:  Demand =    44510366.84 KWH  |  Gen =       21731.70 MWh  |  Surplus =  1773.33  |  Deficit =     0.00
20:40:39  INFO        Steam:  Gen =      107245.86 MT  |  Surplus =     0.00  |  Deficit =     0.00
20:40:39  INFO        Power delta: 329.6776 MWh  |  Converged: NO
20:40:39  INFO      
20:40:39  INFO        Utility                                Total Demand      U4U Demand         Initial    Change %
20:40:39  INFO        -----------------------------------  --------------  --------------  --------------  ----------
20:40:39  INFO        Boiler Feed Water                         116593.85       116597.67            0.00     0.0026%
20:40:39  INFO        COMPRESSED AIR                           7168578.80      1229051.09      5939566.24    82.8559%
20:40:39  INFO        Cooling Water 1                            15089.00            0.00        15089.00   100.0000%
20:40:39  INFO        Cooling Water 2                            14962.86         5582.27         9380.59    62.6928%
20:40:39  INFO        D M Water                                 153971.29       100270.71        53703.20    34.8948%
20:40:39  INFO        HP Steam PRDS                               4675.00         4675.00            0.00     0.0000%
20:40:39  INFO        HP Steam_Dis                                4675.00            0.00         4675.00   100.0000%
20:40:39  INFO        HRSG1_SHP STEAM                            53621.15        53622.93            0.00     0.0019%
20:40:39  INFO        HRSG2_SHP STEAM                            53621.15        53622.93            0.00     0.0019%
20:40:39  INFO        LP Steam PRDS                              17618.16        17619.89            0.00     0.0021%
20:40:39  INFO        LP Steam_Dis                               42673.50        16906.11        25767.83    60.3935%
20:40:39  INFO        MP Steam PRDS SHP                          22381.47        22383.57            0.00     0.0042%
20:40:39  INFO        MP Steam_Dis                               27307.03        13213.62        14093.68    51.6213%
20:40:39  INFO        Nitrogen Gas                            10905918.20      5758073.20      5147845.00    47.2023% (PT)
20:40:39  INFO        Oxygen                                      6260.00            0.00         6260.00   100.0000%
20:40:39  INFO        POWERGEN                                20182099.95     20182099.95            0.00     0.0000%
20:40:39  INFO        Power_Dis                               44510366.84     15851981.15     28658458.20    64.3868% (PT)
20:40:39  INFO        SHP Steam_Dis                             107245.86        86417.10        20830.00    19.4260%
20:40:39  INFO        STG1_LP STEAM                              25051.16        25053.61            0.00     0.0021%
20:40:39  INFO        STG1_MP STEAM                               4922.99         4923.46            0.00     0.0042%
20:40:39  INFO        Water                                     788765.10       500761.43       288030.16    36.5173% (PT)
20:40:39  INFO      
20:40:39  INFO        U4U CONSUMPTION BREAKDOWN (per producer per material):
20:40:39  INFO        Producer                        Material Consumed                     Norm        Quantity  Credit
20:40:39  INFO        ------------------------------  ------------------------------  ----------  --------------  ------
20:40:39  INFO        Boiler Feed Water               CHEM CYCLO HEXY                   0.000100           11.66  
20:40:39  INFO        Boiler Feed Water               CHEM MORPHOLENE                   0.000002            0.23  
20:40:39  INFO        Boiler Feed Water               Cooling Water 2                   0.001146          133.62  
20:40:39  INFO        Boiler Feed Water               D M Water                         0.860000       100270.71  
20:40:39  INFO        Boiler Feed Water               KEM WATREAT B 70M                 0.000570           66.46  
20:40:39  INFO        Boiler Feed Water               LP Steam_Dis                      0.145000        16906.11  
20:40:39  INFO        Boiler Feed Water               Power_Dis                         9.500000      1107641.59  
20:40:39  INFO        COMPRESSED AIR                  Cooling Water 2                   0.000025          179.21  
20:40:39  INFO        COMPRESSED AIR                  Power_Dis                         0.165000      1182815.50  
20:40:39  INFO        Cooling Water 1                 COMPRESSED AIR                    0.109348         1649.95  
20:40:39  INFO        Cooling Water 1                 Power_Dis                       245.000005      3696805.08  
20:40:39  INFO        Cooling Water 1                 SULPHURIC ACID                    0.000158            2.38  
20:40:39  INFO        Cooling Water 1                 Water                            11.050000       166733.45  
20:40:39  INFO        Cooling Water 2                 COMPRESSED AIR                    0.118537         1773.65  
20:40:39  INFO        Cooling Water 2                 Power_Dis                       249.999998      3740714.12  
20:40:39  INFO        Cooling Water 2                 SULPHURIC ACID                    0.000200            2.99  
20:40:39  INFO        Cooling Water 2                 Water                            11.500000       172072.85  
20:40:39  INFO        D M Water                       CAUSTIC SODA LYE – GRADE 1        0.000258           39.72  
20:40:39  INFO        D M Water                       CHEM  SODIUM SULPHITE;PN:MIS 1    0.000811          124.87  
20:40:39  INFO        D M Water                       CHEM ALUM.SULFATE, AL2(SO4)3,1    0.000757          116.56  
20:40:39  INFO        D M Water                       COMPRESSED AIR                    0.077000        11855.79  
20:40:39  INFO        D M Water                       HYDRO CHLORIC ACID (30%) -VIRG    0.000258           39.72  
20:40:39  INFO        D M Water                       POLYELECTROLYTE                   0.000766          117.94  
20:40:39  INFO        D M Water                       Power_Dis                         1.210000       186305.26  
20:40:39  INFO        D M Water                       Ret steam condensate              0.203000        31256.17  
20:40:39  INFO        D M Water                       SODIUM CHLORIDE IS 797 GRADE1     0.000010            1.54  
20:40:39  INFO        D M Water                       Water                             1.050000       161669.86  
20:40:39  INFO        HP Steam PRDS                   Boiler Feed Water                 0.076800          359.04  
20:40:39  INFO        HP Steam PRDS                   SHP Steam_Dis                     0.923200         4315.96  
20:40:39  INFO        HP Steam_Dis                    HP Steam PRDS                     1.000000         4675.00  
20:40:39  INFO        HRSG1_SHP STEAM                 Boiler Feed Water                 1.024000        54909.88  
20:40:39  INFO        HRSG1_SHP STEAM                 CHEM TRISODIUM PHOSPHATE          0.000900           48.26  
20:40:39  INFO        HRSG1_SHP STEAM                 COMPRESSED AIR                    9.953262       533723.07  
20:40:39  INFO        HRSG1_SHP STEAM                 FURNACE OIL ( MEDIUM VISCOSITY    0.000098            5.26  
20:40:39  INFO        HRSG1_SHP STEAM                 LP Steam_Dis                     -0.078000        -4182.59  YES
20:40:39  INFO        HRSG1_SHP STEAM                 NATURAL GAS                       2.472238       132568.65  
20:40:39  INFO        HRSG1_SHP STEAM                 Water                             0.002660          142.64  
20:40:39  INFO        HRSG2_SHP STEAM                 Boiler Feed Water                 1.024000        54909.88  
20:40:39  INFO        HRSG2_SHP STEAM                 CHEM TRISODIUM PHOSPHATE          0.000900           48.26  
20:40:39  INFO        HRSG2_SHP STEAM                 COMPRESSED AIR                   10.617329       569332.29  
20:40:39  INFO        HRSG2_SHP STEAM                 FURNACE OIL ( MEDIUM VISCOSITY    0.000098            5.26  
20:40:39  INFO        HRSG2_SHP STEAM                 LP Steam_Dis                     -0.078000        -4182.59  YES
20:40:39  INFO        HRSG2_SHP STEAM                 NATURAL GAS                       2.954424       158424.87  
20:40:39  INFO        HRSG2_SHP STEAM                 Water                             0.002660          142.64  
20:40:39  INFO        LP Steam PRDS                   Boiler Feed Water                 0.250000         4404.54  
20:40:39  INFO        LP Steam PRDS                   MP Steam_Dis                      0.750000        13213.62  
20:40:39  INFO        LP Steam_Dis                    LP Steam PRDS                     0.412900        17619.89  
20:40:39  INFO        LP Steam_Dis                    STG1_LP STEAM                     0.587100        25053.61  
20:40:39  INFO        MP Steam PRDS SHP               Boiler Feed Water                 0.090000         2014.33  
20:40:39  INFO        MP Steam PRDS SHP               SHP Steam_Dis                     0.910000        20367.14  
20:40:39  INFO        MP Steam_Dis                    MP Steam PRDS SHP                 0.819700        22383.57  
20:40:39  INFO        MP Steam_Dis                    STG1_MP STEAM                     0.180300         4923.46  
20:40:39  INFO        Oxygen                          Cooling Water 2                   0.250000         1565.00  
20:40:39  INFO        Oxygen                          Nitrogen Gas                    919.820000      5758073.20  
20:40:39  INFO        Oxygen                          Power_Dis                       925.170000      5791564.20  
20:40:39  INFO        POWERGEN                        COMPRESSED AIR                    0.006205        30007.38  
20:40:39  INFO        POWERGEN                        COMPRESSED AIR                    0.003912            0.00  
20:40:39  INFO        POWERGEN                        COMPRESSED AIR                    0.005283        19652.76  
20:40:39  INFO        POWERGEN                        COMPRESSED AIR                    0.004634        61056.19  
20:40:39  INFO        POWERGEN                        Cooling Water 2                   0.000022          106.39  
20:40:39  INFO        POWERGEN                        Cooling Water 2                   0.000011            0.00  
20:40:39  INFO        POWERGEN                        Cooling Water 2                   0.000018           66.96  
20:40:39  INFO        POWERGEN                        Cooling Water 2                   0.000268         3531.09  
20:40:39  INFO        POWERGEN                        NATURAL GAS                       0.014762        70637.60  
20:40:39  INFO        POWERGEN                        NATURAL GAS                       0.009472            0.00  
20:40:39  INFO        POWERGEN                        NATURAL GAS                       0.014762        57633.61  
20:40:39  INFO        POWERGEN                        No Material                       0.000000            0.00  
20:40:39  INFO        POWERGEN                        No Material                       0.000000            0.00  
20:40:39  INFO        POWERGEN                        No Material                       0.000000            0.00  
20:40:39  INFO        POWERGEN                        Power_Dis                         0.014000        67704.00  
20:40:39  INFO        POWERGEN                        Power_Dis                         0.019931            0.00  
20:40:39  INFO        POWERGEN                        Power_Dis                         0.014000        52080.00  
20:40:39  INFO        POWERGEN                        Power_Dis                         0.002000        26351.40  
20:40:39  INFO        POWERGEN                        Ret steam condensate              0.002326        30646.68  
20:40:39  INFO        POWERGEN                        SHP Steam_Dis                     0.003515        46312.59  
20:40:39  INFO        Power_Dis                       POWERGEN                          0.108045      5000722.37  
20:40:39  INFO        Power_Dis                       POWERGEN                          0.108045      5000722.37  
20:40:39  INFO        Power_Dis                       POWERGEN                          0.219962     10180655.22  
20:40:39  INFO        Power_Dis                       Power from MEL                    0.563947     24552000.00  
20:40:39  INFO        SHP Steam_Dis                   HRSG1_SHP STEAM                   0.500000        53622.93  
20:40:39  INFO        SHP Steam_Dis                   HRSG2_SHP STEAM                   0.500000        53622.93  
20:40:39  INFO        STG1_LP STEAM                   SHP Steam_Dis                     0.480000        12024.56  
20:40:39  INFO        STG1_MP STEAM                   SHP Steam_Dis                     0.690000         3396.87  
20:40:39  INFO      
20:40:39  INFO        All U4U materials converged within tolerance
20:40:39  INFO        ------------------------------------------------------------------------------------------
20:40:39  INFO        [DISPATCH] Total demand: 44510.44 MWh, Import: 24552.00 MWh, Net for GT/STG: 19958.44 MWh
20:40:39  WARNING     [DISPATCH] No aux power norm for 'NMD-Power Plant-1'; using 0.0
20:40:39  WARNING     [DISPATCH] No aux power norm for 'NMD-Power Plant-2'; using 0.0
20:40:39  WARNING     [DISPATCH] No aux power norm for 'NMD-STG Power Plant'; using 0.0
20:40:39  INFO        ==============================================================================
20:40:39  INFO        POWER DISPATCH  (July 2025)
20:40:39  INFO        ==============================================================================
20:40:39  INFO        Demand:  Process = 44510.44 MWh  |  Fixed = 0.00 MWh  |  Total = 44510.44 MWh
20:40:39  INFO      
20:40:39  INFO        Asset                      Priority    Min MW    Max MW     Hours   Dispatched MW  Dispatched MWh    Load %  Free Steam MT  Aux Power MWh
20:40:39  INFO        -------------------------  --------  --------  --------  --------  --------------  --------------  --------  ------------  ------------
20:40:39  INFO        NMD-Power Plant-1                 1      5.00     21.90    744.00            5.00         3720.00     22.8%       7328.40          0.00
20:40:39  INFO        NMD-Power Plant-2                 1      6.50     14.00    744.00            6.50         4836.00     46.4%       9526.92          0.00
20:40:39  INFO        NMD-STG Power Plant               2      6.00     24.90    644.00           20.46        13175.70     82.2%          0.00          0.00
20:40:39  INFO        TOTAL                                                                                    21731.70                16855.32          0.00
20:40:39  INFO        DEFICIT: 22778.74 MWh under-generation
20:40:39  INFO        ==============================================================================
20:40:39  INFO        [STG EXTRACTION] STG Load: 20.46 MW, LP Extraction: 19320.00 MT, MP Extraction: 8372.00 MT
20:40:39  INFO        ==============================================================================
20:40:39  INFO        STEAM DISPATCH  (July 2025)
20:40:39  INFO        ==============================================================================
20:40:39  INFO        Grade      Process/Fixed MT  Letdown MT  Byproduct MT     Net Demand MT
20:40:39  INFO        ---------  ----------------  ----------  ------------  ----------------
20:40:39  INFO        SHP               107247.10    99010.53          0.00         107247.10
20:40:39  INFO        HP                  4675.00    77764.15          0.00         103685.53
20:40:39  INFO        MP                 27307.30        0.00          0.00          96699.45
20:40:39  INFO        LP                 42673.94        0.00          0.00          23353.94
20:40:39  INFO      
20:40:39  INFO        Total Free Steam available: 16855.32 MT
20:40:39  INFO      
20:40:39  INFO        FINAL SUPPLEMENTARY FIRING DISPATCH
20:40:39  INFO        Asset                      Priority     Min TPH     Max TPH     Hours  Dispatched TPH   Dispatched MT    Load %
20:40:39  INFO        -------------------------  --------  ----------  ----------  --------  --------------  --------------  --------
20:40:39  INFO        HRSG-1                            1       50.15      126.15    744.00           62.22        46295.15     53.0%
20:40:39  INFO        HRSG-2                            1       47.20      123.19    744.00           59.27        44096.63     53.0%
20:40:39  INFO        HRSG-3                          999       60.00      136.00      0.00            0.00            0.00      0.0%
20:40:39  INFO        TOTAL SUPPLEMENTARY                                                                          90391.78          
20:40:39  INFO        TOTAL STEAM GENERATED                                                                       107247.10          
20:40:39  INFO        Demand met
20:40:39  INFO        ==============================================================================
20:40:39  INFO        [REVERSE NG HRSG] Found HRSG: HRSG-1, supp_steam=46295.15 MT, free_steam=7328.40 MT, total_steam=53623.55 MT
20:40:39  INFO        [REVERSE NG HRSG] HRSG1_SHP STEAM: total_steam=53623.55 MT, norm=2.472238, consumed=132570.18 MMBTU (REVERSE, BPC method)
20:40:39  INFO        [REVERSE NG] Found GT asset: NMD-Power Plant-2, plant: NMD - Power Plant 2, heat_rate: 5182.18, free_steam: 1.97
20:40:39  INFO        [REVERSE NG] NMD - Power Plant 2: gen_qty=4836000 KWH, heat_rate=5182.18, free_steam=1.9700, consumed=70637.60 MMBTU (REVERSE)
20:40:39  INFO        [REVERSE NG] Found GT asset: NMD-Power Plant-1, plant: NMD - Power Plant 1, heat_rate: 5405.67, free_steam: 1.97
20:40:39  INFO        [REVERSE NG] NMD - Power Plant 1: gen_qty=3720000 KWH, heat_rate=5405.67, free_steam=1.9700, consumed=57633.61 MMBTU (REVERSE)
20:40:39  INFO        [REVERSE NG HRSG] Found HRSG: HRSG-2, supp_steam=44096.63 MT, free_steam=9526.92 MT, total_steam=53623.55 MT
20:40:39  INFO        [REVERSE NG HRSG] HRSG2_SHP STEAM: total_steam=53623.55 MT, norm=2.954424, consumed=158426.70 MMBTU (REVERSE, BPC method)
20:40:39  INFO        [U4U LOOP] Excess steam (0.00 MT) is small, holding STG override at 13175.70 MWh
20:40:39  INFO      
20:40:39  INFO        ------------------------------------------------------------------------------------------
20:40:39  INFO        ITERATION 24
20:40:39  INFO        ------------------------------------------------------------------------------------------
20:40:39  INFO        Power:  Demand =    44510439.35 KWH  |  Gen =       21731.70 MWh  |  Surplus =  1773.26  |  Deficit =     0.00
20:40:39  INFO        Steam:  Gen =      107247.10 MT  |  Surplus =     0.00  |  Deficit =     0.00
20:40:39  INFO        Power delta: 72.5111 MWh  |  Converged: NO
20:40:39  INFO      
20:40:39  INFO        Utility                                Total Demand      U4U Demand         Initial    Change %
20:40:39  INFO        -----------------------------------  --------------  --------------  --------------  ----------
20:40:39  INFO        Boiler Feed Water                         116597.67       116599.56            0.00     0.0033%
20:40:39  INFO        COMPRESSED AIR                           7168617.33      1229064.04      5939566.24    82.8557%
20:40:39  INFO        Cooling Water 1                            15089.00            0.00        15089.00   100.0000%
20:40:39  INFO        Cooling Water 2                            14962.86         5582.28         9380.59    62.6925%
20:40:39  INFO        D M Water                                 153973.91       100274.00        53703.20    34.8798%
20:40:39  INFO        HP Steam PRDS                               4675.00         4675.00            0.00     0.0000%
20:40:39  INFO        HP Steam_Dis                                4675.00            0.00         4675.00   100.0000%
20:40:39  INFO        HRSG1_SHP STEAM                            53622.93        53623.55            0.00     0.0033%
20:40:39  INFO        HRSG2_SHP STEAM                            53622.93        53623.55            0.00     0.0033%
20:40:39  INFO        LP Steam PRDS                              17619.89        17620.07            0.00     0.0098%
20:40:39  INFO        LP Steam_Dis                               42673.94        16906.66        25767.83    60.3841%
20:40:39  INFO        MP Steam PRDS SHP                          22383.57        22383.79            0.00     0.0094%
20:40:39  INFO        MP Steam_Dis                               27307.30        13214.92        14093.68    51.6124%
20:40:39  INFO        Nitrogen Gas                            10905918.20      5758073.20      5147845.00    47.2023% (PT)
20:40:39  INFO        Oxygen                                      6260.00            0.00         6260.00   100.0000%
20:40:39  INFO        POWERGEN                                20182099.95     20182099.95            0.00     0.0000%
20:40:39  INFO        Power_Dis                               44510439.35     15852027.99     28658458.20    64.3861% (PT)
20:40:39  INFO        SHP Steam_Dis                             107247.10        86420.51        20830.00    19.4236%
20:40:39  INFO        STG1_LP STEAM                              25053.61        25053.87            0.00     0.0098%
20:40:39  INFO        STG1_MP STEAM                               4923.46         4923.51            0.00     0.0094%
20:40:39  INFO        Water                                     788791.59       500764.23       288030.16    36.5187% (PT)
20:40:39  INFO      
20:40:39  INFO        U4U CONSUMPTION BREAKDOWN (per producer per material):
20:40:39  INFO        Producer                        Material Consumed                     Norm        Quantity  Credit
20:40:39  INFO        ------------------------------  ------------------------------  ----------  --------------  ------
20:40:39  INFO        Boiler Feed Water               CHEM CYCLO HEXY                   0.000100           11.66  
20:40:39  INFO        Boiler Feed Water               CHEM MORPHOLENE                   0.000002            0.23  
20:40:39  INFO        Boiler Feed Water               Cooling Water 2                   0.001146          133.62  
20:40:39  INFO        Boiler Feed Water               D M Water                         0.860000       100274.00  
20:40:39  INFO        Boiler Feed Water               KEM WATREAT B 70M                 0.000570           66.46  
20:40:39  INFO        Boiler Feed Water               LP Steam_Dis                      0.145000        16906.66  
20:40:39  INFO        Boiler Feed Water               Power_Dis                         9.500000      1107677.90  
20:40:39  INFO        COMPRESSED AIR                  Cooling Water 2                   0.000025          179.22  
20:40:39  INFO        COMPRESSED AIR                  Power_Dis                         0.165000      1182821.86  
20:40:39  INFO        Cooling Water 1                 COMPRESSED AIR                    0.109348         1649.95  
20:40:39  INFO        Cooling Water 1                 Power_Dis                       245.000005      3696805.08  
20:40:39  INFO        Cooling Water 1                 SULPHURIC ACID                    0.000158            2.38  
20:40:39  INFO        Cooling Water 1                 Water                            11.050000       166733.45  
20:40:39  INFO        Cooling Water 2                 COMPRESSED AIR                    0.118537         1773.65  
20:40:39  INFO        Cooling Water 2                 Power_Dis                       249.999998      3740715.13  
20:40:39  INFO        Cooling Water 2                 SULPHURIC ACID                    0.000200            2.99  
20:40:39  INFO        Cooling Water 2                 Water                            11.500000       172072.90  
20:40:39  INFO        D M Water                       CAUSTIC SODA LYE – GRADE 1        0.000258           39.73  
20:40:39  INFO        D M Water                       CHEM  SODIUM SULPHITE;PN:MIS 1    0.000811          124.87  
20:40:39  INFO        D M Water                       CHEM ALUM.SULFATE, AL2(SO4)3,1    0.000757          116.56  
20:40:39  INFO        D M Water                       COMPRESSED AIR                    0.077000        11855.99  
20:40:39  INFO        D M Water                       HYDRO CHLORIC ACID (30%) -VIRG    0.000258           39.73  
20:40:39  INFO        D M Water                       POLYELECTROLYTE                   0.000766          117.94  
20:40:39  INFO        D M Water                       Power_Dis                         1.210000       186308.43  
20:40:39  INFO        D M Water                       Ret steam condensate              0.203000        31256.70  
20:40:39  INFO        D M Water                       SODIUM CHLORIDE IS 797 GRADE1     0.000010            1.54  
20:40:39  INFO        D M Water                       Water                             1.050000       161672.61  
20:40:39  INFO        HP Steam PRDS                   Boiler Feed Water                 0.076800          359.04  
20:40:39  INFO        HP Steam PRDS                   SHP Steam_Dis                     0.923200         4315.96  
20:40:39  INFO        HP Steam_Dis                    HP Steam PRDS                     1.000000         4675.00  
20:40:39  INFO        HRSG1_SHP STEAM                 Boiler Feed Water                 1.024000        54910.52  
20:40:39  INFO        HRSG1_SHP STEAM                 CHEM TRISODIUM PHOSPHATE          0.000900           48.26  
20:40:39  INFO        HRSG1_SHP STEAM                 COMPRESSED AIR                    9.953262       533729.24  
20:40:39  INFO        HRSG1_SHP STEAM                 FURNACE OIL ( MEDIUM VISCOSITY    0.000098            5.26  
20:40:39  INFO        HRSG1_SHP STEAM                 LP Steam_Dis                     -0.078000        -4182.64  YES
20:40:39  INFO        HRSG1_SHP STEAM                 NATURAL GAS                       2.472238       132570.18  
20:40:39  INFO        HRSG1_SHP STEAM                 Water                             0.002660          142.64  
20:40:39  INFO        HRSG2_SHP STEAM                 Boiler Feed Water                 1.024000        54910.52  
20:40:39  INFO        HRSG2_SHP STEAM                 CHEM TRISODIUM PHOSPHATE          0.000900           48.26  
20:40:39  INFO        HRSG2_SHP STEAM                 COMPRESSED AIR                   10.617329       569338.87  
20:40:39  INFO        HRSG2_SHP STEAM                 FURNACE OIL ( MEDIUM VISCOSITY    0.000098            5.26  
20:40:39  INFO        HRSG2_SHP STEAM                 LP Steam_Dis                     -0.078000        -4182.64  YES
20:40:39  INFO        HRSG2_SHP STEAM                 NATURAL GAS                       2.954424       158426.70  
20:40:39  INFO        HRSG2_SHP STEAM                 Water                             0.002660          142.64  
20:40:39  INFO        LP Steam PRDS                   Boiler Feed Water                 0.250000         4404.97  
20:40:39  INFO        LP Steam PRDS                   MP Steam_Dis                      0.750000        13214.92  
20:40:39  INFO        LP Steam_Dis                    LP Steam PRDS                     0.412900        17620.07  
20:40:39  INFO        LP Steam_Dis                    STG1_LP STEAM                     0.587100        25053.87  
20:40:39  INFO        MP Steam PRDS SHP               Boiler Feed Water                 0.090000         2014.52  
20:40:39  INFO        MP Steam PRDS SHP               SHP Steam_Dis                     0.910000        20369.05  
20:40:39  INFO        MP Steam_Dis                    MP Steam PRDS SHP                 0.819700        22383.79  
20:40:39  INFO        MP Steam_Dis                    STG1_MP STEAM                     0.180300         4923.51  
20:40:39  INFO        Oxygen                          Cooling Water 2                   0.250000         1565.00  
20:40:39  INFO        Oxygen                          Nitrogen Gas                    919.820000      5758073.20  
20:40:39  INFO        Oxygen                          Power_Dis                       925.170000      5791564.20  
20:40:39  INFO        POWERGEN                        COMPRESSED AIR                    0.006205        30007.38  
20:40:39  INFO        POWERGEN                        COMPRESSED AIR                    0.003912            0.00  
20:40:39  INFO        POWERGEN                        COMPRESSED AIR                    0.005283        19652.76  
20:40:39  INFO        POWERGEN                        COMPRESSED AIR                    0.004634        61056.19  
20:40:39  INFO        POWERGEN                        Cooling Water 2                   0.000022          106.39  
20:40:39  INFO        POWERGEN                        Cooling Water 2                   0.000011            0.00  
20:40:39  INFO        POWERGEN                        Cooling Water 2                   0.000018           66.96  
20:40:39  INFO        POWERGEN                        Cooling Water 2                   0.000268         3531.09  
20:40:39  INFO        POWERGEN                        NATURAL GAS                       0.014762        70637.60  
20:40:39  INFO        POWERGEN                        NATURAL GAS                       0.009472            0.00  
20:40:39  INFO        POWERGEN                        NATURAL GAS                       0.014762        57633.61  
20:40:39  INFO        POWERGEN                        No Material                       0.000000            0.00  
20:40:39  INFO        POWERGEN                        No Material                       0.000000            0.00  
20:40:39  INFO        POWERGEN                        No Material                       0.000000            0.00  
20:40:39  INFO        POWERGEN                        Power_Dis                         0.014000        67704.00  
20:40:39  INFO        POWERGEN                        Power_Dis                         0.019931            0.00  
20:40:39  INFO        POWERGEN                        Power_Dis                         0.014000        52080.00  
20:40:39  INFO        POWERGEN                        Power_Dis                         0.002000        26351.40  
20:40:39  INFO        POWERGEN                        Ret steam condensate              0.002326        30646.68  
20:40:39  INFO        POWERGEN                        SHP Steam_Dis                     0.003515        46312.59  
20:40:39  INFO        Power_Dis                       POWERGEN                          0.108045      5000722.37  
20:40:39  INFO        Power_Dis                       POWERGEN                          0.108045      5000722.37  
20:40:39  INFO        Power_Dis                       POWERGEN                          0.219962     10180655.22  
20:40:39  INFO        Power_Dis                       Power from MEL                    0.563947     24552000.00  
20:40:39  INFO        SHP Steam_Dis                   HRSG1_SHP STEAM                   0.500000        53623.55  
20:40:39  INFO        SHP Steam_Dis                   HRSG2_SHP STEAM                   0.500000        53623.55  
20:40:39  INFO        STG1_LP STEAM                   SHP Steam_Dis                     0.480000        12025.73  
20:40:39  INFO        STG1_MP STEAM                   SHP Steam_Dis                     0.690000         3397.19  
20:40:39  INFO      
20:40:39  INFO        All U4U materials converged within tolerance
20:40:39  INFO        ------------------------------------------------------------------------------------------
20:40:39  INFO        [DISPATCH] Total demand: 44510.49 MWh, Import: 24552.00 MWh, Net for GT/STG: 19958.49 MWh
20:40:39  WARNING     [DISPATCH] No aux power norm for 'NMD-Power Plant-1'; using 0.0
20:40:39  WARNING     [DISPATCH] No aux power norm for 'NMD-Power Plant-2'; using 0.0
20:40:39  WARNING     [DISPATCH] No aux power norm for 'NMD-STG Power Plant'; using 0.0
20:40:39  INFO        ==============================================================================
20:40:39  INFO        POWER DISPATCH  (July 2025)
20:40:39  INFO        ==============================================================================
20:40:39  INFO        Demand:  Process = 44510.49 MWh  |  Fixed = 0.00 MWh  |  Total = 44510.49 MWh
20:40:39  INFO      
20:40:39  INFO        Asset                      Priority    Min MW    Max MW     Hours   Dispatched MW  Dispatched MWh    Load %  Free Steam MT  Aux Power MWh
20:40:39  INFO        -------------------------  --------  --------  --------  --------  --------------  --------------  --------  ------------  ------------
20:40:39  INFO        NMD-Power Plant-1                 1      5.00     21.90    744.00            5.00         3720.00     22.8%       7328.40          0.00
20:40:39  INFO        NMD-Power Plant-2                 1      6.50     14.00    744.00            6.50         4836.00     46.4%       9526.92          0.00
20:40:39  INFO        NMD-STG Power Plant               2      6.00     24.90    644.00           20.46        13175.70     82.2%          0.00          0.00
20:40:39  INFO        TOTAL                                                                                    21731.70                16855.32          0.00
20:40:39  INFO        DEFICIT: 22778.79 MWh under-generation
20:40:39  INFO        ==============================================================================
20:40:39  INFO        [STG EXTRACTION] STG Load: 20.46 MW, LP Extraction: 19320.00 MT, MP Extraction: 8372.00 MT
20:40:39  INFO        ==============================================================================
20:40:39  INFO        STEAM DISPATCH  (July 2025)
20:40:39  INFO        ==============================================================================
20:40:39  INFO        Grade      Process/Fixed MT  Letdown MT  Byproduct MT     Net Demand MT
20:40:39  INFO        ---------  ----------------  ----------  ------------  ----------------
20:40:39  INFO        SHP               107250.51    99013.67          0.00         107250.51
20:40:39  INFO        HP                  4675.00    77766.50          0.00         103688.67
20:40:39  INFO        MP                 27308.60        0.00          0.00          96703.10
20:40:39  INFO        LP                 42674.49        0.00          0.00          23354.49
20:40:39  INFO      
20:40:39  INFO        Total Free Steam available: 16855.32 MT
20:40:39  INFO      
20:40:39  INFO        FINAL SUPPLEMENTARY FIRING DISPATCH
20:40:39  INFO        Asset                      Priority     Min TPH     Max TPH     Hours  Dispatched TPH   Dispatched MT    Load %
20:40:39  INFO        -------------------------  --------  ----------  ----------  --------  --------------  --------------  --------
20:40:39  INFO        HRSG-1                            1       50.15      126.15    744.00           62.23        46296.86     53.0%
20:40:39  INFO        HRSG-2                            1       47.20      123.19    744.00           59.27        44098.34     53.0%
20:40:39  INFO        HRSG-3                          999       60.00      136.00      0.00            0.00            0.00      0.0%
20:40:39  INFO        TOTAL SUPPLEMENTARY                                                                          90395.20          
20:40:39  INFO        TOTAL STEAM GENERATED                                                                       107250.52          
20:40:39  INFO        SURPLUS: 0.01 MT
20:40:39  INFO        ==============================================================================
20:40:39  INFO        [REVERSE NG HRSG] Found HRSG: HRSG-1, supp_steam=46296.86 MT, free_steam=7328.40 MT, total_steam=53625.26 MT
20:40:39  INFO        [REVERSE NG HRSG] HRSG1_SHP STEAM: total_steam=53625.26 MT, norm=2.472238, consumed=132574.41 MMBTU (REVERSE, BPC method)
20:40:39  INFO        [REVERSE NG] Found GT asset: NMD-Power Plant-2, plant: NMD - Power Plant 2, heat_rate: 5182.18, free_steam: 1.97
20:40:39  INFO        [REVERSE NG] NMD - Power Plant 2: gen_qty=4836000 KWH, heat_rate=5182.18, free_steam=1.9700, consumed=70637.60 MMBTU (REVERSE)
20:40:39  INFO        [REVERSE NG] Found GT asset: NMD-Power Plant-1, plant: NMD - Power Plant 1, heat_rate: 5405.67, free_steam: 1.97
20:40:39  INFO        [REVERSE NG] NMD - Power Plant 1: gen_qty=3720000 KWH, heat_rate=5405.67, free_steam=1.9700, consumed=57633.61 MMBTU (REVERSE)
20:40:39  INFO        [REVERSE NG HRSG] Found HRSG: HRSG-2, supp_steam=44098.34 MT, free_steam=9526.92 MT, total_steam=53625.26 MT
20:40:39  INFO        [REVERSE NG HRSG] HRSG2_SHP STEAM: total_steam=53625.26 MT, norm=2.954424, consumed=158431.76 MMBTU (REVERSE, BPC method)
20:40:39  INFO        [U4U LOOP] Excess steam (0.01 MT) is small, holding STG override at 13175.70 MWh
20:40:39  INFO      
20:40:39  INFO        ------------------------------------------------------------------------------------------
20:40:39  INFO        ITERATION 25
20:40:39  INFO        ------------------------------------------------------------------------------------------
20:40:39  INFO        Power:  Demand =    44510486.19 KWH  |  Gen =       21731.70 MWh  |  Surplus =  1773.21  |  Deficit =     0.00
20:40:39  INFO        Steam:  Gen =      107250.52 MT  |  Surplus =     0.01  |  Deficit =     0.00
20:40:39  INFO        Excess SHP:       0.01 MT → STG override = 13175.70 MWh, GT reduction = 0.00 MWh
20:40:39  INFO        Power delta: 46.8427 MWh  |  Converged: NO
20:40:39  INFO      
20:40:39  INFO        Utility                                Total Demand      U4U Demand         Initial    Change %
20:40:39  INFO        -----------------------------------  --------------  --------------  --------------  ----------
20:40:39  INFO        Boiler Feed Water                         116599.56       116603.13            0.00     0.0016%
20:40:39  INFO        COMPRESSED AIR                           7168630.28      1229099.47      5939566.24    82.8551%
20:40:39  INFO        Cooling Water 1                            15089.00            0.00        15089.00   100.0000%
20:40:39  INFO        Cooling Water 2                            14962.87         5582.28         9380.59    62.6925%
20:40:39  INFO        D M Water                                 153977.20       100275.62        53703.20    34.8795%
20:40:39  INFO        HP Steam PRDS                               4675.00         4675.00            0.00     0.0000%
20:40:39  INFO        HP Steam_Dis                                4675.00            0.00         4675.00   100.0000%
20:40:39  INFO        HRSG1_SHP STEAM                            53623.55        53625.26            0.00     0.0012%
20:40:39  INFO        HRSG2_SHP STEAM                            53623.55        53625.26            0.00     0.0012%
20:40:39  INFO        LP Steam PRDS                              17620.07        17620.30            0.00     0.0010%
20:40:39  INFO        LP Steam_Dis                               42674.49        16906.94        25767.83    60.3836%
20:40:39  INFO        MP Steam PRDS SHP                          22383.79        22384.86            0.00     0.0010%
20:40:39  INFO        MP Steam_Dis                               27308.60        13215.05        14093.68    51.6137%
20:40:39  INFO        Nitrogen Gas                            10905918.20      5758073.20      5147845.00    47.2023% (PT)
20:40:39  INFO        Oxygen                                      6260.00            0.00         6260.00   100.0000%
20:40:39  INFO        POWERGEN                                20182099.95     20182099.95            0.00     0.0000%
20:40:39  INFO        Power_Dis                               44510486.19     15852053.40     28658458.20    64.3860% (PT)
20:40:39  INFO        SHP Steam_Dis                             107250.51        86420.88        20830.00    19.4250%
20:40:39  INFO        STG1_LP STEAM                              25053.87        25054.19            0.00     0.0010%
20:40:39  INFO        STG1_MP STEAM                               4923.51         4923.74            0.00     0.0010%
20:40:39  INFO        Water                                     788794.39       500767.75       288030.16    36.5156% (PT)
20:40:39  INFO      
20:40:39  INFO        U4U CONSUMPTION BREAKDOWN (per producer per material):
20:40:39  INFO        Producer                        Material Consumed                     Norm        Quantity  Credit
20:40:39  INFO        ------------------------------  ------------------------------  ----------  --------------  ------
20:40:39  INFO        Boiler Feed Water               CHEM CYCLO HEXY                   0.000100           11.66  
20:40:39  INFO        Boiler Feed Water               CHEM MORPHOLENE                   0.000002            0.23  
20:40:39  INFO        Boiler Feed Water               Cooling Water 2                   0.001146          133.62  
20:40:39  INFO        Boiler Feed Water               D M Water                         0.860000       100275.62  
20:40:39  INFO        Boiler Feed Water               KEM WATREAT B 70M                 0.000570           66.46  
20:40:39  INFO        Boiler Feed Water               LP Steam_Dis                      0.145000        16906.94  
20:40:39  INFO        Boiler Feed Water               Power_Dis                         9.500000      1107695.85  
20:40:39  INFO        COMPRESSED AIR                  Cooling Water 2                   0.000025          179.22  
20:40:39  INFO        COMPRESSED AIR                  Power_Dis                         0.165000      1182824.00  
20:40:39  INFO        Cooling Water 1                 COMPRESSED AIR                    0.109348         1649.95  
20:40:39  INFO        Cooling Water 1                 Power_Dis                       245.000005      3696805.08  
20:40:39  INFO        Cooling Water 1                 SULPHURIC ACID                    0.000158            2.38  
20:40:39  INFO        Cooling Water 1                 Water                            11.050000       166733.45  
20:40:39  INFO        Cooling Water 2                 COMPRESSED AIR                    0.118537         1773.65  
20:40:39  INFO        Cooling Water 2                 Power_Dis                       249.999998      3740716.46  
20:40:39  INFO        Cooling Water 2                 SULPHURIC ACID                    0.000200            2.99  
20:40:39  INFO        Cooling Water 2                 Water                            11.500000       172072.96  
20:40:39  INFO        D M Water                       CAUSTIC SODA LYE – GRADE 1        0.000258           39.73  
20:40:39  INFO        D M Water                       CHEM  SODIUM SULPHITE;PN:MIS 1    0.000811          124.88  
20:40:39  INFO        D M Water                       CHEM ALUM.SULFATE, AL2(SO4)3,1    0.000757          116.56  
20:40:39  INFO        D M Water                       COMPRESSED AIR                    0.077000        11856.24  
20:40:39  INFO        D M Water                       HYDRO CHLORIC ACID (30%) -VIRG    0.000258           39.73  
20:40:39  INFO        D M Water                       POLYELECTROLYTE                   0.000766          117.95  
20:40:39  INFO        D M Water                       Power_Dis                         1.210000       186312.41  
20:40:39  INFO        D M Water                       Ret steam condensate              0.203000        31257.37  
20:40:39  INFO        D M Water                       SODIUM CHLORIDE IS 797 GRADE1     0.000010            1.54  
20:40:39  INFO        D M Water                       Water                             1.050000       161676.06  
20:40:39  INFO        HP Steam PRDS                   Boiler Feed Water                 0.076800          359.04  
20:40:39  INFO        HP Steam PRDS                   SHP Steam_Dis                     0.923200         4315.96  
20:40:39  INFO        HP Steam_Dis                    HP Steam PRDS                     1.000000         4675.00  
20:40:39  INFO        HRSG1_SHP STEAM                 Boiler Feed Water                 1.024000        54912.27  
20:40:39  INFO        HRSG1_SHP STEAM                 CHEM TRISODIUM PHOSPHATE          0.000900           48.26  
20:40:39  INFO        HRSG1_SHP STEAM                 COMPRESSED AIR                    9.953262       533746.26  
20:40:39  INFO        HRSG1_SHP STEAM                 FURNACE OIL ( MEDIUM VISCOSITY    0.000098            5.26  
20:40:39  INFO        HRSG1_SHP STEAM                 LP Steam_Dis                     -0.078000        -4182.77  YES
20:40:39  INFO        HRSG1_SHP STEAM                 NATURAL GAS                       2.472238       132574.41  
20:40:39  INFO        HRSG1_SHP STEAM                 Water                             0.002660          142.64  
20:40:39  INFO        HRSG2_SHP STEAM                 Boiler Feed Water                 1.024000        54912.27  
20:40:39  INFO        HRSG2_SHP STEAM                 CHEM TRISODIUM PHOSPHATE          0.000900           48.26  
20:40:39  INFO        HRSG2_SHP STEAM                 COMPRESSED AIR                   10.617329       569357.03  
20:40:39  INFO        HRSG2_SHP STEAM                 FURNACE OIL ( MEDIUM VISCOSITY    0.000098            5.26  
20:40:39  INFO        HRSG2_SHP STEAM                 LP Steam_Dis                     -0.078000        -4182.77  YES
20:40:39  INFO        HRSG2_SHP STEAM                 NATURAL GAS                       2.954424       158431.76  
20:40:39  INFO        HRSG2_SHP STEAM                 Water                             0.002660          142.64  
20:40:39  INFO        LP Steam PRDS                   Boiler Feed Water                 0.250000         4405.02  
20:40:39  INFO        LP Steam PRDS                   MP Steam_Dis                      0.750000        13215.05  
20:40:39  INFO        LP Steam_Dis                    LP Steam PRDS                     0.412900        17620.30  
20:40:39  INFO        LP Steam_Dis                    STG1_LP STEAM                     0.587100        25054.19  
20:40:39  INFO        MP Steam PRDS SHP               Boiler Feed Water                 0.090000         2014.54  
20:40:39  INFO        MP Steam PRDS SHP               SHP Steam_Dis                     0.910000        20369.25  
20:40:39  INFO        MP Steam_Dis                    MP Steam PRDS SHP                 0.819700        22384.86  
20:40:39  INFO        MP Steam_Dis                    STG1_MP STEAM                     0.180300         4923.74  
20:40:39  INFO        Oxygen                          Cooling Water 2                   0.250000         1565.00  
20:40:39  INFO        Oxygen                          Nitrogen Gas                    919.820000      5758073.20  
20:40:39  INFO        Oxygen                          Power_Dis                       925.170000      5791564.20  
20:40:39  INFO        POWERGEN                        COMPRESSED AIR                    0.006205        30007.38  
20:40:39  INFO        POWERGEN                        COMPRESSED AIR                    0.003912            0.00  
20:40:39  INFO        POWERGEN                        COMPRESSED AIR                    0.005283        19652.76  
20:40:39  INFO        POWERGEN                        COMPRESSED AIR                    0.004634        61056.19  
20:40:39  INFO        POWERGEN                        Cooling Water 2                   0.000022          106.39  
20:40:39  INFO        POWERGEN                        Cooling Water 2                   0.000011            0.00  
20:40:39  INFO        POWERGEN                        Cooling Water 2                   0.000018           66.96  
20:40:39  INFO        POWERGEN                        Cooling Water 2                   0.000268         3531.09  
20:40:39  INFO        POWERGEN                        NATURAL GAS                       0.014762        70637.60  
20:40:39  INFO        POWERGEN                        NATURAL GAS                       0.009472            0.00  
20:40:39  INFO        POWERGEN                        NATURAL GAS                       0.014762        57633.61  
20:40:39  INFO        POWERGEN                        No Material                       0.000000            0.00  
20:40:39  INFO        POWERGEN                        No Material                       0.000000            0.00  
20:40:39  INFO        POWERGEN                        No Material                       0.000000            0.00  
20:40:39  INFO        POWERGEN                        Power_Dis                         0.014000        67704.00  
20:40:39  INFO        POWERGEN                        Power_Dis                         0.019931            0.00  
20:40:39  INFO        POWERGEN                        Power_Dis                         0.014000        52080.00  
20:40:39  INFO        POWERGEN                        Power_Dis                         0.002000        26351.40  
20:40:39  INFO        POWERGEN                        Ret steam condensate              0.002326        30646.68  
20:40:39  INFO        POWERGEN                        SHP Steam_Dis                     0.003515        46312.59  
20:40:39  INFO        Power_Dis                       POWERGEN                          0.108045      5000722.37  
20:40:39  INFO        Power_Dis                       POWERGEN                          0.108045      5000722.37  
20:40:39  INFO        Power_Dis                       POWERGEN                          0.219962     10180655.22  
20:40:39  INFO        Power_Dis                       Power from MEL                    0.563947     24552000.00  
20:40:39  INFO        SHP Steam_Dis                   HRSG1_SHP STEAM                   0.500000        53625.26  
20:40:39  INFO        SHP Steam_Dis                   HRSG2_SHP STEAM                   0.500000        53625.26  
20:40:39  INFO        STG1_LP STEAM                   SHP Steam_Dis                     0.480000        12025.86  
20:40:39  INFO        STG1_MP STEAM                   SHP Steam_Dis                     0.690000         3397.22  
20:40:39  INFO      
20:40:39  INFO        All U4U materials converged within tolerance
20:40:39  INFO        ------------------------------------------------------------------------------------------
20:40:39  INFO        [DISPATCH] Total demand: 44510.51 MWh, Import: 24552.00 MWh, Net for GT/STG: 19958.51 MWh
20:40:39  WARNING     [DISPATCH] No aux power norm for 'NMD-Power Plant-1'; using 0.0
20:40:39  WARNING     [DISPATCH] No aux power norm for 'NMD-Power Plant-2'; using 0.0
20:40:39  WARNING     [DISPATCH] No aux power norm for 'NMD-STG Power Plant'; using 0.0
20:40:39  INFO        ==============================================================================
20:40:39  INFO        POWER DISPATCH  (July 2025)
20:40:39  INFO        ==============================================================================
20:40:39  INFO        Demand:  Process = 44510.51 MWh  |  Fixed = 0.00 MWh  |  Total = 44510.51 MWh
20:40:39  INFO      
20:40:39  INFO        Asset                      Priority    Min MW    Max MW     Hours   Dispatched MW  Dispatched MWh    Load %  Free Steam MT  Aux Power MWh
20:40:39  INFO        -------------------------  --------  --------  --------  --------  --------------  --------------  --------  ------------  ------------
20:40:39  INFO        NMD-Power Plant-1                 1      5.00     21.90    744.00            5.00         3720.00     22.8%       7328.40          0.00
20:40:39  INFO        NMD-Power Plant-2                 1      6.50     14.00    744.00            6.50         4836.00     46.4%       9526.92          0.00
20:40:39  INFO        NMD-STG Power Plant               2      6.00     24.90    644.00           20.46        13175.70     82.2%          0.00          0.00
20:40:39  INFO        TOTAL                                                                                    21731.70                16855.32          0.00
20:40:39  INFO        DEFICIT: 22778.81 MWh under-generation
20:40:39  INFO        ==============================================================================
20:40:40  INFO        [STG EXTRACTION] STG Load: 20.46 MW, LP Extraction: 19320.00 MT, MP Extraction: 8372.00 MT
20:40:40  INFO        ==============================================================================
20:40:40  INFO        STEAM DISPATCH  (July 2025)
20:40:40  INFO        ==============================================================================
20:40:40  INFO        Grade      Process/Fixed MT  Letdown MT  Byproduct MT     Net Demand MT
20:40:40  INFO        ---------  ----------------  ----------  ------------  ----------------
20:40:40  INFO        SHP               107250.88    99014.01          0.00         107250.88
20:40:40  INFO        HP                  4675.00    77766.76          0.00         103689.01
20:40:40  INFO        MP                 27308.73        0.00          0.00          96703.49
20:40:40  INFO        LP                 42674.77        0.00          0.00          23354.77
20:40:40  INFO      
20:40:40  INFO        Total Free Steam available: 16855.32 MT
20:40:40  INFO      
20:40:40  INFO        FINAL SUPPLEMENTARY FIRING DISPATCH
20:40:40  INFO        Asset                      Priority     Min TPH     Max TPH     Hours  Dispatched TPH   Dispatched MT    Load %
20:40:40  INFO        -------------------------  --------  ----------  ----------  --------  --------------  --------------  --------
20:40:40  INFO        HRSG-1                            1       50.15      126.15    744.00           62.23        46297.04     53.0%
20:40:40  INFO        HRSG-2                            1       47.20      123.19    744.00           59.27        44098.52     53.0%
20:40:40  INFO        HRSG-3                          999       60.00      136.00      0.00            0.00            0.00      0.0%
20:40:40  INFO        TOTAL SUPPLEMENTARY                                                                          90395.56          
20:40:40  INFO        TOTAL STEAM GENERATED                                                                       107250.88          
20:40:40  INFO        Demand met
20:40:40  INFO        ==============================================================================
20:40:40  INFO        [REVERSE NG HRSG] Found HRSG: HRSG-1, supp_steam=46297.04 MT, free_steam=7328.40 MT, total_steam=53625.44 MT
20:40:40  INFO        [REVERSE NG HRSG] HRSG1_SHP STEAM: total_steam=53625.44 MT, norm=2.472238, consumed=132574.85 MMBTU (REVERSE, BPC method)
20:40:40  INFO        [REVERSE NG] Found GT asset: NMD-Power Plant-2, plant: NMD - Power Plant 2, heat_rate: 5182.18, free_steam: 1.97
20:40:40  INFO        [REVERSE NG] NMD - Power Plant 2: gen_qty=4836000 KWH, heat_rate=5182.18, free_steam=1.9700, consumed=70637.60 MMBTU (REVERSE)
20:40:40  INFO        [REVERSE NG] Found GT asset: NMD-Power Plant-1, plant: NMD - Power Plant 1, heat_rate: 5405.67, free_steam: 1.97
20:40:40  INFO        [REVERSE NG] NMD - Power Plant 1: gen_qty=3720000 KWH, heat_rate=5405.67, free_steam=1.9700, consumed=57633.61 MMBTU (REVERSE)
20:40:40  INFO        [REVERSE NG HRSG] Found HRSG: HRSG-2, supp_steam=44098.52 MT, free_steam=9526.92 MT, total_steam=53625.44 MT
20:40:40  INFO        [REVERSE NG HRSG] HRSG2_SHP STEAM: total_steam=53625.44 MT, norm=2.954424, consumed=158432.29 MMBTU (REVERSE, BPC method)
20:40:40  INFO        [U4U LOOP] Excess steam (0.00 MT) is small, holding STG override at 13175.70 MWh
20:40:40  INFO      
20:40:40  INFO        ------------------------------------------------------------------------------------------
20:40:40  INFO        ITERATION 26
20:40:40  INFO        ------------------------------------------------------------------------------------------
20:40:40  INFO        Power:  Demand =    44510511.60 KWH  |  Gen =       21731.70 MWh  |  Surplus =  1773.19  |  Deficit =     0.00
20:40:40  INFO        Steam:  Gen =      107250.88 MT  |  Surplus =     0.00  |  Deficit =     0.00
20:40:40  INFO        Power delta: 25.4048 MWh  |  Converged: NO
20:40:40  INFO      
20:40:40  INFO        Utility                                Total Demand      U4U Demand         Initial    Change %
20:40:40  INFO        -----------------------------------  --------------  --------------  --------------  ----------
20:40:40  INFO        Boiler Feed Water                         116603.13       116603.65            0.00     0.0031%
20:40:40  INFO        COMPRESSED AIR                           7168665.71      1229103.30      5939566.24    82.8551%
20:40:40  INFO        Cooling Water 1                            15089.00            0.00        15089.00   100.0000%
20:40:40  INFO        Cooling Water 2                            14962.87         5582.28         9380.59    62.6925%
20:40:40  INFO        D M Water                                 153978.82       100278.69        53703.20    34.8781%
20:40:40  INFO        HP Steam PRDS                               4675.00         4675.00            0.00     0.0000%
20:40:40  INFO        HP Steam_Dis                                4675.00            0.00         4675.00   100.0000%
20:40:40  INFO        HRSG1_SHP STEAM                            53625.26        53625.44            0.00     0.0032%
20:40:40  INFO        HRSG2_SHP STEAM                            53625.26        53625.44            0.00     0.0032%
20:40:40  INFO        LP Steam PRDS                              17620.30        17620.41            0.00     0.0013%
20:40:40  INFO        LP Steam_Dis                               42674.77        16907.45        25767.83    60.3825%
20:40:40  INFO        MP Steam PRDS SHP                          22384.86        22384.97            0.00     0.0047%
20:40:40  INFO        MP Steam_Dis                               27308.73        13215.22        14093.68    51.6092%
20:40:40  INFO        Nitrogen Gas                            10905918.20      5758073.20      5147845.00    47.2023% (PT)
20:40:40  INFO        Oxygen                                      6260.00            0.00         6260.00   100.0000%
20:40:40  INFO        POWERGEN                                20182099.95     20182099.95            0.00     0.0000%
20:40:40  INFO        Power_Dis                               44510511.60     15852095.73     28658458.20    64.3859% (PT)
20:40:40  INFO        SHP Steam_Dis                             107250.88        86422.16        20830.00    19.4221%
20:40:40  INFO        STG1_LP STEAM                              25054.19        25054.36            0.00     0.0013%
20:40:40  INFO        STG1_MP STEAM                               4923.74         4923.76            0.00     0.0047%
20:40:40  INFO        Water                                     788797.91       500769.49       288030.16    36.5155% (PT)
20:40:40  INFO      
20:40:40  INFO        U4U CONSUMPTION BREAKDOWN (per producer per material):
20:40:40  INFO        Producer                        Material Consumed                     Norm        Quantity  Credit
20:40:40  INFO        ------------------------------  ------------------------------  ----------  --------------  ------
20:40:40  INFO        Boiler Feed Water               CHEM CYCLO HEXY                   0.000100           11.66  
20:40:40  INFO        Boiler Feed Water               CHEM MORPHOLENE                   0.000002            0.23  
20:40:40  INFO        Boiler Feed Water               Cooling Water 2                   0.001146          133.63  
20:40:40  INFO        Boiler Feed Water               D M Water                         0.860000       100278.69  
20:40:40  INFO        Boiler Feed Water               KEM WATREAT B 70M                 0.000570           66.46  
20:40:40  INFO        Boiler Feed Water               LP Steam_Dis                      0.145000        16907.45  
20:40:40  INFO        Boiler Feed Water               Power_Dis                         9.500000      1107729.75  
20:40:40  INFO        COMPRESSED AIR                  Cooling Water 2                   0.000025          179.22  
20:40:40  INFO        COMPRESSED AIR                  Power_Dis                         0.165000      1182829.84  
20:40:40  INFO        Cooling Water 1                 COMPRESSED AIR                    0.109348         1649.95  
20:40:40  INFO        Cooling Water 1                 Power_Dis                       245.000005      3696805.08  
20:40:40  INFO        Cooling Water 1                 SULPHURIC ACID                    0.000158            2.38  
20:40:40  INFO        Cooling Water 1                 Water                            11.050000       166733.45  
20:40:40  INFO        Cooling Water 2                 COMPRESSED AIR                    0.118537         1773.65  
20:40:40  INFO        Cooling Water 2                 Power_Dis                       249.999998      3740717.08  
20:40:40  INFO        Cooling Water 2                 SULPHURIC ACID                    0.000200            2.99  
20:40:40  INFO        Cooling Water 2                 Water                            11.500000       172072.99  
20:40:40  INFO        D M Water                       CAUSTIC SODA LYE – GRADE 1        0.000258           39.73  
20:40:40  INFO        D M Water                       CHEM  SODIUM SULPHITE;PN:MIS 1    0.000811          124.88  
20:40:40  INFO        D M Water                       CHEM ALUM.SULFATE, AL2(SO4)3,1    0.000757          116.56  
20:40:40  INFO        D M Water                       COMPRESSED AIR                    0.077000        11856.37  
20:40:40  INFO        D M Water                       HYDRO CHLORIC ACID (30%) -VIRG    0.000258           39.73  
20:40:40  INFO        D M Water                       POLYELECTROLYTE                   0.000766          117.95  
20:40:40  INFO        D M Water                       Power_Dis                         1.210000       186314.38  
20:40:40  INFO        D M Water                       Ret steam condensate              0.203000        31257.70  
20:40:40  INFO        D M Water                       SODIUM CHLORIDE IS 797 GRADE1     0.000010            1.54  
20:40:40  INFO        D M Water                       Water                             1.050000       161677.77  
20:40:40  INFO        HP Steam PRDS                   Boiler Feed Water                 0.076800          359.04  
20:40:40  INFO        HP Steam PRDS                   SHP Steam_Dis                     0.923200         4315.96  
20:40:40  INFO        HP Steam_Dis                    HP Steam PRDS                     1.000000         4675.00  
20:40:40  INFO        HRSG1_SHP STEAM                 Boiler Feed Water                 1.024000        54912.45  
20:40:40  INFO        HRSG1_SHP STEAM                 CHEM TRISODIUM PHOSPHATE          0.000900           48.26  
20:40:40  INFO        HRSG1_SHP STEAM                 COMPRESSED AIR                    9.953262       533748.05  
20:40:40  INFO        HRSG1_SHP STEAM                 FURNACE OIL ( MEDIUM VISCOSITY    0.000098            5.26  
20:40:40  INFO        HRSG1_SHP STEAM                 LP Steam_Dis                     -0.078000        -4182.78  YES
20:40:40  INFO        HRSG1_SHP STEAM                 NATURAL GAS                       2.472238       132574.85  
20:40:40  INFO        HRSG1_SHP STEAM                 Water                             0.002660          142.64  
20:40:40  INFO        HRSG2_SHP STEAM                 Boiler Feed Water                 1.024000        54912.45  
20:40:40  INFO        HRSG2_SHP STEAM                 CHEM TRISODIUM PHOSPHATE          0.000900           48.26  
20:40:40  INFO        HRSG2_SHP STEAM                 COMPRESSED AIR                   10.617329       569358.94  
20:40:40  INFO        HRSG2_SHP STEAM                 FURNACE OIL ( MEDIUM VISCOSITY    0.000098            5.26  
20:40:40  INFO        HRSG2_SHP STEAM                 LP Steam_Dis                     -0.078000        -4182.78  YES
20:40:40  INFO        HRSG2_SHP STEAM                 NATURAL GAS                       2.954424       158432.29  
20:40:40  INFO        HRSG2_SHP STEAM                 Water                             0.002660          142.64  
20:40:40  INFO        LP Steam PRDS                   Boiler Feed Water                 0.250000         4405.07  
20:40:40  INFO        LP Steam PRDS                   MP Steam_Dis                      0.750000        13215.22  
20:40:40  INFO        LP Steam_Dis                    LP Steam PRDS                     0.412900        17620.41  
20:40:40  INFO        LP Steam_Dis                    STG1_LP STEAM                     0.587100        25054.36  
20:40:40  INFO        MP Steam PRDS SHP               Boiler Feed Water                 0.090000         2014.64  
20:40:40  INFO        MP Steam PRDS SHP               SHP Steam_Dis                     0.910000        20370.22  
20:40:40  INFO        MP Steam_Dis                    MP Steam PRDS SHP                 0.819700        22384.97  
20:40:40  INFO        MP Steam_Dis                    STG1_MP STEAM                     0.180300         4923.76  
20:40:40  INFO        Oxygen                          Cooling Water 2                   0.250000         1565.00  
20:40:40  INFO        Oxygen                          Nitrogen Gas                    919.820000      5758073.20  
20:40:40  INFO        Oxygen                          Power_Dis                       925.170000      5791564.20  
20:40:40  INFO        POWERGEN                        COMPRESSED AIR                    0.006205        30007.38  
20:40:40  INFO        POWERGEN                        COMPRESSED AIR                    0.003912            0.00  
20:40:40  INFO        POWERGEN                        COMPRESSED AIR                    0.005283        19652.76  
20:40:40  INFO        POWERGEN                        COMPRESSED AIR                    0.004634        61056.19  
20:40:40  INFO        POWERGEN                        Cooling Water 2                   0.000022          106.39  
20:40:40  INFO        POWERGEN                        Cooling Water 2                   0.000011            0.00  
20:40:40  INFO        POWERGEN                        Cooling Water 2                   0.000018           66.96  
20:40:40  INFO        POWERGEN                        Cooling Water 2                   0.000268         3531.09  
20:40:40  INFO        POWERGEN                        NATURAL GAS                       0.014762        70637.60  
20:40:40  INFO        POWERGEN                        NATURAL GAS                       0.009472            0.00  
20:40:40  INFO        POWERGEN                        NATURAL GAS                       0.014762        57633.61  
20:40:40  INFO        POWERGEN                        No Material                       0.000000            0.00  
20:40:40  INFO        POWERGEN                        No Material                       0.000000            0.00  
20:40:40  INFO        POWERGEN                        No Material                       0.000000            0.00  
20:40:40  INFO        POWERGEN                        Power_Dis                         0.014000        67704.00  
20:40:40  INFO        POWERGEN                        Power_Dis                         0.019931            0.00  
20:40:40  INFO        POWERGEN                        Power_Dis                         0.014000        52080.00  
20:40:40  INFO        POWERGEN                        Power_Dis                         0.002000        26351.40  
20:40:40  INFO        POWERGEN                        Ret steam condensate              0.002326        30646.68  
20:40:40  INFO        POWERGEN                        SHP Steam_Dis                     0.003515        46312.59  
20:40:40  INFO        Power_Dis                       POWERGEN                          0.108045      5000722.37  
20:40:40  INFO        Power_Dis                       POWERGEN                          0.108045      5000722.37  
20:40:40  INFO        Power_Dis                       POWERGEN                          0.219962     10180655.22  
20:40:40  INFO        Power_Dis                       Power from MEL                    0.563947     24552000.00  
20:40:40  INFO        SHP Steam_Dis                   HRSG1_SHP STEAM                   0.500000        53625.44  
20:40:40  INFO        SHP Steam_Dis                   HRSG2_SHP STEAM                   0.500000        53625.44  
20:40:40  INFO        STG1_LP STEAM                   SHP Steam_Dis                     0.480000        12026.01  
20:40:40  INFO        STG1_MP STEAM                   SHP Steam_Dis                     0.690000         3397.38  
20:40:40  INFO      
20:40:40  INFO        All U4U materials converged within tolerance
20:40:40  INFO        ------------------------------------------------------------------------------------------
20:40:40  INFO      
20:40:40  INFO        [U4U LOOP] Power demand stabilized (delta < 500 MWh for 5 iterations) at iteration 26 — forcing convergence
20:40:40  INFO      
20:40:40  INFO        ==========================================================================================
20:40:40  INFO        FINAL BALANCE  (after 26 iterations, CONVERGED)
20:40:40  INFO        ==========================================================================================
20:40:40  INFO      
20:40:40  INFO        POWER BALANCE
20:40:40  INFO        Process + Fixed Demand                  28658458.20 KWH
20:40:40  INFO        U4U Demand                              15852095.73 KWH
20:40:40  INFO        TOTAL DEMAND                            44510511.60 KWH
20:40:40  INFO        GT/STG Generation                          21731.70 MWh
20:40:40  INFO        Import Power                               24552.00 MWh
20:40:40  INFO        TOTAL SUPPLY                               46283.70 MWh
20:40:40  INFO        BALANCE                                     1773.19 MWh
20:40:40  INFO      
20:40:40  INFO        STEAM BALANCE
20:40:40  INFO        Grade            Demand (MT)        Gen (MT)    Surplus (MT)    Deficit (MT)
20:40:40  INFO        ------------  --------------  --------------  --------------  --------------
20:40:40  INFO        SHP                107250.88       107250.88            0.00            0.00
20:40:40  INFO        HP                 103689.01            0.00            0.00            0.00
20:40:40  INFO        MP                  96703.49            0.00            0.00            0.00
20:40:40  INFO        LP                  23354.77            0.00            0.00            0.00
20:40:40  INFO      
20:40:40  INFO        U4U CONSUMPTION SUMMARY
20:40:40  INFO        Utility                              Initial Demand      U4U Demand    Total Demand
20:40:40  INFO        -----------------------------------  --------------  --------------  --------------
20:40:40  INFO        Boiler Feed Water                              0.00       116603.65       116603.13
20:40:40  INFO        COMPRESSED AIR                           5939566.24      1229103.30      7168665.71
20:40:40  INFO        Cooling Water 1                            15089.00            0.00        15089.00
20:40:40  INFO        Cooling Water 2                             9380.59         5582.28        14962.87
20:40:40  INFO        D M Water                                  53703.20       100278.69       153978.82
20:40:40  INFO        HP Steam PRDS                                  0.00         4675.00         4675.00
20:40:40  INFO        HP Steam_Dis                                4675.00            0.00         4675.00
20:40:40  INFO        HRSG1_SHP STEAM                                0.00        53625.44        53625.26
20:40:40  INFO        HRSG2_SHP STEAM                                0.00        53625.44        53625.26
20:40:40  INFO        LP Steam PRDS                                  0.00        17620.41        17620.30
20:40:40  INFO        LP Steam_Dis                               25767.83        16907.45        42674.77
20:40:40  INFO        MP Steam PRDS SHP                              0.00        22384.97        22384.86
20:40:40  INFO        MP Steam_Dis                               14093.68        13215.22        27308.73
20:40:40  INFO        Nitrogen Gas                             5147845.00      5758073.20     10905918.20 (PT)
20:40:40  INFO        Oxygen                                      6260.00            0.00         6260.00
20:40:40  INFO        POWERGEN                                       0.00     20182099.95     20182099.95
20:40:40  INFO        Power_Dis                               28658458.20     15852095.73     44510511.60 (PT)
20:40:40  INFO        SHP Steam_Dis                              20830.00        86422.16       107250.88
20:40:40  INFO        STG1_LP STEAM                                  0.00        25054.36        25054.19
20:40:40  INFO        STG1_MP STEAM                                  0.00         4923.76         4923.74
20:40:40  INFO        Water                                     288030.16       500769.49       788797.91 (PT)
20:40:40  INFO      
20:40:40  INFO        PASS-THROUGH UTILITIES (demand but no norms configuration):
20:40:40  INFO          Nitrogen Gas                         demand = 10905918.20  (assumed external supply)
20:40:40  INFO          Power_Dis                            demand = 44510511.60  (assumed external supply)
20:40:40  INFO          Water                                demand = 788797.91  (assumed external supply)
20:40:40  INFO        ==========================================================================================

  Iterations: 26  |  Converged: YES
  Pass-through utilities: Power_Dis, Nitrogen Gas, Water

======================================================================
  DONE
======================================================================

======================================================================
  U4U vs BPC COMPARISON  (July 2025)
======================================================================
20:40:40  INFO        [BPC] Loaded BPC.ods (122 rows, 58 cols) for month 7/2025
20:40:40  INFO        [BPC] Month columns: norm=22, qty=23
20:40:40  INFO        [BPC] ===== BPC SUMMARY (BPC.ods 7/2025) =====
20:40:40  INFO        [BPC] Producers with generation quantities: 22
20:40:40  INFO        [BPC] Producers with consumption quantities: 25
20:40:40  INFO        [BPC]   Boiler Feed Water               gen=      97714.46  materials=4
20:40:40  INFO        [BPC]   COMPRESSED AIR                  gen=    6997316.32  materials=2
20:40:40  INFO        [BPC]   Cooling Water 1                 gen=      15089.44  materials=4
20:40:40  INFO        [BPC]   Cooling Water 2                 gen=      13919.69  materials=4
20:40:40  INFO        [BPC]   D M Water                       gen=     137905.19  materials=5
20:40:40  INFO        [BPC]   Effluent Treated                gen=     243989.31  materials=3
20:40:40  INFO        [BPC]   HP Steam PRDS                   gen=       4675.31  materials=2
20:40:40  INFO        [BPC]   HP Steam_Dis                    gen=       4675.31  materials=1
20:40:40  INFO        [BPC]   HRSG1_SHP STEAM                 gen=      45257.90  materials=6
20:40:40  INFO        [BPC]   HRSG2_SHP STEAM                 gen=      44146.70  materials=6
20:40:40  INFO        [BPC]   LP Steam PRDS                   gen=      16114.39  materials=2
20:40:40  INFO        [BPC]   LP Steam_Dis                    gen=      35434.39  materials=2
20:40:40  INFO        [BPC]   MP Steam PRDS SHP               gen=      19738.79  materials=2
20:40:40  INFO        [BPC]   MP Steam_Dis                    gen=      26178.79  materials=2
20:40:40  INFO        [BPC]   NMD - Power Plant 1             gen=    6056115.75  materials=5
20:40:40  INFO        [BPC]   NMD - Power Plant 2             gen=    5155920.00  materials=5
20:40:40  INFO        [BPC]   NMD - STG Power Plant           gen=    9151240.00  materials=6
20:40:40  INFO        [BPC]   Oxygen                          gen=       6259.69  materials=3
20:40:40  INFO        [BPC]   Power_Dis                       gen=   44915275.75  materials=1
20:40:40  INFO        [BPC]   SHP Steam_Dis                   gen=      89404.59  materials=3
20:40:40  INFO        [BPC]   STG1_LP STEAM                   gen=      19320.00  materials=1
20:40:40  INFO        [BPC]   STG1_MP STEAM                   gen=       6440.00  materials=1

  POWER BALANCE SUMMARY
  Total Power Demand                    44510.51 MWh
  GT/STG Generation                     21731.70 MWh
  Import Power                          24552.00 MWh
  Total Supply (Gen + Import)           46283.70 MWh
  Surplus/Deficit                        1773.19 MWh

  ====================================================================================================================================================================================
  U4U CONSUMPTION vs BPC COMPARISON TABLE
  ====================================================================================================================================================================================
  Plant Name                 Generation Utility         UOM            Gen Qty     BPC Gen Qty  Gen Diff %  U4U Plant                  U4U Utility                UOM             Norm  Consumption Qty         BPC Qty  Qty Diff %
  -------------------------  -------------------------  ------  --------------  --------------  ----------  -------------------------  -------------------------  ------  ------------  --------------  --------------  ----------
  NMD - Power Plant 1        POWERGEN                               3720000.00      6056115.75     -38.57%  NMD - Utility Plant        COMPRESSED AIR                         0.005283        19652.76        31992.00     -38.57%
  NMD - Power Plant 1        POWERGEN                               3720000.00      6056115.75     -38.57%  NMD - Utility Plant        Cooling Water 2                        0.000018           66.96          112.00     -40.21%
  NMD - Power Plant 1        POWERGEN                               3720000.00      6056115.75     -38.57%  NMD-Rev Proc               NATURAL GAS                            0.014762        57633.61        75521.01     -23.69%
  NMD - Power Plant 1        POWERGEN                               3720000.00      6056115.75     -38.57%  NMD - Utility/Power Dist   Power_Dis                              0.014000        52080.00        84785.62     -38.57%
  NMD - Power Plant 2        POWERGEN                               4836000.00      5155920.00      -6.20%  NMD - Utility Plant        COMPRESSED AIR                         0.006205        30007.38        31992.00      -6.20%
  NMD - Power Plant 2        POWERGEN                               4836000.00      5155920.00      -6.20%  NMD - Utility Plant        Cooling Water 2                        0.000022          106.39          112.00      -5.01%
  NMD - Power Plant 2        POWERGEN                               4836000.00      5155920.00      -6.20%  NMD-Rev Proc               NATURAL GAS                            0.014762        70637.60        71943.45      -1.82%
  NMD - Power Plant 2        POWERGEN                               4836000.00      5155920.00      -6.20%  NMD - Utility/Power Dist   Power_Dis                              0.014000        67704.00        72182.88      -6.20%
  NMD - Power Plant 3        POWERGEN                                     0.00            0.00       0.00%  NMD - Utility Plant        COMPRESSED AIR                         0.003912            0.00            0.00       0.00%
  NMD - Power Plant 3        POWERGEN                                     0.00            0.00       0.00%  NMD - Utility Plant        Cooling Water 2                        0.000011            0.00            0.00       0.00%
  NMD - Power Plant 3        POWERGEN                                     0.00            0.00       0.00%  NMD-Rev Proc               NATURAL GAS                            0.009472            0.00            0.00       0.00%
  NMD - Power Plant 3        POWERGEN                                     0.00            0.00       0.00%  No Plant                   No Material                            0.000000            0.00            0.00       0.00%
  NMD - Power Plant 3        POWERGEN                                     0.00            0.00       0.00%  No Plant                   No Material                            0.000000            0.00            0.00       0.00%
  NMD - Power Plant 3        POWERGEN                                     0.00            0.00       0.00%  No Plant                   No Material                            0.000000            0.00            0.00       0.00%
  NMD - Power Plant 3        POWERGEN                                     0.00            0.00       0.00%  NMD - Utility/Power Dist   Power_Dis                              0.019931            0.00            0.00       0.00%
  NMD - STG Power Plant      POWERGEN                              13175700.00      9151240.00      43.98%  NMD - Utility Plant        COMPRESSED AIR                         0.004634        61056.19        42408.00      43.97%
  NMD - STG Power Plant      POWERGEN                              13175700.00      9151240.00      43.98%  NMD - Utility Plant        Cooling Water 2                        0.000268         3531.09         2455.00      43.83%
  NMD - STG Power Plant      POWERGEN                              13175700.00      9151240.00      43.98%  NMD - Utility/Power Dist   Power_Dis                              0.002000        26351.40        18302.48      43.98%
  NMD - STG Power Plant      POWERGEN                              13175700.00      9151240.00      43.98%  NMD - STG Power Plant      Ret steam condensate                   0.002326        30646.68       -26813.13     214.30%
  NMD - STG Power Plant      POWERGEN                              13175700.00      9151240.00      43.98%  NMD - Utility/Power Dist   SHP Steam_Dis                          0.003515        46312.59        32578.41      42.16%
  NMD - Utility Plant        Boiler Feed Water                       116603.13        97714.46      19.33%  NMD-Rev Proc               CHEM CYCLO HEXY                        0.000100           11.66            0.00     100.00%
  NMD - Utility Plant        Boiler Feed Water                       116603.13        97714.46      19.33%  NMD-Rev Proc               CHEM MORPHOLENE                        0.000002            0.23            0.00     100.00%
  NMD - Utility Plant        Boiler Feed Water                       116603.13        97714.46      19.33%  NMD - Utility Plant        Cooling Water 2                        0.001146          133.63          112.00      19.31%
  NMD - Utility Plant        Boiler Feed Water                       116603.13        97714.46      19.33%  NMD - Utility Plant        D M Water                              0.860000       100278.69        84034.43      19.33%
  NMD - Utility Plant        Boiler Feed Water                       116603.13        97714.46      19.33%  NMD-Rev Proc               KEM WATREAT B 70M                      0.000570           66.46            0.00     100.00%
  NMD - Utility Plant        Boiler Feed Water                       116603.13        97714.46      19.33%  NMD - Utility/Power Dist   LP Steam_Dis                           0.145000        16907.45        14168.60      19.33%
  NMD - Utility Plant        Boiler Feed Water                       116603.13        97714.46      19.33%  NMD - Utility/Power Dist   Power_Dis                              9.500000      1107729.75       928287.33      19.33%
  NMD - Utility Plant        COMPRESSED AIR                         7168665.71      6997316.32       2.45%  NMD - Utility Plant        Cooling Water 2                        0.000025          179.22          175.00       2.41%
  NMD - Utility Plant        COMPRESSED AIR                         7168665.71      6997316.32       2.45%  NMD - Utility/Power Dist   Power_Dis                              0.165000      1182829.84      1154557.19       2.45%
  NMD - Utility Plant        Cooling Water 1                          15089.00        15089.44      -0.00%  NMD - Utility Plant        COMPRESSED AIR                         0.109348         1649.95         1650.00      -0.00%
  NMD - Utility Plant        Cooling Water 1                          15089.00        15089.44      -0.00%  NMD - Utility/Power Dist   Power_Dis                            245.000005      3696805.08      3696913.47      -0.00%
  NMD - Utility Plant        Cooling Water 1                          15089.00        15089.44      -0.00%  NMD-Rev Proc               SULPHURIC ACID                         0.000158            2.38            2.38      -0.00%
  NMD - Utility Plant        Cooling Water 1                          15089.00        15089.44      -0.00%  NMD-Rev Proc               Water                                 11.050000       166733.45       166738.34      -0.00%
  NMD - Utility Plant        Cooling Water 2                          14962.87        13919.69       7.49%  NMD - Utility Plant        COMPRESSED AIR                         0.118537         1773.65         1650.00       7.49%
  NMD - Utility Plant        Cooling Water 2                          14962.87        13919.69       7.49%  NMD - Utility/Power Dist   Power_Dis                            249.999998      3740717.08      3479921.65       7.49%
  NMD - Utility Plant        Cooling Water 2                          14962.87        13919.69       7.49%  NMD-Rev Proc               SULPHURIC ACID                         0.000200            2.99            2.20      36.07%
  NMD - Utility Plant        Cooling Water 2                          14962.87        13919.69       7.49%  NMD-Rev Proc               Water                                 11.500000       172072.99       160076.40       7.49%
  NMD - Utility Plant        D M Water                               153978.82       137905.19      11.66%  NMD-Rev Proc               CAUSTIC SODA LYE – GRADE               0.000258           39.73            0.00     100.00%
  NMD - Utility Plant        D M Water                               153978.82       137905.19      11.66%  NMD-Rev Proc               CHEM  SODIUM SULPHITE;PN:              0.000811          124.88            0.00     100.00%
  NMD - Utility Plant        D M Water                               153978.82       137905.19      11.66%  NMD-Rev Proc               CHEM ALUM.SULFATE, AL2(SO              0.000757          116.56            0.00     100.00%
  NMD - Utility Plant        D M Water                               153978.82       137905.19      11.66%  NMD - Utility Plant        COMPRESSED AIR                         0.077000        11856.37        10618.70      11.66%
  NMD - Utility Plant        D M Water                               153978.82       137905.19      11.66%  NMD-Rev Proc               HYDRO CHLORIC ACID (30%)               0.000258           39.73           52.40     -24.19%
  NMD - Utility Plant        D M Water                               153978.82       137905.19      11.66%  NMD-Rev Proc               POLYELECTROLYTE                        0.000766          117.95            0.00     100.00%
  NMD - Utility Plant        D M Water                               153978.82       137905.19      11.66%  NMD - Utility/Power Dist   Power_Dis                              1.210000       186314.38       166865.28      11.66%
  NMD - Utility Plant        D M Water                               153978.82       137905.19      11.66%  NMD - STG Power Plant      Ret steam condensate                   0.203000        31257.70        27994.75      11.66%
  NMD - Utility Plant        D M Water                               153978.82       137905.19      11.66%  NMD-Rev Proc               SODIUM CHLORIDE IS 797 GR              0.000010            1.54            0.00     100.00%
  NMD - Utility Plant        D M Water                               153978.82       137905.19      11.66%  NMD-Rev Proc               Water                                  1.050000       161677.77       144800.45      11.66%
  NMD - Utility Plant        HP Steam PRDS                             4675.00         4675.31      -0.01%  NMD - Utility Plant        Boiler Feed Water                      0.076800          359.04          359.06      -0.01%
  NMD - Utility Plant        HP Steam PRDS                             4675.00         4675.31      -0.01%  NMD - Utility/Power Dist   SHP Steam_Dis                          0.923200         4315.96         4316.25      -0.01%
  NMD - Utility Plant        HRSG1_SHP STEAM                          53625.44        45257.90      18.49%  NMD - Utility Plant        Boiler Feed Water                      1.024000        54912.45        46344.09      18.49%
  NMD - Utility Plant        HRSG1_SHP STEAM                          53625.44        45257.90      18.49%  NMD-Rev Proc               CHEM TRISODIUM PHOSPHATE               0.000900           48.26            0.00     100.00%
  NMD - Utility Plant        HRSG1_SHP STEAM                          53625.44        45257.90      18.49%  NMD - Utility Plant        COMPRESSED AIR                         9.953262       533748.05       468720.00      13.87%
  NMD - Utility Plant        HRSG1_SHP STEAM                          53625.44        45257.90      18.49%  NMD-Rev Proc               FURNACE OIL ( MEDIUM VISC              0.000098            5.26            4.45      18.13%
  NMD - Utility Plant        HRSG1_SHP STEAM                          53625.44        45257.90      18.49%  NMD - Utility/Power Dist   LP Steam_Dis                          -0.078000        -4182.78        -2278.83     -83.55% (C)
  NMD - Utility Plant        HRSG1_SHP STEAM                          53625.44        45257.90      18.49%  NMD-Rev Proc               NATURAL GAS                            2.472238       132574.85       125822.71       5.37%
  NMD - Utility Plant        HRSG1_SHP STEAM                          53625.44        45257.90      18.49%  NMD-Rev Proc               Water                                  0.002660          142.64          120.39      18.49%
  NMD - Utility Plant        HRSG2_SHP STEAM                          53625.44        44146.70      21.47%  NMD - Utility Plant        Boiler Feed Water                      1.024000        54912.45        45206.22      21.47%
  NMD - Utility Plant        HRSG2_SHP STEAM                          53625.44        44146.70      21.47%  NMD-Rev Proc               CHEM TRISODIUM PHOSPHATE               0.000900           48.26            0.00     100.00%
  NMD - Utility Plant        HRSG2_SHP STEAM                          53625.44        44146.70      21.47%  NMD - Utility Plant        COMPRESSED AIR                        10.617329       569358.94       468720.00      21.47%
  NMD - Utility Plant        HRSG2_SHP STEAM                          53625.44        44146.70      21.47%  NMD-Rev Proc               FURNACE OIL ( MEDIUM VISC              0.000098            5.26            4.34      21.10%
  NMD - Utility Plant        HRSG2_SHP STEAM                          53625.44        44146.70      21.47%  NMD - Utility/Power Dist   LP Steam_Dis                          -0.078000        -4182.78        -2222.87     -88.17% (C)
  NMD - Utility Plant        HRSG2_SHP STEAM                          53625.44        44146.70      21.47%  NMD-Rev Proc               NATURAL GAS                            2.954424       158432.29       122256.33      29.59%
  NMD - Utility Plant        HRSG2_SHP STEAM                          53625.44        44146.70      21.47%  NMD-Rev Proc               Water                                  0.002660          142.64          117.43      21.47%
  NMD - Utility Plant        LP Steam PRDS                            17620.30        16114.39       9.35%  NMD - Utility Plant        Boiler Feed Water                      0.250000         4405.07         4028.60       9.35%
  NMD - Utility Plant        LP Steam PRDS                            17620.30        16114.39       9.35%  NMD - Utility/Power Dist   MP Steam_Dis                           0.750000        13215.22        12085.79       9.35%
  NMD - Utility Plant        MP Steam PRDS SHP                        22384.86        19738.79      13.41%  NMD - Utility Plant        Boiler Feed Water                      0.090000         2014.64         1776.49      13.41%
  NMD - Utility Plant        MP Steam PRDS SHP                        22384.86        19738.79      13.41%  NMD - Utility/Power Dist   SHP Steam_Dis                          0.910000        20370.22        17962.30      13.41%
  NMD - Utility Plant        Oxygen                                    6260.00         6259.69       0.00%  NMD - Utility Plant        Cooling Water 2                        0.250000         1565.00         1564.92       0.00%
  NMD - Utility Plant        Oxygen                                    6260.00         6259.69       0.00%  NMD - Utility Plant        Nitrogen Gas                         919.820000      5758073.20     -5757790.10     200.00%
  NMD - Utility Plant        Oxygen                                    6260.00         6259.69       0.00%  NMD - Utility/Power Dist   Power_Dis                            925.170000      5791564.20      5791279.45       0.00%
  NMD - Utility Plant        STG1_LP STEAM                            25054.19        19320.00      29.68%  NMD - Utility/Power Dist   SHP Steam_Dis                          0.480000        12026.01         9273.60      29.68%
  NMD - Utility Plant        STG1_MP STEAM                             4923.74         6440.00     -23.54%  NMD - Utility/Power Dist   SHP Steam_Dis                          0.690000         3397.38         4443.60     -23.54%
  NMD - Utility/Power Dist   HP Steam_Dis                              4675.00         4675.31      -0.01%  NMD - Utility Plant        HP Steam PRDS                          1.000000         4675.00         4675.31      -0.01%
  NMD - Utility/Power Dist   LP Steam_Dis                             42674.77        35434.39      20.43%  NMD - Utility Plant        LP Steam PRDS                          0.412900        17620.41        16114.39       9.35%
  NMD - Utility/Power Dist   LP Steam_Dis                             42674.77        35434.39      20.43%  NMD - Utility Plant        STG1_LP STEAM                          0.587100        25054.36        19320.00      29.68%
  NMD - Utility/Power Dist   MP Steam_Dis                             27308.73        26178.79       4.32%  NMD - Utility Plant        MP Steam PRDS SHP                      0.819700        22384.97        19738.79      13.41%
  NMD - Utility/Power Dist   MP Steam_Dis                             27308.73        26178.79       4.32%  NMD - Utility Plant        STG1_MP STEAM                          0.180300         4923.76         6440.00     -23.54%
  NMD - Utility/Power Dist   Power_Dis                             46283700.00     44915275.75       3.05%  NMD - Power Plant 2        POWERGEN                               0.108045      5000722.37      5155920.00      -3.01%
  NMD - Utility/Power Dist   Power_Dis                             46283700.00     44915275.75       3.05%  NMD - Power Plant 1        POWERGEN                               0.108045      5000722.37      6056115.75     -17.43%
  NMD - Utility/Power Dist   Power_Dis                             46283700.00     44915275.75       3.05%  NMD - STG Power Plant      POWERGEN                               0.219962     10180655.22      9151240.00      11.25%
  NMD - Utility/Power Dist   Power_Dis                             46283700.00     44915275.75       3.05%  NMD-Rev Proc               Power from MEL                         0.563947     24552000.00     24552000.00       0.00%
  NMD - Utility/Power Dist   SHP Steam_Dis                           107250.88        89404.59      19.96%  NMD - Utility Plant        HRSG1_SHP STEAM                        0.500000        53625.44        45257.90      18.49%
  NMD - Utility/Power Dist   SHP Steam_Dis                           107250.88        89404.59      19.96%  NMD - Utility Plant        HRSG2_SHP STEAM                        0.500000        53625.44        44146.70      21.47%

  GENERATION UTILITY COMPARISON SUMMARY
  Producer                        UOM            Gen Qty     BPC Gen Qty  Gen Diff %     # Mat
  ------------------------------  ------  --------------  --------------  ----------  --------
  NMD - Power Plant 1                         3720000.00      6056115.75     -38.57%         4
  NMD - Power Plant 2                         4836000.00      5155920.00      -6.20%         4
  NMD - Power Plant 3                               0.00            0.00       0.00%         7
  NMD - STG Power Plant                      13175700.00      9151240.00      43.98%         5
  NMD - Utility Plant                           53625.44        45257.90      18.49%        52
  NMD - Utility/Power Dist                      42674.77        35434.39      20.43%        11
  ====================================================================================================================================================================================
20:40:43  INFO      
20:40:43  INFO        ====================================================================
20:40:43  INFO        NORMS SAVE — Mapping detail_records to NormsMonthDetail
20:40:43  INFO        Month: 7/2025  |  Dry run: False  |  Records: 83
20:40:43  INFO        ====================================================================
20:40:44  INFO      
20:40:44  INFO        NormsMonthDetail Id                     Producer Utility                Material                         Gen Qty (QTY)            Norm        Quantity  Status
20:40:44  INFO        --------------------------------------  ------------------------------  ------------------------------  --------------  --------------  --------------  ----------
20:40:44  INFO        EAB8906D-8B31-440F-8056-4118C98B2030    POWERGEN                        COMPRESSED AIR                      3720000.00        0.005283        19652.76  SAME
20:40:44  INFO        B85BE731-F383-497B-B2BA-15E35A6A5CDB    POWERGEN                        Cooling Water 2                     3720000.00        0.000018           66.96  SAME
20:40:44  INFO        1CD66E9D-58F5-4E71-B2DD-B6ADB8663815    POWERGEN                        NATURAL GAS                         3720000.00        0.014762        57633.61  SAME
20:40:44  INFO        0E71AE4B-B8C7-4844-A721-191EE99086F9    POWERGEN                        No Material                         4770654.73        0.000000            0.00  SAME
20:40:44  INFO        D761D5ED-6201-4BF2-87AE-946A6736D2D8    POWERGEN                        No Material                         4770654.73        0.000000            0.00  SAME
20:40:44  INFO        D9335EC2-D280-4BA9-90A3-6129904FF09B    POWERGEN                        No Material                         4770654.73        0.000000            0.00  SAME
20:40:44  INFO        FF8319B2-8000-483A-A943-71C39EBEDC12    POWERGEN                        Power_Dis                           3720000.00        0.014000        52080.00  SAME
20:40:44  INFO        823F5BE6-4B97-472D-B384-563548D9769E    POWERGEN                        COMPRESSED AIR                      4836000.00        0.006205        30007.38  SAME
20:40:44  INFO        1B5BC618-1B03-4526-9F38-AB1F6D9CB764    POWERGEN                        Cooling Water 2                     4836000.00        0.000022          106.39  SAME
20:40:44  INFO        202E4267-8097-4565-BB8D-60372E7A5445    POWERGEN                        NATURAL GAS                         4836000.00        0.014762        70637.60  SAME
20:40:44  INFO        8CA8F82A-59F6-4297-95B1-0977DF227B23    POWERGEN                        No Material                         4770654.73        0.000000            0.00  SAME
20:40:44  INFO        B64C96FD-B918-4D60-B650-2E98247DDFB9    POWERGEN                        No Material                         4770654.73        0.000000            0.00  SAME
20:40:44  INFO        7A47C01A-BF52-4682-B6DA-D59002400D4D    POWERGEN                        No Material                         4770654.73        0.000000            0.00  SAME
20:40:44  INFO        911EFD1E-500A-4D71-B84E-6EF43A49275D    POWERGEN                        Power_Dis                           4836000.00        0.014000        67704.00  SAME
20:40:44  INFO        A12FCE4B-C564-476D-9CD6-B1DA65A07674    POWERGEN                        COMPRESSED AIR                            0.00        0.003912            0.00  SAME
20:40:44  INFO        5CF2D5EC-70DD-410C-B453-C90352F0D75F    POWERGEN                        Cooling Water 2                           0.00        0.000011            0.00  SAME
20:40:44  INFO        6AB38BA4-781D-4187-A372-CA87CB61837C    POWERGEN                        NATURAL GAS                               0.00        0.009472            0.00  SAME
20:40:44  INFO        A4D27F7E-599D-4792-A3A6-5E835BE4814A    POWERGEN                        No Material                               0.00        0.000000            0.00  SAME
20:40:44  INFO        E7826564-C27A-4049-8C22-D1DB80B6CD93    POWERGEN                        No Material                               0.00        0.000000            0.00  SAME
20:40:44  INFO        7882D7BE-BE01-4FD9-9434-1366C67065DB    POWERGEN                        No Material                               0.00        0.000000            0.00  SAME
20:40:44  INFO        EA1EF58D-3F5E-4649-A6D9-D5DDE3772A98    POWERGEN                        Power_Dis                                 0.00        0.019931            0.00  SAME
20:40:44  INFO        7C329B6D-788A-4B53-A011-4A6280C2C1E6    POWERGEN                        COMPRESSED AIR                     13175700.00        0.004634        61056.19  SAME
20:40:44  INFO        B2184608-9A65-4B3D-8EB5-D40A20598AAD    POWERGEN                        Cooling Water 2                    13175700.00        0.000268         3531.09  SAME
20:40:44  INFO        A66556C8-B0BA-4F61-B8BF-5105E594D6EC    POWERGEN                        No Material                         9595458.19        0.000000            0.00  SAME
20:40:44  INFO        1CF117E6-F381-41CB-BA9D-F96CBFBE2CB5    POWERGEN                        No Material                         9595458.19        0.000000            0.00  SAME
20:40:44  INFO        19053E30-9F12-479F-9E11-53374257E220    POWERGEN                        No Material                         9595458.19        0.000000            0.00  SAME
20:40:44  INFO        21307EBE-CF0F-4098-A904-E5A17B40EF05    POWERGEN                        Power_Dis                          13175700.00        0.002000        26351.40  SAME
20:40:44  INFO        E189DB4D-04CE-4126-8DE5-A62E047F679D    POWERGEN                        Ret steam condensate                9595458.19        0.002326        30646.68  SAME
20:40:44  INFO        FB114A10-D243-440B-91F0-31404F4E1CD7    POWERGEN                        SHP Steam_Dis                      13175700.00        0.003515        46312.59  SAME
20:40:44  INFO        42B6FA9A-A0BB-492B-9319-25496CCD69AA    Boiler Feed Water               CHEM CYCLO HEXY                       96970.34        0.000100           11.66  SAME
20:40:44  INFO        BB9089B8-4738-491A-A9C1-7AC99AE5B1DD    Boiler Feed Water               CHEM MORPHOLENE                       96970.34        0.000002            0.23  SAME
20:40:44  INFO        CB5F5F8F-03D5-460B-BE23-4A4C2EFCCFB8    Boiler Feed Water               Cooling Water 2                      116603.13        0.001146          133.63  SAME
20:40:44  INFO        A7602419-F9FB-412C-B93C-24B5B8DB64D0    Boiler Feed Water               D M Water                            116603.13        0.860000       100278.69  SAME
20:40:44  INFO        5E7FC223-D10C-4683-8B60-8B7A23B82773    Boiler Feed Water               KEM WATREAT B 70M                     96970.34        0.000570           66.46  SAME
20:40:44  INFO        15045CA6-4D77-4DBE-BFAD-2B0386E282EA    Boiler Feed Water               LP Steam_Dis                         116603.13        0.145000        16907.45  SAME
20:40:44  INFO        7BCC81FE-04AB-4F77-B486-8074553FE9CC    Boiler Feed Water               Power_Dis                            116603.13        9.500000      1107729.75  SAME
20:40:44  INFO        73983898-11DE-4A2D-96F7-800C99AB3CB6    COMPRESSED AIR                  Cooling Water 2                     7168665.71        0.000025          179.22  SAME
20:40:44  INFO        7F2D4001-0609-4DEB-85CE-34E820C4B56F    COMPRESSED AIR                  No Material                         6974650.31        0.000000            0.00  SAME
20:40:44  INFO        E639877F-742A-4E2C-B006-E95DD0ED6A44    COMPRESSED AIR                  PQR                                 7168665.71        0.000000            0.00  SAME
20:40:44  INFO        948614DA-4975-4ADE-A30D-CCD42B02BECB    COMPRESSED AIR                  Power_Dis                           7168665.71        0.165000      1182829.84  SAME
20:40:44  INFO        48550E24-CFB0-47FD-8582-94B47C067384    Cooling Water 1                 COMPRESSED AIR                        15089.00        0.109348         1649.95  SAME
20:40:44  INFO        885114C9-1FDC-4F60-83DF-D222EE6EF929    Cooling Water 1                 No Material                           15089.00        0.000000            0.00  SAME
20:40:44  INFO        4688F88B-1E49-4782-A45D-82AC13BA7878    Cooling Water 1                 Power_Dis                             15089.00      245.000005      3696805.08  SAME
20:40:44  INFO        7361AF23-57C7-49AE-9F67-A972FB92B94D    Cooling Water 1                 SULPHURIC ACID                        15089.00        0.000158            2.38  SAME
20:40:44  INFO        DAC9ED05-2B76-432B-A32F-C7E9FC728046    Cooling Water 1                 Water                                 15089.00       11.050000       166733.45  SAME
20:40:44  INFO        FE8FE32B-1BEB-4024-BEC2-F3C1EE9B4E43    Cooling Water 2                 COMPRESSED AIR                        14962.87        0.118537         1773.65  SAME
20:40:44  INFO        32144A94-C39A-4FB9-AC12-F705DD8D21CD    Cooling Water 2                 No Material                           13889.45        0.000000            0.00  SAME
20:40:44  INFO        98ACF9EF-1FE0-4C31-8544-0DC1CA59AA5C    Cooling Water 2                 Power_Dis                             14962.87      249.999998      3740717.08  SAME
20:40:44  INFO        A9E6F65C-47B5-4854-BB9D-98E525B3DC63    Cooling Water 2                 SULPHURIC ACID                        14962.87        0.000200            2.99  SAME
20:40:44  INFO        2A644B64-D9FB-4034-84AA-6ADD58DC48F5    Cooling Water 2                 Water                                 14962.87       11.500000       172072.99  SAME
20:40:44  INFO        5C5B7878-8577-4020-BA69-1A9AABAC804A    D M Water                       CAUSTIC SODA LYE – GRADE 1           137097.69        0.000258           39.73  SAME
20:40:44  INFO        22CA65CC-2D52-43F4-80F0-FF808991E6EA    D M Water                       CHEM  SODIUM SULPHITE;PN:MIS 1       137097.69        0.000811          124.88  SAME
20:40:44  INFO        F2548D67-98AC-42CD-9C68-49EC0AF91DD0    D M Water                       CHEM ALUM.SULFATE, AL2(SO4)3,1       137097.69        0.000757          116.56  SAME
20:40:44  INFO        AC0F4F39-9574-4CB6-A879-7A0F0FD5DB07    D M Water                       COMPRESSED AIR                       153978.82        0.077000        11856.37  SAME
20:40:44  INFO        EA6DC935-F625-437A-8B17-CB38943F8A59    D M Water                       HYDRO CHLORIC ACID (30%) -VIRG       153978.82        0.000258           39.73  SAME
20:40:44  INFO        19B05524-7C61-4DF0-8975-E9F07E74F753    D M Water                       No Material                          137097.69        0.000000            0.00  SAME
20:40:44  INFO        5C46B987-6BC1-42DF-9307-60A1D4F00A03    D M Water                       POLYELECTROLYTE                      137097.69        0.000766          117.95  SAME
20:40:44  INFO        E06CD1D0-1094-445D-A1BA-BFC6966FBA24    D M Water                       Power_Dis                            153978.82        1.210000       186314.38  SAME
20:40:44  INFO        264878BF-00F3-4D03-A301-F691BD55DE08    D M Water                       Ret steam condensate                 153978.82        0.203000        31257.70  SAME
20:40:44  INFO        E9481EA2-67FB-449B-8362-C9E653E65F4A    D M Water                       SODIUM CHLORIDE IS 797 GRADE1        137097.69        0.000010            1.54  SAME
20:40:44  INFO        3D586388-5F7A-4384-A8C4-58D876BB962D    D M Water                       Water                                153978.82        1.050000       161677.77  SAME
20:40:44  INFO        87B433D3-ABD2-4510-923E-55E2CDB0EE25    Effluent Treated                Power_Dis                                 0.00        3.540000            0.00  SAME
20:40:44  INFO        EFBAFFFD-4847-472D-A125-C56E0F9ABC79    Effluent Treated                UREA,NITROGEN CONTENT 46%                 0.00        0.000771            0.00  SAME
20:40:44  INFO        B6346F5E-81AB-4E65-969F-79EA4C138C30    Effluent Treated                Water                                     0.00        0.000700            0.00  SAME
20:40:44  INFO        50F6062D-D0A7-452A-92AF-D52A1CB96B0C    HP Steam PRDS                   Boiler Feed Water                      4675.00        0.076800          359.04  SAME
20:40:44  INFO        C81483DC-1EAB-4F83-A8FE-18C59A9DC0F0    HP Steam PRDS                   SHP Steam_Dis                          4675.00        0.923200         4315.96  SAME
20:40:44  INFO        F82353BA-3D4E-42C9-AFFD-5DFC6DDA007B    HRSG1_SHP STEAM                 Boiler Feed Water                     53625.44        1.024000        54912.45  SAME
20:40:44  INFO        CE3693BE-4B02-410C-B53A-8D3A0BA0A1E8    HRSG1_SHP STEAM                 CHEM TRISODIUM PHOSPHATE              44640.00        0.000900           48.26  SAME
20:40:44  INFO        112B5E8F-C14D-4B41-813C-FFFE5A3B0529    HRSG1_SHP STEAM                 COMPRESSED AIR                        53625.44        9.953262       533748.05  SAME
20:40:44  INFO        C8DD3FBB-875A-4506-8232-A56AD24878FC    HRSG1_SHP STEAM                 FURNACE OIL ( MEDIUM VISCOSITY        53625.44        0.000098            5.26  SAME
20:40:44  INFO        F756C3FD-2168-4F72-8F95-08E6357FBC97    HRSG1_SHP STEAM                 LP Steam_Dis                          53625.44       -0.078000        -4182.78  SAME
20:40:44  INFO        048F3D6D-FB26-4B9A-82F9-94986618397B    HRSG1_SHP STEAM                 NATURAL GAS                           53625.44        2.472238       132574.85  SAME
20:40:44  INFO        576E3E41-B171-49DC-BD9B-D5708A05AE1B    HRSG1_SHP STEAM                 No Material                           44640.00        0.000000            0.00  SAME
20:40:44  INFO        96E98F13-F876-482D-BC9A-BF5BD66C5E28    HRSG1_SHP STEAM                 Water                                 53625.44        0.002660          142.64  SAME
20:40:44  INFO        0D6AEF12-2994-4445-9538-ABFB7FAC97A0    HRSG2_SHP STEAM                 Boiler Feed Water                     53625.44        1.024000        54912.45  SAME
20:40:44  INFO        9A87C9B5-6353-43C1-9B84-BB8367B5D78F    HRSG2_SHP STEAM                 CHEM TRISODIUM PHOSPHATE              44640.00        0.000900           48.26  SAME
20:40:44  INFO        27B16551-2145-4AEE-B39D-DA933F4FB1D4    HRSG2_SHP STEAM                 COMPRESSED AIR                        53625.44       10.617329       569358.94  SAME
20:40:44  INFO        53DB3DED-2502-43C9-BE33-9FC654771AF3    HRSG2_SHP STEAM                 FURNACE OIL ( MEDIUM VISCOSITY        53625.44        0.000098            5.26  SAME
20:40:44  INFO        8F99025F-057E-4971-85F6-67D938143FA9    HRSG2_SHP STEAM                 LP Steam_Dis                          53625.44       -0.078000        -4182.78  SAME
20:40:44  INFO        BBFCF4AE-6376-41EF-8A88-75216A2AFF83    HRSG2_SHP STEAM                 NATURAL GAS                           53625.44        2.954424       158432.29  SAME
20:40:44  INFO        52230F66-02EA-4EC1-BFE2-B12DFB41153F    HRSG2_SHP STEAM                 No Material                           44640.00        0.000000            0.00  SAME
20:40:44  INFO        418B74EF-D391-43CB-9AEC-6133DE04DB5E    HRSG2_SHP STEAM                 Water                                 53625.44        0.002660          142.64  SAME
20:40:44  INFO        1888388A-CFC6-471E-BC8A-9FECA95006BC    HRSG3_SHP STEAM                 Boiler Feed Water                         0.00        1.472823            0.00  SAME
20:40:44  INFO        C4D25C32-A060-46AB-A905-E90209194CC1    HRSG3_SHP STEAM                 CHEM TRISODIUM PHOSPHATE                  0.00        0.000900            0.00  SAME
20:40:44  INFO        7B96E09A-357B-4E73-8D2D-9085D7875097    HRSG3_SHP STEAM                 COMPRESSED AIR                            0.00       13.762710            0.00  SAME
20:40:44  INFO        85BC156F-B076-4E91-B11D-D69E18DF4EAB    HRSG3_SHP STEAM                 FURNACE OIL ( MEDIUM VISCOSITY            0.00        0.000100            0.00  SAME
20:40:44  INFO        E766503D-76B3-41F5-BEE0-A7B44B2399D2    HRSG3_SHP STEAM                 LP Steam_Dis                              0.00       -0.078000            0.00  SAME
20:40:44  INFO        BC038D30-D57A-4343-80C0-2E47DC893CCA    HRSG3_SHP STEAM                 NATURAL GAS                               0.00        2.811570            0.00  SAME
20:40:44  INFO        57957036-AED2-41A6-BC3E-B0144FBFFF87    HRSG3_SHP STEAM                 No Material                               0.00        0.000000            0.00  SAME
20:40:44  INFO        91CF35C8-5CEC-4015-994D-88EFCD941C76    HRSG3_SHP STEAM                 Water                                     0.00        0.002700            0.00  SAME
20:40:44  INFO        EA1868EA-69AB-4BF2-8724-C3DA14C3A1B5    LP Steam PRDS                   Boiler Feed Water                     17620.30        0.250000         4405.07  SAME
20:40:44  INFO        4FA90D75-A25B-403F-A40C-655FFD97BD6E    LP Steam PRDS                   MP Steam_Dis                          17620.30        0.750000        13215.22  SAME
20:40:44  INFO        E134CCCC-7454-454A-B06A-229059D5EB1F    MP Steam PRDS SHP               Boiler Feed Water                     22384.86        0.090000         2014.64  SAME
20:40:44  INFO        2164E0C4-B082-40A6-A74C-952DFBF23F74    MP Steam PRDS SHP               SHP Steam_Dis                         22384.86        0.910000        20370.22  SAME
20:40:44  INFO        57619F85-88DC-41F5-8EA4-49A7D70A5B3C    Oxygen                          Cooling Water 2                        6260.00        0.250000         1565.00  SAME
20:40:44  INFO        3B5A97F0-523E-4E06-8CEA-C7604CCE9130    Oxygen                          Nitrogen Gas                           6260.00      919.820000      5758073.20  SAME
20:40:44  INFO        134D5A5D-D405-4C24-BD56-563C00321E80    Oxygen                          No Material                            6260.00        0.000000            0.00  SAME
20:40:44  INFO        BE839659-60D8-4A0E-BD3E-3D5EB9D588A1    Oxygen                          Power_Dis                              6260.00      925.170000      5791564.20  SAME
20:40:44  INFO        CDC40E58-A704-4FFB-BF13-3DC0CAD96B7E    PQR                             Effluent Treated                          0.00        0.001000            0.00  SAME
20:40:44  INFO        F9C5946F-052C-4007-93E2-60363FAEB284    STG1_LP STEAM                   SHP Steam_Dis                         25054.19        0.480000        12026.01  SAME
20:40:44  INFO        CE9EBF87-4AC4-481B-8651-28DFEE6C2A57    STG1_MP STEAM                   SHP Steam_Dis                          4923.74        0.690000         3397.38  SAME
20:40:44  INFO        B74C6498-DE77-4C43-B765-963A07919D46    Treated Spent Caustic           COMPRESSED AIR                            0.00        0.000000            0.00  SAME
20:40:44  INFO        1CE979EC-4709-4F05-AFC6-BC27915525A6    Treated Spent Caustic           Cooling Water 2                           0.00        0.000000            8.00  SAME
20:40:44  INFO        DE339BF3-7276-41BA-921D-777853BE690B    Treated Spent Caustic           MP Steam_Dis                              0.00        0.039000            0.00  SAME
20:40:44  INFO        7E977C4C-DDAD-4B72-BBCD-DE479676331C    Treated Spent Caustic           Power_Dis                                 0.00       17.040000            0.00  SAME
20:40:44  INFO        07245ED0-0140-4476-8BC2-E35F53AE8E31    Treated Spent Caustic           SULPHURIC ACID                            0.00        0.020000            0.00  SAME
20:40:44  INFO        A444D66C-F81F-4E9F-A486-C3A7966925A2    Treated Spent Caustic           Water                                     0.00        0.093400            0.00  SAME
20:40:44  INFO        4338F937-28CC-4DFA-9EA1-E7D472148681    HP Steam_Dis                    HP Steam PRDS                          4675.00        1.000000         4675.00  SAME
20:40:44  INFO        41F50DE7-8995-4E6B-8A38-06F7B768C9AA    LP Steam_Dis                    LP Steam PRDS                         42674.77        0.412900        17620.41  SAME
20:40:44  INFO        9BD7ADB0-C987-40CB-BE6E-485549AD8759    LP Steam_Dis                    STG1_LP STEAM                         42674.77        0.587100        25054.36  SAME
20:40:44  INFO        DCF5BB98-A09F-499E-ACBF-4E45326863C1    MP Steam_Dis                    MP Steam PRDS SHP                     27308.73        0.819700        22384.97  SAME
20:40:44  INFO        0C30D1CD-35D8-4B18-AA8F-78AAD556214D    MP Steam_Dis                    STG1_MP STEAM                         27308.73        0.180300         4923.76  SAME
20:40:44  INFO        E7380BB1-FAA8-44CB-9BB6-D9D753ECC159    Power_Dis                       POWERGEN                           46283700.00        0.108045      5000722.37  SAME
20:40:44  INFO        DF60CADE-52B1-4A73-837D-E7AFBE0C59B2    Power_Dis                       POWERGEN                           46283700.00        0.219962     10180655.22  SAME
20:40:44  INFO        47B05E0D-7F1A-4799-A57F-BFC94FC184FD    Power_Dis                       POWERGEN                           46283700.00        0.000000            0.00  SAME
20:40:44  INFO        1773F5EE-1CEF-4D8F-A3BE-2695588832C5    Power_Dis                       POWERGEN                           46283700.00        0.108045      5000722.37  SAME
20:40:44  INFO        A1173C61-9658-4411-AF47-53E8C5EB7282    Power_Dis                       Power from MEL                     46283700.00        0.563947     24552000.00  SAME
20:40:44  INFO        E6E8574B-8BFA-4E6F-959E-B172E003B97B    SHP Steam_Dis                   HRSG1_SHP STEAM                      107250.88        0.500000        53625.44  SAME
20:40:44  INFO        7A24081E-2579-4268-AE7D-920B14C0A328    SHP Steam_Dis                   HRSG2_SHP STEAM                      107250.88        0.500000        53625.44  SAME
20:40:44  INFO        CAB44FE7-BB5E-465F-9763-6FC5860928F8    SHP Steam_Dis                   HRSG3_SHP STEAM                      107250.88        0.000000            0.00  SAME
20:40:44  INFO      
20:40:44  INFO        [NORMS SAVE] Database updated successfully. 0 rows updated.
20:40:44  INFO      
20:40:44  INFO        NORMS SAVE SUMMARY
20:40:44  INFO        Total DB rows:        120
20:40:44  INFO        Detail records:       83
20:40:44  INFO        Mapped to DB rows:    120
20:40:44  INFO        Unmapped:             0
20:40:44  INFO        Would update:         0
20:40:44  INFO        Same (no change):     120
20:40:44  INFO        ====================================================================

==============================================================================================================
  NMD UTILITY PRICE CALCULATION — July / 2025
  Method : Cost Cycle Gauss-Seidel  |  Max iterations : 100  |  Convergence tolerance : 0.0001 INR
==============================================================================================================
  Loaded 26 utility groups from NormsMonthDetail.

  Dynamic calculation sequence: 25 utilities
    1. NMD - Power Plant 1 | POWERGEN
    2. NMD - Power Plant 2 | POWERGEN
    3. NMD - Power Plant 3 | POWERGEN
    4. NMD - STG Power Plant | POWERGEN
    5. NMD - Utility Plant | Boiler Feed Water
    6. NMD - Utility Plant | COMPRESSED AIR
    7. NMD - Utility Plant | Cooling Water 1
    8. NMD - Utility Plant | Cooling Water 2
    9. NMD - Utility Plant | D M Water
    10. NMD - Utility Plant | Effluent Treated
    11. NMD - Utility Plant | HP Steam PRDS
    12. NMD - Utility Plant | HRSG1_SHP STEAM
    13. NMD - Utility Plant | HRSG2_SHP STEAM
    14. NMD - Utility Plant | HRSG3_SHP STEAM
    15. NMD - Utility Plant | LP Steam PRDS
    16. NMD - Utility Plant | MP Steam PRDS SHP
    17. NMD - Utility Plant | Oxygen
    18. NMD - Utility Plant | PQR
    19. NMD - Utility Plant | STG1_LP STEAM
    20. NMD - Utility Plant | STG1_MP STEAM
    21. NMD - Utility Plant | Treated Spent Caustic
    22. NMD - Utility/Power Dist | HP Steam_Dis
    23. NMD - Utility/Power Dist | LP Steam_Dis
    24. NMD - Utility/Power Dist | Power_Dis
    25. NMD - Utility/Power Dist | SHP Steam_Dis

  [ITERATION] Price calculation iteration completed in 13 iteration(s). Converged: True
  Status  : CONVERGED after 13 iteration(s)

============================================================================================================================
  UTILITY SUMMARY
============================================================================================================================
  #    Plant                          Utility                  UOM           Gen QTY   Calc Price       Total Cost Status
  --------------------------------------------------------------------------------------------------------------------------
  1    Power Plant 1                  POWERGEN                 KWH      4,770,654.73      16.4024    78,250,209.01  Converged
  2    Power Plant 2                  POWERGEN                 KWH      4,836,000.00      19.0480    92,116,140.95  Converged
  3    Power Plant 3                  POWERGEN                 KWH              0.00       0.0000             0.00  Zero QTY
  4    STG Power Plant                POWERGEN                 KWH     13,175,700.00      14.0089   184,577,307.92  Converged
  5    Utility Plant                  Boiler Feed Water        M3         116,603.13     327.9794    38,243,425.43  Converged
  6    Utility Plant                  COMPRESSED AIR           NM3      7,168,665.71       2.5803    18,497,457.13  Converged
  7    Utility Plant                  Cooling Water 1          KM3         15,089.00   3,231.1208    48,754,382.33  Converged
  8    Utility Plant                  Cooling Water 2          KM3         14,962.87   3,310.7109    49,537,732.22  Converged
  9    Utility Plant                  D M Water                M3         153,978.82      79.6340    12,261,954.54  Converged
  10   Utility Plant                  Effluent Treated         M3               0.00       0.0000             0.00  Zero QTY
  11   Utility Plant                  HP Steam PRDS            MT           4,675.00   3,153.4843    14,742,538.95  Converged
  12   Utility Plant                  HRSG1_SHP STEAM          MT          53,625.44   3,093.0599   165,866,696.09  Converged
  13   Utility Plant                  HRSG2_SHP STEAM          MT          53,625.44   3,726.6522   199,843,361.38  Converged
  14   Utility Plant                  HRSG3_SHP STEAM          MT               0.00       0.0000             0.00  Zero QTY
  15   Utility Plant                  LP Steam PRDS            MT          17,620.30      81.9949     1,444,773.71  Converged
  16   Utility Plant                  MP Steam PRDS SHP        MT          22,384.86   3,113.0849    69,685,956.05  Converged
  17   Utility Plant                  Oxygen                   MT           6,260.00  17,244.4806   107,950,448.52  Converged
  18   Utility Plant                  PQR                                       0.00       0.0000             0.00  Zero QTY
  19   Utility Plant                  STG1_LP STEAM            MT          25,054.19   1,626.4968    40,750,566.56  Converged
  20   Utility Plant                  STG1_MP STEAM            MT           4,923.74   2,338.0891    11,512,142.12  Converged
  21   Utility Plant                  Treated Spent Caustic    M3               0.00       0.0000        26,485.69  Zero QTY
  22   Utility/Power Dist             HP Steam_Dis             MT           4,675.00   3,153.4843    14,742,538.95  Converged
  23   Utility/Power Dist             LP Steam_Dis             MT          42,674.77   1,073.4043    45,807,277.58  Converged
  24   Utility/Power Dist             Power_Dis                KWH     46,283,700.00      10.4739   484,770,260.95  Converged
  25   Utility/Power Dist             SHP Steam_Dis            MT         107,250.88   3,388.5349   363,423,338.55  Converged
  ==========================================================================================================================
  GRAND TOTAL COST (All Utilities)                                             2,042,804,994.61
  ==========================================================================================================================

============================================================================================================================
  MATERIAL COST DETAIL
============================================================================================================================

  ┌─ Power Plant 1  |  POWERGEN  (KWH)  |  Gen QTY : 4,770,654.73  |  Calculated Price : 16.4024
  │  Material                             Issuing Plant                    Norms      Cons. Qty       Price         Amount  Type
  │  ----------------------------------------------------------------------------------------------------------------------
  │  COMPRESSED AIR                       NMD - Utility Plant             0.0053      19,652.76      2.5803      50,710.43  Calculated
  │  Cooling Water 2                      NMD - Utility Plant             0.0000          66.96  3,310.7109     221,685.20  Calculated
  │  NATURAL GAS                          NMD-Rev Proc                    0.0148      57,633.61  1,142.7810  65,862,592.55  User Price
  │  No Material                          No Plant                        0.0000           0.00           —   2,805,460.88  Direct Amount
  │  No Material                          No Plant                        0.0000           0.00           —   6,873,495.76  Direct Amount
  │  No Material                          No Plant                        0.0000           0.00           —   1,890,784.14  Direct Amount
  │  Power_Dis                            NMD - Utility/Power Dist        0.0140      52,080.00     10.4739     545,480.05  Calculated
  │  ----------------------------------------------------------------------------------------------------------------------
  └─ TOTAL COST :  78,250,209.01   PRICE = 78,250,209.01 / 4,770,654.73 = 16.4024 /KWH

  ┌─ Power Plant 2  |  POWERGEN  (KWH)  |  Gen QTY : 4,836,000.00  |  Calculated Price : 19.0480
  │  Material                             Issuing Plant                    Norms      Cons. Qty       Price         Amount  Type
  │  ----------------------------------------------------------------------------------------------------------------------
  │  COMPRESSED AIR                       NMD - Utility Plant             0.0062      30,007.38      2.5803      77,428.67  Calculated
  │  Cooling Water 2                      NMD - Utility Plant             0.0000         106.39  3,310.7109     352,233.16  Calculated
  │  NATURAL GAS                          NMD-Rev Proc                    0.0148      70,637.60  1,142.7810  80,723,311.78  User Price
  │  No Material                          No Plant                        0.0000           0.00           —   2,792,507.21  Direct Amount
  │  No Material                          No Plant                        0.0000           0.00           —   5,851,802.66  Direct Amount
  │  No Material                          No Plant                        0.0000           0.00           —   1,609,733.39  Direct Amount
  │  Power_Dis                            NMD - Utility/Power Dist        0.0140      67,704.00     10.4739     709,124.07  Calculated
  │  ----------------------------------------------------------------------------------------------------------------------
  └─ TOTAL COST :  92,116,140.95   PRICE = 92,116,140.95 / 4,836,000.00 = 19.0480 /KWH

  ┌─ Power Plant 3  |  POWERGEN  (KWH)  |  Gen QTY : 0.00  |  Calculated Price : 0.0000
  │  Material                             Issuing Plant                    Norms      Cons. Qty       Price         Amount  Type
  │  ----------------------------------------------------------------------------------------------------------------------
  │  COMPRESSED AIR                       NMD - Utility Plant             0.0039           0.00      2.5803           0.00  Calculated
  │  Cooling Water 2                      NMD - Utility Plant             0.0000           0.00  3,310.7109           0.00  Calculated
  │  NATURAL GAS                          NMD-Rev Proc                    0.0095           0.00      0.0000           0.00  User Price
  │  No Material                          No Plant                        0.0000           0.00           —           0.00  Direct Amount
  │  No Material                          No Plant                        0.0000           0.00           —           0.00  Direct Amount
  │  No Material                          No Plant                        0.0000           0.00           —           0.00  Direct Amount
  │  Power_Dis                            NMD - Utility/Power Dist        0.0199           0.00     10.4739           0.00  Calculated
  │  ----------------------------------------------------------------------------------------------------------------------
  └─ TOTAL COST :           0.00   PRICE = 0.00 / 0 = 0.0000 /KWH

  ┌─ STG Power Plant  |  POWERGEN  (KWH)  |  Gen QTY : 13,175,700.00  |  Calculated Price : 14.0089
  │  Material                             Issuing Plant                    Norms      Cons. Qty       Price         Amount  Type
  │  ----------------------------------------------------------------------------------------------------------------------
  │  COMPRESSED AIR                       NMD - Utility Plant             0.0046      61,056.19      2.5803     157,544.57  Calculated
  │  Cooling Water 2                      NMD - Utility Plant             0.0003       3,531.09  3,310.7109  11,690,410.33  Calculated
  │  No Material                          No Plant                        0.0000           0.00           —   2,857,115.05  Direct Amount
  │  No Material                          No Plant                        0.0000           0.00           —   3,749,101.39  Direct Amount
  │  No Material                          No Plant                        0.0000           0.00           —  10,386,361.81  Direct Amount
  │  Power_Dis                            NMD - Utility/Power Dist        0.0020      26,351.40     10.4739     276,001.60  Calculated
  │  Ret steam condensate                 NMD - STG Power Plant           0.0023      30,646.68    -48.0000  -1,471,040.55  User Price
  │  SHP Steam_Dis                        NMD - Utility/Power Dist        0.0035      46,312.59  3,388.5349 156,931,813.73  Calculated
  │  ----------------------------------------------------------------------------------------------------------------------
  └─ TOTAL COST : 184,577,307.92   PRICE = 184,577,307.92 / 13,175,700.00 = 14.0089 /KWH

  ┌─ Utility Plant  |  Boiler Feed Water  (M3)  |  Gen QTY : 116,603.13  |  Calculated Price : 327.9794
  │  Material                             Issuing Plant                    Norms      Cons. Qty       Price         Amount  Type
  │  ----------------------------------------------------------------------------------------------------------------------
  │  CHEM CYCLO HEXY                      NMD-Rev Proc                    0.0001          11.66    190.0000       2,215.46  User Price
  │  CHEM MORPHOLENE                      NMD-Rev Proc                    0.0000           0.23 170,000.0000      39,645.02  User Price
  │  Cooling Water 2                      NMD - Utility Plant             0.0011         133.63  3,310.7109     442,401.00  Calculated
  │  D M Water                            NMD - Utility Plant             0.8600     100,278.69     79.6340   7,985,596.58  Calculated
  │  KEM WATREAT B 70M                    NMD-Rev Proc                    0.0006          66.46    343.0000      22,797.08  User Price
  │  LP Steam_Dis                         NMD - Utility/Power Dist        0.1450      16,907.45  1,073.4043  18,148,533.68  Calculated
  │  Power_Dis                            NMD - Utility/Power Dist        9.5000   1,107,729.75     10.4739  11,602,236.61  Calculated
  │  ----------------------------------------------------------------------------------------------------------------------
  └─ TOTAL COST :  38,243,425.43   PRICE = 38,243,425.43 / 116,603.13 = 327.9794 /M3

  ┌─ Utility Plant  |  COMPRESSED AIR  (NM3)  |  Gen QTY : 7,168,665.71  |  Calculated Price : 2.5803
  │  Material                             Issuing Plant                    Norms      Cons. Qty       Price         Amount  Type
  │  ----------------------------------------------------------------------------------------------------------------------
  │  Cooling Water 2                      NMD - Utility Plant             0.0000         179.22  3,310.7109     593,334.50  Calculated
  │  No Material                          No Plant                        0.0000           0.00           —   5,515,296.08  Direct Amount
  │  Power_Dis                            NMD - Utility/Power Dist        0.1650   1,182,829.84     10.4739  12,388,826.55  Calculated
  │  PQR                                  NMD - Utility Plant             0.0000           0.00      0.0000           0.00  Calculated
  │  ----------------------------------------------------------------------------------------------------------------------
  └─ TOTAL COST :  18,497,457.13   PRICE = 18,497,457.13 / 7,168,665.71 = 2.5803 /NM3

  ┌─ Utility Plant  |  Cooling Water 1  (KM3)  |  Gen QTY : 15,089.00  |  Calculated Price : 3,231.1208
  │  Material                             Issuing Plant                    Norms      Cons. Qty       Price         Amount  Type
  │  ----------------------------------------------------------------------------------------------------------------------
  │  COMPRESSED AIR                       NMD - Utility Plant             0.1093       1,649.95      2.5803       4,257.41  Calculated
  │  No Material                          No Plant                        0.0000           0.00           —      11,893.55  Direct Amount
  │  Power_Dis                            NMD - Utility/Power Dist      245.0000   3,696,805.08     10.4739  38,719,920.00  Calculated
  │  SULPHURIC ACID                       NMD-Rev Proc                    0.0002           2.38  6,000.0000      14,304.37  User Price
  │  Water                                NMD-Rev Proc                   11.0500     166,733.45     60.0000  10,004,007.00  User Price
  │  ----------------------------------------------------------------------------------------------------------------------
  └─ TOTAL COST :  48,754,382.33   PRICE = 48,754,382.33 / 15,089.00 = 3,231.1208 /KM3

  ┌─ Utility Plant  |  Cooling Water 2  (KM3)  |  Gen QTY : 14,962.87  |  Calculated Price : 3,310.7109
  │  Material                             Issuing Plant                    Norms      Cons. Qty       Price         Amount  Type
  │  ----------------------------------------------------------------------------------------------------------------------
  │  COMPRESSED AIR                       NMD - Utility Plant             0.1185       1,773.65      2.5803       4,576.60  Calculated
  │  No Material                          No Plant                        0.0000           0.00           —      10,971.52  Direct Amount
  │  Power_Dis                            NMD - Utility/Power Dist      250.0000   3,740,717.08     10.4739  39,179,849.43  Calculated
  │  SULPHURIC ACID                       NMD-Rev Proc                    0.0002           2.99  6,000.0000      17,955.44  User Price
  │  Water                                NMD-Rev Proc                   11.5000     172,072.99     60.0000  10,324,379.24  User Price
  │  ----------------------------------------------------------------------------------------------------------------------
  └─ TOTAL COST :  49,537,732.22   PRICE = 49,537,732.22 / 14,962.87 = 3,310.7109 /KM3

  ┌─ Utility Plant  |  D M Water  (M3)  |  Gen QTY : 153,978.82  |  Calculated Price : 79.6340
  │  Material                             Issuing Plant                    Norms      Cons. Qty       Price         Amount  Type
  │  ----------------------------------------------------------------------------------------------------------------------
  │  CAUSTIC SODA LYE – GRADE 1           NMD-Rev Proc                    0.0003          39.73 35,485.0000   1,409,696.17  User Price
  │  CHEM  SODIUM SULPHITE;PN:MIS 19OX    NMD-Rev Proc                    0.0008         124.88     51.5000       6,431.16  User Price
  │  CHEM ALUM.SULFATE, AL2(SO4)3,18H2O   NMD-Rev Proc                    0.0008         116.56      9.5000       1,107.34  User Price
  │  COMPRESSED AIR                       NMD - Utility Plant             0.0770      11,856.37      2.5803      30,593.24  Calculated
  │  HYDRO CHLORIC ACID (30%) -VIRGIN     NMD-Rev Proc                    0.0003          39.73    550.0000      21,849.60  User Price
  │  No Material                          No Plant                        0.0000           0.00           —     108,511.17  Direct Amount
  │  POLYELECTROLYTE                      NMD-Rev Proc                    0.0008         117.95    140.0000      16,512.69  User Price
  │  Power_Dis                            NMD - Utility/Power Dist        1.2100     186,314.38     10.4739   1,951,435.81  Calculated
  │  Ret steam condensate                 NMD - STG Power Plant           0.2030      31,257.70    -32.0000  -1,000,246.44  User Price
  │  SODIUM CHLORIDE IS 797 GRADE1        NMD-Rev Proc                    0.0000           1.54 10,000.0000      15,397.88  User Price
  │  Water                                NMD-Rev Proc                    1.0500     161,677.77     60.0000   9,700,665.94  User Price
  │  ----------------------------------------------------------------------------------------------------------------------
  └─ TOTAL COST :  12,261,954.54   PRICE = 12,261,954.54 / 153,978.82 = 79.6340 /M3

  ┌─ Utility Plant  |  Effluent Treated  (M3)  |  Gen QTY : 0.00  |  Calculated Price : 0.0000
  │  Material                             Issuing Plant                    Norms      Cons. Qty       Price         Amount  Type
  │  ----------------------------------------------------------------------------------------------------------------------
  │  Power_Dis                            NMD - Utility/Power Dist        3.5400           0.00     10.4739           0.00  Calculated
  │  UREA,NITROGEN CONTENT 46%            NMD-Rev Proc                    0.0008           0.00     46.0000           0.00  User Price
  │  Water                                NMD-Rev Proc                    0.0007           0.00     60.0000           0.00  User Price
  │  ----------------------------------------------------------------------------------------------------------------------
  └─ TOTAL COST :           0.00   PRICE = 0.00 / 0 = 0.0000 /M3

  ┌─ Utility Plant  |  HP Steam PRDS  (MT)  |  Gen QTY : 4,675.00  |  Calculated Price : 3,153.4843
  │  Material                             Issuing Plant                    Norms      Cons. Qty       Price         Amount  Type
  │  ----------------------------------------------------------------------------------------------------------------------
  │  Boiler Feed Water                    NMD - Utility Plant             0.0768         359.04    327.9794     117,757.72  Calculated
  │  SHP Steam_Dis                        NMD - Utility/Power Dist        0.9232       4,315.96  3,388.5349  14,624,781.22  Calculated
  │  ----------------------------------------------------------------------------------------------------------------------
  └─ TOTAL COST :  14,742,538.95   PRICE = 14,742,538.95 / 4,675.00 = 3,153.4843 /MT

  ┌─ Utility Plant  |  HRSG1_SHP STEAM  (MT)  |  Gen QTY : 53,625.44  |  Calculated Price : 3,093.0599
  │  Material                             Issuing Plant                    Norms      Cons. Qty       Price         Amount  Type
  │  ----------------------------------------------------------------------------------------------------------------------
  │  Boiler Feed Water                    NMD - Utility Plant             1.0240      54,912.45    327.9794  18,010,152.76  Calculated
  │  CHEM TRISODIUM PHOSPHATE             NMD-Rev Proc                    0.0009          48.26    153.0000       7,384.22  User Price
  │  COMPRESSED AIR                       NMD - Utility Plant             9.9533     533,748.05      2.5803   1,377,241.20  Calculated
  │  FURNACE OIL ( MEDIUM VISCOSITY GRAD  NMD-Rev Proc                    0.0001           5.26    948.9833       4,987.19  User Price
  │  LP Steam_Dis                         NMD - Utility/Power Dist       -0.0780      -4,182.78  2,110.4800  -8,827,682.65  User Price
  │  NATURAL GAS                          NMD-Rev Proc                    2.4722     132,574.85  1,142.7810 151,504,020.27  User Price
  │  No Material                          No Plant                        0.0000           0.00           —   3,782,034.49  Direct Amount
  │  Water                                NMD-Rev Proc                    0.0027         142.64     60.0000       8,558.62  User Price
  │  ----------------------------------------------------------------------------------------------------------------------
  └─ TOTAL COST : 165,866,696.09   PRICE = 165,866,696.09 / 53,625.44 = 3,093.0599 /MT

  ┌─ Utility Plant  |  HRSG2_SHP STEAM  (MT)  |  Gen QTY : 53,625.44  |  Calculated Price : 3,726.6522
  │  Material                             Issuing Plant                    Norms      Cons. Qty       Price         Amount  Type
  │  ----------------------------------------------------------------------------------------------------------------------
  │  Boiler Feed Water                    NMD - Utility Plant             1.0240      54,912.45    327.9794  18,010,152.76  Calculated
  │  CHEM TRISODIUM PHOSPHATE             NMD-Rev Proc                    0.0009          48.26    153.0000       7,384.22  User Price
  │  COMPRESSED AIR                       NMD - Utility Plant            10.6173     569,358.94      2.5803   1,469,128.70  Calculated
  │  FURNACE OIL ( MEDIUM VISCOSITY GRAD  NMD-Rev Proc                    0.0001           5.26    948.9830       4,987.18  User Price
  │  LP Steam_Dis                         NMD - Utility/Power Dist       -0.0780      -4,182.78  1,073.4043  -4,489,818.63  Calculated
  │  NATURAL GAS                          NMD-Rev Proc                    2.9544     158,432.29  1,142.7810 181,053,407.31  User Price
  │  No Material                          No Plant                        0.0000           0.00           —   3,779,561.20  Direct Amount
  │  Water                                NMD-Rev Proc                    0.0027         142.64     60.0000       8,558.62  User Price
  │  ----------------------------------------------------------------------------------------------------------------------
  └─ TOTAL COST : 199,843,361.38   PRICE = 199,843,361.38 / 53,625.44 = 3,726.6522 /MT

  ┌─ Utility Plant  |  HRSG3_SHP STEAM  (MT)  |  Gen QTY : 0.00  |  Calculated Price : 0.0000
  │  Material                             Issuing Plant                    Norms      Cons. Qty       Price         Amount  Type
  │  ----------------------------------------------------------------------------------------------------------------------
  │  Boiler Feed Water                    NMD - Utility Plant             1.4728           0.00    327.9794           0.00  Calculated
  │  CHEM TRISODIUM PHOSPHATE             NMD-Rev Proc                    0.0009           0.00      0.0000           0.00  User Price
  │  COMPRESSED AIR                       NMD - Utility Plant            13.7627           0.00      2.5803           0.00  Calculated
  │  FURNACE OIL ( MEDIUM VISCOSITY GRAD  NMD-Rev Proc                    0.0001           0.00      0.0000           0.00  User Price
  │  LP Steam_Dis                         NMD - Utility/Power Dist       -0.0780           0.00  1,073.4043           0.00  Calculated
  │  NATURAL GAS                          NMD-Rev Proc                    2.8116           0.00      0.0000           0.00  User Price
  │  No Material                          No Plant                        0.0000           0.00           —           0.00  Direct Amount
  │  Water                                NMD-Rev Proc                    0.0027           0.00      0.0000           0.00  User Price
  │  ----------------------------------------------------------------------------------------------------------------------
  └─ TOTAL COST :           0.00   PRICE = 0.00 / 0 = 0.0000 /MT

  ┌─ Utility Plant  |  LP Steam PRDS  (MT)  |  Gen QTY : 17,620.30  |  Calculated Price : 81.9949
  │  Material                             Issuing Plant                    Norms      Cons. Qty       Price         Amount  Type
  │  ----------------------------------------------------------------------------------------------------------------------
  │  Boiler Feed Water                    NMD - Utility Plant             0.2500       4,405.07    327.9794   1,444,773.71  Calculated
  │  MP Steam_Dis                         NMD - Utility/Power Dist        0.7500      13,215.22      0.0000           0.00  Calculated
  │  ----------------------------------------------------------------------------------------------------------------------
  └─ TOTAL COST :   1,444,773.71   PRICE = 1,444,773.71 / 17,620.30 = 81.9949 /MT

  ┌─ Utility Plant  |  MP Steam PRDS SHP  (MT)  |  Gen QTY : 22,384.86  |  Calculated Price : 3,113.0849
  │  Material                             Issuing Plant                    Norms      Cons. Qty       Price         Amount  Type
  │  ----------------------------------------------------------------------------------------------------------------------
  │  Boiler Feed Water                    NMD - Utility Plant             0.0900       2,014.64    327.9794     660,759.44  Calculated
  │  SHP Steam_Dis                        NMD - Utility/Power Dist        0.9100      20,370.22  3,388.5349  69,025,196.61  Calculated
  │  ----------------------------------------------------------------------------------------------------------------------
  └─ TOTAL COST :  69,685,956.05   PRICE = 69,685,956.05 / 22,384.86 = 3,113.0849 /MT

  ┌─ Utility Plant  |  Oxygen  (MT)  |  Gen QTY : 6,260.00  |  Calculated Price : 17,244.4806
  │  Material                             Issuing Plant                    Norms      Cons. Qty       Price         Amount  Type
  │  ----------------------------------------------------------------------------------------------------------------------
  │  Cooling Water 2                      NMD - Utility Plant             0.2500       1,565.00  3,310.7109   5,181,262.61  Calculated
  │  Nitrogen Gas                         NMD - Utility Plant           919.8200   5,758,073.20      5.8100  33,454,405.29  User Price
  │  No Material                          No Plant                        0.0000           0.00           —   8,654,589.47  Direct Amount
  │  Power_Dis                            NMD - Utility/Power Dist      925.1700   5,791,564.20     10.4739  60,660,191.14  Calculated
  │  ----------------------------------------------------------------------------------------------------------------------
  └─ TOTAL COST : 107,950,448.52   PRICE = 107,950,448.52 / 6,260.00 = 17,244.4806 /MT

  ┌─ Utility Plant  |  PQR  ()  |  Gen QTY : 0.00  |  Calculated Price : 0.0000
  │  Material                             Issuing Plant                    Norms      Cons. Qty       Price         Amount  Type
  │  ----------------------------------------------------------------------------------------------------------------------
  │  Effluent Treated                     NMD - Utility Plant             0.0010           0.00      0.0000           0.00  Calculated
  │  ----------------------------------------------------------------------------------------------------------------------
  └─ TOTAL COST :           0.00   PRICE = 0.00 / 0 = 0.0000 /

  ┌─ Utility Plant  |  STG1_LP STEAM  (MT)  |  Gen QTY : 25,054.19  |  Calculated Price : 1,626.4968
  │  Material                             Issuing Plant                    Norms      Cons. Qty       Price         Amount  Type
  │  ----------------------------------------------------------------------------------------------------------------------
  │  SHP Steam_Dis                        NMD - Utility/Power Dist        0.4800      12,026.01  3,388.5349  40,750,566.56  Calculated
  │  ----------------------------------------------------------------------------------------------------------------------
  └─ TOTAL COST :  40,750,566.56   PRICE = 40,750,566.56 / 25,054.19 = 1,626.4968 /MT

  ┌─ Utility Plant  |  STG1_MP STEAM  (MT)  |  Gen QTY : 4,923.74  |  Calculated Price : 2,338.0891
  │  Material                             Issuing Plant                    Norms      Cons. Qty       Price         Amount  Type
  │  ----------------------------------------------------------------------------------------------------------------------
  │  SHP Steam_Dis                        NMD - Utility/Power Dist        0.6900       3,397.38  3,388.5349  11,512,142.12  Calculated
  │  ----------------------------------------------------------------------------------------------------------------------
  └─ TOTAL COST :  11,512,142.12   PRICE = 11,512,142.12 / 4,923.74 = 2,338.0891 /MT

  ┌─ Utility Plant  |  Treated Spent Caustic  (M3)  |  Gen QTY : 0.00  |  Calculated Price : 0.0000
  │  Material                             Issuing Plant                    Norms      Cons. Qty       Price         Amount  Type
  │  ----------------------------------------------------------------------------------------------------------------------
  │  COMPRESSED AIR                       NMD - Utility Plant             0.0000           0.00      2.5803           0.00  Calculated
  │  Cooling Water 2                      NMD - Utility Plant             0.0000           8.00  3,310.7109      26,485.69  Calculated
  │  MP Steam_Dis                         NMD - Utility/Power Dist        0.0390           0.00      0.0000           0.00  Calculated
  │  Power_Dis                            NMD - Utility/Power Dist       17.0400           0.00     10.4739           0.00  Calculated
  │  SULPHURIC ACID                       NMD-Rev Proc                    0.0200           0.00      0.0000           0.00  User Price
  │  Water                                NMD-Rev Proc                    0.0934           0.00           —           0.00  Direct Amount
  │  ----------------------------------------------------------------------------------------------------------------------
  └─ TOTAL COST :      26,485.69   PRICE = 26,485.69 / 0 = 0.0000 /M3

  ┌─ Utility/Power Dist  |  HP Steam_Dis  (MT)  |  Gen QTY : 4,675.00  |  Calculated Price : 3,153.4843
  │  Material                             Issuing Plant                    Norms      Cons. Qty       Price         Amount  Type
  │  ----------------------------------------------------------------------------------------------------------------------
  │  HP Steam PRDS                        NMD - Utility Plant             1.0000       4,675.00  3,153.4843  14,742,538.95  Calculated
  │  ----------------------------------------------------------------------------------------------------------------------
  └─ TOTAL COST :  14,742,538.95   PRICE = 14,742,538.95 / 4,675.00 = 3,153.4843 /MT

  ┌─ Utility/Power Dist  |  LP Steam_Dis  (MT)  |  Gen QTY : 42,674.77  |  Calculated Price : 1,073.4043
  │  Material                             Issuing Plant                    Norms      Cons. Qty       Price         Amount  Type
  │  ----------------------------------------------------------------------------------------------------------------------
  │  LP Steam PRDS                        NMD - Utility Plant             0.4129      17,620.41     81.9949   1,444,782.98  Calculated
  │  STG1_LP STEAM                        NMD - Utility Plant             0.5871      25,054.36  1,770.6500  44,362,494.59  User Price
  │  ----------------------------------------------------------------------------------------------------------------------
  └─ TOTAL COST :  45,807,277.58   PRICE = 45,807,277.58 / 42,674.77 = 1,073.4043 /MT

  ┌─ Utility/Power Dist  |  Power_Dis  (KWH)  |  Gen QTY : 46,283,700.00  |  Calculated Price : 10.4739
  │  Material                             Issuing Plant                    Norms      Cons. Qty       Price         Amount  Type
  │  ----------------------------------------------------------------------------------------------------------------------
  │  Power from MEL                       NMD-Rev Proc                    0.5639  24,552,000.00      6.8900 169,163,280.00  User Price
  │  POWERGEN                             NMD - Power Plant 2             0.1080   5,000,722.37     18.1900  90,963,139.85  User Price
  │  POWERGEN                             NMD - STG Power Plant           0.2200  10,180,655.22     14.0089 142,619,969.57  Calculated
  │  POWERGEN                             NMD - Power Plant 3             0.0000           0.00      0.0000           0.00  User Price
  │  POWERGEN                             NMD - Power Plant 1             0.1080   5,000,722.37     16.4024  82,023,871.53  Calculated
  │  ----------------------------------------------------------------------------------------------------------------------
  └─ TOTAL COST : 484,770,260.95   PRICE = 484,770,260.95 / 46,283,700.00 = 10.4739 /KWH

  ┌─ Utility/Power Dist  |  SHP Steam_Dis  (MT)  |  Gen QTY : 107,250.88  |  Calculated Price : 3,388.5349
  │  Material                             Issuing Plant                    Norms      Cons. Qty       Price         Amount  Type
  │  ----------------------------------------------------------------------------------------------------------------------
  │  HRSG1_SHP STEAM                      NMD - Utility Plant             0.5000      53,625.44  3,093.0599 165,866,689.36  Calculated
  │  HRSG2_SHP STEAM                      NMD - Utility Plant             0.5000      53,625.44  3,684.0100 197,556,649.19  User Price
  │  HRSG3_SHP STEAM                      NMD - Utility Plant             0.0000           0.00      0.0000           0.00  Calculated
  │  ----------------------------------------------------------------------------------------------------------------------
  └─ TOTAL COST : 363,423,338.55   PRICE = 363,423,338.55 / 107,250.88 = 3,388.5349 /MT

============================================================================================================================
  END — July / 2025
============================================================================================================================

  [DB SAVE] NormsMonthDetail: 99 rows updated (43 Price-AmountOnly + 56 Calculation-Full) | 21 skipped (Amount/user-entered) | 0 errors | CPPMonthWisePrice: 56 Calculation rows written
  [SNAPSHOT] CPPUtilityRateSnapshot: 26 rows upserted | 0 errors
