JMD Plant Run Log
Plant:     C2 CPP
Period:    4/2026
Generated: 2026-06-29 18:13:24
================================================================================


======================================================================
  NEW SCHEMA ASSET SNAPSHOT  (April 2026)
======================================================================
  Plant:    C2-CPP
  AOP Year: 2026-27

  POWER ASSETS
  Asset                      Type           Hours    Min MW    Max MW     Gen MWh   Prio
  -------------------------  ----------  --------  --------  --------  ----------  -----
  JMD - C2-GTG 1             GT            676.00     80.00    110.00    74360.00      2
  JMD - C2-GTG 2             GT            710.00     80.00    110.00    78100.00      1
  JMD - C2-STG 1             STG           719.00      0.00     93.00    66867.00      1
  TOTAL                                                                 219327.00       

  STEAM ASSETS
  Asset                      Type        SteamType      Hours   Min TPH   Max TPH      Gen MT   Prio
  -------------------------  ----------  ----------  --------  --------  --------  ----------  -----
  AUXBOIL7_SHP STEAM         AUXBOILER   SHP Steam_Dis    698.00     90.00    220.00   153560.00      1
  AUXBOIL8_SHP STEAM         AUXBOILER   SHP Steam_Dis    720.00     90.00    220.00   158400.00      1
  HP Steam PRDS              PRDS        HP Steam_Dis    720.00      0.00    568.00   408960.00      1
  HRSG1_C2_LP STEAM          HRSG        LP Steam_Dis    720.00     32.00     42.00    30240.00      1
  HRSG1_C2_SHP STEAM         HRSG        SHP Steam_Dis    720.00    160.00    250.00   180000.00      1
  HRSG2_C2_LP STEAM          HRSG        LP Steam_Dis    720.00     32.00     42.00    30240.00      1
  HRSG2_C2_SHP STEAM         HRSG        SHP Steam_Dis    720.00    160.00    250.00   180000.00      1
  LP Steam PRDS              PRDS        LP Steam_Dis    720.00      0.00     68.00    48960.00      1
  MP Steam PRDS SHP          PRDS        MP Steam_Dis    720.00      0.00    498.00   358560.00      1
  TOTAL                                                                            1548920.00       

  MONTHLY GENERATION SUMMARY
  Category                  Generation  Unit    
  --------------------  --------------  --------
  Power                     219,327.00  MWh
  Steam                   1,548,920.00  MT
18:13:02  INFO        [CALC] C2 CPP  4/2026  (2026-27)
18:13:02  INFO        [PROCESS] Found 11 rows for FY 2026-27, plant BA558F95-8A3F-4769-9C78-FF7B6C639DDF
18:13:02  INFO        [PROCESS] Utility                           Demand  Mapped Key                  
18:13:02  INFO        [PROCESS] ------------------------  --------------  ----------------------------
18:13:02  INFO        [PROCESS] NITROGEN_ASU                  4435199.00  nitrogen_asu_process        
18:13:02  INFO        [PROCESS] COMPRESSED AIR                7221792.00  air_process                 
18:13:02  INFO        [PROCESS] HP Steam_Dis                   -21599.00  hp_process                  
18:13:02  INFO        [PROCESS] SHP Steam_Dis                  219588.00  shp_process                 
18:13:02  INFO        [PROCESS] Power_Dis                    11813076.00  power_process               
18:13:02  INFO        [PROCESS] MP Steam_Dis                  -127253.00  mp_process                  
18:13:02  INFO        [PROCESS] Utility Water                    3548.00  utility_water_process       
18:13:02  INFO        [PROCESS] D M Water                       72074.00  dm_process                  
18:13:02  INFO        [PROCESS] LP Steam_Dis                    54000.00  lp_process                  
18:13:02  INFO        [PROCESS] Ret steam condensate          -154158.00  ret_steam_condensate_process
18:13:02  INFO        [PROCESS] Cooling Water                   47161.00  cooling_water_process       
18:13:02  INFO        [PROCESS] TOTAL                                                                 
18:13:02  INFO        [PROCESS]   power_process             11813076.00
18:13:02  INFO        [PROCESS]   lp_process                   54000.00
18:13:02  INFO        [PROCESS]   mp_process                 -127253.00
18:13:02  INFO        [PROCESS]   hp_process                  -21599.00
18:13:02  INFO        [PROCESS]   shp_process                 219588.00
18:13:02  INFO        [PROCESS]   air_process                7221792.00
18:13:02  INFO        [PROCESS]   nitrogen_asu_process       4435199.00
18:13:02  INFO        [PROCESS]   dm_process                   72074.00
18:13:02  INFO        [PROCESS]   cooling_water_process        47161.00
18:13:02  INFO        [PROCESS]   utility_water_process         3548.00
18:13:02  INFO        [PROCESS]   ret_steam_condensate_process     -154158.00
18:13:02  INFO        [FIXED] ==================================================
18:13:02  INFO        [FIXED] Fetching fixed consumption for plant BA558F95-8A3F-4769-9C78-FF7B6C639DDF
18:13:02  INFO        [FIXED] Financial year : 2026-27
18:13:02  INFO        [FIXED] Selected month : Apr
18:13:02  INFO        [FIXED] ==================================================
18:13:02  INFO        [FIXED] Using CPP Plant ID as SourceName to find sub-plants: BA558F95-8A3F-4769-9C78-FF7B6C639DDF
18:13:02  INFO        [FIXED] Trying table: CPPFixedConsumption (SourceName filter)
18:13:02  INFO        [FIXED] Using table: CPPFixedConsumption
18:13:02  INFO        [FIXED] Power values are normalized from kWh to MWh for the model
18:13:02  INFO        [FIXED] Plant                     Cost Center             Utility                      Value
18:13:02  INFO        [FIXED] ------------------------  ----------------------  ------------------  --------------
18:13:02  INFO        [FIXED] JMD - DTA-MEG-C2 Gantry   JG- C2- Tank Farm       COMPRESSED AIR           501800.00
18:13:02  INFO        [FIXED] JMD-Rev Proc-DTA C2       JG-C2-Tankfarms         COMPRESSED AIR            79200.00
18:13:02  INFO        [FIXED] JMD - C2 Utility Plant    JG-DTA-Utility Sale to Sibur  COMPRESSED AIR           746713.00
18:13:02  INFO        [FIXED] JMD - DTA-MEG-C2 Gantry   JG- C2- Tank Farm       Cooling Water             10872.00
18:13:02  INFO        [FIXED] JMD - C2 Utility Plant    JG-DTA-Utility Sale to Sibur  D M Water                 55713.00
18:13:02  INFO        [FIXED] JMD-Rev Proc-DTA C2       JG-C2-Horticulture      Effluent Treated         131760.00
18:13:02  INFO        [FIXED] JMD - C2 Utility Plant    JG-C2-Steam Dumping     HP Steam_Dis                238.00
18:13:02  INFO        [FIXED] JMD - DTA-MEG-C2 Gantry   JG- C2- Tank Farm       LP Steam_Dis               4320.00
18:13:02  INFO        [FIXED] JMD - C2 Utility Plant    JG-C2-Steam Dumping     LP Steam_Dis                425.00
18:13:02  INFO        [FIXED] JMD - DTA-MEG-C2 Gantry   JG- C2- Tank Farm       MP Steam_Dis               1200.00
18:13:02  INFO        [FIXED] JMD - C2 Utility Plant    JG-C2-Steam Dumping     MP Steam_Dis                389.00
18:13:02  INFO        [FIXED] JMD - C2 Utility Plant    JG-C2-Steam Flaring     MP Steam_Dis               6336.00
18:13:02  INFO        [FIXED] JMD - DTA-MEG-C2 Gantry   JG- C2- Tank Farm       NITROGEN_ASU             648000.00
18:13:02  INFO        [FIXED] JMD - C2 Utility Plant    JG-C2-Steam Flaring     NITROGEN_ASU             504000.00
18:13:02  INFO        [FIXED] JMD - C2 Utility Plant    JG-DTA-Utility Sale to Sibur  NITROGEN_ASU             800800.00
18:13:02  INFO        [FIXED] JMD - DTA-MEG-C2 Gantry   JG- C2- Tank Farm       Power_Dis                  2880.00
18:13:02  INFO        [FIXED] JMD - C2 Utility Plant    JG C2 Utility Common    Power_Dis                  1440.08
18:13:02  INFO        [FIXED] JMD-Rev Proc-DTA C2       JG C2 Utility Common    Power_Dis                  3528.00
18:13:02  INFO        [FIXED] JMD - C2 Utility Plant    JG-C2-FIRE WATER        Power_Dis                   151.20
18:13:02  INFO        [FIXED] JMD - C2 Utility Plant    JG-DTA-C2-RWTP          Power_Dis                   180.00
18:13:02  INFO        [FIXED] JMD - DTA-C2 Power & UTILITY  JG-DTA-Utility Sale to Sibur  Power_Dis                 12162.00
18:13:02  INFO        [FIXED] JMD - DTA-MEG-C2 Gantry   JG- C2- Tank Farm       Ret steam condensate         1512.00
18:13:02  INFO        [FIXED] JMD - C2 Utility Plant    JG-C2-Steam Dumping     SHP Steam_Dis               630.00
18:13:02  INFO        [FIXED] JMD - C2 Utility Plant    JG-DTA-Utility Sale to Sibur  SHP Steam_Dis             93660.00
18:13:02  INFO        [FIXED] JMD - C2 Utility Plant    JG-DTA-Utility Sale to Sibur  SWRO WATER                87646.00
18:13:02  INFO        [FIXED]   -> unmapped utility kept out of rollup: SWRO WATER
18:13:02  INFO        [FIXED] JMD - DTA-MEG-C2 Gantry   JG- C2- Tank Farm       Utility Water               720.00
18:13:02  INFO        [FIXED] JMD - C2 Utility Plant    JG C2 Utility Common    Utility Water           1512083.00
18:13:02  INFO        [FIXED] JMD - C2 Utility Plant    JG-DTA-Utility Sale to Sibur  Utility Water             10847.00
18:13:02  INFO        [FIXED] --------------------------------------------------
18:13:02  INFO        [FIXED] Utility-wise fixed totals
18:13:02  INFO        [FIXED] Utility                            Total  Unit    
18:13:02  INFO        [FIXED] ------------------------  --------------  --------
18:13:02  INFO        [FIXED] Power                           20341.28  MWh     
18:13:02  INFO        [FIXED] LP Steam                         4745.00  MT      
18:13:02  INFO        [FIXED] MP Steam                         7925.00  MT      
18:13:02  INFO        [FIXED] HP Steam                          238.00  MT      
18:13:02  INFO        [FIXED] SHP Steam                       94290.00  MT      
18:13:02  INFO        [FIXED] Compressed Air                1327713.00  NM3     
18:13:02  INFO        [FIXED] Nitrogen ASU                  1952800.00  NM3     
18:13:02  INFO        [FIXED] DM Water                        55713.00  M3      
18:13:02  INFO        [FIXED] Cooling Water                   10872.00  KM3     
18:13:02  INFO        [FIXED] Utility Water                 1523650.00  M3      
18:13:02  INFO        [FIXED] Ret Steam Condensate             1512.00  M3      
18:13:02  INFO        [FIXED] Effluent                       131760.00  M3      
18:13:02  INFO        [FIXED] ==================================================
18:13:03  INFO        [DEMAND] ==================================================
18:13:03  INFO        [DEMAND] Utility-wise demand rollup  (4/2026)
18:13:03  INFO        [DEMAND] Utility                        Process         Fixed         Total  Unit    
18:13:03  INFO        [DEMAND] ------------------------  ------------  ------------  ------------  --------
18:13:03  INFO        [DEMAND] Power                         11813.08      20341.28      32154.36  MWh     
18:13:03  INFO        [DEMAND] LP Steam                      54000.00       4745.00      58745.00  MT      
18:13:03  INFO        [DEMAND] MP Steam                    -127253.00       7925.00    -119328.00  MT      
18:13:03  INFO        [DEMAND] HP Steam                     -21599.00        238.00     -21361.00  MT      
18:13:03  INFO        [DEMAND] SHP Steam                    219588.00      94290.00     313878.00  MT      
18:13:03  INFO        [DEMAND] Compressed Air              7221792.00    1327713.00    8549505.00  NM3     
18:13:03  INFO        [DEMAND] Nitrogen ASU                4435199.00    1952800.00    6387999.00  NM3     
18:13:03  INFO        [DEMAND] DM Water                      72074.00      55713.00     127787.00  M3      
18:13:03  INFO        [DEMAND] CW1                               0.00          0.00          0.00  KM3     
18:13:03  INFO        [DEMAND] CW2                               0.00          0.00          0.00  KM3     
18:13:03  INFO        [DEMAND] Cooling Water                 47161.00      10872.00      58033.00  KM3     
18:13:03  INFO        [DEMAND] Raw Water                         0.00          0.00          0.00  M3      
18:13:03  INFO        [DEMAND] Utility Water                  3548.00    1523650.00    1527198.00  M3      
18:13:03  INFO        [DEMAND] Ret Steam Condensate        -154158.00       1512.00    -152646.00  M3      
18:13:03  INFO        [DEMAND] Oxygen                            0.00          0.00          0.00  MT      
18:13:03  INFO        [DEMAND] Effluent                          0.00     131760.00     131760.00  M3      
18:13:03  INFO        [DEMAND] ==================================================
18:13:06  INFO        [DC] ==================================================
18:13:06  INFO        [DC] Power Demand vs Capacity Check:
18:13:06  INFO        [DC] Demand: 32154.36 MWh, Available Capacity: 219327.00 MWh
18:13:06  INFO        [DC] -> Power demand CAN be achieved with available assets.
18:13:06  INFO        [DC] Steam (SHP) Demand vs Capacity Check:
18:13:06  INFO        [DC] Demand: 231934.00 MT, Available Capacity: 1553760.00 MT
18:13:06  INFO        [DC] -> Steam demand CAN be achieved with available assets.
18:13:06  INFO        [DC] ==================================================
18:13:07  INFO        [ODS] Loaded C2_JMD.ods (187 rows, 83 cols) — month 4/2026 at col 11
18:13:07  INFO        [ODS] ===== NORMS SUMMARY (C2_JMD.ods 4/2026) =====
18:13:07  INFO        [ODS] Powergen aux power norms:
18:13:07  INFO        [ODS]   JMD - C2-GTG 1             aux_norm=0.001350
18:13:07  INFO        [ODS]   JMD - C2-GTG 2             aux_norm=0.001350
18:13:07  INFO        [ODS]   JMD - C2-STG 1             aux_norm=0.007050
18:13:07  INFO        [ODS] Steam letdown norms (PRDS cascade):
18:13:07  INFO        [ODS]   LP→MP: 0.9450  (1 MT LP needs this much MP)
18:13:07  INFO        [ODS]   MP→HP: 0.9000  (1 MT MP needs this much HP)
18:13:07  INFO        [ODS]   HP→SHP: 0.9360 (1 MT HP needs this much SHP)
18:13:07  INFO        [ODS] HRSG byproduct (LP steam credit):
18:13:07  INFO        [ODS]   HRSG1_C2_SHP STEAM         byproduct_norm=-0.1500 MT LP / MT SHP
18:13:07  INFO        [ODS]   HRSG2_C2_SHP STEAM         byproduct_norm=-0.1500 MT LP / MT SHP
18:13:07  INFO        [ODS] STG steam consumption:
18:13:07  INFO        [ODS]   JMD - C2-STG 1             shp_norm=0.003640 MT/KWH
18:13:07  INFO        [ODS] Steam distribution factors:
18:13:07  INFO        [ODS]   HP Steam_Dis → HP Steam PRDS: 1.0000
18:13:07  INFO        [ODS]   LP Steam_Dis → HRSG1_C2_LP STEAM: 0.3873, HRSG2_C2_LP STEAM: 0.2453, LP Steam PRDS: 0.3675
18:13:07  INFO        [ODS]   MP Steam_Dis → MP Steam PRDS SHP: 1.0000
18:13:07  INFO        [ODS]   SHP Steam_Dis → AUXBOIL7_SHP STEAM: 0.2267, HRSG1_C2_SHP STEAM: 0.4735, HRSG2_C2_SHP STEAM: 0.2999
18:13:07  INFO      
18:13:07  INFO        [ODS] ╔══════════════════════════════════════════════════════════════════╗
18:13:07  INFO        [ODS] ║  CONSUMPTION NORMS — Who consumes what to produce what          ║
18:13:07  INFO        [ODS] ║  (Each block = one producer. Shows what it needs to make 1 unit)║
18:13:07  INFO        [ODS] ╚══════════════════════════════════════════════════════════════════╝
18:13:07  INFO        [ODS]
18:13:07  INFO        [ODS]  Think of it like a recipe card:
18:13:07  INFO        [ODS]  - The PRODUCER is what the plant makes (like a cake)
18:13:07  INFO        [ODS]  - The INGREDIENTS are what it needs to make it (flour, eggs, etc.)
18:13:07  INFO        [ODS]  - The NORM is how much of each ingredient is needed for 1 unit of output
18:13:07  INFO        [ODS]  - A negative norm means it's a BYPRODUCT (you get it for free while making something else)
18:13:07  INFO        [ODS]
18:13:07  INFO        [ODS]  ┌──────────────────────────────────────────────────────────────
18:13:07  INFO        [ODS]  │ PRODUCER: AUXBOIL7_SHP STEAM                 
18:13:07  INFO        [ODS]  │ SAP Code: 310028384             Plant Code: 36H1
18:13:07  INFO        [ODS]  │ Makes: 1 MT of AUXBOIL7_SHP STEAM
18:13:07  INFO        [ODS]  │
18:13:07  INFO        [ODS]  │  Needs these ingredients (to make 1 MT):
18:13:07  INFO        [ODS]  │
18:13:07  INFO        [ODS]  │  Type    Ingredient (Material)             Material SAP Code  Norm          UOM       
18:13:07  INFO        [ODS]  │  ------  --------------------------------  ---------------  ------------  ----------
18:13:07  INFO        [ODS]  │  Raw Mat.  SynGas(Unshift)                   SYNGASN_UNSHIFT      2.876221  MMBTU     
18:13:07  INFO        [ODS]  │  Utility  Boiler Feed Water                 310027927            1.010000  M3        
18:13:07  INFO        [ODS]  │  Utility  Power_Dis                         310027910            3.850000  KWH       
18:13:07  INFO        [ODS]  │
18:13:07  INFO        [ODS]  │  In simple words: To make 1 MT of AUXBOIL7_SHP STEAM, you need:
18:13:07  INFO        [ODS]  │    → 2.876221 MMBTU of SynGas(Unshift)
18:13:07  INFO        [ODS]  │    → 1.010000 M3 of Boiler Feed Water
18:13:07  INFO        [ODS]  │    → 3.850000 KWH of Power_Dis
18:13:07  INFO        [ODS]  └──────────────────────────────────────────────────────────────
18:13:07  INFO        [ODS]
18:13:07  INFO        [ODS]  ┌──────────────────────────────────────────────────────────────
18:13:07  INFO        [ODS]  │ PRODUCER: AUXBOIL8_SHP STEAM                 
18:13:07  INFO        [ODS]  │ SAP Code: 310028411             Plant Code: 36H1
18:13:07  INFO        [ODS]  │ Makes: 1 MT of AUXBOIL8_SHP STEAM
18:13:07  INFO        [ODS]  │
18:13:07  INFO        [ODS]  │  Needs these ingredients (to make 1 MT):
18:13:07  INFO        [ODS]  │
18:13:07  INFO        [ODS]  │  Type    Ingredient (Material)             Material SAP Code  Norm          UOM       
18:13:07  INFO        [ODS]  │  ------  --------------------------------  ---------------  ------------  ----------
18:13:07  INFO        [ODS]  │  Raw Mat.  SynGas(Unshift)                   SYNGASN_UNSHIFT             0  MMBTU     
18:13:07  INFO        [ODS]  │  Utility  Boiler Feed Water                 310027927            1.010000  M3        
18:13:07  INFO        [ODS]  │  Utility  Power_Dis                         310027910            3.850000  KWH       
18:13:07  INFO        [ODS]  │
18:13:07  INFO        [ODS]  │  In simple words: To make 1 MT of AUXBOIL8_SHP STEAM, you need:
18:13:07  INFO        [ODS]  │    → 1.010000 M3 of Boiler Feed Water
18:13:07  INFO        [ODS]  │    → 3.850000 KWH of Power_Dis
18:13:07  INFO        [ODS]  └──────────────────────────────────────────────────────────────
18:13:07  INFO        [ODS]
18:13:07  INFO        [ODS]  ┌──────────────────────────────────────────────────────────────
18:13:07  INFO        [ODS]  │ PRODUCER: Boiler Feed Water                  
18:13:07  INFO        [ODS]  │ SAP Code: 310027927             Plant Code: 36H1
18:13:07  INFO        [ODS]  │ Makes: 1 M3 of Boiler Feed Water
18:13:07  INFO        [ODS]  │
18:13:07  INFO        [ODS]  │  Needs these ingredients (to make 1 M3):
18:13:07  INFO        [ODS]  │
18:13:07  INFO        [ODS]  │  Type    Ingredient (Material)             Material SAP Code  Norm          UOM       
18:13:07  INFO        [ODS]  │  ------  --------------------------------  ---------------  ------------  ----------
18:13:07  INFO        [ODS]  │  Utility  D M Water                         310027966            0.900000  M3        
18:13:07  INFO        [ODS]  │  Utility  LP Steam_Dis                      310027965            0.100000  MT        
18:13:07  INFO        [ODS]  │  Utility  Power_Dis                         310027910            8.100000  KWH       
18:13:07  INFO        [ODS]  │
18:13:07  INFO        [ODS]  │  In simple words: To make 1 M3 of Boiler Feed Water, you need:
18:13:07  INFO        [ODS]  │    → 0.900000 M3 of D M Water
18:13:07  INFO        [ODS]  │    → 0.100000 MT of LP Steam_Dis
18:13:07  INFO        [ODS]  │    → 8.100000 KWH of Power_Dis
18:13:07  INFO        [ODS]  └──────────────────────────────────────────────────────────────
18:13:07  INFO        [ODS]
18:13:07  INFO        [ODS]  ┌──────────────────────────────────────────────────────────────
18:13:07  INFO        [ODS]  │ PRODUCER: COMPRESED AIR_ASU                  
18:13:07  INFO        [ODS]  │ SAP Code: 310028433             Plant Code: 36H1
18:13:07  INFO        [ODS]  │ Makes: 1 NM3 of COMPRESED AIR_ASU
18:13:07  INFO        [ODS]  │
18:13:07  INFO        [ODS]  │  Needs these ingredients (to make 1 NM3):
18:13:07  INFO        [ODS]  │
18:13:07  INFO        [ODS]  │  Type    Ingredient (Material)             Material SAP Code  Norm          UOM       
18:13:07  INFO        [ODS]  │  ------  --------------------------------  ---------------  ------------  ----------
18:13:07  INFO        [ODS]  │  Utility  Power_Dis                         310027910            0.125000  KWH       
18:13:07  INFO        [ODS]  │
18:13:07  INFO        [ODS]  │  In simple words: To make 1 NM3 of COMPRESED AIR_ASU, you need:
18:13:07  INFO        [ODS]  │    → 0.125000 KWH of Power_Dis
18:13:07  INFO        [ODS]  └──────────────────────────────────────────────────────────────
18:13:07  INFO        [ODS]
18:13:07  INFO        [ODS]  ┌──────────────────────────────────────────────────────────────
18:13:07  INFO        [ODS]  │ PRODUCER: COMPRESSED AIR                     
18:13:07  INFO        [ODS]  │ SAP Code: 310027904             Plant Code: 36H1
18:13:07  INFO        [ODS]  │ Makes: 1 NM3 of COMPRESSED AIR
18:13:07  INFO        [ODS]  │
18:13:07  INFO        [ODS]  │  Needs these ingredients (to make 1 NM3):
18:13:07  INFO        [ODS]  │
18:13:07  INFO        [ODS]  │  Type    Ingredient (Material)             Material SAP Code  Norm          UOM       
18:13:07  INFO        [ODS]  │  ------  --------------------------------  ---------------  ------------  ----------
18:13:07  INFO        [ODS]  │  Utility  COMPRESED AIR_ASU                 310028433            0.051000  NM3       
18:13:07  INFO        [ODS]  │  Utility  COMPRESSED AIR                    310027904            0.002670  NM3       
18:13:07  INFO        [ODS]  │  Utility  Cooling Water                     310027912                   0  KM3       
18:13:07  INFO        [ODS]  │  Utility  Power_Dis                         310027910            0.150000  KWH       
18:13:07  INFO        [ODS]  │
18:13:07  INFO        [ODS]  │  In simple words: To make 1 NM3 of COMPRESSED AIR, you need:
18:13:07  INFO        [ODS]  │    → 0.051000 NM3 of COMPRESED AIR_ASU
18:13:07  INFO        [ODS]  │    → 0.002670 NM3 of COMPRESSED AIR
18:13:07  INFO        [ODS]  │    → 0.150000 KWH of Power_Dis
18:13:07  INFO        [ODS]  └──────────────────────────────────────────────────────────────
18:13:07  INFO        [ODS]
18:13:07  INFO        [ODS]  ┌──────────────────────────────────────────────────────────────
18:13:07  INFO        [ODS]  │ PRODUCER: Condensate                         
18:13:07  INFO        [ODS]  │ SAP Code: 310027968             Plant Code: 36H1
18:13:07  INFO        [ODS]  │ Makes: 1 M3 of Condensate
18:13:07  INFO        [ODS]  │
18:13:07  INFO        [ODS]  │  Needs these ingredients (to make 1 M3):
18:13:07  INFO        [ODS]  │
18:13:07  INFO        [ODS]  │  Type    Ingredient (Material)             Material SAP Code  Norm          UOM       
18:13:07  INFO        [ODS]  │  ------  --------------------------------  ---------------  ------------  ----------
18:13:07  INFO        [ODS]  │  Utility  COMPRESSED AIR                    310027904            0.080000  NM3       
18:13:07  INFO        [ODS]  │  Utility  Cooling Water                     310027912            0.017360  KM3       
18:13:07  INFO        [ODS]  │  Utility  NITROGEN_ASU                      310028432            0.360000  NM3       
18:13:07  INFO        [ODS]  │  Utility  Power_Dis                         310027910            1.460000  KWH       
18:13:07  INFO        [ODS]  │  Utility  Ret steam condensate              310027923            1.090000  M3        
18:13:07  INFO        [ODS]  │
18:13:07  INFO        [ODS]  │  In simple words: To make 1 M3 of Condensate, you need:
18:13:07  INFO        [ODS]  │    → 0.080000 NM3 of COMPRESSED AIR
18:13:07  INFO        [ODS]  │    → 0.017360 KM3 of Cooling Water
18:13:07  INFO        [ODS]  │    → 0.360000 NM3 of NITROGEN_ASU
18:13:07  INFO        [ODS]  │    → 1.460000 KWH of Power_Dis
18:13:07  INFO        [ODS]  │    → 1.090000 M3 of Ret steam condensate
18:13:07  INFO        [ODS]  └──────────────────────────────────────────────────────────────
18:13:07  INFO        [ODS]
18:13:07  INFO        [ODS]  ┌──────────────────────────────────────────────────────────────
18:13:07  INFO        [ODS]  │ PRODUCER: Cooling Water                      
18:13:07  INFO        [ODS]  │ SAP Code: 310027912             Plant Code: 36H1
18:13:07  INFO        [ODS]  │ Makes: 1 KM3 of Cooling Water
18:13:07  INFO        [ODS]  │
18:13:07  INFO        [ODS]  │  Needs these ingredients (to make 1 KM3):
18:13:07  INFO        [ODS]  │
18:13:07  INFO        [ODS]  │  Type    Ingredient (Material)             Material SAP Code  Norm          UOM       
18:13:07  INFO        [ODS]  │  ------  --------------------------------  ---------------  ------------  ----------
18:13:07  INFO        [ODS]  │  Utility  COMPRESSED AIR                    310027904            0.974741  NM3       
18:13:07  INFO        [ODS]  │  Utility  Effluent Treated                  310027994            3.800000  M3        
18:13:07  INFO        [ODS]  │  Utility  Power_Dis                         310027910          210.900000  KWH       
18:13:07  INFO        [ODS]  │  Utility  SWRO WATER                        310028356            9.400000  M3        
18:13:07  INFO        [ODS]  │
18:13:07  INFO        [ODS]  │  In simple words: To make 1 KM3 of Cooling Water, you need:
18:13:07  INFO        [ODS]  │    → 0.974741 NM3 of COMPRESSED AIR
18:13:07  INFO        [ODS]  │    → 3.800000 M3 of Effluent Treated
18:13:07  INFO        [ODS]  │    → 210.900000 KWH of Power_Dis
18:13:07  INFO        [ODS]  │    → 9.400000 M3 of SWRO WATER
18:13:07  INFO        [ODS]  └──────────────────────────────────────────────────────────────
18:13:07  INFO        [ODS]
18:13:07  INFO        [ODS]  ┌──────────────────────────────────────────────────────────────
18:13:07  INFO        [ODS]  │ PRODUCER: D M Water                          
18:13:07  INFO        [ODS]  │ SAP Code: 310027966             Plant Code: 36H1
18:13:07  INFO        [ODS]  │ Makes: 1 M3 of D M Water
18:13:07  INFO        [ODS]  │
18:13:07  INFO        [ODS]  │  Needs these ingredients (to make 1 M3):
18:13:07  INFO        [ODS]  │
18:13:07  INFO        [ODS]  │  Type    Ingredient (Material)             Material SAP Code  Norm          UOM       
18:13:07  INFO        [ODS]  │  ------  --------------------------------  ---------------  ------------  ----------
18:13:07  INFO        [ODS]  │  Utility  COMPRESSED AIR                    310027904            0.049180  NM3       
18:13:07  INFO        [ODS]  │  Utility  NITROGEN_ASU                      310028432            0.630000  NM3       
18:13:07  INFO        [ODS]  │  Utility  Power_Dis                         310027910            0.920000  KWH       
18:13:07  INFO        [ODS]  │  Utility  SWRO WATER                        310028356            1.150000  M3        
18:13:07  INFO        [ODS]  │
18:13:07  INFO        [ODS]  │  In simple words: To make 1 M3 of D M Water, you need:
18:13:07  INFO        [ODS]  │    → 0.049180 NM3 of COMPRESSED AIR
18:13:07  INFO        [ODS]  │    → 0.630000 NM3 of NITROGEN_ASU
18:13:07  INFO        [ODS]  │    → 0.920000 KWH of Power_Dis
18:13:07  INFO        [ODS]  │    → 1.150000 M3 of SWRO WATER
18:13:07  INFO        [ODS]  └──────────────────────────────────────────────────────────────
18:13:07  INFO        [ODS]
18:13:07  INFO        [ODS]  ┌──────────────────────────────────────────────────────────────
18:13:07  INFO        [ODS]  │ PRODUCER: Effluent Treated                   
18:13:07  INFO        [ODS]  │ SAP Code: 310027994             Plant Code: 36H1
18:13:07  INFO        [ODS]  │ Makes: 1 M3 of Effluent Treated
18:13:07  INFO        [ODS]  │
18:13:07  INFO        [ODS]  │  Needs these ingredients (to make 1 M3):
18:13:07  INFO        [ODS]  │
18:13:07  INFO        [ODS]  │  Type    Ingredient (Material)             Material SAP Code  Norm          UOM       
18:13:07  INFO        [ODS]  │  ------  --------------------------------  ---------------  ------------  ----------
18:13:07  INFO        [ODS]  │  Utility  COMPRESSED AIR                    310027904            2.209302  NM3       
18:13:07  INFO        [ODS]  │  Utility  Cooling Water                     310027912            0.000031  KM3       
18:13:07  INFO        [ODS]  │  Utility  NITROGEN_ASU                      310028432            0.005814  NM3       
18:13:07  INFO        [ODS]  │  Utility  Power_Dis                         310027910            3.200000  KWH       
18:13:07  INFO        [ODS]  │  Utility  Utility Water                     310027928            0.029070  M3        
18:13:07  INFO        [ODS]  │
18:13:07  INFO        [ODS]  │  In simple words: To make 1 M3 of Effluent Treated, you need:
18:13:07  INFO        [ODS]  │    → 2.209302 NM3 of COMPRESSED AIR
18:13:07  INFO        [ODS]  │    → 0.000031 KM3 of Cooling Water
18:13:07  INFO        [ODS]  │    → 0.005814 NM3 of NITROGEN_ASU
18:13:07  INFO        [ODS]  │    → 3.200000 KWH of Power_Dis
18:13:07  INFO        [ODS]  │    → 0.029070 M3 of Utility Water
18:13:07  INFO        [ODS]  └──────────────────────────────────────────────────────────────
18:13:07  INFO        [ODS]
18:13:07  INFO        [ODS]  ┌──────────────────────────────────────────────────────────────
18:13:07  INFO        [ODS]  │ PRODUCER: HP Steam PRDS                      
18:13:07  INFO        [ODS]  │ SAP Code: 310028161             Plant Code: 36H1
18:13:07  INFO        [ODS]  │ Makes: 1 MT of HP Steam PRDS
18:13:07  INFO        [ODS]  │
18:13:07  INFO        [ODS]  │  Needs these ingredients (to make 1 MT):
18:13:07  INFO        [ODS]  │
18:13:07  INFO        [ODS]  │  Type    Ingredient (Material)             Material SAP Code  Norm          UOM       
18:13:07  INFO        [ODS]  │  ------  --------------------------------  ---------------  ------------  ----------
18:13:07  INFO        [ODS]  │  Utility  Boiler Feed Water                 310027927            0.064000  M3        
18:13:07  INFO        [ODS]  │  Utility  SHP Steam_Dis                     310027924            0.936000  MT        
18:13:07  INFO        [ODS]  │
18:13:07  INFO        [ODS]  │  In simple words: To make 1 MT of HP Steam PRDS, you need:
18:13:07  INFO        [ODS]  │    → 0.064000 M3 of Boiler Feed Water
18:13:07  INFO        [ODS]  │    → 0.936000 MT of SHP Steam_Dis
18:13:07  INFO        [ODS]  └──────────────────────────────────────────────────────────────
18:13:07  INFO        [ODS]
18:13:07  INFO        [ODS]  ┌──────────────────────────────────────────────────────────────
18:13:07  INFO        [ODS]  │ PRODUCER: HP Steam_Dis                       
18:13:07  INFO        [ODS]  │ SAP Code: 310027939             Plant Code: 36H2
18:13:07  INFO        [ODS]  │ Makes: 1 MT of HP Steam_Dis
18:13:07  INFO        [ODS]  │
18:13:07  INFO        [ODS]  │  Needs these ingredients (to make 1 MT):
18:13:07  INFO        [ODS]  │
18:13:07  INFO        [ODS]  │  Type    Ingredient (Material)             Material SAP Code  Norm          UOM       
18:13:07  INFO        [ODS]  │  ------  --------------------------------  ---------------  ------------  ----------
18:13:07  INFO        [ODS]  │  Utility  HP Steam PRDS                     310028161            1.000000  MT        
18:13:07  INFO        [ODS]  │
18:13:07  INFO        [ODS]  │  In simple words: To make 1 MT of HP Steam_Dis, you need:
18:13:07  INFO        [ODS]  │    → 1.000000 MT of HP Steam PRDS
18:13:07  INFO        [ODS]  └──────────────────────────────────────────────────────────────
18:13:07  INFO        [ODS]
18:13:07  INFO        [ODS]  ┌──────────────────────────────────────────────────────────────
18:13:07  INFO        [ODS]  │ PRODUCER: HRSG1_C2_SHP STEAM                 
18:13:07  INFO        [ODS]  │ SAP Code: 310028383             Plant Code: 36H1
18:13:07  INFO        [ODS]  │ Makes: 1 MT of HRSG1_C2_SHP STEAM
18:13:07  INFO        [ODS]  │
18:13:07  INFO        [ODS]  │  Needs these ingredients (to make 1 MT):
18:13:07  INFO        [ODS]  │
18:13:07  INFO        [ODS]  │  Type    Ingredient (Material)             Material SAP Code  Norm          UOM       
18:13:07  INFO        [ODS]  │  ------  --------------------------------  ---------------  ------------  ----------
18:13:07  INFO        [ODS]  │  Raw Mat.  SynGas(Unshift)                   SYNGASN_UNSHIFT      3.376244  MMBTU     
18:13:07  INFO        [ODS]  │  Utility  Boiler Feed Water                 310027927            1.160000  M3        
18:13:07  INFO        [ODS]  │  Utility  HRSG1_C2_LP STEAM                 310028385           -0.150000  MT        
18:13:07  INFO        [ODS]  │  Utility  Power_Dis                         310027910            0.285000  KWH       
18:13:07  INFO        [ODS]  │
18:13:07  INFO        [ODS]  │  In simple words: To make 1 MT of HRSG1_C2_SHP STEAM, you need:
18:13:07  INFO        [ODS]  │    → 3.376244 MMBTU of SynGas(Unshift)
18:13:07  INFO        [ODS]  │    → 1.160000 M3 of Boiler Feed Water
18:13:07  INFO        [ODS]  │    → 0.285000 KWH of Power_Dis
18:13:07  INFO        [ODS]  │  And as a bonus (byproduct), you also GET:
18:13:07  INFO        [ODS]  │    → 0.150000 MT of HRSG1_C2_LP STEAM (this is extra output, not input!)
18:13:07  INFO        [ODS]  └──────────────────────────────────────────────────────────────
18:13:07  INFO        [ODS]
18:13:07  INFO        [ODS]  ┌──────────────────────────────────────────────────────────────
18:13:07  INFO        [ODS]  │ PRODUCER: HRSG2_C2_SHP STEAM                 
18:13:07  INFO        [ODS]  │ SAP Code: 310028410             Plant Code: 36H1
18:13:07  INFO        [ODS]  │ Makes: 1 MT of HRSG2_C2_SHP STEAM
18:13:07  INFO        [ODS]  │
18:13:07  INFO        [ODS]  │  Needs these ingredients (to make 1 MT):
18:13:07  INFO        [ODS]  │
18:13:07  INFO        [ODS]  │  Type    Ingredient (Material)             Material SAP Code  Norm          UOM       
18:13:07  INFO        [ODS]  │  ------  --------------------------------  ---------------  ------------  ----------
18:13:07  INFO        [ODS]  │  Raw Mat.  SynGas(Unshift)                   SYNGASN_UNSHIFT      3.357468  MMBTU     
18:13:07  INFO        [ODS]  │  Utility  Boiler Feed Water                 310027927            1.160000  M3        
18:13:07  INFO        [ODS]  │  Utility  HRSG2_C2_LP STEAM                 310028409           -0.150000  MT        
18:13:07  INFO        [ODS]  │  Utility  Power_Dis                         310027910            0.285000  KWH       
18:13:07  INFO        [ODS]  │
18:13:07  INFO        [ODS]  │  In simple words: To make 1 MT of HRSG2_C2_SHP STEAM, you need:
18:13:07  INFO        [ODS]  │    → 3.357468 MMBTU of SynGas(Unshift)
18:13:07  INFO        [ODS]  │    → 1.160000 M3 of Boiler Feed Water
18:13:07  INFO        [ODS]  │    → 0.285000 KWH of Power_Dis
18:13:07  INFO        [ODS]  │  And as a bonus (byproduct), you also GET:
18:13:07  INFO        [ODS]  │    → 0.150000 MT of HRSG2_C2_LP STEAM (this is extra output, not input!)
18:13:07  INFO        [ODS]  └──────────────────────────────────────────────────────────────
18:13:07  INFO        [ODS]
18:13:07  INFO        [ODS]  ┌──────────────────────────────────────────────────────────────
18:13:07  INFO        [ODS]  │ PRODUCER: LP Steam PRDS                      
18:13:07  INFO        [ODS]  │ SAP Code: 310028013             Plant Code: 36H1
18:13:07  INFO        [ODS]  │ Makes: 1 MT of LP Steam PRDS
18:13:07  INFO        [ODS]  │
18:13:07  INFO        [ODS]  │  Needs these ingredients (to make 1 MT):
18:13:07  INFO        [ODS]  │
18:13:07  INFO        [ODS]  │  Type    Ingredient (Material)             Material SAP Code  Norm          UOM       
18:13:07  INFO        [ODS]  │  ------  --------------------------------  ---------------  ------------  ----------
18:13:07  INFO        [ODS]  │  Utility  Boiler Feed Water                 310027927            0.055000  M3        
18:13:07  INFO        [ODS]  │  Utility  MP Steam_Dis                      310027940            0.945000  MT        
18:13:07  INFO        [ODS]  │
18:13:07  INFO        [ODS]  │  In simple words: To make 1 MT of LP Steam PRDS, you need:
18:13:07  INFO        [ODS]  │    → 0.055000 M3 of Boiler Feed Water
18:13:07  INFO        [ODS]  │    → 0.945000 MT of MP Steam_Dis
18:13:07  INFO        [ODS]  └──────────────────────────────────────────────────────────────
18:13:07  INFO        [ODS]
18:13:07  INFO        [ODS]  ┌──────────────────────────────────────────────────────────────
18:13:07  INFO        [ODS]  │ PRODUCER: LP Steam_Dis                       
18:13:07  INFO        [ODS]  │ SAP Code: 310027965             Plant Code: 36H2
18:13:07  INFO        [ODS]  │ Makes: 1 MT of LP Steam_Dis
18:13:07  INFO        [ODS]  │
18:13:07  INFO        [ODS]  │  Needs these ingredients (to make 1 MT):
18:13:07  INFO        [ODS]  │
18:13:07  INFO        [ODS]  │  Type    Ingredient (Material)             Material SAP Code  Norm          UOM       
18:13:07  INFO        [ODS]  │  ------  --------------------------------  ---------------  ------------  ----------
18:13:07  INFO        [ODS]  │  Utility  HRSG1_C2_LP STEAM                 310028385            0.387271  MT        
18:13:07  INFO        [ODS]  │  Utility  HRSG2_C2_LP STEAM                 310028409            0.245271  MT        
18:13:07  INFO        [ODS]  │  Utility  LP Steam PRDS                     310028013            0.367458  MT        
18:13:07  INFO        [ODS]  │
18:13:07  INFO        [ODS]  │  In simple words: To make 1 MT of LP Steam_Dis, you need:
18:13:07  INFO        [ODS]  │    → 0.387271 MT of HRSG1_C2_LP STEAM
18:13:07  INFO        [ODS]  │    → 0.245271 MT of HRSG2_C2_LP STEAM
18:13:07  INFO        [ODS]  │    → 0.367458 MT of LP Steam PRDS
18:13:07  INFO        [ODS]  └──────────────────────────────────────────────────────────────
18:13:07  INFO        [ODS]
18:13:07  INFO        [ODS]  ┌──────────────────────────────────────────────────────────────
18:13:07  INFO        [ODS]  │ PRODUCER: MP Steam PRDS SHP                  
18:13:07  INFO        [ODS]  │ SAP Code: 310028012             Plant Code: 36H1
18:13:07  INFO        [ODS]  │ Makes: 1 MT of MP Steam PRDS SHP
18:13:07  INFO        [ODS]  │
18:13:07  INFO        [ODS]  │  Needs these ingredients (to make 1 MT):
18:13:07  INFO        [ODS]  │
18:13:07  INFO        [ODS]  │  Type    Ingredient (Material)             Material SAP Code  Norm          UOM       
18:13:07  INFO        [ODS]  │  ------  --------------------------------  ---------------  ------------  ----------
18:13:07  INFO        [ODS]  │  Utility  Boiler Feed Water                 310027927            0.100000  M3        
18:13:07  INFO        [ODS]  │  Utility  HP Steam_Dis                      310027939            0.900000  MT        
18:13:07  INFO        [ODS]  │
18:13:07  INFO        [ODS]  │  In simple words: To make 1 MT of MP Steam PRDS SHP, you need:
18:13:07  INFO        [ODS]  │    → 0.100000 M3 of Boiler Feed Water
18:13:07  INFO        [ODS]  │    → 0.900000 MT of HP Steam_Dis
18:13:07  INFO        [ODS]  └──────────────────────────────────────────────────────────────
18:13:07  INFO        [ODS]
18:13:07  INFO        [ODS]  ┌──────────────────────────────────────────────────────────────
18:13:07  INFO        [ODS]  │ PRODUCER: MP Steam_Dis                       
18:13:07  INFO        [ODS]  │ SAP Code: 310027940             Plant Code: 36H2
18:13:07  INFO        [ODS]  │ Makes: 1 MT of MP Steam_Dis
18:13:07  INFO        [ODS]  │
18:13:07  INFO        [ODS]  │  Needs these ingredients (to make 1 MT):
18:13:07  INFO        [ODS]  │
18:13:07  INFO        [ODS]  │  Type    Ingredient (Material)             Material SAP Code  Norm          UOM       
18:13:07  INFO        [ODS]  │  ------  --------------------------------  ---------------  ------------  ----------
18:13:07  INFO        [ODS]  │  Utility  MP Steam PRDS SHP                 310028012            1.000000  MT        
18:13:07  INFO        [ODS]  │
18:13:07  INFO        [ODS]  │  In simple words: To make 1 MT of MP Steam_Dis, you need:
18:13:07  INFO        [ODS]  │    → 1.000000 MT of MP Steam PRDS SHP
18:13:07  INFO        [ODS]  └──────────────────────────────────────────────────────────────
18:13:07  INFO        [ODS]
18:13:07  INFO        [ODS]  ┌──────────────────────────────────────────────────────────────
18:13:07  INFO        [ODS]  │ PRODUCER: NITROGEN_ASU                       
18:13:07  INFO        [ODS]  │ SAP Code: 310028432             Plant Code: 36H1
18:13:07  INFO        [ODS]  │ Makes: 1 NM3 of NITROGEN_ASU
18:13:07  INFO        [ODS]  │
18:13:07  INFO        [ODS]  │  Needs these ingredients (to make 1 NM3):
18:13:07  INFO        [ODS]  │
18:13:07  INFO        [ODS]  │  Type    Ingredient (Material)             Material SAP Code  Norm          UOM       
18:13:07  INFO        [ODS]  │  ------  --------------------------------  ---------------  ------------  ----------
18:13:07  INFO        [ODS]  │  Utility  Cooling Water                     310027912                   0  KM3       
18:13:07  INFO        [ODS]  │  Utility  MP Steam_Dis                      310027940            0.000021  MT        
18:13:07  INFO        [ODS]  │  Utility  Power_Dis                         310027910            0.474260  KWH       
18:13:07  INFO        [ODS]  │  Utility  Ret steam condensate              310027923           -0.000011  M3        
18:13:07  INFO        [ODS]  │  Utility  Utility Water                     310027928            0.001540  M3        
18:13:07  INFO        [ODS]  │
18:13:07  INFO        [ODS]  │  In simple words: To make 1 NM3 of NITROGEN_ASU, you need:
18:13:07  INFO        [ODS]  │    → 0.000021 MT of MP Steam_Dis
18:13:07  INFO        [ODS]  │    → 0.474260 KWH of Power_Dis
18:13:07  INFO        [ODS]  │    → 0.001540 M3 of Utility Water
18:13:07  INFO        [ODS]  │  And as a bonus (byproduct), you also GET:
18:13:07  INFO        [ODS]  │    → 0.000011 M3 of Ret steam condensate (this is extra output, not input!)
18:13:07  INFO        [ODS]  └──────────────────────────────────────────────────────────────
18:13:07  INFO        [ODS]
18:13:07  INFO        [ODS]  ┌──────────────────────────────────────────────────────────────
18:13:07  INFO        [ODS]  │ PRODUCER: Oxygen                             
18:13:07  INFO        [ODS]  │ SAP Code: 310028126             Plant Code: 36H1
18:13:07  INFO        [ODS]  │ Makes: 1 MT of Oxygen
18:13:07  INFO        [ODS]  │
18:13:07  INFO        [ODS]  │  Needs these ingredients (to make 1 MT):
18:13:07  INFO        [ODS]  │
18:13:07  INFO        [ODS]  │  Type    Ingredient (Material)             Material SAP Code  Norm          UOM       
18:13:07  INFO        [ODS]  │  ------  --------------------------------  ---------------  ------------  ----------
18:13:07  INFO        [ODS]  │  Utility  Cooling Water                     310027912                   0  KM3       
18:13:07  INFO        [ODS]  │  Utility  MP Steam_Dis                      310027940            0.017000  MT        
18:13:07  INFO        [ODS]  │  Utility  Power_Dis                         310027910          374.610000  KWH       
18:13:07  INFO        [ODS]  │  Utility  Ret steam condensate              310027923           -0.008000  M3        
18:13:07  INFO        [ODS]  │  Utility  Utility Water                     310027928            1.230000  M3        
18:13:07  INFO        [ODS]  │
18:13:07  INFO        [ODS]  │  In simple words: To make 1 MT of Oxygen, you need:
18:13:07  INFO        [ODS]  │    → 0.017000 MT of MP Steam_Dis
18:13:07  INFO        [ODS]  │    → 374.610000 KWH of Power_Dis
18:13:07  INFO        [ODS]  │    → 1.230000 M3 of Utility Water
18:13:07  INFO        [ODS]  │  And as a bonus (byproduct), you also GET:
18:13:07  INFO        [ODS]  │    → 0.008000 M3 of Ret steam condensate (this is extra output, not input!)
18:13:07  INFO        [ODS]  └──────────────────────────────────────────────────────────────
18:13:07  INFO        [ODS]
18:13:07  INFO        [ODS]  ┌──────────────────────────────────────────────────────────────
18:13:07  INFO        [ODS]  │ PRODUCER: POWERGEN                           
18:13:07  INFO        [ODS]  │ SAP Code: 310027907             Plant Code: 36H0
18:13:07  INFO        [ODS]  │ Makes: 1 KWH of POWERGEN
18:13:07  INFO        [ODS]  │
18:13:07  INFO        [ODS]  │  This producer has 3 sub-assets (different machines):
18:13:07  INFO        [ODS]  │    • JMD - C2-GTG 1                  (Plant ID: 36H0)
18:13:07  INFO        [ODS]  │    • JMD - C2-GTG 2                  (Plant ID: 36GX)
18:13:07  INFO        [ODS]  │    • JMD - C2-STG 1                  (Plant ID: 36HM)
18:13:07  INFO        [ODS]  │
18:13:07  INFO        [ODS]  │  Needs these ingredients (to make 1 KWH):
18:13:07  INFO        [ODS]  │
18:13:07  INFO        [ODS]  │  ▸ Sub-asset: JMD - C2-GTG 1 (Plant ID: 36H0)
18:13:07  INFO        [ODS]  │    Type    Ingredient (Material)             Material SAP Code  Norm          UOM       
18:13:07  INFO        [ODS]  │    ------  --------------------------------  ---------------  ------------  ----------
18:13:07  INFO        [ODS]  │    Raw Mat.  SynGas(Unshift)                   SYNGASN_UNSHIFT      0.004368  MMBTU     
18:13:07  INFO        [ODS]  │    Utility  COMPRESSED AIR                    310027904            0.001280  NM3       
18:13:07  INFO        [ODS]  │    Utility  Cooling Water                     310027912            0.000007  KM3       
18:13:07  INFO        [ODS]  │    Utility  NITROGEN_ASU                      310028432            0.001660  NM3       
18:13:07  INFO        [ODS]  │    Utility  Power_Dis                         310027910            0.001350  KWH       
18:13:07  INFO        [ODS]  │    Utility  Utility Water                     310027928            0.000023  M3        
18:13:07  INFO        [ODS]  │    In simple words: To make 1 KWH from JMD - C2-GTG 1, you need:
18:13:07  INFO        [ODS]  │      → 0.004368 MMBTU of SynGas(Unshift)
18:13:07  INFO        [ODS]  │      → 0.001280 NM3 of COMPRESSED AIR
18:13:07  INFO        [ODS]  │      → 0.000007 KM3 of Cooling Water
18:13:07  INFO        [ODS]  │      → 0.001660 NM3 of NITROGEN_ASU
18:13:07  INFO        [ODS]  │      → 0.001350 KWH of Power_Dis
18:13:07  INFO        [ODS]  │      → 0.000023 M3 of Utility Water
18:13:07  INFO        [ODS]  │
18:13:07  INFO        [ODS]  │  ▸ Sub-asset: JMD - C2-GTG 2 (Plant ID: 36GX)
18:13:07  INFO        [ODS]  │    Type    Ingredient (Material)             Material SAP Code  Norm          UOM       
18:13:07  INFO        [ODS]  │    ------  --------------------------------  ---------------  ------------  ----------
18:13:07  INFO        [ODS]  │    Raw Mat.  SynGas(Unshift)                   SYNGASN_UNSHIFT      0.004485  MMBTU     
18:13:07  INFO        [ODS]  │    Utility  COMPRESSED AIR                    310027904            0.001280  NM3       
18:13:07  INFO        [ODS]  │    Utility  Cooling Water                     310027912            0.000007  KM3       
18:13:07  INFO        [ODS]  │    Utility  NITROGEN_ASU                      310028432            0.001660  NM3       
18:13:07  INFO        [ODS]  │    Utility  Power_Dis                         310027910            0.001350  KWH       
18:13:07  INFO        [ODS]  │    Utility  Utility Water                     310027928            0.000023  M3        
18:13:07  INFO        [ODS]  │    In simple words: To make 1 KWH from JMD - C2-GTG 2, you need:
18:13:07  INFO        [ODS]  │      → 0.004485 MMBTU of SynGas(Unshift)
18:13:07  INFO        [ODS]  │      → 0.001280 NM3 of COMPRESSED AIR
18:13:07  INFO        [ODS]  │      → 0.000007 KM3 of Cooling Water
18:13:07  INFO        [ODS]  │      → 0.001660 NM3 of NITROGEN_ASU
18:13:07  INFO        [ODS]  │      → 0.001350 KWH of Power_Dis
18:13:07  INFO        [ODS]  │      → 0.000023 M3 of Utility Water
18:13:07  INFO        [ODS]  │
18:13:07  INFO        [ODS]  │  ▸ Sub-asset: JMD - C2-STG 1 (Plant ID: 36HM)
18:13:07  INFO        [ODS]  │    Type    Ingredient (Material)             Material SAP Code  Norm          UOM       
18:13:07  INFO        [ODS]  │    ------  --------------------------------  ---------------  ------------  ----------
18:13:07  INFO        [ODS]  │    Utility  Cooling Water                     310027912            0.000400  KM3       
18:13:07  INFO        [ODS]  │    Utility  NITROGEN_ASU                      310028432            0.001030  NM3       
18:13:07  INFO        [ODS]  │    Utility  Power_Dis                         310027910            0.007050  KWH       
18:13:07  INFO        [ODS]  │    Utility  SHP Steam_Dis                     310027924            0.003640  MT        
18:13:07  INFO        [ODS]  │    In simple words: To make 1 KWH from JMD - C2-STG 1, you need:
18:13:07  INFO        [ODS]  │      → 0.000400 KM3 of Cooling Water
18:13:07  INFO        [ODS]  │      → 0.001030 NM3 of NITROGEN_ASU
18:13:07  INFO        [ODS]  │      → 0.007050 KWH of Power_Dis
18:13:07  INFO        [ODS]  │      → 0.003640 MT of SHP Steam_Dis
18:13:07  INFO        [ODS]  │
18:13:07  INFO        [ODS]  └──────────────────────────────────────────────────────────────
18:13:07  INFO        [ODS]
18:13:07  INFO        [ODS]  ┌──────────────────────────────────────────────────────────────
18:13:07  INFO        [ODS]  │ PRODUCER: PROCESS FEED WATER                 
18:13:07  INFO        [ODS]  │ SAP Code: 310027972             Plant Code: 36H1
18:13:07  INFO        [ODS]  │ Makes: 1 M3 of PROCESS FEED WATER
18:13:07  INFO        [ODS]  │
18:13:07  INFO        [ODS]  │  Needs these ingredients (to make 1 M3):
18:13:07  INFO        [ODS]  │
18:13:07  INFO        [ODS]  │  Type    Ingredient (Material)             Material SAP Code  Norm          UOM       
18:13:07  INFO        [ODS]  │  ------  --------------------------------  ---------------  ------------  ----------
18:13:07  INFO        [ODS]  │  Utility  D M Water                         310027966            0.900000  M3        
18:13:07  INFO        [ODS]  │  Utility  LP Steam_Dis                      310027965            0.100000  MT        
18:13:07  INFO        [ODS]  │  Utility  Power_Dis                         310027910            0.631000  KWH       
18:13:07  INFO        [ODS]  │
18:13:07  INFO        [ODS]  │  In simple words: To make 1 M3 of PROCESS FEED WATER, you need:
18:13:07  INFO        [ODS]  │    → 0.900000 M3 of D M Water
18:13:07  INFO        [ODS]  │    → 0.100000 MT of LP Steam_Dis
18:13:07  INFO        [ODS]  │    → 0.631000 KWH of Power_Dis
18:13:07  INFO        [ODS]  └──────────────────────────────────────────────────────────────
18:13:07  INFO        [ODS]
18:13:07  INFO        [ODS]  ┌──────────────────────────────────────────────────────────────
18:13:07  INFO        [ODS]  │ PRODUCER: Power_Dis                          
18:13:07  INFO        [ODS]  │ SAP Code: 310027910             Plant Code: 36H2
18:13:07  INFO        [ODS]  │ Makes: 1 KWH of Power_Dis
18:13:07  INFO        [ODS]  │
18:13:07  INFO        [ODS]  │  Needs these ingredients (to make 1 KWH):
18:13:07  INFO        [ODS]  │
18:13:07  INFO        [ODS]  │  Type    Ingredient (Material)             Material SAP Code  Norm          UOM       
18:13:07  INFO        [ODS]  │  ------  --------------------------------  ---------------  ------------  ----------
18:13:07  INFO        [ODS]  │  Utility  Power                             POWER                0.065453  KWH       
18:13:07  INFO        [ODS]  │  Utility  POWERGEN                          310027907            0.572172  KWH       
18:13:07  INFO        [ODS]  │  Utility  POWERGEN                          310027907            0.362375  KWH       
18:13:07  INFO        [ODS]  │
18:13:07  INFO        [ODS]  │  In simple words: To make 1 KWH of Power_Dis, you need:
18:13:07  INFO        [ODS]  │    → 0.065453 KWH of Power
18:13:07  INFO        [ODS]  │    → 0.572172 KWH of POWERGEN
18:13:07  INFO        [ODS]  │    → 0.362375 KWH of POWERGEN
18:13:07  INFO        [ODS]  └──────────────────────────────────────────────────────────────
18:13:07  INFO        [ODS]
18:13:07  INFO        [ODS]  ┌──────────────────────────────────────────────────────────────
18:13:07  INFO        [ODS]  │ PRODUCER: SHP Steam_Dis                      
18:13:07  INFO        [ODS]  │ SAP Code: 310027924             Plant Code: 36H2
18:13:07  INFO        [ODS]  │ Makes: 1 MT of SHP Steam_Dis
18:13:07  INFO        [ODS]  │
18:13:07  INFO        [ODS]  │  Needs these ingredients (to make 1 MT):
18:13:07  INFO        [ODS]  │
18:13:07  INFO        [ODS]  │  Type    Ingredient (Material)             Material SAP Code  Norm          UOM       
18:13:07  INFO        [ODS]  │  ------  --------------------------------  ---------------  ------------  ----------
18:13:07  INFO        [ODS]  │  Utility  AUXBOIL7_SHP STEAM                310028384            0.226682  MT        
18:13:07  INFO        [ODS]  │  Utility  AUXBOIL8_SHP STEAM                310028411                   0  MT        
18:13:07  INFO        [ODS]  │  Utility  HRSG1_C2_SHP STEAM                310028383            0.473460  MT        
18:13:07  INFO        [ODS]  │  Utility  HRSG2_C2_SHP STEAM                310028410            0.299858  MT        
18:13:07  INFO        [ODS]  │
18:13:07  INFO        [ODS]  │  In simple words: To make 1 MT of SHP Steam_Dis, you need:
18:13:07  INFO        [ODS]  │    → 0.226682 MT of AUXBOIL7_SHP STEAM
18:13:07  INFO        [ODS]  │    → 0.473460 MT of HRSG1_C2_SHP STEAM
18:13:07  INFO        [ODS]  │    → 0.299858 MT of HRSG2_C2_SHP STEAM
18:13:07  INFO        [ODS]  └──────────────────────────────────────────────────────────────
18:13:07  INFO        [ODS]
18:13:07  INFO        [ODS]  ┌──────────────────────────────────────────────────────────────
18:13:07  INFO        [ODS]  │ PRODUCER: Utility Water                      
18:13:07  INFO        [ODS]  │ SAP Code: 310027928             Plant Code: 36H1
18:13:07  INFO        [ODS]  │ Makes: 1 M3 of Utility Water
18:13:07  INFO        [ODS]  │
18:13:07  INFO        [ODS]  │  Needs these ingredients (to make 1 M3):
18:13:07  INFO        [ODS]  │
18:13:07  INFO        [ODS]  │  Type    Ingredient (Material)             Material SAP Code  Norm          UOM       
18:13:07  INFO        [ODS]  │  ------  --------------------------------  ---------------  ------------  ----------
18:13:07  INFO        [ODS]  │  Utility  COMPRESSED AIR                    310027904            0.217390  NM3       
18:13:07  INFO        [ODS]  │  Utility  Power_Dis                         310027910                   0  KWH       
18:13:07  INFO        [ODS]  │  Utility  SWRO WATER                        310028356            1.100000  M3        
18:13:07  INFO        [ODS]  │
18:13:07  INFO        [ODS]  │  In simple words: To make 1 M3 of Utility Water, you need:
18:13:07  INFO        [ODS]  │    → 0.217390 NM3 of COMPRESSED AIR
18:13:07  INFO        [ODS]  │    → 1.100000 M3 of SWRO WATER
18:13:07  INFO        [ODS]  └──────────────────────────────────────────────────────────────
18:13:07  INFO        [ODS]
18:13:07  INFO        [ODS]  Total producers with consumption norms: 24
18:13:07  INFO        [ODS] ===================================
18:13:07  INFO      
18:13:07  INFO      ================================================================================
18:13:07  INFO      BALANCED UTILITY DISPATCH v3 — RECURSIVE SOLVER
18:13:07  INFO      Plant: BA558F95-8A3F-4769-9C78-FF7B6C639DDF  |  Month: 4/2026
18:13:07  INFO      ================================================================================
18:13:07  INFO      
18:13:07  INFO      U4U matrix loaded: 26 consumers
18:13:07  INFO      
18:13:07  INFO      
18:13:07  INFO      ================================================================================
18:13:07  INFO      BUILDING DEPENDENCY GRAPH
18:13:07  INFO      ================================================================================
18:13:07  INFO      
18:13:07  INFO      Generation utilities identified: 16
18:13:07  INFO        - bfw
18:13:07  INFO        - compresed air_asu
18:13:07  INFO        - compressed air
18:13:07  INFO        - condensate
18:13:07  INFO        - cooling water
18:13:07  INFO        - dm_water
18:13:07  INFO        - effluent
18:13:07  INFO        - hp_steam
18:13:07  INFO        - lp_steam
18:13:07  INFO        - mp_steam
18:13:07  INFO        - nitrogen
18:13:07  INFO        - oxygen
18:13:07  INFO        - power
18:13:07  INFO        - shp_steam
18:13:07  INFO        - swro water
18:13:07  INFO        - utility water
18:13:07  INFO      
18:13:07  INFO      Dispatchable utilities: 5
18:13:07  INFO        - hp_steam
18:13:07  INFO        - lp_steam
18:13:07  INFO        - mp_steam
18:13:07  INFO        - power
18:13:07  INFO        - shp_steam
18:13:07  INFO      
18:13:07  INFO      Non-dispatchable utilities: 11
18:13:07  INFO        - bfw
18:13:07  INFO        - compresed air_asu
18:13:07  INFO        - compressed air
18:13:07  INFO        - condensate
18:13:07  INFO        - cooling water
18:13:07  INFO        - dm_water
18:13:07  INFO        - effluent
18:13:07  INFO        - nitrogen
18:13:07  INFO        - oxygen
18:13:07  INFO        - swro water
18:13:07  INFO        - utility water
18:13:07  INFO      
18:13:07  INFO      Dependency graph built successfully
18:13:07  INFO        Total dependencies: 51
18:13:07  INFO      
18:13:07  INFO      Validating dependency graph...
18:13:07  INFO      
18:13:07  INFO      ✓ Dependency graph validation passed
18:13:07  INFO      
18:13:07  INFO      
18:13:07  INFO      ================================================================================
18:13:07  INFO      DEPENDENCY GRAPH SUMMARY
18:13:07  INFO      ================================================================================
18:13:07  INFO      
18:13:07  INFO      Generation Utilities: 16
18:13:07  INFO        Dispatchable: 5
18:13:07  INFO        Non-Dispatchable: 11
18:13:07  INFO      
18:13:07  INFO      Dependencies:
18:13:07  INFO        bfw consumes:
18:13:07  INFO          - dm_water (norm: 0.900000)
18:13:07  INFO          - lp_steam (norm: 0.100000)
18:13:07  INFO          - power (norm: 0.631000)
18:13:07  INFO        compresed air_asu consumes:
18:13:07  INFO          - power (norm: 0.125000)
18:13:07  INFO        compressed air consumes:
18:13:07  INFO          - compresed air_asu (norm: 0.051000)
18:13:07  INFO          - compressed air (norm: 0.002670)
18:13:07  INFO          - power (norm: 0.150000)
18:13:07  INFO        condensate consumes:
18:13:07  INFO          - compressed air (norm: 0.080000)
18:13:07  INFO          - condensate (norm: 1.090000)
18:13:07  INFO          - cooling water (norm: 0.017360)
18:13:07  INFO          - nitrogen (norm: 0.360000)
18:13:07  INFO          - power (norm: 1.460000)
18:13:07  INFO        cooling water consumes:
18:13:07  INFO          - compressed air (norm: 0.974741)
18:13:07  INFO          - effluent (norm: 3.800000)
18:13:07  INFO          - power (norm: 210.900000)
18:13:07  INFO          - swro water (norm: 9.400000)
18:13:07  INFO        dm_water consumes:
18:13:07  INFO          - compressed air (norm: 0.049180)
18:13:07  INFO          - nitrogen (norm: 0.630000)
18:13:07  INFO          - power (norm: 0.920000)
18:13:07  INFO          - swro water (norm: 1.150000)
18:13:07  INFO        effluent consumes:
18:13:07  INFO          - compressed air (norm: 2.209302)
18:13:07  INFO          - cooling water (norm: 0.000031)
18:13:07  INFO          - nitrogen (norm: 0.005814)
18:13:07  INFO          - power (norm: 3.200000)
18:13:07  INFO          - utility water (norm: 0.029070)
18:13:07  INFO        hp_steam consumes:
18:13:07  INFO          - bfw (norm: 0.064000)
18:13:07  INFO          - hp_steam (norm: 1.000000)
18:13:07  INFO          - shp_steam (norm: 0.936000)
18:13:07  INFO        lp_steam consumes:
18:13:07  INFO          - bfw (norm: 0.055000)
18:13:07  INFO          - lp_steam (norm: 0.367458)
18:13:07  INFO          - mp_steam (norm: 0.945000)
18:13:07  INFO        mp_steam consumes:
18:13:07  INFO          - bfw (norm: 0.100000)
18:13:07  INFO          - hp_steam (norm: 0.900000)
18:13:07  INFO          - mp_steam (norm: 1.000000)
18:13:07  INFO        nitrogen consumes:
18:13:07  INFO          - mp_steam (norm: 0.000021)
18:13:07  INFO          - power (norm: 0.474260)
18:13:07  INFO          - utility water (norm: 0.001540)
18:13:07  INFO        oxygen consumes:
18:13:07  INFO          - mp_steam (norm: 0.017000)
18:13:07  INFO          - power (norm: 374.610000)
18:13:07  INFO          - utility water (norm: 1.230000)
18:13:07  INFO        power consumes:
18:13:07  INFO          - compressed air (norm: 0.001280)
18:13:07  INFO          - cooling water (norm: 0.000400)
18:13:07  INFO          - nitrogen (norm: 0.001030)
18:13:07  INFO          - power (norm: 0.362375)
18:13:07  INFO          - shp_steam (norm: 0.003640)
18:13:07  INFO          - utility water (norm: 0.000023)
18:13:07  INFO        shp_steam consumes:
18:13:07  INFO          - bfw (norm: 1.160000)
18:13:07  INFO          - power (norm: 0.285000)
18:13:07  INFO          - shp_steam (norm: 0.299858)
18:13:07  INFO        utility water consumes:
18:13:07  INFO          - compressed air (norm: 0.217390)
18:13:07  INFO          - swro water (norm: 1.100000)
18:13:07  INFO      
18:13:07  INFO      Initial demands: 19 utilities
18:13:07  INFO        cooling_water                 :     58033.00
18:13:07  INFO        dm_water                      :    127787.00
18:13:07  INFO        instrument_air                :   8549505.00
18:13:07  INFO        lp_steam                      :     58745.00
18:13:07  INFO        nitrogen                      :   6387999.00
18:13:07  INFO        power                         :  32174700.28
18:13:07  INFO        shp_steam                     :    313878.00
18:13:07  INFO      
18:13:07  INFO      
18:13:07  INFO      ================================================================================
18:13:07  INFO      RECURSIVE UTILITY BALANCER — COMPLETE FIXED-POINT SOLVER
18:13:07  INFO      ================================================================================
18:13:07  INFO      
18:13:07  INFO      Initial Demands Loaded: 16 utilities
18:13:07  INFO        dm_water                      :    127787.00 M3
18:13:07  INFO        lp_steam                      :     58745.00 MT
18:13:07  INFO        nitrogen                      :   6387999.00 NM3
18:13:07  INFO        power                         :  32174700.28 MWh
18:13:07  INFO        shp_steam                     :    313878.00 MT
18:13:07  INFO      
18:13:07  INFO      ================================================================================
18:13:07  INFO      ITERATION 1
18:13:07  INFO      ================================================================================
18:13:07  INFO      
18:13:07  INFO      Current Utility Demands
18:13:07  INFO      
18:13:07  INFO        dm_water                      :    127787.00 M3
18:13:07  INFO        lp_steam                      :     58745.00 MT
18:13:07  INFO        nitrogen                      :   6387999.00 NM3
18:13:07  INFO        power                         :  32174700.28 MWh
18:13:07  INFO        shp_steam                     :    313878.00 MT
18:13:07  INFO      
18:13:09  INFO      
18:13:09  INFO        POWER SPINNING MARGIN CONFIG
18:13:09  INFO        Most efficient asset: JMD - C2-GTG 2 (fixed_max = 120.00 MW)
18:13:09  INFO        Required margin: 120.00 MW
18:13:09  INFO        Asset                          Max MW     Eff Max     Reserve
18:13:09  INFO        -------------------------  ----------  ----------  ----------
18:13:09  INFO        JMD - C2-GTG 1                 110.00       80.00       30.00
18:13:09  INFO        JMD - C2-GTG 2                 110.00      110.00        0.00 (excluded)
18:13:09  INFO        JMD - C2-STG 1                  93.00        3.00       90.00
18:13:09  INFO        TOTAL RESERVED                                         120.00
18:13:09  INFO        → Margin of 120.00 MW successfully reserved
18:13:09  INFO      
18:13:09  INFO        ==============================================================================
18:13:09  INFO        POWER DISPATCH  (April 2026)
18:13:09  INFO        ==============================================================================
18:13:09  INFO        Demand:  Process = 32174.70 MWh  |  Fixed = 0.00 MWh  |  Total = 32174.70 MWh
18:13:09  INFO      
18:13:09  INFO        Step 1: Mandatory assets at MIN load, then optional if needed
18:13:09  INFO        Asset                      Priority   Man    Min MW    Max MW     Hours       Min MWh
18:13:09  INFO        -------------------------  --------  ----  --------  --------  --------  ------------
18:13:09  INFO        JMD - C2-GTG 1                    2     Y     80.00    110.00    676.00      54080.00
18:13:09  INFO        JMD - C2-GTG 2                    1     Y     80.00    110.00    710.00      56800.00
18:13:09  INFO        JMD - C2-STG 1                    1     Y      0.00     93.00    719.00          0.00
18:13:09  INFO        TOTAL MIN GENERATION                                                        110880.00
18:13:09  INFO      
18:13:09  INFO        ⚠ SURPLUS: MIN generation (110880.00 MWh) EXCEEDS demand (32174.70 MWh)
18:13:09  INFO          Surplus = 78705.30 MWh  (will be handled via export power in future)
18:13:09  INFO      
18:13:09  INFO        FINAL DISPATCH
18:13:09  INFO        Asset                      Priority   Dispatched MW  Dispatched MWh    Load %   Avg Load MW   Free Steam MT        Aux Norm   Aux Power MWh
18:13:09  INFO        -------------------------  --------  --------------  --------------  --------  ------------  --------------  --------------  --------------
18:13:09  INFO        JMD - C2-GTG 1                    2           80.00        54080.00    100.0%         80.00       106537.60        0.001350           73.01
18:13:09  INFO        JMD - C2-GTG 2                    1           80.00        56800.00     72.7%         80.00       111896.00        0.001350           76.68
18:13:09  INFO        JMD - C2-STG 1                    1            0.00            0.00      0.0%          0.00            0.00        0.007050            0.00
18:13:09  INFO        TOTAL                                                     110880.00                               218433.60                          149.69
18:13:09  INFO      
18:13:09  INFO        ✓ POWER SPINNING MARGIN OK: 153.00 MW reserved (required: 120.00 MW)
18:13:09  INFO        ==============================================================================
18:13:10  INFO        ==============================================================================
18:13:10  INFO        STEAM DISPATCH  (April 2026)
18:13:10  INFO        ==============================================================================
18:13:10  INFO        Grade      Process/Fixed MT  Letdown MT  Byproduct MT     Net Demand MT
18:13:10  INFO        ---------  ----------------  ----------  ------------  ----------------
18:13:10  INFO        LP                 58745.00    24079.54     -33264.00          25481.00
18:13:10  INFO        MP               -119328.00        0.00          0.00         -95248.46
18:13:10  INFO        HP                -21361.00        0.00          0.00         -21361.00
18:13:10  INFO        SHP               313878.00        0.00          0.00         313878.00
18:13:10  INFO      
18:13:10  INFO        Total Free Steam available: 0.00 MT
18:13:10  INFO      
18:13:10  INFO        FINAL SUPPLEMENTARY FIRING DISPATCH
18:13:10  INFO        Asset                      Priority   Man     Min TPH     Max TPH     Hours  Dispatched TPH   Dispatched MT    Load %
18:13:10  INFO        -------------------------  --------  ----  ----------  ----------  --------  --------------  --------------  --------
18:13:10  INFO        AUXBOIL7_SHP STEAM                1     Y       90.00      220.00    698.00           90.00        62820.00     40.9%
18:13:10  INFO        AUXBOIL8_SHP STEAM                1     Y       90.00      220.00    720.00           90.00        64800.00     40.9%
18:13:10  INFO        HRSG1_C2_SHP STEAM                2     Y      160.00      250.00    676.00          160.00       108160.00     64.0%
18:13:10  INFO        HRSG2_C2_SHP STEAM                1     Y      160.00      250.00    710.00          160.00       113600.00     64.0%
18:13:10  INFO        TOTAL SUPPLEMENTARY                                                                         349380.00          
18:13:10  INFO        TOTAL STEAM GENERATED                                                                       349380.00          
18:13:10  INFO        ✓ Steam demand fully met with surplus of 35502.00 MT
18:13:10  INFO        ==============================================================================
18:13:11  INFO        ==============================================================================
18:13:11  INFO        STEAM DISPATCH  (April 2026)
18:13:11  INFO        ==============================================================================
18:13:11  INFO        Grade      Process/Fixed MT  Letdown MT  Byproduct MT     Net Demand MT
18:13:11  INFO        ---------  ----------------  ----------  ------------  ----------------
18:13:11  INFO        LP                 58745.00    24079.54     -33264.00          25481.00
18:13:11  INFO        MP               -119328.00        0.00          0.00         -95248.46
18:13:11  INFO        HP                -21361.00        0.00          0.00         -21361.00
18:13:11  INFO        SHP               313878.00        0.00          0.00         313878.00
18:13:11  INFO      
18:13:11  INFO        Total Free Steam available: 0.00 MT
18:13:11  INFO      
18:13:11  INFO        FINAL SUPPLEMENTARY FIRING DISPATCH
18:13:11  INFO        Asset                      Priority   Man     Min TPH     Max TPH     Hours  Dispatched TPH   Dispatched MT    Load %
18:13:11  INFO        -------------------------  --------  ----  ----------  ----------  --------  --------------  --------------  --------
18:13:11  INFO        AUXBOIL7_SHP STEAM                1     Y       90.00      220.00    698.00           90.00        62820.00     40.9%
18:13:11  INFO        AUXBOIL8_SHP STEAM                1     Y       90.00      220.00    720.00           90.00        64800.00     40.9%
18:13:11  INFO        HRSG1_C2_SHP STEAM                2     Y      160.00      250.00    676.00          160.00       108160.00     64.0%
18:13:11  INFO        HRSG2_C2_SHP STEAM                1     Y      160.00      250.00    710.00          160.00       113600.00     64.0%
18:13:11  INFO        TOTAL SUPPLEMENTARY                                                                         349380.00          
18:13:11  INFO        TOTAL STEAM GENERATED                                                                       349380.00          
18:13:11  INFO        ✓ Steam demand fully met with surplus of 35502.00 MT
18:13:11  INFO        ==============================================================================
18:13:12  INFO        ==============================================================================
18:13:12  INFO        STEAM DISPATCH  (April 2026)
18:13:12  INFO        ==============================================================================
18:13:12  INFO        Grade      Process/Fixed MT  Letdown MT  Byproduct MT     Net Demand MT
18:13:12  INFO        ---------  ----------------  ----------  ------------  ----------------
18:13:12  INFO        LP                 58745.00    24079.54     -33264.00          25481.00
18:13:12  INFO        MP               -119328.00        0.00          0.00         -95248.46
18:13:12  INFO        HP                -21361.00        0.00          0.00         -21361.00
18:13:12  INFO        SHP               313878.00        0.00          0.00         313878.00
18:13:12  INFO      
18:13:12  INFO        Total Free Steam available: 0.00 MT
18:13:12  INFO      
18:13:12  INFO        FINAL SUPPLEMENTARY FIRING DISPATCH
18:13:12  INFO        Asset                      Priority   Man     Min TPH     Max TPH     Hours  Dispatched TPH   Dispatched MT    Load %
18:13:12  INFO        -------------------------  --------  ----  ----------  ----------  --------  --------------  --------------  --------
18:13:12  INFO        AUXBOIL7_SHP STEAM                1     Y       90.00      220.00    698.00           90.00        62820.00     40.9%
18:13:12  INFO        AUXBOIL8_SHP STEAM                1     Y       90.00      220.00    720.00           90.00        64800.00     40.9%
18:13:12  INFO        HRSG1_C2_SHP STEAM                2     Y      160.00      250.00    676.00          160.00       108160.00     64.0%
18:13:12  INFO        HRSG2_C2_SHP STEAM                1     Y      160.00      250.00    710.00          160.00       113600.00     64.0%
18:13:12  INFO        TOTAL SUPPLEMENTARY                                                                         349380.00          
18:13:12  INFO        TOTAL STEAM GENERATED                                                                       349380.00          
18:13:12  INFO        ✓ Steam demand fully met with surplus of 35502.00 MT
18:13:12  INFO        ==============================================================================
18:13:14  INFO      
18:13:14  INFO        POWER SPINNING MARGIN CONFIG
18:13:14  INFO        Most efficient asset: JMD - C2-GTG 2 (fixed_max = 120.00 MW)
18:13:14  INFO        Required margin: 120.00 MW
18:13:14  INFO        Asset                          Max MW     Eff Max     Reserve
18:13:14  INFO        -------------------------  ----------  ----------  ----------
18:13:14  INFO        JMD - C2-GTG 1                 110.00       80.00       30.00
18:13:14  INFO        JMD - C2-GTG 2                 110.00      110.00        0.00 (excluded)
18:13:14  INFO        JMD - C2-STG 1                  93.00        3.00       90.00
18:13:14  INFO        TOTAL RESERVED                                         120.00
18:13:14  INFO        → Margin of 120.00 MW successfully reserved
18:13:14  INFO      
18:13:14  INFO        ==============================================================================
18:13:14  INFO        POWER DISPATCH  (April 2026)
18:13:14  INFO        ==============================================================================
18:13:14  INFO        Demand:  Process = 32174.70 MWh  |  Fixed = 0.00 MWh  |  Total = 32174.70 MWh
18:13:14  INFO      
18:13:14  INFO        Step 1: Mandatory assets at MIN load, then optional if needed
18:13:14  INFO        Asset                      Priority   Man    Min MW    Max MW     Hours       Min MWh
18:13:14  INFO        -------------------------  --------  ----  --------  --------  --------  ------------
18:13:14  INFO        JMD - C2-GTG 1                    2     Y     80.00    110.00    676.00      54080.00
18:13:14  INFO        JMD - C2-GTG 2                    1     Y     80.00    110.00    710.00      56800.00
18:13:14  INFO        JMD - C2-STG 1                    1     Y      0.00     93.00    719.00          0.00
18:13:14  INFO        TOTAL MIN GENERATION                                                        110880.00
18:13:14  INFO      
18:13:14  INFO        ⚠ SURPLUS: MIN generation (110880.00 MWh) EXCEEDS demand (32174.70 MWh)
18:13:14  INFO          Surplus = 78705.30 MWh  (will be handled via export power in future)
18:13:14  INFO      
18:13:14  INFO        FINAL DISPATCH
18:13:14  INFO        Asset                      Priority   Dispatched MW  Dispatched MWh    Load %   Avg Load MW   Free Steam MT        Aux Norm   Aux Power MWh
18:13:14  INFO        -------------------------  --------  --------------  --------------  --------  ------------  --------------  --------------  --------------
18:13:14  INFO        JMD - C2-GTG 1                    2           80.00        54080.00    100.0%         80.00       106537.60        0.001350           73.01
18:13:14  INFO        JMD - C2-GTG 2                    1           80.00        56800.00     72.7%         80.00       111896.00        0.001350           76.68
18:13:14  INFO        JMD - C2-STG 1                    1            0.00            0.00      0.0%          0.00            0.00        0.007050            0.00
18:13:14  INFO        TOTAL                                                     110880.00                               218433.60                          149.69
18:13:14  INFO      
18:13:14  INFO        ✓ POWER SPINNING MARGIN OK: 153.00 MW reserved (required: 120.00 MW)
18:13:14  INFO        ==============================================================================
18:13:15  INFO        ==============================================================================
18:13:15  INFO        STEAM DISPATCH  (April 2026)
18:13:15  INFO        ==============================================================================
18:13:15  INFO        Grade      Process/Fixed MT  Letdown MT  Byproduct MT     Net Demand MT
18:13:15  INFO        ---------  ----------------  ----------  ------------  ----------------
18:13:15  INFO        LP                 58745.00    24079.54     -33264.00          25481.00
18:13:15  INFO        MP               -119328.00        0.00          0.00         -95248.46
18:13:15  INFO        HP                -21361.00        0.00          0.00         -21361.00
18:13:15  INFO        SHP               313878.00        0.00          0.00         313878.00
18:13:15  INFO      
18:13:15  INFO        Total Free Steam available: 0.00 MT
18:13:15  INFO      
18:13:15  INFO        FINAL SUPPLEMENTARY FIRING DISPATCH
18:13:15  INFO        Asset                      Priority   Man     Min TPH     Max TPH     Hours  Dispatched TPH   Dispatched MT    Load %
18:13:15  INFO        -------------------------  --------  ----  ----------  ----------  --------  --------------  --------------  --------
18:13:15  INFO        AUXBOIL7_SHP STEAM                1     Y       90.00      220.00    698.00           90.00        62820.00     40.9%
18:13:15  INFO        AUXBOIL8_SHP STEAM                1     Y       90.00      220.00    720.00           90.00        64800.00     40.9%
18:13:15  INFO        HRSG1_C2_SHP STEAM                2     Y      160.00      250.00    676.00          160.00       108160.00     64.0%
18:13:15  INFO        HRSG2_C2_SHP STEAM                1     Y      160.00      250.00    710.00          160.00       113600.00     64.0%
18:13:15  INFO        TOTAL SUPPLEMENTARY                                                                         349380.00          
18:13:15  INFO        TOTAL STEAM GENERATED                                                                       349380.00          
18:13:15  INFO        ✓ Steam demand fully met with surplus of 35502.00 MT
18:13:15  INFO        ==============================================================================
18:13:15  INFO      Dispatch Results
18:13:15  INFO      
18:13:15  INFO      HP_STEAM
18:13:15  INFO        Generation:         0.00 MT
18:13:15  INFO      
18:13:15  INFO      LP_STEAM
18:13:15  INFO        Generation:         0.00 MT
18:13:15  INFO      
18:13:15  INFO      MP_STEAM
18:13:15  INFO        Generation:         0.00 MT
18:13:15  INFO      
18:13:15  INFO      POWER
18:13:15  INFO        Generation:    110880.00 MWh
18:13:15  INFO      
18:13:15  INFO      SHP_STEAM
18:13:15  INFO        Generation:         0.00 MT
18:13:15  INFO      
18:13:15  INFO      Non-Dispatchable Generation
18:13:15  INFO      
18:13:15  INFO        dm_water                      : Demand    127787.00 → Generated    127787.00 M3
18:13:15  INFO        nitrogen                      : Demand   6387999.00 → Generated   6387999.00 NM3
18:13:15  INFO      
18:13:15  INFO      U4U Consumption Generated This Iteration
18:13:15  INFO      
18:13:15  INFO      DM_WATER (Generation:    127787.00 M3)
18:13:15  INFO        bfw                           :    127787.00 × 0.900000 =    115008.30 M3
18:13:15  INFO      
18:13:15  INFO      NITROGEN (Generation:   6387999.00 NM3)
18:13:15  INFO        condensate                    :   6387999.00 × 0.360000 =   2299679.64 
18:13:15  INFO        dm_water                      :   6387999.00 × 0.630000 =   4024439.37 M3
18:13:15  INFO        effluent                      :   6387999.00 × 0.005814 =     37139.83 M3
18:13:15  INFO        power                         :   6387999.00 × 0.001030 =      6579.64 MWh
18:13:15  INFO      
18:13:15  INFO      POWER (Generation:    110880.00 MWh)
18:13:15  INFO        bfw                           :    110880.00 × 0.631000 =     69965.28 M3
18:13:15  INFO        compresed air_asu             :    110880.00 × 0.125000 =     13860.00 
18:13:15  INFO        compressed air                :    110880.00 × 0.150000 =     16632.00 
18:13:15  INFO        condensate                    :    110880.00 × 1.460000 =    161884.80 
18:13:15  INFO        cooling water                 :    110880.00 × 210.900000 =  23384592.00 
18:13:15  INFO        dm_water                      :    110880.00 × 0.920000 =    102009.60 M3
18:13:15  INFO        effluent                      :    110880.00 × 3.200000 =    354816.00 M3
18:13:15  INFO        nitrogen                      :    110880.00 × 0.474260 =     52585.95 NM3
18:13:15  INFO        oxygen                        :    110880.00 × 374.610000 =  41536756.80 MT
18:13:15  INFO        power                         :    110880.00 × 0.362375 =     40180.14 MWh
18:13:15  INFO        shp_steam                     :    110880.00 × 0.285000 =     31600.80 MT
18:13:15  INFO      
18:13:15  INFO      Demand Updates
18:13:15  INFO      
18:13:15  INFO      
18:13:15  INFO      Convergence Status
18:13:15  INFO      
18:13:15  INFO        ✗ NOT CONVERGED: First iteration
18:13:15  INFO      
18:13:15  INFO      Per-Utility Convergence:
18:13:15  INFO        ✓ bfw                           : change=0.000000  tolerance=0.010000
18:13:15  INFO        ✓ compresed air_asu             : change=0.000000  tolerance=0.010000
18:13:15  INFO        ✓ compressed air                : change=0.000000  tolerance=0.010000
18:13:15  INFO        ✓ condensate                    : change=0.000000  tolerance=0.010000
18:13:15  INFO        ✓ cooling water                 : change=0.000000  tolerance=0.010000
18:13:15  INFO        ✓ dm_water                      : change=0.000000  tolerance=0.500000
18:13:15  INFO        ✓ effluent                      : change=0.000000  tolerance=0.010000
18:13:15  INFO        ✓ hp_steam                      : change=0.000000  tolerance=0.500000
18:13:15  INFO        ✓ lp_steam                      : change=0.000000  tolerance=0.500000
18:13:15  INFO        ✓ mp_steam                      : change=0.000000  tolerance=0.500000
18:13:15  INFO        ✓ nitrogen                      : change=0.000000  tolerance=1.000000
18:13:15  INFO        ✓ oxygen                        : change=0.000000  tolerance=0.010000
18:13:15  INFO        ✓ power                         : change=0.000000  tolerance=0.020000
18:13:15  INFO        ✓ shp_steam                     : change=0.000000  tolerance=0.500000
18:13:15  INFO        ✓ swro water                    : change=0.000000  tolerance=0.010000
18:13:15  INFO        ✓ utility water                 : change=0.000000  tolerance=0.010000
18:13:15  INFO      
18:13:15  INFO      ================================================================================
18:13:15  INFO      ITERATION 2
18:13:15  INFO      ================================================================================
18:13:15  INFO      
18:13:15  INFO      Current Utility Demands
18:13:15  INFO      
18:13:15  INFO        dm_water                      :    127787.00 M3
18:13:15  INFO        lp_steam                      :     58745.00 MT
18:13:15  INFO        nitrogen                      :   6387999.00 NM3
18:13:15  INFO        power                         :  32174700.28 MWh
18:13:15  INFO        shp_steam                     :    313878.00 MT
18:13:15  INFO      
18:13:16  INFO        ==============================================================================
18:13:16  INFO        STEAM DISPATCH  (April 2026)
18:13:16  INFO        ==============================================================================
18:13:16  INFO        Grade      Process/Fixed MT  Letdown MT  Byproduct MT     Net Demand MT
18:13:16  INFO        ---------  ----------------  ----------  ------------  ----------------
18:13:16  INFO        LP                 58745.00    24079.54     -33264.00          25481.00
18:13:16  INFO        MP               -119328.00        0.00          0.00         -95248.46
18:13:16  INFO        HP                -21361.00        0.00          0.00         -21361.00
18:13:16  INFO        SHP               313878.00        0.00          0.00         313878.00
18:13:16  INFO      
18:13:16  INFO        Total Free Steam available: 0.00 MT
18:13:16  INFO      
18:13:16  INFO        FINAL SUPPLEMENTARY FIRING DISPATCH
18:13:16  INFO        Asset                      Priority   Man     Min TPH     Max TPH     Hours  Dispatched TPH   Dispatched MT    Load %
18:13:16  INFO        -------------------------  --------  ----  ----------  ----------  --------  --------------  --------------  --------
18:13:16  INFO        AUXBOIL7_SHP STEAM                1     Y       90.00      220.00    698.00           90.00        62820.00     40.9%
18:13:16  INFO        AUXBOIL8_SHP STEAM                1     Y       90.00      220.00    720.00           90.00        64800.00     40.9%
18:13:16  INFO        HRSG1_C2_SHP STEAM                2     Y      160.00      250.00    676.00          160.00       108160.00     64.0%
18:13:16  INFO        HRSG2_C2_SHP STEAM                1     Y      160.00      250.00    710.00          160.00       113600.00     64.0%
18:13:16  INFO        TOTAL SUPPLEMENTARY                                                                         349380.00          
18:13:16  INFO        TOTAL STEAM GENERATED                                                                       349380.00          
18:13:16  INFO        ✓ Steam demand fully met with surplus of 35502.00 MT
18:13:16  INFO        ==============================================================================
18:13:17  INFO        ==============================================================================
18:13:17  INFO        STEAM DISPATCH  (April 2026)
18:13:17  INFO        ==============================================================================
18:13:17  INFO        Grade      Process/Fixed MT  Letdown MT  Byproduct MT     Net Demand MT
18:13:17  INFO        ---------  ----------------  ----------  ------------  ----------------
18:13:17  INFO        LP                 58745.00    24079.54     -33264.00          25481.00
18:13:17  INFO        MP               -119328.00        0.00          0.00         -95248.46
18:13:17  INFO        HP                -21361.00        0.00          0.00         -21361.00
18:13:17  INFO        SHP               313878.00        0.00          0.00         313878.00
18:13:17  INFO      
18:13:17  INFO        Total Free Steam available: 0.00 MT
18:13:17  INFO      
18:13:17  INFO        FINAL SUPPLEMENTARY FIRING DISPATCH
18:13:17  INFO        Asset                      Priority   Man     Min TPH     Max TPH     Hours  Dispatched TPH   Dispatched MT    Load %
18:13:17  INFO        -------------------------  --------  ----  ----------  ----------  --------  --------------  --------------  --------
18:13:17  INFO        AUXBOIL7_SHP STEAM                1     Y       90.00      220.00    698.00           90.00        62820.00     40.9%
18:13:17  INFO        AUXBOIL8_SHP STEAM                1     Y       90.00      220.00    720.00           90.00        64800.00     40.9%
18:13:17  INFO        HRSG1_C2_SHP STEAM                2     Y      160.00      250.00    676.00          160.00       108160.00     64.0%
18:13:17  INFO        HRSG2_C2_SHP STEAM                1     Y      160.00      250.00    710.00          160.00       113600.00     64.0%
18:13:17  INFO        TOTAL SUPPLEMENTARY                                                                         349380.00          
18:13:17  INFO        TOTAL STEAM GENERATED                                                                       349380.00          
18:13:17  INFO        ✓ Steam demand fully met with surplus of 35502.00 MT
18:13:17  INFO        ==============================================================================
18:13:19  INFO        ==============================================================================
18:13:19  INFO        STEAM DISPATCH  (April 2026)
18:13:19  INFO        ==============================================================================
18:13:19  INFO        Grade      Process/Fixed MT  Letdown MT  Byproduct MT     Net Demand MT
18:13:19  INFO        ---------  ----------------  ----------  ------------  ----------------
18:13:19  INFO        LP                 58745.00    24079.54     -33264.00          25481.00
18:13:19  INFO        MP               -119328.00        0.00          0.00         -95248.46
18:13:19  INFO        HP                -21361.00        0.00          0.00         -21361.00
18:13:19  INFO        SHP               313878.00        0.00          0.00         313878.00
18:13:19  INFO      
18:13:19  INFO        Total Free Steam available: 0.00 MT
18:13:19  INFO      
18:13:19  INFO        FINAL SUPPLEMENTARY FIRING DISPATCH
18:13:19  INFO        Asset                      Priority   Man     Min TPH     Max TPH     Hours  Dispatched TPH   Dispatched MT    Load %
18:13:19  INFO        -------------------------  --------  ----  ----------  ----------  --------  --------------  --------------  --------
18:13:19  INFO        AUXBOIL7_SHP STEAM                1     Y       90.00      220.00    698.00           90.00        62820.00     40.9%
18:13:19  INFO        AUXBOIL8_SHP STEAM                1     Y       90.00      220.00    720.00           90.00        64800.00     40.9%
18:13:19  INFO        HRSG1_C2_SHP STEAM                2     Y      160.00      250.00    676.00          160.00       108160.00     64.0%
18:13:19  INFO        HRSG2_C2_SHP STEAM                1     Y      160.00      250.00    710.00          160.00       113600.00     64.0%
18:13:19  INFO        TOTAL SUPPLEMENTARY                                                                         349380.00          
18:13:19  INFO        TOTAL STEAM GENERATED                                                                       349380.00          
18:13:19  INFO        ✓ Steam demand fully met with surplus of 35502.00 MT
18:13:19  INFO        ==============================================================================
18:13:21  INFO      
18:13:21  INFO        POWER SPINNING MARGIN CONFIG
18:13:21  INFO        Most efficient asset: JMD - C2-GTG 2 (fixed_max = 120.00 MW)
18:13:21  INFO        Required margin: 120.00 MW
18:13:21  INFO        Asset                          Max MW     Eff Max     Reserve
18:13:21  INFO        -------------------------  ----------  ----------  ----------
18:13:21  INFO        JMD - C2-GTG 1                 110.00       80.00       30.00
18:13:21  INFO        JMD - C2-GTG 2                 110.00      110.00        0.00 (excluded)
18:13:21  INFO        JMD - C2-STG 1                  93.00        3.00       90.00
18:13:21  INFO        TOTAL RESERVED                                         120.00
18:13:21  INFO        → Margin of 120.00 MW successfully reserved
18:13:21  INFO      
18:13:21  INFO        ==============================================================================
18:13:21  INFO        POWER DISPATCH  (April 2026)
18:13:21  INFO        ==============================================================================
18:13:21  INFO        Demand:  Process = 32174.70 MWh  |  Fixed = 0.00 MWh  |  Total = 32174.70 MWh
18:13:21  INFO      
18:13:21  INFO        Step 1: Mandatory assets at MIN load, then optional if needed
18:13:21  INFO        Asset                      Priority   Man    Min MW    Max MW     Hours       Min MWh
18:13:21  INFO        -------------------------  --------  ----  --------  --------  --------  ------------
18:13:21  INFO        JMD - C2-GTG 1                    2     Y     80.00    110.00    676.00      54080.00
18:13:21  INFO        JMD - C2-GTG 2                    1     Y     80.00    110.00    710.00      56800.00
18:13:21  INFO        JMD - C2-STG 1                    1     Y      0.00     93.00    719.00          0.00
18:13:21  INFO        TOTAL MIN GENERATION                                                        110880.00
18:13:21  INFO      
18:13:21  INFO        ⚠ SURPLUS: MIN generation (110880.00 MWh) EXCEEDS demand (32174.70 MWh)
18:13:21  INFO          Surplus = 78705.30 MWh  (will be handled via export power in future)
18:13:21  INFO      
18:13:21  INFO        FINAL DISPATCH
18:13:21  INFO        Asset                      Priority   Dispatched MW  Dispatched MWh    Load %   Avg Load MW   Free Steam MT        Aux Norm   Aux Power MWh
18:13:21  INFO        -------------------------  --------  --------------  --------------  --------  ------------  --------------  --------------  --------------
18:13:21  INFO        JMD - C2-GTG 1                    2           80.00        54080.00    100.0%         80.00       106537.60        0.001350           73.01
18:13:21  INFO        JMD - C2-GTG 2                    1           80.00        56800.00     72.7%         80.00       111896.00        0.001350           76.68
18:13:21  INFO        JMD - C2-STG 1                    1            0.00            0.00      0.0%          0.00            0.00        0.007050            0.00
18:13:21  INFO        TOTAL                                                     110880.00                               218433.60                          149.69
18:13:21  INFO      
18:13:21  INFO        ✓ POWER SPINNING MARGIN OK: 153.00 MW reserved (required: 120.00 MW)
18:13:21  INFO        ==============================================================================
18:13:22  INFO        ==============================================================================
18:13:22  INFO        STEAM DISPATCH  (April 2026)
18:13:22  INFO        ==============================================================================
18:13:22  INFO        Grade      Process/Fixed MT  Letdown MT  Byproduct MT     Net Demand MT
18:13:22  INFO        ---------  ----------------  ----------  ------------  ----------------
18:13:22  INFO        LP                 58745.00    24079.54     -33264.00          25481.00
18:13:22  INFO        MP               -119328.00        0.00          0.00         -95248.46
18:13:22  INFO        HP                -21361.00        0.00          0.00         -21361.00
18:13:22  INFO        SHP               313878.00        0.00          0.00         313878.00
18:13:22  INFO      
18:13:22  INFO        Total Free Steam available: 0.00 MT
18:13:22  INFO      
18:13:22  INFO        FINAL SUPPLEMENTARY FIRING DISPATCH
18:13:22  INFO        Asset                      Priority   Man     Min TPH     Max TPH     Hours  Dispatched TPH   Dispatched MT    Load %
18:13:22  INFO        -------------------------  --------  ----  ----------  ----------  --------  --------------  --------------  --------
18:13:22  INFO        AUXBOIL7_SHP STEAM                1     Y       90.00      220.00    698.00           90.00        62820.00     40.9%
18:13:22  INFO        AUXBOIL8_SHP STEAM                1     Y       90.00      220.00    720.00           90.00        64800.00     40.9%
18:13:22  INFO        HRSG1_C2_SHP STEAM                2     Y      160.00      250.00    676.00          160.00       108160.00     64.0%
18:13:22  INFO        HRSG2_C2_SHP STEAM                1     Y      160.00      250.00    710.00          160.00       113600.00     64.0%
18:13:22  INFO        TOTAL SUPPLEMENTARY                                                                         349380.00          
18:13:22  INFO        TOTAL STEAM GENERATED                                                                       349380.00          
18:13:22  INFO        ✓ Steam demand fully met with surplus of 35502.00 MT
18:13:22  INFO        ==============================================================================
18:13:22  INFO      Dispatch Results
18:13:22  INFO      
18:13:22  INFO      HP_STEAM
18:13:22  INFO        Generation:         0.00 MT
18:13:22  INFO      
18:13:22  INFO      LP_STEAM
18:13:22  INFO        Generation:         0.00 MT
18:13:22  INFO      
18:13:22  INFO      MP_STEAM
18:13:22  INFO        Generation:         0.00 MT
18:13:22  INFO      
18:13:22  INFO      POWER
18:13:22  INFO        Generation:    110880.00 MWh
18:13:22  INFO      
18:13:22  INFO      SHP_STEAM
18:13:22  INFO        Generation:         0.00 MT
18:13:22  INFO      
18:13:22  INFO      Non-Dispatchable Generation
18:13:22  INFO      
18:13:22  INFO        dm_water                      : Demand    127787.00 → Generated    127787.00 M3
18:13:22  INFO        nitrogen                      : Demand   6387999.00 → Generated   6387999.00 NM3
18:13:22  INFO      
18:13:22  INFO      U4U Consumption Generated This Iteration
18:13:22  INFO      
18:13:22  INFO      DM_WATER (Generation:    127787.00 M3)
18:13:22  INFO        bfw                           :    127787.00 × 0.900000 =    115008.30 M3
18:13:22  INFO      
18:13:22  INFO      NITROGEN (Generation:   6387999.00 NM3)
18:13:22  INFO        condensate                    :   6387999.00 × 0.360000 =   2299679.64 
18:13:22  INFO        dm_water                      :   6387999.00 × 0.630000 =   4024439.37 M3
18:13:22  INFO        effluent                      :   6387999.00 × 0.005814 =     37139.83 M3
18:13:22  INFO        power                         :   6387999.00 × 0.001030 =      6579.64 MWh
18:13:22  INFO      
18:13:22  INFO      POWER (Generation:    110880.00 MWh)
18:13:22  INFO        bfw                           :    110880.00 × 0.631000 =     69965.28 M3
18:13:22  INFO        compresed air_asu             :    110880.00 × 0.125000 =     13860.00 
18:13:22  INFO        compressed air                :    110880.00 × 0.150000 =     16632.00 
18:13:22  INFO        condensate                    :    110880.00 × 1.460000 =    161884.80 
18:13:22  INFO        cooling water                 :    110880.00 × 210.900000 =  23384592.00 
18:13:22  INFO        dm_water                      :    110880.00 × 0.920000 =    102009.60 M3
18:13:22  INFO        effluent                      :    110880.00 × 3.200000 =    354816.00 M3
18:13:22  INFO        nitrogen                      :    110880.00 × 0.474260 =     52585.95 NM3
18:13:22  INFO        oxygen                        :    110880.00 × 374.610000 =  41536756.80 MT
18:13:22  INFO        power                         :    110880.00 × 0.362375 =     40180.14 MWh
18:13:22  INFO        shp_steam                     :    110880.00 × 0.285000 =     31600.80 MT
18:13:22  INFO      
18:13:22  INFO      Demand Updates
18:13:22  INFO      
18:13:22  INFO      
18:13:22  INFO      Convergence Status
18:13:22  INFO      
18:13:22  INFO        ✓ CONVERGED: All utilities converged
18:13:22  INFO      
18:13:22  INFO      Per-Utility Convergence:
18:13:22  INFO        ✓ bfw                           : change=0.000000  tolerance=0.010000
18:13:22  INFO        ✓ compresed air_asu             : change=0.000000  tolerance=0.010000
18:13:22  INFO        ✓ compressed air                : change=0.000000  tolerance=0.010000
18:13:22  INFO        ✓ condensate                    : change=0.000000  tolerance=0.010000
18:13:22  INFO        ✓ cooling water                 : change=0.000000  tolerance=0.010000
18:13:22  INFO        ✓ dm_water                      : change=0.000000  tolerance=0.500000
18:13:22  INFO        ✓ effluent                      : change=0.000000  tolerance=0.010000
18:13:22  INFO        ✓ hp_steam                      : change=0.000000  tolerance=0.500000
18:13:22  INFO        ✓ lp_steam                      : change=0.000000  tolerance=0.500000
18:13:22  INFO        ✓ mp_steam                      : change=0.000000  tolerance=0.500000
18:13:22  INFO        ✓ nitrogen                      : change=0.000000  tolerance=1.000000
18:13:22  INFO        ✓ oxygen                        : change=0.000000  tolerance=0.010000
18:13:22  INFO        ✓ power                         : change=0.000000  tolerance=0.020000
18:13:22  INFO        ✓ shp_steam                     : change=0.000000  tolerance=0.500000
18:13:22  INFO        ✓ swro water                    : change=0.000000  tolerance=0.010000
18:13:22  INFO        ✓ utility water                 : change=0.000000  tolerance=0.010000
18:13:22  INFO      
18:13:22  INFO      
18:13:22  INFO      ================================================================================
18:13:22  INFO      CONVERGENCE ACHIEVED
18:13:22  INFO      Iterations: 2  |  Reason: All utilities converged
18:13:22  INFO      ================================================================================
18:13:22  INFO      
18:13:22  INFO      
18:13:22  INFO      ====================================================================================================
18:13:22  INFO      FINAL BALANCE REPORT (ODS-Style)
18:13:22  INFO      ====================================================================================================
18:13:22  INFO      
18:13:22  INFO      ----------------------------------------------------------------------------------------------------
18:13:22  INFO      POWER BALANCE
18:13:22  INFO      ----------------------------------------------------------------------------------------------------
18:13:22  INFO      
18:13:22  INFO      DEMAND SIDE:
18:13:22  INFO        power                                   :     32174700.28 MWh
18:13:22  INFO        ------------------------------------------------------------
18:13:22  INFO        TOTAL DEMAND                            :     32174700.28
18:13:22  INFO      
18:13:22  INFO      SUPPLY SIDE:
18:13:22  INFO        power                                   :       110880.00 MWh
18:13:22  INFO        ------------------------------------------------------------
18:13:22  INFO        TOTAL SUPPLY                            :       110880.00
18:13:22  INFO      
18:13:22  INFO      BALANCE:
18:13:22  INFO        NET BALANCE                             :    -32063820.28 (DEFICIT)
18:13:22  INFO      
18:13:22  INFO      ----------------------------------------------------------------------------------------------------
18:13:22  INFO      SHP STEAM BALANCE
18:13:22  INFO      ----------------------------------------------------------------------------------------------------
18:13:22  INFO      
18:13:22  INFO      DEMAND SIDE:
18:13:22  INFO        shp_steam                               :       313878.00 MT
18:13:22  INFO        ------------------------------------------------------------
18:13:22  INFO        TOTAL DEMAND                            :       313878.00
18:13:22  INFO      
18:13:22  INFO      SUPPLY SIDE:
18:13:22  INFO        shp_steam                               :            0.00 MT
18:13:22  INFO        ------------------------------------------------------------
18:13:22  INFO        TOTAL SUPPLY                            :            0.00
18:13:22  INFO      
18:13:22  INFO      BALANCE:
18:13:22  INFO        NET BALANCE                             :      -313878.00 (DEFICIT)
18:13:22  INFO      
18:13:22  INFO      ----------------------------------------------------------------------------------------------------
18:13:22  INFO      MP STEAM BALANCE
18:13:22  INFO      ----------------------------------------------------------------------------------------------------
18:13:22  INFO      
18:13:22  INFO      DEMAND SIDE:
18:13:22  INFO        mp_steam                                :      -119328.00 MT
18:13:22  INFO        ------------------------------------------------------------
18:13:22  INFO        TOTAL DEMAND                            :            0.00
18:13:22  INFO      
18:13:22  INFO      SUPPLY SIDE:
18:13:22  INFO        mp_steam                                :            0.00 MT
18:13:22  INFO        ------------------------------------------------------------
18:13:22  INFO        TOTAL SUPPLY                            :            0.00
18:13:22  INFO      
18:13:22  INFO      BALANCE:
18:13:22  INFO        NET BALANCE                             :            0.00 (BALANCED)
18:13:22  INFO      
18:13:22  INFO      ----------------------------------------------------------------------------------------------------
18:13:22  INFO      HP STEAM BALANCE
18:13:22  INFO      ----------------------------------------------------------------------------------------------------
18:13:22  INFO      
18:13:22  INFO      DEMAND SIDE:
18:13:22  INFO        hp_steam                                :       -21361.00 MT
18:13:22  INFO        ------------------------------------------------------------
18:13:22  INFO        TOTAL DEMAND                            :            0.00
18:13:22  INFO      
18:13:22  INFO      SUPPLY SIDE:
18:13:22  INFO        hp_steam                                :            0.00 MT
18:13:22  INFO        ------------------------------------------------------------
18:13:22  INFO        TOTAL SUPPLY                            :            0.00
18:13:22  INFO      
18:13:22  INFO      BALANCE:
18:13:22  INFO        NET BALANCE                             :            0.00 (BALANCED)
18:13:22  INFO      
18:13:22  INFO      ----------------------------------------------------------------------------------------------------
18:13:22  INFO      LP STEAM BALANCE
18:13:22  INFO      ----------------------------------------------------------------------------------------------------
18:13:22  INFO      
18:13:22  INFO      DEMAND SIDE:
18:13:22  INFO        lp_steam                                :        58745.00 MT
18:13:22  INFO        ------------------------------------------------------------
18:13:22  INFO        TOTAL DEMAND                            :        58745.00
18:13:22  INFO      
18:13:22  INFO      SUPPLY SIDE:
18:13:22  INFO        lp_steam                                :            0.00 MT
18:13:22  INFO        ------------------------------------------------------------
18:13:22  INFO        TOTAL SUPPLY                            :            0.00
18:13:22  INFO      
18:13:22  INFO      BALANCE:
18:13:22  INFO        NET BALANCE                             :       -58745.00 (DEFICIT)
18:13:22  INFO      
18:13:22  INFO      ----------------------------------------------------------------------------------------------------
18:13:22  INFO      WATER BALANCE
18:13:22  INFO      ----------------------------------------------------------------------------------------------------
18:13:22  INFO      
18:13:22  INFO      DEMAND SIDE:
18:13:22  INFO        bfw                                     :            0.00 M3
18:13:22  INFO        dm_water                                :       127787.00 M3
18:13:22  INFO        ------------------------------------------------------------
18:13:22  INFO        TOTAL DEMAND                            :       127787.00
18:13:22  INFO      
18:13:22  INFO      SUPPLY SIDE:
18:13:22  INFO        bfw                                     :            0.00 M3
18:13:22  INFO        dm_water                                :       127787.00 M3
18:13:22  INFO        ------------------------------------------------------------
18:13:22  INFO        TOTAL SUPPLY                            :       127787.00
18:13:22  INFO      
18:13:22  INFO      BALANCE:
18:13:22  INFO        NET BALANCE                             :            0.00 (BALANCED)
18:13:22  INFO      
18:13:22  INFO      ----------------------------------------------------------------------------------------------------
18:13:22  INFO      AIR BALANCE
18:13:22  INFO      ----------------------------------------------------------------------------------------------------
18:13:22  INFO      
18:13:22  INFO      DEMAND SIDE:
18:13:22  INFO        nitrogen                                :      6387999.00 NM3
18:13:22  INFO        ------------------------------------------------------------
18:13:22  INFO        TOTAL DEMAND                            :      6387999.00
18:13:22  INFO      
18:13:22  INFO      SUPPLY SIDE:
18:13:22  INFO        nitrogen                                :      6387999.00 NM3
18:13:22  INFO        ------------------------------------------------------------
18:13:22  INFO        TOTAL SUPPLY                            :      6387999.00
18:13:22  INFO      
18:13:22  INFO      BALANCE:
18:13:22  INFO        NET BALANCE                             :            0.00 (BALANCED)
18:13:22  INFO      
18:13:22  INFO      ----------------------------------------------------------------------------------------------------
18:13:22  INFO      OTHER BALANCE
18:13:22  INFO      ----------------------------------------------------------------------------------------------------
18:13:22  INFO      
18:13:22  INFO      DEMAND SIDE:
18:13:22  INFO        effluent                                :            0.00 M3
18:13:22  INFO        oxygen                                  :            0.00 MT
18:13:22  INFO        condensate                              :            0.00 
18:13:22  INFO        ------------------------------------------------------------
18:13:22  INFO        TOTAL DEMAND                            :            0.00
18:13:22  INFO      
18:13:22  INFO      SUPPLY SIDE:
18:13:22  INFO        effluent                                :            0.00 M3
18:13:22  INFO        oxygen                                  :            0.00 MT
18:13:22  INFO        condensate                              :            0.00 
18:13:22  INFO        ------------------------------------------------------------
18:13:22  INFO        TOTAL SUPPLY                            :            0.00
18:13:22  INFO      
18:13:22  INFO      BALANCE:
18:13:22  INFO        NET BALANCE                             :            0.00 (BALANCED)
18:13:22  INFO      
18:13:22  INFO      ====================================================================================================
18:13:22  INFO      
18:13:22  INFO      
18:13:22  INFO      ======================================================================================================================================================
18:13:22  INFO      DETAILED U4U CONSUMPTION TABLE (Excel Format)
18:13:22  INFO      ======================================================================================================================================================
18:13:22  INFO      
18:13:22  INFO      ======================================================================================================================================================
18:13:22  INFO      
18:13:22  INFO      
18:13:22  INFO      ================================================================================
18:13:22  INFO      BALANCED UTILITY DISPATCH v3 — COMPLETE
18:13:22  INFO      Converged: True  |  Iterations: 2
18:13:22  INFO      ================================================================================
18:13:22  INFO      
18:13:23  INFO      
18:13:23  INFO        POWER SPINNING MARGIN CONFIG
18:13:23  INFO        Most efficient asset: JMD - C2-GTG 2 (fixed_max = 120.00 MW)
18:13:23  INFO        Required margin: 120.00 MW
18:13:23  INFO        Asset                          Max MW     Eff Max     Reserve
18:13:23  INFO        -------------------------  ----------  ----------  ----------
18:13:23  INFO        JMD - C2-GTG 1                 110.00       80.00       30.00
18:13:23  INFO        JMD - C2-GTG 2                 110.00      110.00        0.00 (excluded)
18:13:23  INFO        JMD - C2-STG 1                  93.00        3.00       90.00
18:13:23  INFO        TOTAL RESERVED                                         120.00
18:13:23  INFO        → Margin of 120.00 MW successfully reserved
18:13:23  INFO      
18:13:23  INFO        ==============================================================================
18:13:23  INFO        POWER DISPATCH  (April 2026)
18:13:23  INFO        ==============================================================================
18:13:23  INFO        Demand:  Process = 11813.08 MWh  |  Fixed = 20341.28 MWh  |  Total = 32154.36 MWh
18:13:23  INFO      
18:13:23  INFO        Step 1: Mandatory assets at MIN load, then optional if needed
18:13:23  INFO        Asset                      Priority   Man    Min MW    Max MW     Hours       Min MWh
18:13:23  INFO        -------------------------  --------  ----  --------  --------  --------  ------------
18:13:23  INFO        JMD - C2-GTG 1                    2     Y     80.00    110.00    676.00      54080.00
18:13:23  INFO        JMD - C2-GTG 2                    1     Y     80.00    110.00    710.00      56800.00
18:13:23  INFO        JMD - C2-STG 1                    1     Y      0.00     93.00    719.00          0.00
18:13:23  INFO        TOTAL MIN GENERATION                                                        110880.00
18:13:23  INFO      
18:13:23  INFO        ⚠ SURPLUS: MIN generation (110880.00 MWh) EXCEEDS demand (32154.36 MWh)
18:13:23  INFO          Surplus = 78725.64 MWh  (will be handled via export power in future)
18:13:23  INFO      
18:13:23  INFO        FINAL DISPATCH
18:13:23  INFO        Asset                      Priority   Dispatched MW  Dispatched MWh    Load %   Avg Load MW   Free Steam MT        Aux Norm   Aux Power MWh
18:13:23  INFO        -------------------------  --------  --------------  --------------  --------  ------------  --------------  --------------  --------------
18:13:23  INFO        JMD - C2-GTG 1                    2           80.00        54080.00    100.0%         80.00       106537.60        0.001350           73.01
18:13:23  INFO        JMD - C2-GTG 2                    1           80.00        56800.00     72.7%         80.00       111896.00        0.001350           76.68
18:13:23  INFO        JMD - C2-STG 1                    1            0.00            0.00      0.0%          0.00            0.00        0.007050            0.00
18:13:23  INFO        TOTAL                                                     110880.00                               218433.60                          149.69
18:13:23  INFO      
18:13:23  INFO        ✓ POWER SPINNING MARGIN OK: 153.00 MW reserved (required: 120.00 MW)
18:13:23  INFO        ==============================================================================
18:13:24  INFO        ==============================================================================
18:13:24  INFO        STEAM DISPATCH  (April 2026)
18:13:24  INFO        ==============================================================================
18:13:24  INFO        Grade      Process/Fixed MT  Letdown MT  Byproduct MT     Net Demand MT
18:13:24  INFO        ---------  ----------------  ----------  ------------  ----------------
18:13:24  INFO        LP                 58745.00    24079.54     -33264.00          25481.00
18:13:24  INFO        MP               -119328.00        0.00          0.00         -95248.46
18:13:24  INFO        HP                -21361.00        0.00          0.00         -21361.00
18:13:24  INFO        SHP               313878.00        0.00          0.00         313878.00
18:13:24  INFO      
18:13:24  INFO        Total Free Steam available: 218433.60 MT
18:13:24  INFO      
18:13:24  INFO        FINAL SUPPLEMENTARY FIRING DISPATCH
18:13:24  INFO        Asset                      Priority   Man     Min TPH     Max TPH     Hours  Dispatched TPH   Dispatched MT    Load %
18:13:24  INFO        -------------------------  --------  ----  ----------  ----------  --------  --------------  --------------  --------
18:13:24  INFO        AUXBOIL7_SHP STEAM                1     Y       90.00      220.00    698.00           90.00        62820.00     40.9%
18:13:24  INFO        AUXBOIL8_SHP STEAM                1     Y       90.00      220.00    720.00           90.00        64800.00     40.9%
18:13:24  INFO        HRSG1_C2_SHP STEAM                2     Y      160.00      250.00    676.00          160.00       108160.00     64.0%
18:13:24  INFO        HRSG2_C2_SHP STEAM                1     Y      160.00      250.00    710.00          160.00       113600.00     64.0%
18:13:24  INFO        TOTAL SUPPLEMENTARY                                                                         349380.00          
18:13:24  INFO        TOTAL STEAM GENERATED                                                                       567813.60          
18:13:24  INFO        ✓ Steam demand fully met with surplus of 253935.60 MT
18:13:24  INFO        ==============================================================================
18:13:24  INFO        [CALC] Done  4/2026  (22.6s)  assets=3  norms=0
