JMD Plant Run Log
Plant:     C2 CPP
Period:    4/2026
Generated: 2026-07-02 16:21:09
================================================================================


======================================================================
  NEW SCHEMA ASSET SNAPSHOT  (April 2026)
======================================================================
  Plant:    C2-CPP
  AOP Year: 2026-27

  POWER ASSETS
  Asset                      Type           Hours    Min MW    Max MW     Gen MWh   Prio
  -------------------------  ----------  --------  --------  --------  ----------  -----
  JMD - C2-GTG 1             GT            720.00    104.00    105.00    75600.00      1
  JMD - C2-GTG 2             GT            720.00     64.00     67.00    48240.00      1
  JMD - C2-STG 1             STG             0.00      0.00     93.00        0.00      1
  TOTAL                                                                 123840.00       

  STEAM ASSETS
  Asset                      Type        SteamType      Hours   Min TPH   Max TPH      Gen MT   Prio
  -------------------------  ----------  ----------  --------  --------  --------  ----------  -----
  AUXBOIL7_SHP STEAM         AUXBOILER   SHP Steam_Dis    698.00     50.00    220.00   153560.00      1
  AUXBOIL8_SHP STEAM         AUXBOILER   SHP Steam_Dis      0.00     90.00    220.00        0.00      1
  HP Steam PRDS              PRDS        HP Steam_Dis    720.00      0.00    568.00   408960.00      1
  HRSG1_C2_LP STEAM          HRSG        LP Steam_Dis    720.00     32.00     42.00    30240.00      1
  HRSG1_C2_SHP STEAM         HRSG        SHP Steam_Dis    720.00     50.00    250.00   180000.00      1
  HRSG2_C2_LP STEAM          HRSG        LP Steam_Dis    720.00     32.00     42.00    30240.00      1
  HRSG2_C2_SHP STEAM         HRSG        SHP Steam_Dis    720.00     50.00    250.00   180000.00      1
  LP Steam PRDS              PRDS        LP Steam_Dis    720.00      0.00     68.00    48960.00      1
  MP Steam PRDS SHP          PRDS        MP Steam_Dis    720.00      0.00    498.00   358560.00      1
  TOTAL                                                                            1390520.00       

  MONTHLY GENERATION SUMMARY
  Category                  Generation  Unit    
  --------------------  --------------  --------
  Power                     123,840.00  MWh
  Steam                   1,390,520.00  MT
16:20:47  INFO        [CALC] C2 CPP  4/2026  (2026-27)
16:20:47  INFO        [DEMAND] ==================================================
16:20:47  INFO        [DEMAND] Utility-wise demand rollup  (4/2026)
16:20:47  INFO        [DEMAND] Utility                            Process         Fixed         Total
16:20:47  INFO        [DEMAND] ----------------------------  ------------  ------------  ------------
16:20:47  INFO        [DEMAND] COMPRESSED AIR                 11292305.00    1327713.00   12620018.00
16:20:47  INFO        [DEMAND] Cooling Water                     89343.00      10872.00     100215.00
16:20:47  INFO        [DEMAND] D M Water                        129256.00      55713.00     184969.00
16:20:47  INFO        [DEMAND] Effluent Treated                  75601.00     131760.00     207361.00
16:20:47  INFO        [DEMAND] HP Steam_Dis                     -12252.00        238.00     -12014.00
16:20:47  INFO        [DEMAND] LP Steam_Dis                      18336.00       4745.00      23081.00
16:20:47  INFO        [DEMAND] MP Steam_Dis                       4617.00       7925.00      12542.00
16:20:47  INFO        [DEMAND] NITROGEN_ASU                   10794261.00    1952800.00   12747061.00
16:20:47  INFO        [DEMAND] Oxygen                            38907.00          0.00      38907.00
16:20:47  INFO        [DEMAND] PROCESS FEED WATER                31711.00          0.00      31711.00
16:20:47  INFO        [DEMAND] Power_Dis                         62526.31      20341.28      82867.59
16:20:47  INFO        [DEMAND] Ret steam condensate            -154158.00       1512.00    -152646.00
16:20:47  INFO        [DEMAND] SHP Steam_Dis                    265383.00      94290.00     359673.00
16:20:47  INFO        [DEMAND] SWRO WATER                            0.00      87646.00      87646.00
16:20:47  INFO        [DEMAND] Utility Water                      5163.00    1523650.00    1528813.00
16:20:47  INFO        [DEMAND] ==================================================
16:20:50  INFO        [DC] ==================================================
16:20:50  INFO        [DC] Power Demand vs Capacity Check:
16:20:50  INFO        [DC] Demand: 0.00 MWh, Available Capacity: 123840.00 MWh
16:20:50  INFO        [DC] -> Power demand CAN be achieved with available assets.
16:20:50  INFO        [DC] Steam (SHP) Demand vs Capacity Check:
16:20:50  INFO        [DC] Demand: 0.00 MT, Available Capacity: 1553760.00 MT
16:20:50  INFO        [DC] -> Steam demand CAN be achieved with available assets.
16:20:50  INFO        [DC] ==================================================
16:20:51  INFO        [ODS] Loaded C2_JMD.ods (187 rows, 83 cols) — month 4/2026 at col 11
16:20:51  INFO        [ODS] ===== NORMS SUMMARY (C2_JMD.ods 4/2026) =====
16:20:51  INFO        [ODS] Powergen aux power norms:
16:20:51  INFO        [ODS]   JMD - C2-GTG 1             aux_norm=0.001350
16:20:51  INFO        [ODS]   JMD - C2-GTG 2             aux_norm=0.001350
16:20:51  INFO        [ODS]   JMD - C2-STG 1             aux_norm=0.007050
16:20:51  INFO        [ODS] Steam letdown norms (PRDS cascade):
16:20:51  INFO        [ODS]   LP→MP: 0.9450  (1 MT LP needs this much MP)
16:20:51  INFO        [ODS]   MP→HP: 0.9000  (1 MT MP needs this much HP)
16:20:51  INFO        [ODS]   HP→SHP: 0.9360 (1 MT HP needs this much SHP)
16:20:51  INFO        [ODS] HRSG byproduct (LP steam credit):
16:20:51  INFO        [ODS]   HRSG1_C2_SHP STEAM         byproduct_norm=-0.1500 MT LP / MT SHP
16:20:51  INFO        [ODS]   HRSG2_C2_SHP STEAM         byproduct_norm=-0.1500 MT LP / MT SHP
16:20:51  INFO        [ODS] STG steam consumption:
16:20:51  INFO        [ODS]   JMD - C2-STG 1             shp_norm=0.003640 MT/KWH
16:20:51  INFO        [ODS] Steam distribution factors:
16:20:51  INFO        [ODS]   HP Steam_Dis → HP Steam PRDS: 1.0000
16:20:51  INFO        [ODS]   LP Steam_Dis → HRSG1_C2_LP STEAM: 0.3873, HRSG2_C2_LP STEAM: 0.2453, LP Steam PRDS: 0.3675
16:20:51  INFO        [ODS]   MP Steam_Dis → MP Steam PRDS SHP: 1.0000
16:20:51  INFO        [ODS]   SHP Steam_Dis → AUXBOIL7_SHP STEAM: 0.2267, HRSG1_C2_SHP STEAM: 0.4735, HRSG2_C2_SHP STEAM: 0.2999
16:20:51  INFO      
16:20:51  INFO        [ODS] ╔══════════════════════════════════════════════════════════════════╗
16:20:51  INFO        [ODS] ║  CONSUMPTION NORMS — Who consumes what to produce what          ║
16:20:51  INFO        [ODS] ║  (Each block = one producer. Shows what it needs to make 1 unit)║
16:20:51  INFO        [ODS] ╚══════════════════════════════════════════════════════════════════╝
16:20:51  INFO        [ODS]
16:20:51  INFO        [ODS]  Think of it like a recipe card:
16:20:51  INFO        [ODS]  - The PRODUCER is what the plant makes (like a cake)
16:20:51  INFO        [ODS]  - The INGREDIENTS are what it needs to make it (flour, eggs, etc.)
16:20:51  INFO        [ODS]  - The NORM is how much of each ingredient is needed for 1 unit of output
16:20:51  INFO        [ODS]  - A negative norm means it's a BYPRODUCT (you get it for free while making something else)
16:20:51  INFO        [ODS]
16:20:51  INFO        [ODS]  ┌──────────────────────────────────────────────────────────────
16:20:51  INFO        [ODS]  │ PRODUCER: AUXBOIL7_SHP STEAM                 
16:20:51  INFO        [ODS]  │ SAP Code: 310028384             Plant Code: 36H1
16:20:51  INFO        [ODS]  │ Makes: 1 MT of AUXBOIL7_SHP STEAM
16:20:51  INFO        [ODS]  │
16:20:51  INFO        [ODS]  │  Needs these ingredients (to make 1 MT):
16:20:51  INFO        [ODS]  │
16:20:51  INFO        [ODS]  │  Type    Ingredient (Material)             Material SAP Code  Norm          UOM       
16:20:51  INFO        [ODS]  │  ------  --------------------------------  ---------------  ------------  ----------
16:20:51  INFO        [ODS]  │  Raw Mat.  SynGas(Unshift)                   SYNGASN_UNSHIFT      2.876221  MMBTU     
16:20:51  INFO        [ODS]  │  Utility  Boiler Feed Water                 310027927            1.010000  M3        
16:20:51  INFO        [ODS]  │  Utility  Power_Dis                         310027910            3.850000  KWH       
16:20:51  INFO        [ODS]  │
16:20:51  INFO        [ODS]  │  In simple words: To make 1 MT of AUXBOIL7_SHP STEAM, you need:
16:20:51  INFO        [ODS]  │    → 2.876221 MMBTU of SynGas(Unshift)
16:20:51  INFO        [ODS]  │    → 1.010000 M3 of Boiler Feed Water
16:20:51  INFO        [ODS]  │    → 3.850000 KWH of Power_Dis
16:20:51  INFO        [ODS]  └──────────────────────────────────────────────────────────────
16:20:51  INFO        [ODS]
16:20:51  INFO        [ODS]  ┌──────────────────────────────────────────────────────────────
16:20:51  INFO        [ODS]  │ PRODUCER: AUXBOIL8_SHP STEAM                 
16:20:51  INFO        [ODS]  │ SAP Code: 310028411             Plant Code: 36H1
16:20:51  INFO        [ODS]  │ Makes: 1 MT of AUXBOIL8_SHP STEAM
16:20:51  INFO        [ODS]  │
16:20:51  INFO        [ODS]  │  Needs these ingredients (to make 1 MT):
16:20:51  INFO        [ODS]  │
16:20:51  INFO        [ODS]  │  Type    Ingredient (Material)             Material SAP Code  Norm          UOM       
16:20:51  INFO        [ODS]  │  ------  --------------------------------  ---------------  ------------  ----------
16:20:51  INFO        [ODS]  │  Raw Mat.  SynGas(Unshift)                   SYNGASN_UNSHIFT             0  MMBTU     
16:20:51  INFO        [ODS]  │  Utility  Boiler Feed Water                 310027927            1.010000  M3        
16:20:51  INFO        [ODS]  │  Utility  Power_Dis                         310027910            3.850000  KWH       
16:20:51  INFO        [ODS]  │
16:20:51  INFO        [ODS]  │  In simple words: To make 1 MT of AUXBOIL8_SHP STEAM, you need:
16:20:51  INFO        [ODS]  │    → 1.010000 M3 of Boiler Feed Water
16:20:51  INFO        [ODS]  │    → 3.850000 KWH of Power_Dis
16:20:51  INFO        [ODS]  └──────────────────────────────────────────────────────────────
16:20:51  INFO        [ODS]
16:20:51  INFO        [ODS]  ┌──────────────────────────────────────────────────────────────
16:20:51  INFO        [ODS]  │ PRODUCER: Boiler Feed Water                  
16:20:51  INFO        [ODS]  │ SAP Code: 310027927             Plant Code: 36H1
16:20:51  INFO        [ODS]  │ Makes: 1 M3 of Boiler Feed Water
16:20:51  INFO        [ODS]  │
16:20:51  INFO        [ODS]  │  Needs these ingredients (to make 1 M3):
16:20:51  INFO        [ODS]  │
16:20:51  INFO        [ODS]  │  Type    Ingredient (Material)             Material SAP Code  Norm          UOM       
16:20:51  INFO        [ODS]  │  ------  --------------------------------  ---------------  ------------  ----------
16:20:51  INFO        [ODS]  │  Utility  D M Water                         310027966            0.900000  M3        
16:20:51  INFO        [ODS]  │  Utility  LP Steam_Dis                      310027965            0.100000  MT        
16:20:51  INFO        [ODS]  │  Utility  Power_Dis                         310027910            8.100000  KWH       
16:20:51  INFO        [ODS]  │
16:20:51  INFO        [ODS]  │  In simple words: To make 1 M3 of Boiler Feed Water, you need:
16:20:51  INFO        [ODS]  │    → 0.900000 M3 of D M Water
16:20:51  INFO        [ODS]  │    → 0.100000 MT of LP Steam_Dis
16:20:51  INFO        [ODS]  │    → 8.100000 KWH of Power_Dis
16:20:51  INFO        [ODS]  └──────────────────────────────────────────────────────────────
16:20:51  INFO        [ODS]
16:20:51  INFO        [ODS]  ┌──────────────────────────────────────────────────────────────
16:20:51  INFO        [ODS]  │ PRODUCER: COMPRESED AIR_ASU                  
16:20:51  INFO        [ODS]  │ SAP Code: 310028433             Plant Code: 36H1
16:20:51  INFO        [ODS]  │ Makes: 1 NM3 of COMPRESED AIR_ASU
16:20:51  INFO        [ODS]  │
16:20:51  INFO        [ODS]  │  Needs these ingredients (to make 1 NM3):
16:20:51  INFO        [ODS]  │
16:20:51  INFO        [ODS]  │  Type    Ingredient (Material)             Material SAP Code  Norm          UOM       
16:20:51  INFO        [ODS]  │  ------  --------------------------------  ---------------  ------------  ----------
16:20:51  INFO        [ODS]  │  Utility  Power_Dis                         310027910            0.125000  KWH       
16:20:51  INFO        [ODS]  │
16:20:51  INFO        [ODS]  │  In simple words: To make 1 NM3 of COMPRESED AIR_ASU, you need:
16:20:51  INFO        [ODS]  │    → 0.125000 KWH of Power_Dis
16:20:51  INFO        [ODS]  └──────────────────────────────────────────────────────────────
16:20:51  INFO        [ODS]
16:20:51  INFO        [ODS]  ┌──────────────────────────────────────────────────────────────
16:20:51  INFO        [ODS]  │ PRODUCER: COMPRESSED AIR                     
16:20:51  INFO        [ODS]  │ SAP Code: 310027904             Plant Code: 36H1
16:20:51  INFO        [ODS]  │ Makes: 1 NM3 of COMPRESSED AIR
16:20:51  INFO        [ODS]  │
16:20:51  INFO        [ODS]  │  Needs these ingredients (to make 1 NM3):
16:20:51  INFO        [ODS]  │
16:20:51  INFO        [ODS]  │  Type    Ingredient (Material)             Material SAP Code  Norm          UOM       
16:20:51  INFO        [ODS]  │  ------  --------------------------------  ---------------  ------------  ----------
16:20:51  INFO        [ODS]  │  Utility  COMPRESED AIR_ASU                 310028433            0.051000  NM3       
16:20:51  INFO        [ODS]  │  Utility  COMPRESSED AIR                    310027904            0.002670  NM3       
16:20:51  INFO        [ODS]  │  Utility  Cooling Water                     310027912                   0  KM3       
16:20:51  INFO        [ODS]  │  Utility  Power_Dis                         310027910            0.150000  KWH       
16:20:51  INFO        [ODS]  │
16:20:51  INFO        [ODS]  │  In simple words: To make 1 NM3 of COMPRESSED AIR, you need:
16:20:51  INFO        [ODS]  │    → 0.051000 NM3 of COMPRESED AIR_ASU
16:20:51  INFO        [ODS]  │    → 0.002670 NM3 of COMPRESSED AIR
16:20:51  INFO        [ODS]  │    → 0.150000 KWH of Power_Dis
16:20:51  INFO        [ODS]  └──────────────────────────────────────────────────────────────
16:20:51  INFO        [ODS]
16:20:51  INFO        [ODS]  ┌──────────────────────────────────────────────────────────────
16:20:51  INFO        [ODS]  │ PRODUCER: Condensate                         
16:20:51  INFO        [ODS]  │ SAP Code: 310027968             Plant Code: 36H1
16:20:51  INFO        [ODS]  │ Makes: 1 M3 of Condensate
16:20:51  INFO        [ODS]  │
16:20:51  INFO        [ODS]  │  Needs these ingredients (to make 1 M3):
16:20:51  INFO        [ODS]  │
16:20:51  INFO        [ODS]  │  Type    Ingredient (Material)             Material SAP Code  Norm          UOM       
16:20:51  INFO        [ODS]  │  ------  --------------------------------  ---------------  ------------  ----------
16:20:51  INFO        [ODS]  │  Utility  COMPRESSED AIR                    310027904            0.080000  NM3       
16:20:51  INFO        [ODS]  │  Utility  Cooling Water                     310027912            0.017360  KM3       
16:20:51  INFO        [ODS]  │  Utility  NITROGEN_ASU                      310028432            0.360000  NM3       
16:20:51  INFO        [ODS]  │  Utility  Power_Dis                         310027910            1.460000  KWH       
16:20:51  INFO        [ODS]  │  Utility  Ret steam condensate              310027923            1.090000  M3        
16:20:51  INFO        [ODS]  │
16:20:51  INFO        [ODS]  │  In simple words: To make 1 M3 of Condensate, you need:
16:20:51  INFO        [ODS]  │    → 0.080000 NM3 of COMPRESSED AIR
16:20:51  INFO        [ODS]  │    → 0.017360 KM3 of Cooling Water
16:20:51  INFO        [ODS]  │    → 0.360000 NM3 of NITROGEN_ASU
16:20:51  INFO        [ODS]  │    → 1.460000 KWH of Power_Dis
16:20:51  INFO        [ODS]  │    → 1.090000 M3 of Ret steam condensate
16:20:51  INFO        [ODS]  └──────────────────────────────────────────────────────────────
16:20:51  INFO        [ODS]
16:20:51  INFO        [ODS]  ┌──────────────────────────────────────────────────────────────
16:20:51  INFO        [ODS]  │ PRODUCER: Cooling Water                      
16:20:51  INFO        [ODS]  │ SAP Code: 310027912             Plant Code: 36H1
16:20:51  INFO        [ODS]  │ Makes: 1 KM3 of Cooling Water
16:20:51  INFO        [ODS]  │
16:20:51  INFO        [ODS]  │  Needs these ingredients (to make 1 KM3):
16:20:51  INFO        [ODS]  │
16:20:51  INFO        [ODS]  │  Type    Ingredient (Material)             Material SAP Code  Norm          UOM       
16:20:51  INFO        [ODS]  │  ------  --------------------------------  ---------------  ------------  ----------
16:20:51  INFO        [ODS]  │  Utility  COMPRESSED AIR                    310027904            0.974741  NM3       
16:20:51  INFO        [ODS]  │  Utility  Effluent Treated                  310027994            3.800000  M3        
16:20:51  INFO        [ODS]  │  Utility  Power_Dis                         310027910          210.900000  KWH       
16:20:51  INFO        [ODS]  │  Utility  SWRO WATER                        310028356            9.400000  M3        
16:20:51  INFO        [ODS]  │
16:20:51  INFO        [ODS]  │  In simple words: To make 1 KM3 of Cooling Water, you need:
16:20:51  INFO        [ODS]  │    → 0.974741 NM3 of COMPRESSED AIR
16:20:51  INFO        [ODS]  │    → 3.800000 M3 of Effluent Treated
16:20:51  INFO        [ODS]  │    → 210.900000 KWH of Power_Dis
16:20:51  INFO        [ODS]  │    → 9.400000 M3 of SWRO WATER
16:20:51  INFO        [ODS]  └──────────────────────────────────────────────────────────────
16:20:51  INFO        [ODS]
16:20:51  INFO        [ODS]  ┌──────────────────────────────────────────────────────────────
16:20:51  INFO        [ODS]  │ PRODUCER: D M Water                          
16:20:51  INFO        [ODS]  │ SAP Code: 310027966             Plant Code: 36H1
16:20:51  INFO        [ODS]  │ Makes: 1 M3 of D M Water
16:20:51  INFO        [ODS]  │
16:20:51  INFO        [ODS]  │  Needs these ingredients (to make 1 M3):
16:20:51  INFO        [ODS]  │
16:20:51  INFO        [ODS]  │  Type    Ingredient (Material)             Material SAP Code  Norm          UOM       
16:20:51  INFO        [ODS]  │  ------  --------------------------------  ---------------  ------------  ----------
16:20:51  INFO        [ODS]  │  Utility  COMPRESSED AIR                    310027904            0.049180  NM3       
16:20:51  INFO        [ODS]  │  Utility  NITROGEN_ASU                      310028432            0.630000  NM3       
16:20:51  INFO        [ODS]  │  Utility  Power_Dis                         310027910            0.920000  KWH       
16:20:51  INFO        [ODS]  │  Utility  SWRO WATER                        310028356            1.150000  M3        
16:20:51  INFO        [ODS]  │
16:20:51  INFO        [ODS]  │  In simple words: To make 1 M3 of D M Water, you need:
16:20:51  INFO        [ODS]  │    → 0.049180 NM3 of COMPRESSED AIR
16:20:51  INFO        [ODS]  │    → 0.630000 NM3 of NITROGEN_ASU
16:20:51  INFO        [ODS]  │    → 0.920000 KWH of Power_Dis
16:20:51  INFO        [ODS]  │    → 1.150000 M3 of SWRO WATER
16:20:51  INFO        [ODS]  └──────────────────────────────────────────────────────────────
16:20:51  INFO        [ODS]
16:20:51  INFO        [ODS]  ┌──────────────────────────────────────────────────────────────
16:20:51  INFO        [ODS]  │ PRODUCER: Effluent Treated                   
16:20:51  INFO        [ODS]  │ SAP Code: 310027994             Plant Code: 36H1
16:20:51  INFO        [ODS]  │ Makes: 1 M3 of Effluent Treated
16:20:51  INFO        [ODS]  │
16:20:51  INFO        [ODS]  │  Needs these ingredients (to make 1 M3):
16:20:51  INFO        [ODS]  │
16:20:51  INFO        [ODS]  │  Type    Ingredient (Material)             Material SAP Code  Norm          UOM       
16:20:51  INFO        [ODS]  │  ------  --------------------------------  ---------------  ------------  ----------
16:20:51  INFO        [ODS]  │  Utility  COMPRESSED AIR                    310027904            2.209302  NM3       
16:20:51  INFO        [ODS]  │  Utility  Cooling Water                     310027912            0.000031  KM3       
16:20:51  INFO        [ODS]  │  Utility  NITROGEN_ASU                      310028432            0.005814  NM3       
16:20:51  INFO        [ODS]  │  Utility  Power_Dis                         310027910            3.200000  KWH       
16:20:51  INFO        [ODS]  │  Utility  Utility Water                     310027928            0.029070  M3        
16:20:51  INFO        [ODS]  │
16:20:51  INFO        [ODS]  │  In simple words: To make 1 M3 of Effluent Treated, you need:
16:20:51  INFO        [ODS]  │    → 2.209302 NM3 of COMPRESSED AIR
16:20:51  INFO        [ODS]  │    → 0.000031 KM3 of Cooling Water
16:20:51  INFO        [ODS]  │    → 0.005814 NM3 of NITROGEN_ASU
16:20:51  INFO        [ODS]  │    → 3.200000 KWH of Power_Dis
16:20:51  INFO        [ODS]  │    → 0.029070 M3 of Utility Water
16:20:51  INFO        [ODS]  └──────────────────────────────────────────────────────────────
16:20:51  INFO        [ODS]
16:20:51  INFO        [ODS]  ┌──────────────────────────────────────────────────────────────
16:20:51  INFO        [ODS]  │ PRODUCER: HP Steam PRDS                      
16:20:51  INFO        [ODS]  │ SAP Code: 310028161             Plant Code: 36H1
16:20:51  INFO        [ODS]  │ Makes: 1 MT of HP Steam PRDS
16:20:51  INFO        [ODS]  │
16:20:51  INFO        [ODS]  │  Needs these ingredients (to make 1 MT):
16:20:51  INFO        [ODS]  │
16:20:51  INFO        [ODS]  │  Type    Ingredient (Material)             Material SAP Code  Norm          UOM       
16:20:51  INFO        [ODS]  │  ------  --------------------------------  ---------------  ------------  ----------
16:20:51  INFO        [ODS]  │  Utility  Boiler Feed Water                 310027927            0.064000  M3        
16:20:51  INFO        [ODS]  │  Utility  SHP Steam_Dis                     310027924            0.936000  MT        
16:20:51  INFO        [ODS]  │
16:20:51  INFO        [ODS]  │  In simple words: To make 1 MT of HP Steam PRDS, you need:
16:20:51  INFO        [ODS]  │    → 0.064000 M3 of Boiler Feed Water
16:20:51  INFO        [ODS]  │    → 0.936000 MT of SHP Steam_Dis
16:20:51  INFO        [ODS]  └──────────────────────────────────────────────────────────────
16:20:51  INFO        [ODS]
16:20:51  INFO        [ODS]  ┌──────────────────────────────────────────────────────────────
16:20:51  INFO        [ODS]  │ PRODUCER: HP Steam_Dis                       
16:20:51  INFO        [ODS]  │ SAP Code: 310027939             Plant Code: 36H2
16:20:51  INFO        [ODS]  │ Makes: 1 MT of HP Steam_Dis
16:20:51  INFO        [ODS]  │
16:20:51  INFO        [ODS]  │  Needs these ingredients (to make 1 MT):
16:20:51  INFO        [ODS]  │
16:20:51  INFO        [ODS]  │  Type    Ingredient (Material)             Material SAP Code  Norm          UOM       
16:20:51  INFO        [ODS]  │  ------  --------------------------------  ---------------  ------------  ----------
16:20:51  INFO        [ODS]  │  Utility  HP Steam PRDS                     310028161            1.000000  MT        
16:20:51  INFO        [ODS]  │
16:20:51  INFO        [ODS]  │  In simple words: To make 1 MT of HP Steam_Dis, you need:
16:20:51  INFO        [ODS]  │    → 1.000000 MT of HP Steam PRDS
16:20:51  INFO        [ODS]  └──────────────────────────────────────────────────────────────
16:20:51  INFO        [ODS]
16:20:51  INFO        [ODS]  ┌──────────────────────────────────────────────────────────────
16:20:51  INFO        [ODS]  │ PRODUCER: HRSG1_C2_SHP STEAM                 
16:20:51  INFO        [ODS]  │ SAP Code: 310028383             Plant Code: 36H1
16:20:51  INFO        [ODS]  │ Makes: 1 MT of HRSG1_C2_SHP STEAM
16:20:51  INFO        [ODS]  │
16:20:51  INFO        [ODS]  │  Needs these ingredients (to make 1 MT):
16:20:51  INFO        [ODS]  │
16:20:51  INFO        [ODS]  │  Type    Ingredient (Material)             Material SAP Code  Norm          UOM       
16:20:51  INFO        [ODS]  │  ------  --------------------------------  ---------------  ------------  ----------
16:20:51  INFO        [ODS]  │  Raw Mat.  SynGas(Unshift)                   SYNGASN_UNSHIFT      3.376244  MMBTU     
16:20:51  INFO        [ODS]  │  Utility  Boiler Feed Water                 310027927            1.160000  M3        
16:20:51  INFO        [ODS]  │  Utility  HRSG1_C2_LP STEAM                 310028385           -0.150000  MT        
16:20:51  INFO        [ODS]  │  Utility  Power_Dis                         310027910            0.285000  KWH       
16:20:51  INFO        [ODS]  │
16:20:51  INFO        [ODS]  │  In simple words: To make 1 MT of HRSG1_C2_SHP STEAM, you need:
16:20:51  INFO        [ODS]  │    → 3.376244 MMBTU of SynGas(Unshift)
16:20:51  INFO        [ODS]  │    → 1.160000 M3 of Boiler Feed Water
16:20:51  INFO        [ODS]  │    → 0.285000 KWH of Power_Dis
16:20:51  INFO        [ODS]  │  And as a bonus (byproduct), you also GET:
16:20:51  INFO        [ODS]  │    → 0.150000 MT of HRSG1_C2_LP STEAM (this is extra output, not input!)
16:20:51  INFO        [ODS]  └──────────────────────────────────────────────────────────────
16:20:51  INFO        [ODS]
16:20:51  INFO        [ODS]  ┌──────────────────────────────────────────────────────────────
16:20:51  INFO        [ODS]  │ PRODUCER: HRSG2_C2_SHP STEAM                 
16:20:51  INFO        [ODS]  │ SAP Code: 310028410             Plant Code: 36H1
16:20:51  INFO        [ODS]  │ Makes: 1 MT of HRSG2_C2_SHP STEAM
16:20:51  INFO        [ODS]  │
16:20:51  INFO        [ODS]  │  Needs these ingredients (to make 1 MT):
16:20:51  INFO        [ODS]  │
16:20:51  INFO        [ODS]  │  Type    Ingredient (Material)             Material SAP Code  Norm          UOM       
16:20:51  INFO        [ODS]  │  ------  --------------------------------  ---------------  ------------  ----------
16:20:51  INFO        [ODS]  │  Raw Mat.  SynGas(Unshift)                   SYNGASN_UNSHIFT      3.357468  MMBTU     
16:20:51  INFO        [ODS]  │  Utility  Boiler Feed Water                 310027927            1.160000  M3        
16:20:51  INFO        [ODS]  │  Utility  HRSG2_C2_LP STEAM                 310028409           -0.150000  MT        
16:20:51  INFO        [ODS]  │  Utility  Power_Dis                         310027910            0.285000  KWH       
16:20:51  INFO        [ODS]  │
16:20:51  INFO        [ODS]  │  In simple words: To make 1 MT of HRSG2_C2_SHP STEAM, you need:
16:20:51  INFO        [ODS]  │    → 3.357468 MMBTU of SynGas(Unshift)
16:20:51  INFO        [ODS]  │    → 1.160000 M3 of Boiler Feed Water
16:20:51  INFO        [ODS]  │    → 0.285000 KWH of Power_Dis
16:20:51  INFO        [ODS]  │  And as a bonus (byproduct), you also GET:
16:20:51  INFO        [ODS]  │    → 0.150000 MT of HRSG2_C2_LP STEAM (this is extra output, not input!)
16:20:51  INFO        [ODS]  └──────────────────────────────────────────────────────────────
16:20:51  INFO        [ODS]
16:20:51  INFO        [ODS]  ┌──────────────────────────────────────────────────────────────
16:20:51  INFO        [ODS]  │ PRODUCER: LP Steam PRDS                      
16:20:51  INFO        [ODS]  │ SAP Code: 310028013             Plant Code: 36H1
16:20:51  INFO        [ODS]  │ Makes: 1 MT of LP Steam PRDS
16:20:51  INFO        [ODS]  │
16:20:51  INFO        [ODS]  │  Needs these ingredients (to make 1 MT):
16:20:51  INFO        [ODS]  │
16:20:51  INFO        [ODS]  │  Type    Ingredient (Material)             Material SAP Code  Norm          UOM       
16:20:51  INFO        [ODS]  │  ------  --------------------------------  ---------------  ------------  ----------
16:20:51  INFO        [ODS]  │  Utility  Boiler Feed Water                 310027927            0.055000  M3        
16:20:51  INFO        [ODS]  │  Utility  MP Steam_Dis                      310027940            0.945000  MT        
16:20:51  INFO        [ODS]  │
16:20:51  INFO        [ODS]  │  In simple words: To make 1 MT of LP Steam PRDS, you need:
16:20:51  INFO        [ODS]  │    → 0.055000 M3 of Boiler Feed Water
16:20:51  INFO        [ODS]  │    → 0.945000 MT of MP Steam_Dis
16:20:51  INFO        [ODS]  └──────────────────────────────────────────────────────────────
16:20:51  INFO        [ODS]
16:20:51  INFO        [ODS]  ┌──────────────────────────────────────────────────────────────
16:20:51  INFO        [ODS]  │ PRODUCER: LP Steam_Dis                       
16:20:51  INFO        [ODS]  │ SAP Code: 310027965             Plant Code: 36H2
16:20:51  INFO        [ODS]  │ Makes: 1 MT of LP Steam_Dis
16:20:51  INFO        [ODS]  │
16:20:51  INFO        [ODS]  │  Needs these ingredients (to make 1 MT):
16:20:51  INFO        [ODS]  │
16:20:51  INFO        [ODS]  │  Type    Ingredient (Material)             Material SAP Code  Norm          UOM       
16:20:51  INFO        [ODS]  │  ------  --------------------------------  ---------------  ------------  ----------
16:20:51  INFO        [ODS]  │  Utility  HRSG1_C2_LP STEAM                 310028385            0.387271  MT        
16:20:51  INFO        [ODS]  │  Utility  HRSG2_C2_LP STEAM                 310028409            0.245271  MT        
16:20:51  INFO        [ODS]  │  Utility  LP Steam PRDS                     310028013            0.367458  MT        
16:20:51  INFO        [ODS]  │
16:20:51  INFO        [ODS]  │  In simple words: To make 1 MT of LP Steam_Dis, you need:
16:20:51  INFO        [ODS]  │    → 0.387271 MT of HRSG1_C2_LP STEAM
16:20:51  INFO        [ODS]  │    → 0.245271 MT of HRSG2_C2_LP STEAM
16:20:51  INFO        [ODS]  │    → 0.367458 MT of LP Steam PRDS
16:20:51  INFO        [ODS]  └──────────────────────────────────────────────────────────────
16:20:51  INFO        [ODS]
16:20:51  INFO        [ODS]  ┌──────────────────────────────────────────────────────────────
16:20:51  INFO        [ODS]  │ PRODUCER: MP Steam PRDS SHP                  
16:20:51  INFO        [ODS]  │ SAP Code: 310028012             Plant Code: 36H1
16:20:51  INFO        [ODS]  │ Makes: 1 MT of MP Steam PRDS SHP
16:20:51  INFO        [ODS]  │
16:20:51  INFO        [ODS]  │  Needs these ingredients (to make 1 MT):
16:20:51  INFO        [ODS]  │
16:20:51  INFO        [ODS]  │  Type    Ingredient (Material)             Material SAP Code  Norm          UOM       
16:20:51  INFO        [ODS]  │  ------  --------------------------------  ---------------  ------------  ----------
16:20:51  INFO        [ODS]  │  Utility  Boiler Feed Water                 310027927            0.100000  M3        
16:20:51  INFO        [ODS]  │  Utility  HP Steam_Dis                      310027939            0.900000  MT        
16:20:51  INFO        [ODS]  │
16:20:51  INFO        [ODS]  │  In simple words: To make 1 MT of MP Steam PRDS SHP, you need:
16:20:51  INFO        [ODS]  │    → 0.100000 M3 of Boiler Feed Water
16:20:51  INFO        [ODS]  │    → 0.900000 MT of HP Steam_Dis
16:20:51  INFO        [ODS]  └──────────────────────────────────────────────────────────────
16:20:51  INFO        [ODS]
16:20:51  INFO        [ODS]  ┌──────────────────────────────────────────────────────────────
16:20:51  INFO        [ODS]  │ PRODUCER: MP Steam_Dis                       
16:20:51  INFO        [ODS]  │ SAP Code: 310027940             Plant Code: 36H2
16:20:51  INFO        [ODS]  │ Makes: 1 MT of MP Steam_Dis
16:20:51  INFO        [ODS]  │
16:20:51  INFO        [ODS]  │  Needs these ingredients (to make 1 MT):
16:20:51  INFO        [ODS]  │
16:20:51  INFO        [ODS]  │  Type    Ingredient (Material)             Material SAP Code  Norm          UOM       
16:20:51  INFO        [ODS]  │  ------  --------------------------------  ---------------  ------------  ----------
16:20:51  INFO        [ODS]  │  Utility  MP Steam PRDS SHP                 310028012            1.000000  MT        
16:20:51  INFO        [ODS]  │
16:20:51  INFO        [ODS]  │  In simple words: To make 1 MT of MP Steam_Dis, you need:
16:20:51  INFO        [ODS]  │    → 1.000000 MT of MP Steam PRDS SHP
16:20:51  INFO        [ODS]  └──────────────────────────────────────────────────────────────
16:20:51  INFO        [ODS]
16:20:51  INFO        [ODS]  ┌──────────────────────────────────────────────────────────────
16:20:51  INFO        [ODS]  │ PRODUCER: NITROGEN_ASU                       
16:20:51  INFO        [ODS]  │ SAP Code: 310028432             Plant Code: 36H1
16:20:51  INFO        [ODS]  │ Makes: 1 NM3 of NITROGEN_ASU
16:20:51  INFO        [ODS]  │
16:20:51  INFO        [ODS]  │  Needs these ingredients (to make 1 NM3):
16:20:51  INFO        [ODS]  │
16:20:51  INFO        [ODS]  │  Type    Ingredient (Material)             Material SAP Code  Norm          UOM       
16:20:51  INFO        [ODS]  │  ------  --------------------------------  ---------------  ------------  ----------
16:20:51  INFO        [ODS]  │  Utility  Cooling Water                     310027912                   0  KM3       
16:20:51  INFO        [ODS]  │  Utility  MP Steam_Dis                      310027940            0.000021  MT        
16:20:51  INFO        [ODS]  │  Utility  Power_Dis                         310027910            0.474260  KWH       
16:20:51  INFO        [ODS]  │  Utility  Ret steam condensate              310027923           -0.000011  M3        
16:20:51  INFO        [ODS]  │  Utility  Utility Water                     310027928            0.001540  M3        
16:20:51  INFO        [ODS]  │
16:20:51  INFO        [ODS]  │  In simple words: To make 1 NM3 of NITROGEN_ASU, you need:
16:20:51  INFO        [ODS]  │    → 0.000021 MT of MP Steam_Dis
16:20:51  INFO        [ODS]  │    → 0.474260 KWH of Power_Dis
16:20:51  INFO        [ODS]  │    → 0.001540 M3 of Utility Water
16:20:51  INFO        [ODS]  │  And as a bonus (byproduct), you also GET:
16:20:51  INFO        [ODS]  │    → 0.000011 M3 of Ret steam condensate (this is extra output, not input!)
16:20:51  INFO        [ODS]  └──────────────────────────────────────────────────────────────
16:20:51  INFO        [ODS]
16:20:51  INFO        [ODS]  ┌──────────────────────────────────────────────────────────────
16:20:51  INFO        [ODS]  │ PRODUCER: Oxygen                             
16:20:51  INFO        [ODS]  │ SAP Code: 310028126             Plant Code: 36H1
16:20:51  INFO        [ODS]  │ Makes: 1 MT of Oxygen
16:20:51  INFO        [ODS]  │
16:20:51  INFO        [ODS]  │  Needs these ingredients (to make 1 MT):
16:20:51  INFO        [ODS]  │
16:20:51  INFO        [ODS]  │  Type    Ingredient (Material)             Material SAP Code  Norm          UOM       
16:20:51  INFO        [ODS]  │  ------  --------------------------------  ---------------  ------------  ----------
16:20:51  INFO        [ODS]  │  Utility  Cooling Water                     310027912                   0  KM3       
16:20:51  INFO        [ODS]  │  Utility  MP Steam_Dis                      310027940            0.017000  MT        
16:20:51  INFO        [ODS]  │  Utility  Power_Dis                         310027910          374.610000  KWH       
16:20:51  INFO        [ODS]  │  Utility  Ret steam condensate              310027923           -0.008000  M3        
16:20:51  INFO        [ODS]  │  Utility  Utility Water                     310027928            1.230000  M3        
16:20:51  INFO        [ODS]  │
16:20:51  INFO        [ODS]  │  In simple words: To make 1 MT of Oxygen, you need:
16:20:51  INFO        [ODS]  │    → 0.017000 MT of MP Steam_Dis
16:20:51  INFO        [ODS]  │    → 374.610000 KWH of Power_Dis
16:20:51  INFO        [ODS]  │    → 1.230000 M3 of Utility Water
16:20:51  INFO        [ODS]  │  And as a bonus (byproduct), you also GET:
16:20:51  INFO        [ODS]  │    → 0.008000 M3 of Ret steam condensate (this is extra output, not input!)
16:20:51  INFO        [ODS]  └──────────────────────────────────────────────────────────────
16:20:51  INFO        [ODS]
16:20:51  INFO        [ODS]  ┌──────────────────────────────────────────────────────────────
16:20:51  INFO        [ODS]  │ PRODUCER: POWERGEN                           
16:20:51  INFO        [ODS]  │ SAP Code: 310027907             Plant Code: 36H0
16:20:51  INFO        [ODS]  │ Makes: 1 KWH of POWERGEN
16:20:51  INFO        [ODS]  │
16:20:51  INFO        [ODS]  │  This producer has 3 sub-assets (different machines):
16:20:51  INFO        [ODS]  │    • JMD - C2-GTG 1                  (Plant ID: 36H0)
16:20:51  INFO        [ODS]  │    • JMD - C2-GTG 2                  (Plant ID: 36GX)
16:20:51  INFO        [ODS]  │    • JMD - C2-STG 1                  (Plant ID: 36HM)
16:20:51  INFO        [ODS]  │
16:20:51  INFO        [ODS]  │  Needs these ingredients (to make 1 KWH):
16:20:51  INFO        [ODS]  │
16:20:51  INFO        [ODS]  │  ▸ Sub-asset: JMD - C2-GTG 1 (Plant ID: 36H0)
16:20:51  INFO        [ODS]  │    Type    Ingredient (Material)             Material SAP Code  Norm          UOM       
16:20:51  INFO        [ODS]  │    ------  --------------------------------  ---------------  ------------  ----------
16:20:51  INFO        [ODS]  │    Raw Mat.  SynGas(Unshift)                   SYNGASN_UNSHIFT      0.004368  MMBTU     
16:20:51  INFO        [ODS]  │    Utility  COMPRESSED AIR                    310027904            0.001280  NM3       
16:20:51  INFO        [ODS]  │    Utility  Cooling Water                     310027912            0.000007  KM3       
16:20:51  INFO        [ODS]  │    Utility  NITROGEN_ASU                      310028432            0.001660  NM3       
16:20:51  INFO        [ODS]  │    Utility  Power_Dis                         310027910            0.001350  KWH       
16:20:51  INFO        [ODS]  │    Utility  Utility Water                     310027928            0.000023  M3        
16:20:51  INFO        [ODS]  │    In simple words: To make 1 KWH from JMD - C2-GTG 1, you need:
16:20:51  INFO        [ODS]  │      → 0.004368 MMBTU of SynGas(Unshift)
16:20:51  INFO        [ODS]  │      → 0.001280 NM3 of COMPRESSED AIR
16:20:51  INFO        [ODS]  │      → 0.000007 KM3 of Cooling Water
16:20:51  INFO        [ODS]  │      → 0.001660 NM3 of NITROGEN_ASU
16:20:51  INFO        [ODS]  │      → 0.001350 KWH of Power_Dis
16:20:51  INFO        [ODS]  │      → 0.000023 M3 of Utility Water
16:20:51  INFO        [ODS]  │
16:20:51  INFO        [ODS]  │  ▸ Sub-asset: JMD - C2-GTG 2 (Plant ID: 36GX)
16:20:51  INFO        [ODS]  │    Type    Ingredient (Material)             Material SAP Code  Norm          UOM       
16:20:51  INFO        [ODS]  │    ------  --------------------------------  ---------------  ------------  ----------
16:20:51  INFO        [ODS]  │    Raw Mat.  SynGas(Unshift)                   SYNGASN_UNSHIFT      0.004485  MMBTU     
16:20:51  INFO        [ODS]  │    Utility  COMPRESSED AIR                    310027904            0.001280  NM3       
16:20:51  INFO        [ODS]  │    Utility  Cooling Water                     310027912            0.000007  KM3       
16:20:51  INFO        [ODS]  │    Utility  NITROGEN_ASU                      310028432            0.001660  NM3       
16:20:51  INFO        [ODS]  │    Utility  Power_Dis                         310027910            0.001350  KWH       
16:20:51  INFO        [ODS]  │    Utility  Utility Water                     310027928            0.000023  M3        
16:20:51  INFO        [ODS]  │    In simple words: To make 1 KWH from JMD - C2-GTG 2, you need:
16:20:51  INFO        [ODS]  │      → 0.004485 MMBTU of SynGas(Unshift)
16:20:51  INFO        [ODS]  │      → 0.001280 NM3 of COMPRESSED AIR
16:20:51  INFO        [ODS]  │      → 0.000007 KM3 of Cooling Water
16:20:51  INFO        [ODS]  │      → 0.001660 NM3 of NITROGEN_ASU
16:20:51  INFO        [ODS]  │      → 0.001350 KWH of Power_Dis
16:20:51  INFO        [ODS]  │      → 0.000023 M3 of Utility Water
16:20:51  INFO        [ODS]  │
16:20:51  INFO        [ODS]  │  ▸ Sub-asset: JMD - C2-STG 1 (Plant ID: 36HM)
16:20:51  INFO        [ODS]  │    Type    Ingredient (Material)             Material SAP Code  Norm          UOM       
16:20:51  INFO        [ODS]  │    ------  --------------------------------  ---------------  ------------  ----------
16:20:51  INFO        [ODS]  │    Utility  Cooling Water                     310027912            0.000400  KM3       
16:20:51  INFO        [ODS]  │    Utility  NITROGEN_ASU                      310028432            0.001030  NM3       
16:20:51  INFO        [ODS]  │    Utility  Power_Dis                         310027910            0.007050  KWH       
16:20:51  INFO        [ODS]  │    Utility  SHP Steam_Dis                     310027924            0.003640  MT        
16:20:51  INFO        [ODS]  │    In simple words: To make 1 KWH from JMD - C2-STG 1, you need:
16:20:51  INFO        [ODS]  │      → 0.000400 KM3 of Cooling Water
16:20:51  INFO        [ODS]  │      → 0.001030 NM3 of NITROGEN_ASU
16:20:51  INFO        [ODS]  │      → 0.007050 KWH of Power_Dis
16:20:51  INFO        [ODS]  │      → 0.003640 MT of SHP Steam_Dis
16:20:51  INFO        [ODS]  │
16:20:51  INFO        [ODS]  └──────────────────────────────────────────────────────────────
16:20:51  INFO        [ODS]
16:20:51  INFO        [ODS]  ┌──────────────────────────────────────────────────────────────
16:20:51  INFO        [ODS]  │ PRODUCER: PROCESS FEED WATER                 
16:20:51  INFO        [ODS]  │ SAP Code: 310027972             Plant Code: 36H1
16:20:51  INFO        [ODS]  │ Makes: 1 M3 of PROCESS FEED WATER
16:20:51  INFO        [ODS]  │
16:20:51  INFO        [ODS]  │  Needs these ingredients (to make 1 M3):
16:20:51  INFO        [ODS]  │
16:20:51  INFO        [ODS]  │  Type    Ingredient (Material)             Material SAP Code  Norm          UOM       
16:20:51  INFO        [ODS]  │  ------  --------------------------------  ---------------  ------------  ----------
16:20:51  INFO        [ODS]  │  Utility  D M Water                         310027966            0.900000  M3        
16:20:51  INFO        [ODS]  │  Utility  LP Steam_Dis                      310027965            0.100000  MT        
16:20:51  INFO        [ODS]  │  Utility  Power_Dis                         310027910            0.631000  KWH       
16:20:51  INFO        [ODS]  │
16:20:51  INFO        [ODS]  │  In simple words: To make 1 M3 of PROCESS FEED WATER, you need:
16:20:51  INFO        [ODS]  │    → 0.900000 M3 of D M Water
16:20:51  INFO        [ODS]  │    → 0.100000 MT of LP Steam_Dis
16:20:51  INFO        [ODS]  │    → 0.631000 KWH of Power_Dis
16:20:51  INFO        [ODS]  └──────────────────────────────────────────────────────────────
16:20:51  INFO        [ODS]
16:20:51  INFO        [ODS]  ┌──────────────────────────────────────────────────────────────
16:20:51  INFO        [ODS]  │ PRODUCER: Power_Dis                          
16:20:51  INFO        [ODS]  │ SAP Code: 310027910             Plant Code: 36H2
16:20:51  INFO        [ODS]  │ Makes: 1 KWH of Power_Dis
16:20:51  INFO        [ODS]  │
16:20:51  INFO        [ODS]  │  Needs these ingredients (to make 1 KWH):
16:20:51  INFO        [ODS]  │
16:20:51  INFO        [ODS]  │  Type    Ingredient (Material)             Material SAP Code  Norm          UOM       
16:20:51  INFO        [ODS]  │  ------  --------------------------------  ---------------  ------------  ----------
16:20:51  INFO        [ODS]  │  Utility  Power                             POWER                0.065453  KWH       
16:20:51  INFO        [ODS]  │  Utility  POWERGEN                          310027907            0.572172  KWH       
16:20:51  INFO        [ODS]  │  Utility  POWERGEN                          310027907            0.362375  KWH       
16:20:51  INFO        [ODS]  │
16:20:51  INFO        [ODS]  │  In simple words: To make 1 KWH of Power_Dis, you need:
16:20:51  INFO        [ODS]  │    → 0.065453 KWH of Power
16:20:51  INFO        [ODS]  │    → 0.572172 KWH of POWERGEN
16:20:51  INFO        [ODS]  │    → 0.362375 KWH of POWERGEN
16:20:51  INFO        [ODS]  └──────────────────────────────────────────────────────────────
16:20:51  INFO        [ODS]
16:20:51  INFO        [ODS]  ┌──────────────────────────────────────────────────────────────
16:20:51  INFO        [ODS]  │ PRODUCER: SHP Steam_Dis                      
16:20:51  INFO        [ODS]  │ SAP Code: 310027924             Plant Code: 36H2
16:20:51  INFO        [ODS]  │ Makes: 1 MT of SHP Steam_Dis
16:20:51  INFO        [ODS]  │
16:20:51  INFO        [ODS]  │  Needs these ingredients (to make 1 MT):
16:20:51  INFO        [ODS]  │
16:20:51  INFO        [ODS]  │  Type    Ingredient (Material)             Material SAP Code  Norm          UOM       
16:20:51  INFO        [ODS]  │  ------  --------------------------------  ---------------  ------------  ----------
16:20:51  INFO        [ODS]  │  Utility  AUXBOIL7_SHP STEAM                310028384            0.226682  MT        
16:20:51  INFO        [ODS]  │  Utility  AUXBOIL8_SHP STEAM                310028411                   0  MT        
16:20:51  INFO        [ODS]  │  Utility  HRSG1_C2_SHP STEAM                310028383            0.473460  MT        
16:20:51  INFO        [ODS]  │  Utility  HRSG2_C2_SHP STEAM                310028410            0.299858  MT        
16:20:51  INFO        [ODS]  │
16:20:51  INFO        [ODS]  │  In simple words: To make 1 MT of SHP Steam_Dis, you need:
16:20:51  INFO        [ODS]  │    → 0.226682 MT of AUXBOIL7_SHP STEAM
16:20:51  INFO        [ODS]  │    → 0.473460 MT of HRSG1_C2_SHP STEAM
16:20:51  INFO        [ODS]  │    → 0.299858 MT of HRSG2_C2_SHP STEAM
16:20:51  INFO        [ODS]  └──────────────────────────────────────────────────────────────
16:20:51  INFO        [ODS]
16:20:51  INFO        [ODS]  ┌──────────────────────────────────────────────────────────────
16:20:51  INFO        [ODS]  │ PRODUCER: Utility Water                      
16:20:51  INFO        [ODS]  │ SAP Code: 310027928             Plant Code: 36H1
16:20:51  INFO        [ODS]  │ Makes: 1 M3 of Utility Water
16:20:51  INFO        [ODS]  │
16:20:51  INFO        [ODS]  │  Needs these ingredients (to make 1 M3):
16:20:51  INFO        [ODS]  │
16:20:51  INFO        [ODS]  │  Type    Ingredient (Material)             Material SAP Code  Norm          UOM       
16:20:51  INFO        [ODS]  │  ------  --------------------------------  ---------------  ------------  ----------
16:20:51  INFO        [ODS]  │  Utility  COMPRESSED AIR                    310027904            0.217390  NM3       
16:20:51  INFO        [ODS]  │  Utility  Power_Dis                         310027910                   0  KWH       
16:20:51  INFO        [ODS]  │  Utility  SWRO WATER                        310028356            1.100000  M3        
16:20:51  INFO        [ODS]  │
16:20:51  INFO        [ODS]  │  In simple words: To make 1 M3 of Utility Water, you need:
16:20:51  INFO        [ODS]  │    → 0.217390 NM3 of COMPRESSED AIR
16:20:51  INFO        [ODS]  │    → 1.100000 M3 of SWRO WATER
16:20:51  INFO        [ODS]  └──────────────────────────────────────────────────────────────
16:20:51  INFO        [ODS]
16:20:51  INFO        [ODS]  Total producers with consumption norms: 24
16:20:51  INFO        [ODS] ===================================
16:20:52  WARNING     [U4U LOOP] 2 DB utilities not matched to any ODS producer: ['Ret steam condensate', 'SWRO WATER']
16:20:52  INFO      
16:20:52  INFO        ==============================================================================
16:20:52  INFO        U4U ITERATION LOOP  (April 2026)
16:20:52  INFO        ==============================================================================
16:20:52  INFO        Tolerance: 0.0100%  |  Max iterations: 50
16:20:52  INFO        Allowed accounts: Raw Material, Utilities
16:20:52  INFO        ODS producers: 24
16:20:52  INFO      
16:20:53  INFO        ==============================================================================
16:20:53  INFO        POWER DISPATCH  (April 2026)
16:20:53  INFO        ==============================================================================
16:20:53  INFO        Demand:  Process = 62526.31 MWh  |  Fixed = 11737.74 MWh  |  Total = 74264.05 MWh
16:20:53  INFO      
16:20:53  INFO        Step 1: Mandatory assets at MIN load, then optional if needed
16:20:53  INFO        Asset                      Priority   Man    Min MW    Max MW     Hours       Min MWh
16:20:53  INFO        -------------------------  --------  ----  --------  --------  --------  ------------
16:20:53  INFO        JMD - C2-GTG 1                    1     Y    104.00    105.00    720.00      74880.00
16:20:53  INFO        JMD - C2-GTG 2                    1     Y     64.00     67.00    720.00      46080.00
16:20:53  INFO        TOTAL MIN GENERATION                                                        120960.00
16:20:53  INFO      
16:20:53  INFO        ⚠ SURPLUS: MIN generation (120960.00 MWh) EXCEEDS demand (74264.05 MWh)
16:20:53  INFO          Surplus = 46695.95 MWh  (will be handled via export power in future)
16:20:53  INFO      
16:20:53  INFO        FINAL DISPATCH
16:20:53  INFO        Asset                      Priority   Dispatched MW  Dispatched MWh    Load %   Avg Load MW  FreeStm Factor   Free Steam MT       Heat Rate   Aux Power MWh
16:20:53  INFO        -------------------------  --------  --------------  --------------  --------  ------------  ------------  --------------  --------------  --------------
16:20:53  INFO        JMD - C2-GTG 1                    1          104.00        74880.00     99.0%        104.00        1.5800       118310.40         2654.90          101.09
16:20:53  INFO        JMD - C2-GTG 2                    1           64.00        46080.00     95.5%         64.00        1.8500        85248.00         3170.44           62.21
16:20:53  INFO        TOTAL                                                     120960.00                                             203558.40                          163.30
16:20:53  INFO        ==============================================================================
16:20:54  INFO      
16:20:54  INFO        SPINNING MARGIN CONFIG
16:20:54  INFO        Required margin: 250.00 TPH
16:20:54  INFO        Asset                         Max TPH     Eff Max     Reserve
16:20:54  INFO        -------------------------  ----------  ----------  ----------
16:20:54  INFO        AUXBOIL7_SHP STEAM             220.00      143.61       76.39
16:20:54  INFO        HRSG1_C2_SHP STEAM             250.00      163.19       86.81
16:20:54  INFO        HRSG2_C2_SHP STEAM             250.00      163.19       86.81
16:20:54  INFO        TOTAL RESERVED                                         250.00
16:20:54  INFO        → Margin of 250.00 TPH successfully reserved
16:20:54  INFO      
16:20:54  INFO        ==============================================================================
16:20:54  INFO        STEAM DISPATCH  (April 2026)
16:20:54  INFO        ==============================================================================
16:20:54  INFO        Grade      Process/Fixed MT  Letdown MT  Byproduct MT     Net Demand MT
16:20:54  INFO        ---------  ----------------  ----------  ------------  ----------------
16:20:54  INFO        LP                 23081.00        0.00     -56041.43         -32960.43
16:20:54  INFO        MP                 12542.00    11287.80          0.00          12542.00
16:20:54  INFO        HP                -12014.00        0.00          0.00           -726.20
16:20:54  INFO        SHP               359673.00        0.00          0.00         359673.00
16:20:54  INFO      
16:20:54  INFO        Total Free Steam available: 203558.40 MT
16:20:54  INFO      
16:20:54  INFO        FINAL SUPPLEMENTARY FIRING DISPATCH
16:20:54  INFO        Asset                      Priority   Man     Min TPH     Max TPH     Hours  Dispatched TPH   Dispatched MT    Load %
16:20:54  INFO        -------------------------  --------  ----  ----------  ----------  --------  --------------  --------------  --------
16:20:54  INFO        AUXBOIL7_SHP STEAM                1     Y       50.00      220.00    698.00          200.50       139950.48     91.1%
16:20:54  INFO        AUXBOIL8_SHP STEAM                1     Y       90.00      220.00      0.00            0.00            0.00      0.0%
16:20:54  INFO        HRSG1_C2_SHP STEAM                1     Y        0.00       85.68    720.00           85.68        61689.60    100.0%
16:20:54  INFO        HRSG2_C2_SHP STEAM                1     Y        0.00      131.60    720.00          150.50       108361.52    107.6%
16:20:54  INFO        TOTAL SUPPLEMENTARY                                                                         310001.60          
16:20:54  INFO        TOTAL STEAM GENERATED                                                                       513560.00          
16:20:54  INFO        ✓ Steam demand fully met with surplus of 153887.00 MT
16:20:54  INFO      
16:20:54  INFO        ✓ STEAM SPINNING MARGIN OK: 283.32 TPH reserved (required: 250.00 TPH)
16:20:54  INFO        ==============================================================================
16:20:54  INFO        [CASCADE] LP byproduct from HRSGs: 56041.43 MT
16:20:54  INFO        [CASCADE] LP Steam PRDS             produces=LP Steam_Dis         base=  23081.00 uplift=      0.00 byproduct=  56041.43 net=      0.00 -> MP Steam_Dis         consumed=      0.00
16:20:54  INFO        [CASCADE] MP Steam PRDS SHP         produces=MP Steam_Dis         base=  12542.00 uplift=      0.00 byproduct=      0.00 net=  12542.00 -> HP Steam_Dis         consumed=  11287.80
16:20:54  INFO        [CASCADE] HP Steam PRDS             produces=HP Steam_Dis         base= -12014.00 uplift=  11287.80 byproduct=      0.00 net=  11287.80 -> SHP Steam_Dis        consumed=  10565.38
16:20:54  INFO      
16:20:54  INFO        [U4U LOOP] ==============================================================================
16:20:54  INFO        [U4U LOOP]  ITERATION 1
16:20:54  INFO        [U4U LOOP] ==============================================================================
16:20:54  INFO        [U4U LOOP]  Power:  demand=      82867.59 MWh   gen=     120960.00 MWh
16:20:54  INFO        [U4U LOOP]  Steam:  gen=     513560.00 MT
16:20:54  INFO      
16:20:54  INFO        [U4U LOOP]  Utility (ODS Material)            Old Demand    New Demand    U4U Demand    Change %
16:20:54  INFO        [U4U LOOP]  ------------------------------  ------------  ------------  ------------  ----------
16:20:54  INFO        [U4U LOOP]  AUXBOIL7_SHP STEAM                      0.00          0.00      81531.39     0.0000%
16:20:54  INFO        [U4U LOOP]  Boiler Feed Water                       0.00          0.00     574737.03     0.0000%
16:20:54  INFO        [U4U LOOP]  COMPRESED AIR_ASU                       0.00          0.00     643620.92     0.0000%
16:20:54  INFO        [U4U LOOP]  COMPRESSED AIR                          0.00   12620018.00    1085776.42   100.0000%
16:20:54  INFO        [U4U LOOP]  Cooling Water                           0.00     100215.00        853.15   100.0000%
16:20:54  INFO        [U4U LOOP]  D M Water                               0.00     184969.00      28539.90   100.0000%
16:20:54  INFO        [U4U LOOP]  Effluent Treated                        0.00     207361.00     380817.00   100.0000%
16:20:54  INFO        [U4U LOOP]  HP Steam_Dis                            0.00     -12014.00      11287.80   100.0000%
16:20:54  INFO        [U4U LOOP]  HRSG1_C2_SHP STEAM                      0.00          0.00     170290.78     0.0000%
16:20:54  INFO        [U4U LOOP]  HRSG2_C2_SHP STEAM                      0.00          0.00     107850.83     0.0000%
16:20:54  INFO        [U4U LOOP]  LP Steam PRDS                           0.00          0.00       8481.30     0.0000%
16:20:54  INFO        [U4U LOOP]  LP Steam_Dis                            0.00      23081.00       3171.10   100.0000%
16:20:54  INFO        [U4U LOOP]  MP Steam PRDS SHP                       0.00          0.00      12542.00     0.0000%
16:20:54  INFO        [U4U LOOP]  MP Steam_Dis                            0.00      12542.00        929.11   100.0000%
16:20:54  INFO        [U4U LOOP]  NITROGEN_ASU                            0.00   12747061.00     318529.67   100.0000%
16:20:54  INFO        [U4U LOOP]  Oxygen                                  0.00      38907.00          0.00   100.0000%
16:20:54  INFO        [U4U LOOP]  PROCESS FEED WATER                      0.00      31711.00          0.00   100.0000%
16:20:54  INFO        [U4U LOOP]  Power_Dis                               0.00      82867.59      45311.04   100.0000%
16:20:54  INFO        [U4U LOOP]  SHP Steam_Dis                           0.00     359673.00      10565.38   100.0000%
16:20:54  INFO        [U4U LOOP]  Utility Water                           0.00    1528813.00      76296.15   100.0000%
16:20:54  INFO      
16:20:54  INFO        [U4U LOOP]  U4U CONSUMPTION BREAKDOWN (per producer per material):
16:20:54  INFO        [U4U LOOP]  Producer                   Material Consumed              Norm      Quantity
16:20:54  INFO        [U4U LOOP]  -------------------------  -------------------------  --------  ------------
16:20:54  INFO        [U4U LOOP]  JMD - C2-GTG 1             SynGas(Unshift)            0.004368     327075.84
16:20:54  INFO        [U4U LOOP]  JMD - C2-GTG 1             COMPRESSED AIR             0.001280      95846.40
16:20:54  INFO        [U4U LOOP]  JMD - C2-GTG 1             Cooling Water              0.000007        524.16
16:20:54  INFO        [U4U LOOP]  JMD - C2-GTG 1             NITROGEN_ASU               0.001660     124300.80
16:20:54  INFO        [U4U LOOP]  JMD - C2-GTG 1             Power_Dis                  0.001350     101088.00
16:20:54  INFO        [U4U LOOP]  JMD - C2-GTG 1             Utility Water              0.000023       1722.24
16:20:54  INFO        [U4U LOOP]  JMD - C2-GTG 2             SynGas(Unshift)            0.004485     206668.80
16:20:54  INFO        [U4U LOOP]  JMD - C2-GTG 2             COMPRESSED AIR             0.001280      58982.40
16:20:54  INFO        [U4U LOOP]  JMD - C2-GTG 2             Cooling Water              0.000007        322.56
16:20:54  INFO        [U4U LOOP]  JMD - C2-GTG 2             NITROGEN_ASU               0.001660      76492.80
16:20:54  INFO        [U4U LOOP]  JMD - C2-GTG 2             Power_Dis                  0.001350      62208.00
16:20:54  INFO        [U4U LOOP]  JMD - C2-GTG 2             Utility Water              0.000023       1059.84
16:20:54  INFO        [U4U LOOP]  AUXBOIL7_SHP STEAM         SynGas(Unshift)            2.876221     402528.51
16:20:54  INFO        [U4U LOOP]  AUXBOIL7_SHP STEAM         Boiler Feed Water          1.010000     141349.98
16:20:54  INFO        [U4U LOOP]  AUXBOIL7_SHP STEAM         Power_Dis                  3.850000     538809.35
16:20:54  INFO        [U4U LOOP]  HRSG1_C2_SHP STEAM         SynGas(Unshift)            3.376244     607723.92
16:20:54  INFO        [U4U LOOP]  HRSG1_C2_SHP STEAM         Boiler Feed Water          1.160000     208800.00
16:20:54  INFO        [U4U LOOP]  HRSG1_C2_SHP STEAM         Power_Dis                  0.285000      51300.00
16:20:54  INFO        [U4U LOOP]  HRSG2_C2_SHP STEAM         SynGas(Unshift)            3.357468     650037.77
16:20:54  INFO        [U4U LOOP]  HRSG2_C2_SHP STEAM         Boiler Feed Water          1.160000     224587.04
16:20:54  INFO        [U4U LOOP]  HRSG2_C2_SHP STEAM         Power_Dis                  0.285000      55178.71
16:20:54  INFO        [U4U LOOP]  COMPRESSED AIR             COMPRESED AIR_ASU          0.051000     643620.92
16:20:54  INFO        [U4U LOOP]  COMPRESSED AIR             COMPRESSED AIR             0.002670      33695.45
16:20:54  INFO        [U4U LOOP]  COMPRESSED AIR             Power_Dis                  0.150000    1893002.70
16:20:54  INFO        [U4U LOOP]  Cooling Water              COMPRESSED AIR             0.974741      97683.67
16:20:54  INFO        [U4U LOOP]  Cooling Water              Effluent Treated           3.800000     380817.00
16:20:54  INFO        [U4U LOOP]  Cooling Water              Power_Dis                  210.900000   21135343.50
16:20:54  INFO        [U4U LOOP]  Cooling Water              SWRO WATER                 9.400000     942021.00
16:20:54  INFO        [U4U LOOP]  D M Water                  COMPRESSED AIR             0.049180       9096.78
16:20:54  INFO        [U4U LOOP]  D M Water                  NITROGEN_ASU               0.630000     116530.47
16:20:54  INFO        [U4U LOOP]  D M Water                  Power_Dis                  0.920000     170171.48
16:20:54  INFO        [U4U LOOP]  D M Water                  SWRO WATER                 1.150000     212714.35
16:20:54  INFO        [U4U LOOP]  Effluent Treated           COMPRESSED AIR             2.209302     458123.07
16:20:54  INFO        [U4U LOOP]  Effluent Treated           Cooling Water              0.000031          6.43
16:20:54  INFO        [U4U LOOP]  Effluent Treated           NITROGEN_ASU               0.005814       1205.60
16:20:54  INFO        [U4U LOOP]  Effluent Treated           Power_Dis                  3.200000     663555.20
16:20:54  INFO        [U4U LOOP]  Effluent Treated           Utility Water              0.029070       6027.98
16:20:54  INFO        [U4U LOOP]  NITROGEN_ASU               MP Steam_Dis               0.000021        267.69
16:20:54  INFO        [U4U LOOP]  NITROGEN_ASU               Power_Dis                  0.474260    6045421.15
16:20:54  INFO        [U4U LOOP]  NITROGEN_ASU               Ret steam condensate       -0.000011       -140.22
16:20:54  INFO        [U4U LOOP]  NITROGEN_ASU               Utility Water              0.001540      19630.47
16:20:54  INFO        [U4U LOOP]  Oxygen                     MP Steam_Dis               0.017000        661.42
16:20:54  INFO        [U4U LOOP]  Oxygen                     Power_Dis                  374.610000   14574951.27
16:20:54  INFO        [U4U LOOP]  Oxygen                     Ret steam condensate       -0.008000       -311.26
16:20:54  INFO        [U4U LOOP]  Oxygen                     Utility Water              1.230000      47855.61
16:20:54  INFO        [U4U LOOP]  PROCESS FEED WATER         D M Water                  0.900000      28539.90
16:20:54  INFO        [U4U LOOP]  PROCESS FEED WATER         LP Steam_Dis               0.100000       3171.10
16:20:54  INFO        [U4U LOOP]  PROCESS FEED WATER         Power_Dis                  0.631000      20009.64
16:20:54  INFO        [U4U LOOP]  Utility Water              COMPRESSED AIR             0.217390     332348.66
16:20:54  INFO        [U4U LOOP]  Utility Water              SWRO WATER                 1.100000    1681694.30
16:20:54  INFO        [U4U LOOP]  LP Steam_Dis               HRSG1_C2_LP STEAM          0.387271       8938.60
16:20:54  INFO        [U4U LOOP]  LP Steam_Dis               HRSG2_C2_LP STEAM          0.245271       5661.10
16:20:54  INFO        [U4U LOOP]  LP Steam_Dis               LP Steam PRDS              0.367458       8481.30
16:20:54  INFO        [U4U LOOP]  MP Steam_Dis               MP Steam PRDS SHP          1.000000      12542.00
16:20:54  INFO        [U4U LOOP]  SHP Steam_Dis              AUXBOIL7_SHP STEAM         0.226682      81531.39
16:20:54  INFO        [U4U LOOP]  SHP Steam_Dis              HRSG1_C2_SHP STEAM         0.473460     170290.78
16:20:54  INFO        [U4U LOOP]  SHP Steam_Dis              HRSG2_C2_SHP STEAM         0.299858     107850.83
16:20:54  INFO        [U4U LOOP]  LP Steam PRDS              MP Steam_Dis               0.945000          0.00
16:20:54  INFO        [U4U LOOP]  MP Steam PRDS SHP          HP Steam_Dis               0.900000      11287.80
16:20:54  INFO        [U4U LOOP]  HP Steam PRDS              SHP Steam_Dis              0.936000      10565.38
16:20:54  INFO      
16:20:54  INFO        [U4U LOOP]  Not yet converged: 18 materials
16:20:54  INFO        [U4U LOOP]    AUXBOIL7_SHP STEAM              change=100.0000%
16:20:54  INFO        [U4U LOOP]    Boiler Feed Water               change=100.0000%
16:20:54  INFO        [U4U LOOP]    COMPRESED AIR_ASU               change=100.0000%
16:20:54  INFO        [U4U LOOP]    COMPRESSED AIR                  change=100.0000%
16:20:54  INFO        [U4U LOOP]    Cooling Water                   change=100.0000%
16:20:54  INFO        [U4U LOOP]    D M Water                       change=100.0000%
16:20:54  INFO        [U4U LOOP]    Effluent Treated                change=100.0000%
16:20:54  INFO        [U4U LOOP]    HP Steam_Dis                    change=100.0000%
16:20:54  INFO        [U4U LOOP]    HRSG1_C2_SHP STEAM              change=100.0000%
16:20:54  INFO        [U4U LOOP]    HRSG2_C2_SHP STEAM              change=100.0000%
16:20:54  INFO        [U4U LOOP]    LP Steam PRDS                   change=100.0000%
16:20:54  INFO        [U4U LOOP]    LP Steam_Dis                    change=100.0000%
16:20:54  INFO        [U4U LOOP]    MP Steam PRDS SHP               change=100.0000%
16:20:54  INFO        [U4U LOOP]    MP Steam_Dis                    change=100.0000%
16:20:54  INFO        [U4U LOOP]    NITROGEN_ASU                    change=100.0000%
16:20:54  INFO        [U4U LOOP]    Power_Dis                       change=100.0000%
16:20:54  INFO        [U4U LOOP]    SHP Steam_Dis                   change=100.0000%
16:20:54  INFO        [U4U LOOP]    Utility Water                   change=100.0000%
16:20:54  INFO      
16:20:55  INFO        ==============================================================================
16:20:55  INFO        POWER DISPATCH  (April 2026)
16:20:55  INFO        ==============================================================================
16:20:55  INFO        Demand:  Process = 62526.31 MWh  |  Fixed = 57048.78 MWh  |  Total = 119575.09 MWh
16:20:55  INFO      
16:20:55  INFO        Step 1: Mandatory assets at MIN load, then optional if needed
16:20:55  INFO        Asset                      Priority   Man    Min MW    Max MW     Hours       Min MWh
16:20:55  INFO        -------------------------  --------  ----  --------  --------  --------  ------------
16:20:55  INFO        JMD - C2-GTG 1                    1     Y    104.00    105.00    720.00      74880.00
16:20:55  INFO        JMD - C2-GTG 2                    1     Y     64.00     67.00    720.00      46080.00
16:20:55  INFO        TOTAL MIN GENERATION                                                        120960.00
16:20:55  INFO      
16:20:55  INFO        ⚠ SURPLUS: MIN generation (120960.00 MWh) EXCEEDS demand (119575.09 MWh)
16:20:55  INFO          Surplus = 1384.91 MWh  (will be handled via export power in future)
16:20:55  INFO      
16:20:55  INFO        FINAL DISPATCH
16:20:55  INFO        Asset                      Priority   Dispatched MW  Dispatched MWh    Load %   Avg Load MW  FreeStm Factor   Free Steam MT       Heat Rate   Aux Power MWh
16:20:55  INFO        -------------------------  --------  --------------  --------------  --------  ------------  ------------  --------------  --------------  --------------
16:20:55  INFO        JMD - C2-GTG 1                    1          104.00        74880.00     99.0%        104.00        1.5800       118310.40         2654.90          101.09
16:20:55  INFO        JMD - C2-GTG 2                    1           64.00        46080.00     95.5%         64.00        1.8500        85248.00         3170.44           62.21
16:20:55  INFO        TOTAL                                                     120960.00                                             203558.40                          163.30
16:20:55  INFO        ==============================================================================
16:20:56  INFO      
16:20:56  INFO        SPINNING MARGIN CONFIG
16:20:56  INFO        Required margin: 250.00 TPH
16:20:56  INFO        Asset                         Max TPH     Eff Max     Reserve
16:20:56  INFO        -------------------------  ----------  ----------  ----------
16:20:56  INFO        AUXBOIL7_SHP STEAM             220.00      143.61       76.39
16:20:56  INFO        HRSG1_C2_SHP STEAM             250.00      163.19       86.81
16:20:56  INFO        HRSG2_C2_SHP STEAM             250.00      163.19       86.81
16:20:56  INFO        TOTAL RESERVED                                         250.00
16:20:56  INFO        → Margin of 250.00 TPH successfully reserved
16:20:56  INFO      
16:20:56  INFO        ==============================================================================
16:20:56  INFO        STEAM DISPATCH  (April 2026)
16:20:56  INFO        ==============================================================================
16:20:56  INFO        Grade      Process/Fixed MT  Letdown MT  Byproduct MT     Net Demand MT
16:20:56  INFO        ---------  ----------------  ----------  ------------  ----------------
16:20:56  INFO        LP                 26252.10        0.00     -56041.43         -29789.33
16:20:56  INFO        MP                 13471.11    12124.00          0.00          13471.11
16:20:56  INFO        HP                  -726.20    10668.34          0.00          11397.80
16:20:56  INFO        SHP               370238.38        0.00          0.00         370238.38
16:20:56  INFO      
16:20:56  INFO        Total Free Steam available: 203558.40 MT
16:20:56  INFO      
16:20:56  INFO        FINAL SUPPLEMENTARY FIRING DISPATCH
16:20:56  INFO        Asset                      Priority   Man     Min TPH     Max TPH     Hours  Dispatched TPH   Dispatched MT    Load %
16:20:56  INFO        -------------------------  --------  ----  ----------  ----------  --------  --------------  --------------  --------
16:20:56  INFO        AUXBOIL7_SHP STEAM                1     Y       50.00      220.00    698.00          200.50       139950.48     91.1%
16:20:56  INFO        AUXBOIL8_SHP STEAM                1     Y       90.00      220.00      0.00            0.00            0.00      0.0%
16:20:56  INFO        HRSG1_C2_SHP STEAM                1     Y        0.00       85.68    720.00           85.68        61689.60    100.0%
16:20:56  INFO        HRSG2_C2_SHP STEAM                1     Y        0.00      131.60    720.00          150.50       108361.52    107.6%
16:20:56  INFO        TOTAL SUPPLEMENTARY                                                                         310001.60          
16:20:56  INFO        TOTAL STEAM GENERATED                                                                       513560.00          
16:20:56  INFO        ✓ Steam demand fully met with surplus of 143321.62 MT
16:20:56  INFO      
16:20:56  INFO        ✓ STEAM SPINNING MARGIN OK: 283.32 TPH reserved (required: 250.00 TPH)
16:20:56  INFO        ==============================================================================
16:20:56  INFO        [CASCADE] LP byproduct from HRSGs: 56041.43 MT
16:20:56  INFO        [CASCADE] LP Steam PRDS             produces=LP Steam_Dis         base=  26252.10 uplift=      0.00 byproduct=  56041.43 net=      0.00 -> MP Steam_Dis         consumed=      0.00
16:20:56  INFO        [CASCADE] MP Steam PRDS SHP         produces=MP Steam_Dis         base=  13471.11 uplift=      0.00 byproduct=      0.00 net=  13471.11 -> HP Steam_Dis         consumed=  12124.00
16:20:56  INFO        [CASCADE] HP Steam PRDS             produces=HP Steam_Dis         base=   -726.20 uplift=  12124.00 byproduct=      0.00 net=  12124.00 -> SHP Steam_Dis        consumed=  11348.06
16:20:56  INFO      
16:20:56  INFO        [U4U LOOP] ==============================================================================
16:20:56  INFO        [U4U LOOP]  ITERATION 2
16:20:56  INFO        [U4U LOOP] ==============================================================================
16:20:56  INFO        [U4U LOOP]  Power:  demand=     128178.63 MWh   gen=     120960.00 MWh
16:20:56  INFO        [U4U LOOP]  Steam:  gen=     513560.00 MT
16:20:56  INFO      
16:20:56  INFO        [U4U LOOP]  Utility (ODS Material)            Old Demand    New Demand    U4U Demand    Change %
16:20:56  INFO        [U4U LOOP]  ------------------------------  ------------  ------------  ------------  ----------
16:20:56  INFO        [U4U LOOP]  AUXBOIL7_SHP STEAM                      0.00      81531.39      83926.38   100.0000%
16:20:56  INFO        [U4U LOOP]  Boiler Feed Water                       0.00     574737.03     574737.03   100.0000%
16:20:56  INFO        [U4U LOOP]  COMPRESED AIR_ASU                       0.00     643620.92     698995.52   100.0000%
16:20:56  INFO        [U4U LOOP]  COMPRESSED AIR                   12620018.00   13705794.42    1948836.42     7.9220%
16:20:56  INFO        [U4U LOOP]  Cooling Water                      100215.00     101068.15        864.95     0.8441%
16:20:56  INFO        [U4U LOOP]  D M Water                          184969.00     213508.90     545803.23    13.3671%
16:20:56  INFO        [U4U LOOP]  Effluent Treated                   207361.00     588178.00     384058.96    64.7452%
16:20:56  INFO        [U4U LOOP]  HP Steam_Dis                       -12014.00       -726.20      12124.00  1554.3652%
16:20:56  INFO        [U4U LOOP]  HRSG1_C2_SHP STEAM                      0.00     170290.78     175293.06   100.0000%
16:20:56  INFO        [U4U LOOP]  HRSG2_C2_SHP STEAM                      0.00     107850.83     111018.94   100.0000%
16:20:56  INFO        [U4U LOOP]  LP Steam PRDS                           0.00       8481.30       9646.54   100.0000%
16:20:56  INFO        [U4U LOOP]  LP Steam_Dis                        23081.00      26252.10      60644.80    12.0794%
16:20:56  INFO        [U4U LOOP]  MP Steam PRDS SHP                       0.00      12542.00      13471.11   100.0000%
16:20:56  INFO        [U4U LOOP]  MP Steam_Dis                        12542.00      13471.11        935.80     6.8970%
16:20:56  INFO        [U4U LOOP]  NITROGEN_ASU                     12747061.00   13065590.67     338723.87     2.4379%
16:20:56  INFO        [U4U LOOP]  Oxygen                              38907.00      38907.00          0.00     0.0000%
16:20:56  INFO        [U4U LOOP]  PROCESS FEED WATER                  31711.00      31711.00          0.00     0.0000%
16:20:56  INFO        [U4U LOOP]  Power_Dis                           82867.59     128178.63      51785.59    35.3499%
16:20:56  INFO        [U4U LOOP]  SHP Steam_Dis                      359673.00     370238.38      11348.06     2.8537%
16:20:56  INFO        [U4U LOOP]  Utility Water                     1528813.00    1605109.15      87857.03     4.7533%
16:20:56  INFO      
16:20:56  INFO        [U4U LOOP]  U4U CONSUMPTION BREAKDOWN (per producer per material):
16:20:56  INFO        [U4U LOOP]  Producer                   Material Consumed              Norm      Quantity
16:20:56  INFO        [U4U LOOP]  -------------------------  -------------------------  --------  ------------
16:20:56  INFO        [U4U LOOP]  JMD - C2-GTG 1             SynGas(Unshift)            0.004368     327075.84
16:20:56  INFO        [U4U LOOP]  JMD - C2-GTG 1             COMPRESSED AIR             0.001280      95846.40
16:20:56  INFO        [U4U LOOP]  JMD - C2-GTG 1             Cooling Water              0.000007        524.16
16:20:56  INFO        [U4U LOOP]  JMD - C2-GTG 1             NITROGEN_ASU               0.001660     124300.80
16:20:56  INFO        [U4U LOOP]  JMD - C2-GTG 1             Power_Dis                  0.001350     101088.00
16:20:56  INFO        [U4U LOOP]  JMD - C2-GTG 1             Utility Water              0.000023       1722.24
16:20:56  INFO        [U4U LOOP]  JMD - C2-GTG 2             SynGas(Unshift)            0.004485     206668.80
16:20:56  INFO        [U4U LOOP]  JMD - C2-GTG 2             COMPRESSED AIR             0.001280      58982.40
16:20:56  INFO        [U4U LOOP]  JMD - C2-GTG 2             Cooling Water              0.000007        322.56
16:20:56  INFO        [U4U LOOP]  JMD - C2-GTG 2             NITROGEN_ASU               0.001660      76492.80
16:20:56  INFO        [U4U LOOP]  JMD - C2-GTG 2             Power_Dis                  0.001350      62208.00
16:20:56  INFO        [U4U LOOP]  JMD - C2-GTG 2             Utility Water              0.000023       1059.84
16:20:56  INFO        [U4U LOOP]  AUXBOIL7_SHP STEAM         SynGas(Unshift)            2.876221     402528.51
16:20:56  INFO        [U4U LOOP]  AUXBOIL7_SHP STEAM         Boiler Feed Water          1.010000     141349.98
16:20:56  INFO        [U4U LOOP]  AUXBOIL7_SHP STEAM         Power_Dis                  3.850000     538809.35
16:20:56  INFO        [U4U LOOP]  HRSG1_C2_SHP STEAM         SynGas(Unshift)            3.376244     607723.92
16:20:56  INFO        [U4U LOOP]  HRSG1_C2_SHP STEAM         Boiler Feed Water          1.160000     208800.00
16:20:56  INFO        [U4U LOOP]  HRSG1_C2_SHP STEAM         Power_Dis                  0.285000      51300.00
16:20:56  INFO        [U4U LOOP]  HRSG2_C2_SHP STEAM         SynGas(Unshift)            3.357468     650037.77
16:20:56  INFO        [U4U LOOP]  HRSG2_C2_SHP STEAM         Boiler Feed Water          1.160000     224587.04
16:20:56  INFO        [U4U LOOP]  HRSG2_C2_SHP STEAM         Power_Dis                  0.285000      55178.71
16:20:56  INFO        [U4U LOOP]  Boiler Feed Water          D M Water                  0.900000     517263.33
16:20:56  INFO        [U4U LOOP]  Boiler Feed Water          LP Steam_Dis               0.100000      57473.70
16:20:56  INFO        [U4U LOOP]  Boiler Feed Water          Power_Dis                  8.100000    4655369.93
16:20:56  INFO        [U4U LOOP]  COMPRESED AIR_ASU          Power_Dis                  0.125000      80452.61
16:20:56  INFO        [U4U LOOP]  COMPRESSED AIR             COMPRESED AIR_ASU          0.051000     698995.52
16:20:56  INFO        [U4U LOOP]  COMPRESSED AIR             COMPRESSED AIR             0.002670      36594.47
16:20:56  INFO        [U4U LOOP]  COMPRESSED AIR             Power_Dis                  0.150000    2055869.16
16:20:56  INFO        [U4U LOOP]  Cooling Water              COMPRESSED AIR             0.974741      98515.27
16:20:56  INFO        [U4U LOOP]  Cooling Water              Effluent Treated           3.800000     384058.96
16:20:56  INFO        [U4U LOOP]  Cooling Water              Power_Dis                  210.900000   21315272.45
16:20:56  INFO        [U4U LOOP]  Cooling Water              SWRO WATER                 9.400000     950040.59
16:20:56  INFO        [U4U LOOP]  D M Water                  COMPRESSED AIR             0.049180      10500.37
16:20:56  INFO        [U4U LOOP]  D M Water                  NITROGEN_ASU               0.630000     134510.61
16:20:56  INFO        [U4U LOOP]  D M Water                  Power_Dis                  0.920000     196428.19
16:20:56  INFO        [U4U LOOP]  D M Water                  SWRO WATER                 1.150000     245535.23
16:20:56  INFO        [U4U LOOP]  Effluent Treated           COMPRESSED AIR             2.209302    1299462.83
16:20:56  INFO        [U4U LOOP]  Effluent Treated           Cooling Water              0.000031         18.23
16:20:56  INFO        [U4U LOOP]  Effluent Treated           NITROGEN_ASU               0.005814       3419.67
16:20:56  INFO        [U4U LOOP]  Effluent Treated           Power_Dis                  3.200000    1882169.60
16:20:56  INFO        [U4U LOOP]  Effluent Treated           Utility Water              0.029070      17098.33
16:20:56  INFO        [U4U LOOP]  NITROGEN_ASU               MP Steam_Dis               0.000021        274.38
16:20:56  INFO        [U4U LOOP]  NITROGEN_ASU               Power_Dis                  0.474260    6196487.03
16:20:56  INFO        [U4U LOOP]  NITROGEN_ASU               Ret steam condensate       -0.000011       -143.72
16:20:56  INFO        [U4U LOOP]  NITROGEN_ASU               Utility Water              0.001540      20121.01
16:20:56  INFO        [U4U LOOP]  Oxygen                     MP Steam_Dis               0.017000        661.42
16:20:56  INFO        [U4U LOOP]  Oxygen                     Power_Dis                  374.610000   14574951.27
16:20:56  INFO        [U4U LOOP]  Oxygen                     Ret steam condensate       -0.008000       -311.26
16:20:56  INFO        [U4U LOOP]  Oxygen                     Utility Water              1.230000      47855.61
16:20:56  INFO        [U4U LOOP]  PROCESS FEED WATER         D M Water                  0.900000      28539.90
16:20:56  INFO        [U4U LOOP]  PROCESS FEED WATER         LP Steam_Dis               0.100000       3171.10
16:20:56  INFO        [U4U LOOP]  PROCESS FEED WATER         Power_Dis                  0.631000      20009.64
16:20:56  INFO        [U4U LOOP]  Utility Water              COMPRESSED AIR             0.217390     348934.68
16:20:56  INFO        [U4U LOOP]  Utility Water              SWRO WATER                 1.100000    1765620.06
16:20:56  INFO        [U4U LOOP]  LP Steam_Dis               HRSG1_C2_LP STEAM          0.387271      10166.68
16:20:56  INFO        [U4U LOOP]  LP Steam_Dis               HRSG2_C2_LP STEAM          0.245271       6438.88
16:20:56  INFO        [U4U LOOP]  LP Steam_Dis               LP Steam PRDS              0.367458       9646.54
16:20:56  INFO        [U4U LOOP]  MP Steam_Dis               MP Steam PRDS SHP          1.000000      13471.11
16:20:56  INFO        [U4U LOOP]  SHP Steam_Dis              AUXBOIL7_SHP STEAM         0.226682      83926.38
16:20:56  INFO        [U4U LOOP]  SHP Steam_Dis              HRSG1_C2_SHP STEAM         0.473460     175293.06
16:20:56  INFO        [U4U LOOP]  SHP Steam_Dis              HRSG2_C2_SHP STEAM         0.299858     111018.94
16:20:56  INFO        [U4U LOOP]  LP Steam PRDS              MP Steam_Dis               0.945000          0.00
16:20:56  INFO        [U4U LOOP]  MP Steam PRDS SHP          HP Steam_Dis               0.900000      12124.00
16:20:56  INFO        [U4U LOOP]  HP Steam PRDS              SHP Steam_Dis              0.936000      11348.06
16:20:56  INFO      
16:20:56  INFO        [U4U LOOP]  Not yet converged: 17 materials
16:20:56  INFO        [U4U LOOP]    AUXBOIL7_SHP STEAM              change=2.8537%
16:20:56  INFO        [U4U LOOP]    COMPRESED AIR_ASU               change=7.9220%
16:20:56  INFO        [U4U LOOP]    COMPRESSED AIR                  change=44.2859%
16:20:56  INFO        [U4U LOOP]    Cooling Water                   change=1.3649%
16:20:56  INFO        [U4U LOOP]    D M Water                       change=94.7710%
16:20:56  INFO        [U4U LOOP]    Effluent Treated                change=0.8441%
16:20:56  INFO        [U4U LOOP]    HP Steam_Dis                    change=6.8970%
16:20:56  INFO        [U4U LOOP]    HRSG1_C2_SHP STEAM              change=2.8537%
16:20:56  INFO        [U4U LOOP]    HRSG2_C2_SHP STEAM              change=2.8537%
16:20:56  INFO        [U4U LOOP]    LP Steam PRDS                   change=12.0794%
16:20:56  INFO        [U4U LOOP]    LP Steam_Dis                    change=94.7710%
16:20:56  INFO        [U4U LOOP]    MP Steam PRDS SHP               change=6.8970%
16:20:56  INFO        [U4U LOOP]    MP Steam_Dis                    change=0.7148%
16:20:56  INFO        [U4U LOOP]    NITROGEN_ASU                    change=5.9618%
16:20:56  INFO        [U4U LOOP]    Power_Dis                       change=12.5026%
16:20:56  INFO        [U4U LOOP]    SHP Steam_Dis                   change=6.8970%
16:20:56  INFO        [U4U LOOP]    Utility Water                   change=13.1587%
16:20:56  INFO      
16:20:57  INFO        ==============================================================================
16:20:57  INFO        POWER DISPATCH  (April 2026)
16:20:57  INFO        ==============================================================================
16:20:57  INFO        Demand:  Process = 62526.31 MWh  |  Fixed = 63523.34 MWh  |  Total = 126049.65 MWh
16:20:57  INFO      
16:20:57  INFO        Step 1: Mandatory assets at MIN load, then optional if needed
16:20:57  INFO        Asset                      Priority   Man    Min MW    Max MW     Hours       Min MWh
16:20:57  INFO        -------------------------  --------  ----  --------  --------  --------  ------------
16:20:57  INFO        JMD - C2-GTG 1                    1     Y    104.00    105.00    720.00      74880.00
16:20:57  INFO        JMD - C2-GTG 2                    1     Y     64.00     67.00    720.00      46080.00
16:20:57  INFO        TOTAL MIN GENERATION                                                        120960.00
16:20:57  INFO      
16:20:57  INFO        ⚠ DEFICIT: MAX generation (123840.00 MWh) BELOW demand (126049.65 MWh)
16:20:57  INFO          Deficit = 2209.65 MWh
16:20:57  INFO      
16:20:57  INFO        FINAL DISPATCH
16:20:57  INFO        Asset                      Priority   Dispatched MW  Dispatched MWh    Load %   Avg Load MW  FreeStm Factor   Free Steam MT       Heat Rate   Aux Power MWh
16:20:57  INFO        -------------------------  --------  --------------  --------------  --------  ------------  ------------  --------------  --------------  --------------
16:20:57  INFO        JMD - C2-GTG 1                    1          105.00        75600.00    100.0%        105.00        1.5700       118692.00         2643.00          102.06
16:20:57  INFO        JMD - C2-GTG 2                    1           67.00        48240.00    100.0%         67.00        1.8300        88279.20         3120.84           65.12
16:20:57  INFO        TOTAL                                                     123840.00                                             206971.20                          167.18
16:20:57  INFO        ==============================================================================
16:20:58  INFO      
16:20:58  INFO        SPINNING MARGIN CONFIG
16:20:58  INFO        Required margin: 250.00 TPH
16:20:58  INFO        Asset                         Max TPH     Eff Max     Reserve
16:20:58  INFO        -------------------------  ----------  ----------  ----------
16:20:58  INFO        AUXBOIL7_SHP STEAM             220.00      143.61       76.39
16:20:58  INFO        HRSG1_C2_SHP STEAM             250.00      163.19       86.81
16:20:58  INFO        HRSG2_C2_SHP STEAM             250.00      163.19       86.81
16:20:58  INFO        TOTAL RESERVED                                         250.00
16:20:58  INFO        → Margin of 250.00 TPH successfully reserved
16:20:58  INFO      
16:20:58  INFO        ==============================================================================
16:20:58  INFO        STEAM DISPATCH  (April 2026)
16:20:58  INFO        ==============================================================================
16:20:58  INFO        Grade      Process/Fixed MT  Letdown MT  Byproduct MT     Net Demand MT
16:20:58  INFO        ---------  ----------------  ----------  ------------  ----------------
16:20:58  INFO        LP                 83725.80    25950.23     -56265.24          27460.56
16:20:58  INFO        MP                 13477.80    35485.22          0.00          39428.03
16:20:58  INFO        HP                   110.00    33317.13          0.00          35595.22
16:20:58  INFO        SHP               371021.06        0.00          0.00         371021.06
16:20:58  INFO      
16:20:58  INFO        Total Free Steam available: 206971.20 MT
16:20:58  INFO      
16:20:58  INFO        FINAL SUPPLEMENTARY FIRING DISPATCH
16:20:58  INFO        Asset                      Priority   Man     Min TPH     Max TPH     Hours  Dispatched TPH   Dispatched MT    Load %
16:20:58  INFO        -------------------------  --------  ----  ----------  ----------  --------  --------------  --------------  --------
16:20:58  INFO        AUXBOIL7_SHP STEAM                1     Y       50.00      220.00    698.00          198.36       138458.39     90.2%
16:20:58  INFO        AUXBOIL8_SHP STEAM                1     Y       90.00      220.00      0.00            0.00            0.00      0.0%
16:20:58  INFO        HRSG1_C2_SHP STEAM                1     Y        0.00       85.15    720.00           85.15        61308.00    100.0%
16:20:58  INFO        HRSG2_C2_SHP STEAM                1     Y        0.00      127.39    720.00          148.36       106822.41    108.4%
16:20:58  INFO        TOTAL SUPPLEMENTARY                                                                         306588.80          
16:20:58  INFO        TOTAL STEAM GENERATED                                                                       513560.00          
16:20:58  INFO        ✓ Steam demand fully met with surplus of 142538.94 MT
16:20:58  INFO      
16:20:58  INFO        ✓ STEAM SPINNING MARGIN OK: 288.12 TPH reserved (required: 250.00 TPH)
16:20:58  INFO        ==============================================================================
16:20:58  INFO        [CASCADE] LP byproduct from HRSGs: 56265.24 MT
16:20:58  INFO        [CASCADE] LP Steam PRDS             produces=LP Steam_Dis         base=  83725.80 uplift=      0.00 byproduct=  56265.24 net=  27460.56 -> MP Steam_Dis         consumed=  25950.23
16:20:58  INFO        [CASCADE] MP Steam PRDS SHP         produces=MP Steam_Dis         base=  13477.80 uplift=  25950.23 byproduct=      0.00 net=  39428.03 -> HP Steam_Dis         consumed=  35485.22
16:20:58  INFO        [CASCADE] HP Steam PRDS             produces=HP Steam_Dis         base=    110.00 uplift=  35485.22 byproduct=      0.00 net=  35595.22 -> SHP Steam_Dis        consumed=  33317.13
16:20:58  INFO      
16:20:58  INFO        [U4U LOOP] ==============================================================================
16:20:58  INFO        [U4U LOOP]  ITERATION 3
16:20:58  INFO        [U4U LOOP] ==============================================================================
16:20:58  INFO        [U4U LOOP]  Power:  demand=     134653.19 MWh   gen=     123840.00 MWh
16:20:58  INFO        [U4U LOOP]  Steam:  gen=     513560.00 MT
16:20:58  INFO      
16:20:58  INFO        [U4U LOOP]  Utility (ODS Material)            Old Demand    New Demand    U4U Demand    Change %
16:20:58  INFO        [U4U LOOP]  ------------------------------  ------------  ------------  ------------  ----------
16:20:58  INFO        [U4U LOOP]  AUXBOIL7_SHP STEAM                  81531.39      83926.38      84103.80     2.8537%
16:20:58  INFO        [U4U LOOP]  Boiler Feed Water                  574737.03     574737.03     574960.84     0.0000%
16:20:58  INFO        [U4U LOOP]  COMPRESED AIR_ASU                  643620.92     698995.52     743011.58     7.9220%
16:20:58  INFO        [U4U LOOP]  COMPRESSED AIR                   13705794.42   14568854.42    1989953.40     5.9240%
16:20:58  INFO        [U4U LOOP]  Cooling Water                      101068.15     101079.95        885.21     0.0117%
16:20:58  INFO        [U4U LOOP]  D M Water                          213508.90     730772.23     545803.23    70.7831%
16:20:58  INFO        [U4U LOOP]  Effluent Treated                   588178.00     591419.96     384103.82     0.5482%
16:20:58  INFO        [U4U LOOP]  HP Steam PRDS                           0.00          0.00        110.00     0.0000%
16:20:58  INFO        [U4U LOOP]  HP Steam_Dis                         -726.20        110.00      35485.22   760.2025%
16:20:58  INFO        [U4U LOOP]  HRSG1_C2_SHP STEAM                 170290.78     175293.06     175663.63     2.8537%
16:20:58  INFO        [U4U LOOP]  HRSG2_C2_SHP STEAM                 107850.83     111018.94     111253.63     2.8537%
16:20:58  INFO        [U4U LOOP]  LP Steam PRDS                        8481.30       9646.54      30765.72    12.0794%
16:20:58  INFO        [U4U LOOP]  LP Steam_Dis                        26252.10      83725.80      60644.80    68.6451%
16:20:58  INFO        [U4U LOOP]  MP Steam PRDS SHP                   12542.00      13471.11      13477.80     6.8970%
16:20:58  INFO        [U4U LOOP]  MP Steam_Dis                        13471.11      13477.80      26886.45     0.0496%
16:20:58  INFO        [U4U LOOP]  NITROGEN_ASU                     13065590.67   13085784.87     669399.42     0.1543%
16:20:58  INFO        [U4U LOOP]  Oxygen                              38907.00      38907.00          0.00     0.0000%
16:20:58  INFO        [U4U LOOP]  PROCESS FEED WATER                  31711.00      31711.00          0.00     0.0000%
16:20:58  INFO        [U4U LOOP]  Power_Dis                          128178.63     134653.19      52418.87     4.8083%
16:20:58  INFO        [U4U LOOP]  SHP Steam_Dis                      370238.38     371021.06      33317.13     0.2110%
16:20:58  INFO        [U4U LOOP]  Utility Water                     1605109.15    1616670.03      88048.62     0.7151%
16:20:58  INFO      
16:20:58  INFO        [U4U LOOP]  U4U CONSUMPTION BREAKDOWN (per producer per material):
16:20:58  INFO        [U4U LOOP]  Producer                   Material Consumed              Norm      Quantity
16:20:58  INFO        [U4U LOOP]  -------------------------  -------------------------  --------  ------------
16:20:58  INFO        [U4U LOOP]  JMD - C2-GTG 1             SynGas(Unshift)            0.004368     330220.80
16:20:58  INFO        [U4U LOOP]  JMD - C2-GTG 1             COMPRESSED AIR             0.001280      96768.00
16:20:58  INFO        [U4U LOOP]  JMD - C2-GTG 1             Cooling Water              0.000007        529.20
16:20:58  INFO        [U4U LOOP]  JMD - C2-GTG 1             NITROGEN_ASU               0.001660     125496.00
16:20:58  INFO        [U4U LOOP]  JMD - C2-GTG 1             Power_Dis                  0.001350     102060.00
16:20:58  INFO        [U4U LOOP]  JMD - C2-GTG 1             Utility Water              0.000023       1738.80
16:20:58  INFO        [U4U LOOP]  JMD - C2-GTG 2             SynGas(Unshift)            0.004485     216356.40
16:20:58  INFO        [U4U LOOP]  JMD - C2-GTG 2             COMPRESSED AIR             0.001280      61747.20
16:20:58  INFO        [U4U LOOP]  JMD - C2-GTG 2             Cooling Water              0.000007        337.68
16:20:58  INFO        [U4U LOOP]  JMD - C2-GTG 2             NITROGEN_ASU               0.001660      80078.40
16:20:58  INFO        [U4U LOOP]  JMD - C2-GTG 2             Power_Dis                  0.001350      65124.00
16:20:58  INFO        [U4U LOOP]  JMD - C2-GTG 2             Utility Water              0.000023       1109.52
16:20:58  INFO        [U4U LOOP]  AUXBOIL7_SHP STEAM         SynGas(Unshift)            2.876221     398236.93
16:20:58  INFO        [U4U LOOP]  AUXBOIL7_SHP STEAM         Boiler Feed Water          1.010000     139842.97
16:20:58  INFO        [U4U LOOP]  AUXBOIL7_SHP STEAM         Power_Dis                  3.850000     533064.80
16:20:58  INFO        [U4U LOOP]  HRSG1_C2_SHP STEAM         SynGas(Unshift)            3.376244     607723.92
16:20:58  INFO        [U4U LOOP]  HRSG1_C2_SHP STEAM         Boiler Feed Water          1.160000     208800.00
16:20:58  INFO        [U4U LOOP]  HRSG1_C2_SHP STEAM         Power_Dis                  0.285000      51300.00
16:20:58  INFO        [U4U LOOP]  HRSG2_C2_SHP STEAM         SynGas(Unshift)            3.357468     655047.41
16:20:58  INFO        [U4U LOOP]  HRSG2_C2_SHP STEAM         Boiler Feed Water          1.160000     226317.87
16:20:58  INFO        [U4U LOOP]  HRSG2_C2_SHP STEAM         Power_Dis                  0.285000      55603.96
16:20:58  INFO        [U4U LOOP]  Boiler Feed Water          D M Water                  0.900000     517263.33
16:20:58  INFO        [U4U LOOP]  Boiler Feed Water          LP Steam_Dis               0.100000      57473.70
16:20:58  INFO        [U4U LOOP]  Boiler Feed Water          Power_Dis                  8.100000    4655369.93
16:20:58  INFO        [U4U LOOP]  COMPRESED AIR_ASU          Power_Dis                  0.125000      87374.44
16:20:58  INFO        [U4U LOOP]  COMPRESSED AIR             COMPRESED AIR_ASU          0.051000     743011.58
16:20:58  INFO        [U4U LOOP]  COMPRESSED AIR             COMPRESSED AIR             0.002670      38898.84
16:20:58  INFO        [U4U LOOP]  COMPRESSED AIR             Power_Dis                  0.150000    2185328.16
16:20:58  INFO        [U4U LOOP]  Cooling Water              COMPRESSED AIR             0.974741      98526.77
16:20:58  INFO        [U4U LOOP]  Cooling Water              Effluent Treated           3.800000     384103.82
16:20:58  INFO        [U4U LOOP]  Cooling Water              Power_Dis                  210.900000   21317762.20
16:20:58  INFO        [U4U LOOP]  Cooling Water              SWRO WATER                 9.400000     950151.56
16:20:58  INFO        [U4U LOOP]  D M Water                  COMPRESSED AIR             0.049180      35939.38
16:20:58  INFO        [U4U LOOP]  D M Water                  NITROGEN_ASU               0.630000     460386.50
16:20:58  INFO        [U4U LOOP]  D M Water                  Power_Dis                  0.920000     672310.45
16:20:58  INFO        [U4U LOOP]  D M Water                  SWRO WATER                 1.150000     840388.06
16:20:58  INFO        [U4U LOOP]  Effluent Treated           COMPRESSED AIR             2.209302    1306625.31
16:20:58  INFO        [U4U LOOP]  Effluent Treated           Cooling Water              0.000031         18.33
16:20:58  INFO        [U4U LOOP]  Effluent Treated           NITROGEN_ASU               0.005814       3438.52
16:20:58  INFO        [U4U LOOP]  Effluent Treated           Power_Dis                  3.200000    1892543.88
16:20:58  INFO        [U4U LOOP]  Effluent Treated           Utility Water              0.029070      17192.58
16:20:58  INFO        [U4U LOOP]  NITROGEN_ASU               MP Steam_Dis               0.000021        274.80
16:20:58  INFO        [U4U LOOP]  NITROGEN_ASU               Power_Dis                  0.474260    6206064.33
16:20:58  INFO        [U4U LOOP]  NITROGEN_ASU               Ret steam condensate       -0.000011       -143.94
16:20:58  INFO        [U4U LOOP]  NITROGEN_ASU               Utility Water              0.001540      20152.11
16:20:58  INFO        [U4U LOOP]  Oxygen                     MP Steam_Dis               0.017000        661.42
16:20:58  INFO        [U4U LOOP]  Oxygen                     Power_Dis                  374.610000   14574951.27
16:20:58  INFO        [U4U LOOP]  Oxygen                     Ret steam condensate       -0.008000       -311.26
16:20:58  INFO        [U4U LOOP]  Oxygen                     Utility Water              1.230000      47855.61
16:20:58  INFO        [U4U LOOP]  PROCESS FEED WATER         D M Water                  0.900000      28539.90
16:20:58  INFO        [U4U LOOP]  PROCESS FEED WATER         LP Steam_Dis               0.100000       3171.10
16:20:58  INFO        [U4U LOOP]  PROCESS FEED WATER         Power_Dis                  0.631000      20009.64
16:20:58  INFO        [U4U LOOP]  Utility Water              COMPRESSED AIR             0.217390     351447.90
16:20:58  INFO        [U4U LOOP]  Utility Water              SWRO WATER                 1.100000    1778337.04
16:20:58  INFO        [U4U LOOP]  HP Steam_Dis               HP Steam PRDS              1.000000        110.00
16:20:58  INFO        [U4U LOOP]  LP Steam_Dis               HRSG1_C2_LP STEAM          0.387271      32424.58
16:20:58  INFO        [U4U LOOP]  LP Steam_Dis               HRSG2_C2_LP STEAM          0.245271      20535.51
16:20:58  INFO        [U4U LOOP]  LP Steam_Dis               LP Steam PRDS              0.367458      30765.72
16:20:58  INFO        [U4U LOOP]  MP Steam_Dis               MP Steam PRDS SHP          1.000000      13477.80
16:20:58  INFO        [U4U LOOP]  SHP Steam_Dis              AUXBOIL7_SHP STEAM         0.226682      84103.80
16:20:58  INFO        [U4U LOOP]  SHP Steam_Dis              HRSG1_C2_SHP STEAM         0.473460     175663.63
16:20:58  INFO        [U4U LOOP]  SHP Steam_Dis              HRSG2_C2_SHP STEAM         0.299858     111253.63
16:20:58  INFO        [U4U LOOP]  LP Steam PRDS              MP Steam_Dis               0.945000      25950.23
16:20:58  INFO        [U4U LOOP]  MP Steam PRDS SHP          HP Steam_Dis               0.900000      35485.22
16:20:58  INFO        [U4U LOOP]  HP Steam PRDS              SHP Steam_Dis              0.936000      33317.13
16:20:58  INFO      
16:20:58  INFO        [U4U LOOP]  Not yet converged: 17 materials
16:20:58  INFO        [U4U LOOP]    AUXBOIL7_SHP STEAM              change=0.2110%
16:20:58  INFO        [U4U LOOP]    Boiler Feed Water               change=0.0389%
16:20:58  INFO        [U4U LOOP]    COMPRESED AIR_ASU               change=5.9240%
16:20:58  INFO        [U4U LOOP]    COMPRESSED AIR                  change=2.0662%
16:20:58  INFO        [U4U LOOP]    Cooling Water                   change=2.2888%
16:20:58  INFO        [U4U LOOP]    Effluent Treated                change=0.0117%
16:20:58  INFO        [U4U LOOP]    HP Steam PRDS                   change=100.0000%
16:20:58  INFO        [U4U LOOP]    HP Steam_Dis                    change=65.8337%
16:20:58  INFO        [U4U LOOP]    HRSG1_C2_SHP STEAM              change=0.2110%
16:20:58  INFO        [U4U LOOP]    HRSG2_C2_SHP STEAM              change=0.2110%
16:20:58  INFO        [U4U LOOP]    LP Steam PRDS                   change=68.6451%
16:20:58  INFO        [U4U LOOP]    MP Steam PRDS SHP               change=0.0496%
16:20:58  INFO        [U4U LOOP]    MP Steam_Dis                    change=96.5194%
16:20:58  INFO        [U4U LOOP]    NITROGEN_ASU                    change=49.3988%
16:20:58  INFO        [U4U LOOP]    Power_Dis                       change=1.2081%
16:20:58  INFO        [U4U LOOP]    SHP Steam_Dis                   change=65.9393%
16:20:58  INFO        [U4U LOOP]    Utility Water                   change=0.2176%
16:20:58  INFO      
16:20:59  INFO        ==============================================================================
16:20:59  INFO        POWER DISPATCH  (April 2026)
16:20:59  INFO        ==============================================================================
16:20:59  INFO        Demand:  Process = 62526.31 MWh  |  Fixed = 64156.61 MWh  |  Total = 126682.92 MWh
16:20:59  INFO      
16:20:59  INFO        Step 1: Mandatory assets at MIN load, then optional if needed
16:20:59  INFO        Asset                      Priority   Man    Min MW    Max MW     Hours       Min MWh
16:20:59  INFO        -------------------------  --------  ----  --------  --------  --------  ------------
16:20:59  INFO        JMD - C2-GTG 1                    1     Y    104.00    105.00    720.00      74880.00
16:20:59  INFO        JMD - C2-GTG 2                    1     Y     64.00     67.00    720.00      46080.00
16:20:59  INFO        TOTAL MIN GENERATION                                                        120960.00
16:20:59  INFO      
16:20:59  INFO        ⚠ DEFICIT: MAX generation (123840.00 MWh) BELOW demand (126682.92 MWh)
16:20:59  INFO          Deficit = 2842.92 MWh
16:20:59  INFO      
16:20:59  INFO        FINAL DISPATCH
16:20:59  INFO        Asset                      Priority   Dispatched MW  Dispatched MWh    Load %   Avg Load MW  FreeStm Factor   Free Steam MT       Heat Rate   Aux Power MWh
16:20:59  INFO        -------------------------  --------  --------------  --------------  --------  ------------  ------------  --------------  --------------  --------------
16:20:59  INFO        JMD - C2-GTG 1                    1          105.00        75600.00    100.0%        105.00        1.5700       118692.00         2643.00          102.06
16:20:59  INFO        JMD - C2-GTG 2                    1           67.00        48240.00    100.0%         67.00        1.8300        88279.20         3120.84           65.12
16:20:59  INFO        TOTAL                                                     123840.00                                             206971.20                          167.18
16:20:59  INFO        ==============================================================================
16:21:00  INFO      
16:21:00  INFO        SPINNING MARGIN CONFIG
16:21:00  INFO        Required margin: 250.00 TPH
16:21:00  INFO        Asset                         Max TPH     Eff Max     Reserve
16:21:00  INFO        -------------------------  ----------  ----------  ----------
16:21:00  INFO        AUXBOIL7_SHP STEAM             220.00      143.61       76.39
16:21:00  INFO        HRSG1_C2_SHP STEAM             250.00      163.19       86.81
16:21:00  INFO        HRSG2_C2_SHP STEAM             250.00      163.19       86.81
16:21:00  INFO        TOTAL RESERVED                                         250.00
16:21:00  INFO        → Margin of 250.00 TPH successfully reserved
16:21:00  INFO      
16:21:00  INFO        ==============================================================================
16:21:00  INFO        STEAM DISPATCH  (April 2026)
16:21:00  INFO        ==============================================================================
16:21:00  INFO        Grade      Process/Fixed MT  Letdown MT  Byproduct MT     Net Demand MT
16:21:00  INFO        ---------  ----------------  ----------  ------------  ----------------
16:21:00  INFO        LP                 83725.80    25950.23     -56265.24          27460.56
16:21:00  INFO        MP                 39428.45    58840.81          0.00          65378.68
16:21:00  INFO        HP                 23471.22    77044.07          0.00          82312.04
16:21:00  INFO        SHP               392990.13        0.00          0.00         392990.13
16:21:00  INFO      
16:21:00  INFO        Total Free Steam available: 206971.20 MT
16:21:00  INFO      
16:21:00  INFO        FINAL SUPPLEMENTARY FIRING DISPATCH
16:21:00  INFO        Asset                      Priority   Man     Min TPH     Max TPH     Hours  Dispatched TPH   Dispatched MT    Load %
16:21:00  INFO        -------------------------  --------  ----  ----------  ----------  --------  --------------  --------------  --------
16:21:00  INFO        AUXBOIL7_SHP STEAM                1     Y       50.00      220.00    698.00          198.36       138458.39     90.2%
16:21:00  INFO        AUXBOIL8_SHP STEAM                1     Y       90.00      220.00      0.00            0.00            0.00      0.0%
16:21:00  INFO        HRSG1_C2_SHP STEAM                1     Y        0.00       85.15    720.00           85.15        61308.00    100.0%
16:21:00  INFO        HRSG2_C2_SHP STEAM                1     Y        0.00      127.39    720.00          148.36       106822.41    108.4%
16:21:00  INFO        TOTAL SUPPLEMENTARY                                                                         306588.80          
16:21:00  INFO        TOTAL STEAM GENERATED                                                                       513560.00          
16:21:00  INFO        ✓ Steam demand fully met with surplus of 120569.87 MT
16:21:00  INFO      
16:21:00  INFO        ✓ STEAM SPINNING MARGIN OK: 288.12 TPH reserved (required: 250.00 TPH)
16:21:00  INFO        ==============================================================================
16:21:01  INFO        [CASCADE] LP byproduct from HRSGs: 56265.24 MT
16:21:01  INFO        [CASCADE] LP Steam PRDS             produces=LP Steam_Dis         base=  83725.80 uplift=      0.00 byproduct=  56265.24 net=  27460.56 -> MP Steam_Dis         consumed=  25950.23
16:21:01  INFO        [CASCADE] MP Steam PRDS SHP         produces=MP Steam_Dis         base=  39428.45 uplift=  25950.23 byproduct=      0.00 net=  65378.68 -> HP Steam_Dis         consumed=  58840.81
16:21:01  INFO        [CASCADE] HP Steam PRDS             produces=HP Steam_Dis         base=  23471.22 uplift=  58840.81 byproduct=      0.00 net=  82312.04 -> SHP Steam_Dis        consumed=  77044.07
16:21:01  INFO      
16:21:01  INFO        [U4U LOOP] ==============================================================================
16:21:01  INFO        [U4U LOOP]  ITERATION 4
16:21:01  INFO        [U4U LOOP] ==============================================================================
16:21:01  INFO        [U4U LOOP]  Power:  demand=     135286.46 MWh   gen=     123840.00 MWh
16:21:01  INFO        [U4U LOOP]  Steam:  gen=     513560.00 MT
16:21:01  INFO      
16:21:01  INFO        [U4U LOOP]  Utility (ODS Material)            Old Demand    New Demand    U4U Demand    Change %
16:21:01  INFO        [U4U LOOP]  ------------------------------  ------------  ------------  ------------  ----------
16:21:01  INFO        [U4U LOOP]  AUXBOIL7_SHP STEAM                  83926.38      84103.80      89083.79     0.2110%
16:21:01  INFO        [U4U LOOP]  Boiler Feed Water                  574737.03     574960.84     574960.84     0.0389%
16:21:01  INFO        [U4U LOOP]  COMPRESED AIR_ASU                  698995.52     743011.58     745108.54     5.9240%
16:21:01  INFO        [U4U LOOP]  COMPRESSED AIR                   14568854.42   14609971.40    1990223.69     0.2814%
16:21:01  INFO        [U4U LOOP]  Cooling Water                      101079.95     101100.21        885.22     0.0200%
16:21:01  INFO        [U4U LOOP]  D M Water                          730772.23     730772.23     546004.66     0.0000%
16:21:01  INFO        [U4U LOOP]  Effluent Treated                   591419.96     591464.82     384180.81     0.0076%
16:21:01  INFO        [U4U LOOP]  HP Steam PRDS                           0.00        110.00      23471.22   100.0000%
16:21:01  INFO        [U4U LOOP]  HP Steam_Dis                          110.00      23471.22      58840.81    99.5314%
16:21:01  INFO        [U4U LOOP]  HRSG1_C2_SHP STEAM                 175293.06     175663.63     186065.11     0.2110%
16:21:01  INFO        [U4U LOOP]  HRSG2_C2_SHP STEAM                 111018.94     111253.63     117841.23     0.2110%
16:21:01  INFO        [U4U LOOP]  LP Steam PRDS                        9646.54      30765.72      30765.72    68.6451%
16:21:01  INFO        [U4U LOOP]  LP Steam_Dis                        83725.80      83725.80      60667.18     0.0000%
16:21:01  INFO        [U4U LOOP]  MP Steam PRDS SHP                   13471.11      13477.80      39428.45     0.0496%
16:21:01  INFO        [U4U LOOP]  MP Steam_Dis                        13477.80      39428.45      26893.40    65.8171%
16:21:01  INFO        [U4U LOOP]  NITROGEN_ASU                     13085784.87   13416460.42     669399.68     2.4647%
16:21:01  INFO        [U4U LOOP]  Oxygen                              38907.00      38907.00          0.00     0.0000%
16:21:01  INFO        [U4U LOOP]  PROCESS FEED WATER                  31711.00      31711.00          0.00     0.0000%
16:21:01  INFO        [U4U LOOP]  Power_Dis                          134653.19     135286.46      52593.59     0.4681%
16:21:01  INFO        [U4U LOOP]  SHP Steam_Dis                      371021.06     392990.13      77044.07     5.5902%
16:21:01  INFO        [U4U LOOP]  Utility Water                     1616670.03    1616861.62      88559.16     0.0118%
16:21:01  INFO      
16:21:01  INFO        [U4U LOOP]  U4U CONSUMPTION BREAKDOWN (per producer per material):
16:21:01  INFO        [U4U LOOP]  Producer                   Material Consumed              Norm      Quantity
16:21:01  INFO        [U4U LOOP]  -------------------------  -------------------------  --------  ------------
16:21:01  INFO        [U4U LOOP]  JMD - C2-GTG 1             SynGas(Unshift)            0.004368     330220.80
16:21:01  INFO        [U4U LOOP]  JMD - C2-GTG 1             COMPRESSED AIR             0.001280      96768.00
16:21:01  INFO        [U4U LOOP]  JMD - C2-GTG 1             Cooling Water              0.000007        529.20
16:21:01  INFO        [U4U LOOP]  JMD - C2-GTG 1             NITROGEN_ASU               0.001660     125496.00
16:21:01  INFO        [U4U LOOP]  JMD - C2-GTG 1             Power_Dis                  0.001350     102060.00
16:21:01  INFO        [U4U LOOP]  JMD - C2-GTG 1             Utility Water              0.000023       1738.80
16:21:01  INFO        [U4U LOOP]  JMD - C2-GTG 2             SynGas(Unshift)            0.004485     216356.40
16:21:01  INFO        [U4U LOOP]  JMD - C2-GTG 2             COMPRESSED AIR             0.001280      61747.20
16:21:01  INFO        [U4U LOOP]  JMD - C2-GTG 2             Cooling Water              0.000007        337.68
16:21:01  INFO        [U4U LOOP]  JMD - C2-GTG 2             NITROGEN_ASU               0.001660      80078.40
16:21:01  INFO        [U4U LOOP]  JMD - C2-GTG 2             Power_Dis                  0.001350      65124.00
16:21:01  INFO        [U4U LOOP]  JMD - C2-GTG 2             Utility Water              0.000023       1109.52
16:21:01  INFO        [U4U LOOP]  AUXBOIL7_SHP STEAM         SynGas(Unshift)            2.876221     398236.93
16:21:01  INFO        [U4U LOOP]  AUXBOIL7_SHP STEAM         Boiler Feed Water          1.010000     139842.97
16:21:01  INFO        [U4U LOOP]  AUXBOIL7_SHP STEAM         Power_Dis                  3.850000     533064.80
16:21:01  INFO        [U4U LOOP]  HRSG1_C2_SHP STEAM         SynGas(Unshift)            3.376244     607723.92
16:21:01  INFO        [U4U LOOP]  HRSG1_C2_SHP STEAM         Boiler Feed Water          1.160000     208800.00
16:21:01  INFO        [U4U LOOP]  HRSG1_C2_SHP STEAM         Power_Dis                  0.285000      51300.00
16:21:01  INFO        [U4U LOOP]  HRSG2_C2_SHP STEAM         SynGas(Unshift)            3.357468     655047.41
16:21:01  INFO        [U4U LOOP]  HRSG2_C2_SHP STEAM         Boiler Feed Water          1.160000     226317.87
16:21:01  INFO        [U4U LOOP]  HRSG2_C2_SHP STEAM         Power_Dis                  0.285000      55603.96
16:21:01  INFO        [U4U LOOP]  Boiler Feed Water          D M Water                  0.900000     517464.76
16:21:01  INFO        [U4U LOOP]  Boiler Feed Water          LP Steam_Dis               0.100000      57496.08
16:21:01  INFO        [U4U LOOP]  Boiler Feed Water          Power_Dis                  8.100000    4657182.82
16:21:01  INFO        [U4U LOOP]  COMPRESED AIR_ASU          Power_Dis                  0.125000      92876.45
16:21:01  INFO        [U4U LOOP]  COMPRESSED AIR             COMPRESED AIR_ASU          0.051000     745108.54
16:21:01  INFO        [U4U LOOP]  COMPRESSED AIR             COMPRESSED AIR             0.002670      39008.62
16:21:01  INFO        [U4U LOOP]  COMPRESSED AIR             Power_Dis                  0.150000    2191495.71
16:21:01  INFO        [U4U LOOP]  Cooling Water              COMPRESSED AIR             0.974741      98546.52
16:21:01  INFO        [U4U LOOP]  Cooling Water              Effluent Treated           3.800000     384180.81
16:21:01  INFO        [U4U LOOP]  Cooling Water              Power_Dis                  210.900000   21322035.14
16:21:01  INFO        [U4U LOOP]  Cooling Water              SWRO WATER                 9.400000     950342.01
16:21:01  INFO        [U4U LOOP]  D M Water                  COMPRESSED AIR             0.049180      35939.38
16:21:01  INFO        [U4U LOOP]  D M Water                  NITROGEN_ASU               0.630000     460386.50
16:21:01  INFO        [U4U LOOP]  D M Water                  Power_Dis                  0.920000     672310.45
16:21:01  INFO        [U4U LOOP]  D M Water                  SWRO WATER                 1.150000     840388.06
16:21:01  INFO        [U4U LOOP]  Effluent Treated           COMPRESSED AIR             2.209302    1306724.42
16:21:01  INFO        [U4U LOOP]  Effluent Treated           Cooling Water              0.000031         18.34
16:21:01  INFO        [U4U LOOP]  Effluent Treated           NITROGEN_ASU               0.005814       3438.78
16:21:01  INFO        [U4U LOOP]  Effluent Treated           Power_Dis                  3.200000    1892687.43
16:21:01  INFO        [U4U LOOP]  Effluent Treated           Utility Water              0.029070      17193.88
16:21:01  INFO        [U4U LOOP]  NITROGEN_ASU               MP Steam_Dis               0.000021        281.75
16:21:01  INFO        [U4U LOOP]  NITROGEN_ASU               Power_Dis                  0.474260    6362890.52
16:21:01  INFO        [U4U LOOP]  NITROGEN_ASU               Ret steam condensate       -0.000011       -147.58
16:21:01  INFO        [U4U LOOP]  NITROGEN_ASU               Utility Water              0.001540      20661.35
16:21:01  INFO        [U4U LOOP]  Oxygen                     MP Steam_Dis               0.017000        661.42
16:21:01  INFO        [U4U LOOP]  Oxygen                     Power_Dis                  374.610000   14574951.27
16:21:01  INFO        [U4U LOOP]  Oxygen                     Ret steam condensate       -0.008000       -311.26
16:21:01  INFO        [U4U LOOP]  Oxygen                     Utility Water              1.230000      47855.61
16:21:01  INFO        [U4U LOOP]  PROCESS FEED WATER         D M Water                  0.900000      28539.90
16:21:01  INFO        [U4U LOOP]  PROCESS FEED WATER         LP Steam_Dis               0.100000       3171.10
16:21:01  INFO        [U4U LOOP]  PROCESS FEED WATER         Power_Dis                  0.631000      20009.64
16:21:01  INFO        [U4U LOOP]  Utility Water              COMPRESSED AIR             0.217390     351489.55
16:21:01  INFO        [U4U LOOP]  Utility Water              SWRO WATER                 1.100000    1778547.78
16:21:01  INFO        [U4U LOOP]  HP Steam_Dis               HP Steam PRDS              1.000000      23471.22
16:21:01  INFO        [U4U LOOP]  LP Steam_Dis               HRSG1_C2_LP STEAM          0.387271      32424.58
16:21:01  INFO        [U4U LOOP]  LP Steam_Dis               HRSG2_C2_LP STEAM          0.245271      20535.51
16:21:01  INFO        [U4U LOOP]  LP Steam_Dis               LP Steam PRDS              0.367458      30765.72
16:21:01  INFO        [U4U LOOP]  MP Steam_Dis               MP Steam PRDS SHP          1.000000      39428.45
16:21:01  INFO        [U4U LOOP]  SHP Steam_Dis              AUXBOIL7_SHP STEAM         0.226682      89083.79
16:21:01  INFO        [U4U LOOP]  SHP Steam_Dis              HRSG1_C2_SHP STEAM         0.473460     186065.11
16:21:01  INFO        [U4U LOOP]  SHP Steam_Dis              HRSG2_C2_SHP STEAM         0.299858     117841.23
16:21:01  INFO        [U4U LOOP]  LP Steam PRDS              MP Steam_Dis               0.945000      25950.23
16:21:01  INFO        [U4U LOOP]  MP Steam PRDS SHP          HP Steam_Dis               0.900000      58840.81
16:21:01  INFO        [U4U LOOP]  HP Steam PRDS              SHP Steam_Dis              0.936000      77044.07
16:21:01  INFO      
16:21:01  INFO        [U4U LOOP]  Not yet converged: 15 materials
16:21:01  INFO        [U4U LOOP]    AUXBOIL7_SHP STEAM              change=5.5902%
16:21:01  INFO        [U4U LOOP]    COMPRESED AIR_ASU               change=0.2814%
16:21:01  INFO        [U4U LOOP]    COMPRESSED AIR                  change=0.0136%
16:21:01  INFO        [U4U LOOP]    D M Water                       change=0.0369%
16:21:01  INFO        [U4U LOOP]    Effluent Treated                change=0.0200%
16:21:01  INFO        [U4U LOOP]    HP Steam PRDS                   change=99.5314%
16:21:01  INFO        [U4U LOOP]    HP Steam_Dis                    change=39.6928%
16:21:01  INFO        [U4U LOOP]    HRSG1_C2_SHP STEAM              change=5.5902%
16:21:01  INFO        [U4U LOOP]    HRSG2_C2_SHP STEAM              change=5.5902%
16:21:01  INFO        [U4U LOOP]    LP Steam_Dis                    change=0.0369%
16:21:01  INFO        [U4U LOOP]    MP Steam PRDS SHP               change=65.8171%
16:21:01  INFO        [U4U LOOP]    MP Steam_Dis                    change=0.0258%
16:21:01  INFO        [U4U LOOP]    Power_Dis                       change=0.3322%
16:21:01  INFO        [U4U LOOP]    SHP Steam_Dis                   change=56.7558%
16:21:01  INFO        [U4U LOOP]    Utility Water                   change=0.5765%
16:21:01  INFO      
16:21:02  INFO        ==============================================================================
16:21:02  INFO        POWER DISPATCH  (April 2026)
16:21:02  INFO        ==============================================================================
16:21:02  INFO        Demand:  Process = 62526.31 MWh  |  Fixed = 64331.34 MWh  |  Total = 126857.64 MWh
16:21:02  INFO      
16:21:02  INFO        Step 1: Mandatory assets at MIN load, then optional if needed
16:21:02  INFO        Asset                      Priority   Man    Min MW    Max MW     Hours       Min MWh
16:21:02  INFO        -------------------------  --------  ----  --------  --------  --------  ------------
16:21:02  INFO        JMD - C2-GTG 1                    1     Y    104.00    105.00    720.00      74880.00
16:21:02  INFO        JMD - C2-GTG 2                    1     Y     64.00     67.00    720.00      46080.00
16:21:02  INFO        TOTAL MIN GENERATION                                                        120960.00
16:21:02  INFO      
16:21:02  INFO        ⚠ DEFICIT: MAX generation (123840.00 MWh) BELOW demand (126857.64 MWh)
16:21:02  INFO          Deficit = 3017.64 MWh
16:21:02  INFO      
16:21:02  INFO        FINAL DISPATCH
16:21:02  INFO        Asset                      Priority   Dispatched MW  Dispatched MWh    Load %   Avg Load MW  FreeStm Factor   Free Steam MT       Heat Rate   Aux Power MWh
16:21:02  INFO        -------------------------  --------  --------------  --------------  --------  ------------  ------------  --------------  --------------  --------------
16:21:02  INFO        JMD - C2-GTG 1                    1          105.00        75600.00    100.0%        105.00        1.5700       118692.00         2643.00          102.06
16:21:02  INFO        JMD - C2-GTG 2                    1           67.00        48240.00    100.0%         67.00        1.8300        88279.20         3120.84           65.12
16:21:02  INFO        TOTAL                                                     123840.00                                             206971.20                          167.18
16:21:02  INFO        ==============================================================================
16:21:03  INFO      
16:21:03  INFO        SPINNING MARGIN CONFIG
16:21:03  INFO        Required margin: 250.00 TPH
16:21:03  INFO        Asset                         Max TPH     Eff Max     Reserve
16:21:03  INFO        -------------------------  ----------  ----------  ----------
16:21:03  INFO        AUXBOIL7_SHP STEAM             220.00      143.61       76.39
16:21:03  INFO        HRSG1_C2_SHP STEAM             250.00      163.19       86.81
16:21:03  INFO        HRSG2_C2_SHP STEAM             250.00      163.19       86.81
16:21:03  INFO        TOTAL RESERVED                                         250.00
16:21:03  INFO        → Margin of 250.00 TPH successfully reserved
16:21:03  INFO      
16:21:03  INFO        ==============================================================================
16:21:03  INFO        STEAM DISPATCH  (April 2026)
16:21:03  INFO        ==============================================================================
16:21:03  INFO        Grade      Process/Fixed MT  Letdown MT  Byproduct MT     Net Demand MT
16:21:03  INFO        ---------  ----------------  ----------  ------------  ----------------
16:21:03  INFO        LP                 83748.18    25971.38     -56265.24          27482.94
16:21:03  INFO        MP                 39435.40    58866.10          0.00          65406.78
16:21:03  INFO        HP                 46826.81    98928.57          0.00         105692.91
16:21:03  INFO        SHP               436717.07        0.00          0.00         436717.07
16:21:03  INFO      
16:21:03  INFO        Total Free Steam available: 206971.20 MT
16:21:03  INFO      
16:21:03  INFO        FINAL SUPPLEMENTARY FIRING DISPATCH
16:21:03  INFO        Asset                      Priority   Man     Min TPH     Max TPH     Hours  Dispatched TPH   Dispatched MT    Load %
16:21:03  INFO        -------------------------  --------  ----  ----------  ----------  --------  --------------  --------------  --------
16:21:03  INFO        AUXBOIL7_SHP STEAM                1     Y       50.00      220.00    698.00          198.36       138458.39     90.2%
16:21:03  INFO        AUXBOIL8_SHP STEAM                1     Y       90.00      220.00      0.00            0.00            0.00      0.0%
16:21:03  INFO        HRSG1_C2_SHP STEAM                1     Y        0.00       85.15    720.00           85.15        61308.00    100.0%
16:21:03  INFO        HRSG2_C2_SHP STEAM                1     Y        0.00      127.39    720.00          148.36       106822.41    108.4%
16:21:03  INFO        TOTAL SUPPLEMENTARY                                                                         306588.80          
16:21:03  INFO        TOTAL STEAM GENERATED                                                                       513560.00          
16:21:03  INFO        ✓ Steam demand fully met with surplus of 76842.93 MT
16:21:03  INFO      
16:21:03  INFO        ✓ STEAM SPINNING MARGIN OK: 288.12 TPH reserved (required: 250.00 TPH)
16:21:03  INFO        ==============================================================================
16:21:03  INFO        [CASCADE] LP byproduct from HRSGs: 56265.24 MT
16:21:03  INFO        [CASCADE] LP Steam PRDS             produces=LP Steam_Dis         base=  83748.18 uplift=      0.00 byproduct=  56265.24 net=  27482.94 -> MP Steam_Dis         consumed=  25971.38
16:21:03  INFO        [CASCADE] MP Steam PRDS SHP         produces=MP Steam_Dis         base=  39435.40 uplift=  25971.38 byproduct=      0.00 net=  65406.78 -> HP Steam_Dis         consumed=  58866.10
16:21:03  INFO        [CASCADE] HP Steam PRDS             produces=HP Steam_Dis         base=  46826.81 uplift=  58866.10 byproduct=      0.00 net= 105692.91 -> SHP Steam_Dis        consumed=  98928.57
16:21:03  INFO      
16:21:03  INFO        [U4U LOOP] ==============================================================================
16:21:03  INFO        [U4U LOOP]  ITERATION 5
16:21:03  INFO        [U4U LOOP] ==============================================================================
16:21:03  INFO        [U4U LOOP]  Power:  demand=     135461.18 MWh   gen=     123840.00 MWh
16:21:03  INFO        [U4U LOOP]  Steam:  gen=     513560.00 MT
16:21:03  INFO      
16:21:03  INFO        [U4U LOOP]  Utility (ODS Material)            Old Demand    New Demand    U4U Demand    Change %
16:21:03  INFO        [U4U LOOP]  ------------------------------  ------------  ------------  ------------  ----------
16:21:03  INFO        [U4U LOOP]  AUXBOIL7_SHP STEAM                  84103.80      89083.79      98995.90     5.5902%
16:21:03  INFO        [U4U LOOP]  Boiler Feed Water                  574960.84     574960.84     574960.84     0.0000%
16:21:03  INFO        [U4U LOOP]  COMPRESED AIR_ASU                  743011.58     745108.54     745122.33     0.2814%
16:21:03  INFO        [U4U LOOP]  COMPRESSED AIR                   14609971.40   14610241.69    1990515.40     0.0018%
16:21:03  INFO        [U4U LOOP]  Cooling Water                      101100.21     101100.22        885.22     0.0000%
16:21:03  INFO        [U4U LOOP]  D M Water                          730772.23     730973.66     546004.66     0.0276%
16:21:03  INFO        [U4U LOOP]  Effluent Treated                   591464.82     591541.81     384180.82     0.0130%
16:21:03  INFO        [U4U LOOP]  HP Steam PRDS                         110.00      23471.22      46826.81    99.5314%
16:21:03  INFO        [U4U LOOP]  HP Steam_Dis                        23471.22      46826.81      58866.10    49.8765%
16:21:03  INFO        [U4U LOOP]  HRSG1_C2_SHP STEAM                 175663.63     186065.11     206768.06     5.5902%
16:21:03  INFO        [U4U LOOP]  HRSG2_C2_SHP STEAM                 111253.63     117841.23     130953.11     5.5902%
16:21:03  INFO        [U4U LOOP]  LP Steam PRDS                       30765.72      30765.72      30773.94     0.0000%
16:21:03  INFO        [U4U LOOP]  LP Steam_Dis                        83725.80      83748.18      60667.18     0.0267%
16:21:03  INFO        [U4U LOOP]  MP Steam PRDS SHP                   13477.80      39428.45      39435.40    65.8171%
16:21:03  INFO        [U4U LOOP]  MP Steam_Dis                        39428.45      39435.40      26914.55     0.0176%
16:21:03  INFO        [U4U LOOP]  NITROGEN_ASU                     13416460.42   13416460.68     669527.03     0.0000%
16:21:03  INFO        [U4U LOOP]  Oxygen                              38907.00      38907.00          0.00     0.0000%
16:21:03  INFO        [U4U LOOP]  PROCESS FEED WATER                  31711.00      31711.00          0.00     0.0000%
16:21:03  INFO        [U4U LOOP]  Power_Dis                          135286.46     135461.18      52594.33     0.1290%
16:21:03  INFO        [U4U LOOP]  SHP Steam_Dis                      392990.13     436717.07      98928.57    10.0126%
16:21:03  INFO        [U4U LOOP]  Utility Water                     1616861.62    1617372.16      88561.40     0.0316%
16:21:03  INFO      
16:21:03  INFO        [U4U LOOP]  U4U CONSUMPTION BREAKDOWN (per producer per material):
16:21:03  INFO        [U4U LOOP]  Producer                   Material Consumed              Norm      Quantity
16:21:03  INFO        [U4U LOOP]  -------------------------  -------------------------  --------  ------------
16:21:03  INFO        [U4U LOOP]  JMD - C2-GTG 1             SynGas(Unshift)            0.004368     330220.80
16:21:03  INFO        [U4U LOOP]  JMD - C2-GTG 1             COMPRESSED AIR             0.001280      96768.00
16:21:03  INFO        [U4U LOOP]  JMD - C2-GTG 1             Cooling Water              0.000007        529.20
16:21:03  INFO        [U4U LOOP]  JMD - C2-GTG 1             NITROGEN_ASU               0.001660     125496.00
16:21:03  INFO        [U4U LOOP]  JMD - C2-GTG 1             Power_Dis                  0.001350     102060.00
16:21:03  INFO        [U4U LOOP]  JMD - C2-GTG 1             Utility Water              0.000023       1738.80
16:21:03  INFO        [U4U LOOP]  JMD - C2-GTG 2             SynGas(Unshift)            0.004485     216356.40
16:21:03  INFO        [U4U LOOP]  JMD - C2-GTG 2             COMPRESSED AIR             0.001280      61747.20
16:21:03  INFO        [U4U LOOP]  JMD - C2-GTG 2             Cooling Water              0.000007        337.68
16:21:03  INFO        [U4U LOOP]  JMD - C2-GTG 2             NITROGEN_ASU               0.001660      80078.40
16:21:03  INFO        [U4U LOOP]  JMD - C2-GTG 2             Power_Dis                  0.001350      65124.00
16:21:03  INFO        [U4U LOOP]  JMD - C2-GTG 2             Utility Water              0.000023       1109.52
16:21:03  INFO        [U4U LOOP]  AUXBOIL7_SHP STEAM         SynGas(Unshift)            2.876221     398236.93
16:21:03  INFO        [U4U LOOP]  AUXBOIL7_SHP STEAM         Boiler Feed Water          1.010000     139842.97
16:21:03  INFO        [U4U LOOP]  AUXBOIL7_SHP STEAM         Power_Dis                  3.850000     533064.80
16:21:03  INFO        [U4U LOOP]  HRSG1_C2_SHP STEAM         SynGas(Unshift)            3.376244     607723.92
16:21:03  INFO        [U4U LOOP]  HRSG1_C2_SHP STEAM         Boiler Feed Water          1.160000     208800.00
16:21:03  INFO        [U4U LOOP]  HRSG1_C2_SHP STEAM         Power_Dis                  0.285000      51300.00
16:21:03  INFO        [U4U LOOP]  HRSG2_C2_SHP STEAM         SynGas(Unshift)            3.357468     655047.41
16:21:03  INFO        [U4U LOOP]  HRSG2_C2_SHP STEAM         Boiler Feed Water          1.160000     226317.87
16:21:03  INFO        [U4U LOOP]  HRSG2_C2_SHP STEAM         Power_Dis                  0.285000      55603.96
16:21:03  INFO        [U4U LOOP]  Boiler Feed Water          D M Water                  0.900000     517464.76
16:21:03  INFO        [U4U LOOP]  Boiler Feed Water          LP Steam_Dis               0.100000      57496.08
16:21:03  INFO        [U4U LOOP]  Boiler Feed Water          Power_Dis                  8.100000    4657182.82
16:21:03  INFO        [U4U LOOP]  COMPRESED AIR_ASU          Power_Dis                  0.125000      93138.57
16:21:03  INFO        [U4U LOOP]  COMPRESSED AIR             COMPRESED AIR_ASU          0.051000     745122.33
16:21:03  INFO        [U4U LOOP]  COMPRESSED AIR             COMPRESSED AIR             0.002670      39009.35
16:21:03  INFO        [U4U LOOP]  COMPRESSED AIR             Power_Dis                  0.150000    2191536.25
16:21:03  INFO        [U4U LOOP]  Cooling Water              COMPRESSED AIR             0.974741      98546.53
16:21:03  INFO        [U4U LOOP]  Cooling Water              Effluent Treated           3.800000     384180.82
16:21:03  INFO        [U4U LOOP]  Cooling Water              Power_Dis                  210.900000   21322035.43
16:21:03  INFO        [U4U LOOP]  Cooling Water              SWRO WATER                 9.400000     950342.02
16:21:03  INFO        [U4U LOOP]  D M Water                  COMPRESSED AIR             0.049180      35949.28
16:21:03  INFO        [U4U LOOP]  D M Water                  NITROGEN_ASU               0.630000     460513.40
16:21:03  INFO        [U4U LOOP]  D M Water                  Power_Dis                  0.920000     672495.76
16:21:03  INFO        [U4U LOOP]  D M Water                  SWRO WATER                 1.150000     840619.71
16:21:03  INFO        [U4U LOOP]  Effluent Treated           COMPRESSED AIR             2.209302    1306894.51
16:21:03  INFO        [U4U LOOP]  Effluent Treated           Cooling Water              0.000031         18.34
16:21:03  INFO        [U4U LOOP]  Effluent Treated           NITROGEN_ASU               0.005814       3439.22
16:21:03  INFO        [U4U LOOP]  Effluent Treated           Power_Dis                  3.200000    1892933.80
16:21:03  INFO        [U4U LOOP]  Effluent Treated           Utility Water              0.029070      17196.12
16:21:03  INFO        [U4U LOOP]  NITROGEN_ASU               MP Steam_Dis               0.000021        281.75
16:21:03  INFO        [U4U LOOP]  NITROGEN_ASU               Power_Dis                  0.474260    6362890.64
16:21:03  INFO        [U4U LOOP]  NITROGEN_ASU               Ret steam condensate       -0.000011       -147.58
16:21:03  INFO        [U4U LOOP]  NITROGEN_ASU               Utility Water              0.001540      20661.35
16:21:03  INFO        [U4U LOOP]  Oxygen                     MP Steam_Dis               0.017000        661.42
16:21:03  INFO        [U4U LOOP]  Oxygen                     Power_Dis                  374.610000   14574951.27
16:21:03  INFO        [U4U LOOP]  Oxygen                     Ret steam condensate       -0.008000       -311.26
16:21:03  INFO        [U4U LOOP]  Oxygen                     Utility Water              1.230000      47855.61
16:21:03  INFO        [U4U LOOP]  PROCESS FEED WATER         D M Water                  0.900000      28539.90
16:21:03  INFO        [U4U LOOP]  PROCESS FEED WATER         LP Steam_Dis               0.100000       3171.10
16:21:03  INFO        [U4U LOOP]  PROCESS FEED WATER         Power_Dis                  0.631000      20009.64
16:21:03  INFO        [U4U LOOP]  Utility Water              COMPRESSED AIR             0.217390     351600.53
16:21:03  INFO        [U4U LOOP]  Utility Water              SWRO WATER                 1.100000    1779109.38
16:21:03  INFO        [U4U LOOP]  HP Steam_Dis               HP Steam PRDS              1.000000      46826.81
16:21:03  INFO        [U4U LOOP]  LP Steam_Dis               HRSG1_C2_LP STEAM          0.387271      32433.24
16:21:03  INFO        [U4U LOOP]  LP Steam_Dis               HRSG2_C2_LP STEAM          0.245271      20541.00
16:21:03  INFO        [U4U LOOP]  LP Steam_Dis               LP Steam PRDS              0.367458      30773.94
16:21:03  INFO        [U4U LOOP]  MP Steam_Dis               MP Steam PRDS SHP          1.000000      39435.40
16:21:03  INFO        [U4U LOOP]  SHP Steam_Dis              AUXBOIL7_SHP STEAM         0.226682      98995.90
16:21:03  INFO        [U4U LOOP]  SHP Steam_Dis              HRSG1_C2_SHP STEAM         0.473460     206768.06
16:21:03  INFO        [U4U LOOP]  SHP Steam_Dis              HRSG2_C2_SHP STEAM         0.299858     130953.11
16:21:03  INFO        [U4U LOOP]  LP Steam PRDS              MP Steam_Dis               0.945000      25971.38
16:21:03  INFO        [U4U LOOP]  MP Steam PRDS SHP          HP Steam_Dis               0.900000      58866.10
16:21:03  INFO        [U4U LOOP]  HP Steam PRDS              SHP Steam_Dis              0.936000      98928.57
16:21:03  INFO      
16:21:03  INFO        [U4U LOOP]  Not yet converged: 11 materials
16:21:03  INFO        [U4U LOOP]    AUXBOIL7_SHP STEAM              change=10.0126%
16:21:03  INFO        [U4U LOOP]    COMPRESSED AIR                  change=0.0147%
16:21:03  INFO        [U4U LOOP]    HP Steam PRDS                   change=49.8765%
16:21:03  INFO        [U4U LOOP]    HP Steam_Dis                    change=0.0430%
16:21:03  INFO        [U4U LOOP]    HRSG1_C2_SHP STEAM              change=10.0126%
16:21:03  INFO        [U4U LOOP]    HRSG2_C2_SHP STEAM              change=10.0126%
16:21:03  INFO        [U4U LOOP]    LP Steam PRDS                   change=0.0267%
16:21:03  INFO        [U4U LOOP]    MP Steam PRDS SHP               change=0.0176%
16:21:03  INFO        [U4U LOOP]    MP Steam_Dis                    change=0.0786%
16:21:03  INFO        [U4U LOOP]    NITROGEN_ASU                    change=0.0190%
16:21:03  INFO        [U4U LOOP]    SHP Steam_Dis                   change=22.1215%
16:21:03  INFO      
16:21:04  INFO        ==============================================================================
16:21:04  INFO        POWER DISPATCH  (April 2026)
16:21:04  INFO        ==============================================================================
16:21:04  INFO        Demand:  Process = 62526.31 MWh  |  Fixed = 64332.07 MWh  |  Total = 126858.38 MWh
16:21:04  INFO      
16:21:04  INFO        Step 1: Mandatory assets at MIN load, then optional if needed
16:21:04  INFO        Asset                      Priority   Man    Min MW    Max MW     Hours       Min MWh
16:21:04  INFO        -------------------------  --------  ----  --------  --------  --------  ------------
16:21:04  INFO        JMD - C2-GTG 1                    1     Y    104.00    105.00    720.00      74880.00
16:21:04  INFO        JMD - C2-GTG 2                    1     Y     64.00     67.00    720.00      46080.00
16:21:04  INFO        TOTAL MIN GENERATION                                                        120960.00
16:21:04  INFO      
16:21:04  INFO        ⚠ DEFICIT: MAX generation (123840.00 MWh) BELOW demand (126858.38 MWh)
16:21:04  INFO          Deficit = 3018.38 MWh
16:21:04  INFO      
16:21:04  INFO        FINAL DISPATCH
16:21:04  INFO        Asset                      Priority   Dispatched MW  Dispatched MWh    Load %   Avg Load MW  FreeStm Factor   Free Steam MT       Heat Rate   Aux Power MWh
16:21:04  INFO        -------------------------  --------  --------------  --------------  --------  ------------  ------------  --------------  --------------  --------------
16:21:04  INFO        JMD - C2-GTG 1                    1          105.00        75600.00    100.0%        105.00        1.5700       118692.00         2643.00          102.06
16:21:04  INFO        JMD - C2-GTG 2                    1           67.00        48240.00    100.0%         67.00        1.8300        88279.20         3120.84           65.12
16:21:04  INFO        TOTAL                                                     123840.00                                             206971.20                          167.18
16:21:04  INFO        ==============================================================================
16:21:05  INFO      
16:21:05  INFO        SPINNING MARGIN CONFIG
16:21:05  INFO        Required margin: 250.00 TPH
16:21:05  INFO        Asset                         Max TPH     Eff Max     Reserve
16:21:05  INFO        -------------------------  ----------  ----------  ----------
16:21:05  INFO        AUXBOIL7_SHP STEAM             220.00      143.61       76.39
16:21:05  INFO        HRSG1_C2_SHP STEAM             250.00      163.19       86.81
16:21:05  INFO        HRSG2_C2_SHP STEAM             250.00      163.19       86.81
16:21:05  INFO        TOTAL RESERVED                                         250.00
16:21:05  INFO        → Margin of 250.00 TPH successfully reserved
16:21:05  INFO      
16:21:05  INFO        ==============================================================================
16:21:05  INFO        STEAM DISPATCH  (April 2026)
16:21:05  INFO        ==============================================================================
16:21:05  INFO        Grade      Process/Fixed MT  Letdown MT  Byproduct MT     Net Demand MT
16:21:05  INFO        ---------  ----------------  ----------  ------------  ----------------
16:21:05  INFO        LP                 83748.18    25971.38     -56265.24          27482.94
16:21:05  INFO        MP                 39456.55    58885.13          0.00          65427.93
16:21:05  INFO        HP                 46852.10    98970.05          0.00         105737.23
16:21:05  INFO        SHP               458601.57        0.00          0.00         458601.57
16:21:05  INFO      
16:21:05  INFO        Total Free Steam available: 206971.20 MT
16:21:05  INFO      
16:21:05  INFO        FINAL SUPPLEMENTARY FIRING DISPATCH
16:21:05  INFO        Asset                      Priority   Man     Min TPH     Max TPH     Hours  Dispatched TPH   Dispatched MT    Load %
16:21:05  INFO        -------------------------  --------  ----  ----------  ----------  --------  --------------  --------------  --------
16:21:05  INFO        AUXBOIL7_SHP STEAM                1     Y       50.00      220.00    698.00          198.36       138458.39     90.2%
16:21:05  INFO        AUXBOIL8_SHP STEAM                1     Y       90.00      220.00      0.00            0.00            0.00      0.0%
16:21:05  INFO        HRSG1_C2_SHP STEAM                1     Y        0.00       85.15    720.00           85.15        61308.00    100.0%
16:21:05  INFO        HRSG2_C2_SHP STEAM                1     Y        0.00      127.39    720.00          148.36       106822.41    108.4%
16:21:05  INFO        TOTAL SUPPLEMENTARY                                                                         306588.80          
16:21:05  INFO        TOTAL STEAM GENERATED                                                                       513560.00          
16:21:05  INFO        ✓ Steam demand fully met with surplus of 54958.43 MT
16:21:05  INFO      
16:21:05  INFO        ✓ STEAM SPINNING MARGIN OK: 288.12 TPH reserved (required: 250.00 TPH)
16:21:05  INFO        ==============================================================================
16:21:05  INFO        [CASCADE] LP byproduct from HRSGs: 56265.24 MT
16:21:05  INFO        [CASCADE] LP Steam PRDS             produces=LP Steam_Dis         base=  83748.18 uplift=      0.00 byproduct=  56265.24 net=  27482.94 -> MP Steam_Dis         consumed=  25971.38
16:21:05  INFO        [CASCADE] MP Steam PRDS SHP         produces=MP Steam_Dis         base=  39456.55 uplift=  25971.38 byproduct=      0.00 net=  65427.93 -> HP Steam_Dis         consumed=  58885.13
16:21:05  INFO        [CASCADE] HP Steam PRDS             produces=HP Steam_Dis         base=  46852.10 uplift=  58885.13 byproduct=      0.00 net= 105737.23 -> SHP Steam_Dis        consumed=  98970.05
16:21:05  INFO      
16:21:05  INFO        [U4U LOOP] ==============================================================================
16:21:05  INFO        [U4U LOOP]  ITERATION 6
16:21:05  INFO        [U4U LOOP] ==============================================================================
16:21:05  INFO        [U4U LOOP]  Power:  demand=     135461.92 MWh   gen=     123840.00 MWh
16:21:05  INFO        [U4U LOOP]  Steam:  gen=     513560.00 MT
16:21:05  INFO      
16:21:05  INFO        [U4U LOOP]  Utility (ODS Material)            Old Demand    New Demand    U4U Demand    Change %
16:21:05  INFO        [U4U LOOP]  ------------------------------  ------------  ------------  ------------  ----------
16:21:05  INFO        [U4U LOOP]  AUXBOIL7_SHP STEAM                  89083.79      98995.90     103956.72    10.0126%
16:21:05  INFO        [U4U LOOP]  Boiler Feed Water                  574960.84     574960.84     574960.84     0.0000%
16:21:05  INFO        [U4U LOOP]  COMPRESED AIR_ASU                  745108.54     745122.33     745137.20     0.0018%
16:21:05  INFO        [U4U LOOP]  COMPRESSED AIR                   14610241.69   14610533.40    1990516.68     0.0020%
16:21:05  INFO        [U4U LOOP]  Cooling Water                      101100.22     101100.22        885.22     0.0000%
16:21:05  INFO        [U4U LOOP]  D M Water                          730973.66     730973.66     546004.66     0.0000%
16:21:05  INFO        [U4U LOOP]  Effluent Treated                   591541.81     591541.82     384180.83     0.0000%
16:21:05  INFO        [U4U LOOP]  HP Steam PRDS                       23471.22      46826.81      46852.10    49.8765%
16:21:05  INFO        [U4U LOOP]  HP Steam_Dis                        46826.81      46852.10      58885.13     0.0540%
16:21:05  INFO        [U4U LOOP]  HRSG1_C2_SHP STEAM                 186065.11     206768.06     217129.50    10.0126%
16:21:05  INFO        [U4U LOOP]  HRSG2_C2_SHP STEAM                 117841.23     130953.11     137515.35    10.0126%
16:21:05  INFO        [U4U LOOP]  LP Steam PRDS                       30765.72      30773.94      30773.94     0.0267%
16:21:05  INFO        [U4U LOOP]  LP Steam_Dis                        83748.18      83748.18      60667.18     0.0000%
16:21:05  INFO        [U4U LOOP]  MP Steam PRDS SHP                   39428.45      39435.40      39456.55     0.0176%
16:21:05  INFO        [U4U LOOP]  MP Steam_Dis                        39435.40      39456.55      26914.55     0.0536%
16:21:05  INFO        [U4U LOOP]  NITROGEN_ASU                     13416460.68   13416588.03     669527.03     0.0009%
16:21:05  INFO        [U4U LOOP]  Oxygen                              38907.00      38907.00          0.00     0.0000%
16:21:05  INFO        [U4U LOOP]  PROCESS FEED WATER                  31711.00      31711.00          0.00     0.0000%
16:21:05  INFO        [U4U LOOP]  Power_Dis                          135461.18     135461.92      52594.43     0.0005%
16:21:05  INFO        [U4U LOOP]  SHP Steam_Dis                      436717.07     458601.57      98970.05     4.7720%
16:21:05  INFO        [U4U LOOP]  Utility Water                     1617372.16    1617374.40      88561.60     0.0001%
16:21:05  INFO      
16:21:05  INFO        [U4U LOOP]  U4U CONSUMPTION BREAKDOWN (per producer per material):
16:21:05  INFO        [U4U LOOP]  Producer                   Material Consumed              Norm      Quantity
16:21:05  INFO        [U4U LOOP]  -------------------------  -------------------------  --------  ------------
16:21:05  INFO        [U4U LOOP]  JMD - C2-GTG 1             SynGas(Unshift)            0.004368     330220.80
16:21:05  INFO        [U4U LOOP]  JMD - C2-GTG 1             COMPRESSED AIR             0.001280      96768.00
16:21:05  INFO        [U4U LOOP]  JMD - C2-GTG 1             Cooling Water              0.000007        529.20
16:21:05  INFO        [U4U LOOP]  JMD - C2-GTG 1             NITROGEN_ASU               0.001660     125496.00
16:21:05  INFO        [U4U LOOP]  JMD - C2-GTG 1             Power_Dis                  0.001350     102060.00
16:21:05  INFO        [U4U LOOP]  JMD - C2-GTG 1             Utility Water              0.000023       1738.80
16:21:05  INFO        [U4U LOOP]  JMD - C2-GTG 2             SynGas(Unshift)            0.004485     216356.40
16:21:05  INFO        [U4U LOOP]  JMD - C2-GTG 2             COMPRESSED AIR             0.001280      61747.20
16:21:05  INFO        [U4U LOOP]  JMD - C2-GTG 2             Cooling Water              0.000007        337.68
16:21:05  INFO        [U4U LOOP]  JMD - C2-GTG 2             NITROGEN_ASU               0.001660      80078.40
16:21:05  INFO        [U4U LOOP]  JMD - C2-GTG 2             Power_Dis                  0.001350      65124.00
16:21:05  INFO        [U4U LOOP]  JMD - C2-GTG 2             Utility Water              0.000023       1109.52
16:21:05  INFO        [U4U LOOP]  AUXBOIL7_SHP STEAM         SynGas(Unshift)            2.876221     398236.93
16:21:05  INFO        [U4U LOOP]  AUXBOIL7_SHP STEAM         Boiler Feed Water          1.010000     139842.97
16:21:05  INFO        [U4U LOOP]  AUXBOIL7_SHP STEAM         Power_Dis                  3.850000     533064.80
16:21:05  INFO        [U4U LOOP]  HRSG1_C2_SHP STEAM         SynGas(Unshift)            3.376244     607723.92
16:21:05  INFO        [U4U LOOP]  HRSG1_C2_SHP STEAM         Boiler Feed Water          1.160000     208800.00
16:21:05  INFO        [U4U LOOP]  HRSG1_C2_SHP STEAM         Power_Dis                  0.285000      51300.00
16:21:05  INFO        [U4U LOOP]  HRSG2_C2_SHP STEAM         SynGas(Unshift)            3.357468     655047.41
16:21:05  INFO        [U4U LOOP]  HRSG2_C2_SHP STEAM         Boiler Feed Water          1.160000     226317.87
16:21:05  INFO        [U4U LOOP]  HRSG2_C2_SHP STEAM         Power_Dis                  0.285000      55603.96
16:21:05  INFO        [U4U LOOP]  Boiler Feed Water          D M Water                  0.900000     517464.76
16:21:05  INFO        [U4U LOOP]  Boiler Feed Water          LP Steam_Dis               0.100000      57496.08
16:21:05  INFO        [U4U LOOP]  Boiler Feed Water          Power_Dis                  8.100000    4657182.82
16:21:05  INFO        [U4U LOOP]  COMPRESED AIR_ASU          Power_Dis                  0.125000      93140.29
16:21:05  INFO        [U4U LOOP]  COMPRESSED AIR             COMPRESED AIR_ASU          0.051000     745137.20
16:21:05  INFO        [U4U LOOP]  COMPRESSED AIR             COMPRESSED AIR             0.002670      39010.12
16:21:05  INFO        [U4U LOOP]  COMPRESSED AIR             Power_Dis                  0.150000    2191580.01
16:21:05  INFO        [U4U LOOP]  Cooling Water              COMPRESSED AIR             0.974741      98546.53
16:21:05  INFO        [U4U LOOP]  Cooling Water              Effluent Treated           3.800000     384180.83
16:21:05  INFO        [U4U LOOP]  Cooling Water              Power_Dis                  210.900000   21322035.93
16:21:05  INFO        [U4U LOOP]  Cooling Water              SWRO WATER                 9.400000     950342.05
16:21:05  INFO        [U4U LOOP]  D M Water                  COMPRESSED AIR             0.049180      35949.28
16:21:05  INFO        [U4U LOOP]  D M Water                  NITROGEN_ASU               0.630000     460513.40
16:21:05  INFO        [U4U LOOP]  D M Water                  Power_Dis                  0.920000     672495.76
16:21:05  INFO        [U4U LOOP]  D M Water                  SWRO WATER                 1.150000     840619.71
16:21:05  INFO        [U4U LOOP]  Effluent Treated           COMPRESSED AIR             2.209302    1306894.52
16:21:05  INFO        [U4U LOOP]  Effluent Treated           Cooling Water              0.000031         18.34
16:21:05  INFO        [U4U LOOP]  Effluent Treated           NITROGEN_ASU               0.005814       3439.22
16:21:05  INFO        [U4U LOOP]  Effluent Treated           Power_Dis                  3.200000    1892933.82
16:21:05  INFO        [U4U LOOP]  Effluent Treated           Utility Water              0.029070      17196.12
16:21:05  INFO        [U4U LOOP]  NITROGEN_ASU               MP Steam_Dis               0.000021        281.75
16:21:05  INFO        [U4U LOOP]  NITROGEN_ASU               Power_Dis                  0.474260    6362951.04
16:21:05  INFO        [U4U LOOP]  NITROGEN_ASU               Ret steam condensate       -0.000011       -147.58
16:21:05  INFO        [U4U LOOP]  NITROGEN_ASU               Utility Water              0.001540      20661.55
16:21:05  INFO        [U4U LOOP]  Oxygen                     MP Steam_Dis               0.017000        661.42
16:21:05  INFO        [U4U LOOP]  Oxygen                     Power_Dis                  374.610000   14574951.27
16:21:05  INFO        [U4U LOOP]  Oxygen                     Ret steam condensate       -0.008000       -311.26
16:21:05  INFO        [U4U LOOP]  Oxygen                     Utility Water              1.230000      47855.61
16:21:05  INFO        [U4U LOOP]  PROCESS FEED WATER         D M Water                  0.900000      28539.90
16:21:05  INFO        [U4U LOOP]  PROCESS FEED WATER         LP Steam_Dis               0.100000       3171.10
16:21:05  INFO        [U4U LOOP]  PROCESS FEED WATER         Power_Dis                  0.631000      20009.64
16:21:05  INFO        [U4U LOOP]  Utility Water              COMPRESSED AIR             0.217390     351601.02
16:21:05  INFO        [U4U LOOP]  Utility Water              SWRO WATER                 1.100000    1779111.84
16:21:05  INFO        [U4U LOOP]  HP Steam_Dis               HP Steam PRDS              1.000000      46852.10
16:21:05  INFO        [U4U LOOP]  LP Steam_Dis               HRSG1_C2_LP STEAM          0.387271      32433.24
16:21:05  INFO        [U4U LOOP]  LP Steam_Dis               HRSG2_C2_LP STEAM          0.245271      20541.00
16:21:05  INFO        [U4U LOOP]  LP Steam_Dis               LP Steam PRDS              0.367458      30773.94
16:21:05  INFO        [U4U LOOP]  MP Steam_Dis               MP Steam PRDS SHP          1.000000      39456.55
16:21:05  INFO        [U4U LOOP]  SHP Steam_Dis              AUXBOIL7_SHP STEAM         0.226682     103956.72
16:21:05  INFO        [U4U LOOP]  SHP Steam_Dis              HRSG1_C2_SHP STEAM         0.473460     217129.50
16:21:05  INFO        [U4U LOOP]  SHP Steam_Dis              HRSG2_C2_SHP STEAM         0.299858     137515.35
16:21:05  INFO        [U4U LOOP]  LP Steam PRDS              MP Steam_Dis               0.945000      25971.38
16:21:05  INFO        [U4U LOOP]  MP Steam PRDS SHP          HP Steam_Dis               0.900000      58885.13
16:21:05  INFO        [U4U LOOP]  HP Steam PRDS              SHP Steam_Dis              0.936000      98970.05
16:21:05  INFO      
16:21:05  INFO        [U4U LOOP]  Not yet converged: 7 materials
16:21:05  INFO        [U4U LOOP]    AUXBOIL7_SHP STEAM              change=4.7720%
16:21:05  INFO        [U4U LOOP]    HP Steam PRDS                   change=0.0540%
16:21:05  INFO        [U4U LOOP]    HP Steam_Dis                    change=0.0323%
16:21:05  INFO        [U4U LOOP]    HRSG1_C2_SHP STEAM              change=4.7720%
16:21:05  INFO        [U4U LOOP]    HRSG2_C2_SHP STEAM              change=4.7720%
16:21:05  INFO        [U4U LOOP]    MP Steam PRDS SHP               change=0.0536%
16:21:05  INFO        [U4U LOOP]    SHP Steam_Dis                   change=0.0419%
16:21:05  INFO      
16:21:06  INFO        ==============================================================================
16:21:06  INFO        POWER DISPATCH  (April 2026)
16:21:06  INFO        ==============================================================================
16:21:06  INFO        Demand:  Process = 62526.31 MWh  |  Fixed = 64332.18 MWh  |  Total = 126858.49 MWh
16:21:06  INFO      
16:21:06  INFO        Step 1: Mandatory assets at MIN load, then optional if needed
16:21:06  INFO        Asset                      Priority   Man    Min MW    Max MW     Hours       Min MWh
16:21:06  INFO        -------------------------  --------  ----  --------  --------  --------  ------------
16:21:06  INFO        JMD - C2-GTG 1                    1     Y    104.00    105.00    720.00      74880.00
16:21:06  INFO        JMD - C2-GTG 2                    1     Y     64.00     67.00    720.00      46080.00
16:21:06  INFO        TOTAL MIN GENERATION                                                        120960.00
16:21:06  INFO      
16:21:06  INFO        ⚠ DEFICIT: MAX generation (123840.00 MWh) BELOW demand (126858.49 MWh)
16:21:06  INFO          Deficit = 3018.49 MWh
16:21:06  INFO      
16:21:06  INFO        FINAL DISPATCH
16:21:06  INFO        Asset                      Priority   Dispatched MW  Dispatched MWh    Load %   Avg Load MW  FreeStm Factor   Free Steam MT       Heat Rate   Aux Power MWh
16:21:06  INFO        -------------------------  --------  --------------  --------------  --------  ------------  ------------  --------------  --------------  --------------
16:21:06  INFO        JMD - C2-GTG 1                    1          105.00        75600.00    100.0%        105.00        1.5700       118692.00         2643.00          102.06
16:21:06  INFO        JMD - C2-GTG 2                    1           67.00        48240.00    100.0%         67.00        1.8300        88279.20         3120.84           65.12
16:21:06  INFO        TOTAL                                                     123840.00                                             206971.20                          167.18
16:21:06  INFO        ==============================================================================
16:21:07  INFO      
16:21:07  INFO        SPINNING MARGIN CONFIG
16:21:07  INFO        Required margin: 250.00 TPH
16:21:07  INFO        Asset                         Max TPH     Eff Max     Reserve
16:21:07  INFO        -------------------------  ----------  ----------  ----------
16:21:07  INFO        AUXBOIL7_SHP STEAM             220.00      143.61       76.39
16:21:07  INFO        HRSG1_C2_SHP STEAM             250.00      163.19       86.81
16:21:07  INFO        HRSG2_C2_SHP STEAM             250.00      163.19       86.81
16:21:07  INFO        TOTAL RESERVED                                         250.00
16:21:07  INFO        → Margin of 250.00 TPH successfully reserved
16:21:07  INFO      
16:21:07  INFO        ==============================================================================
16:21:07  INFO        STEAM DISPATCH  (April 2026)
16:21:07  INFO        ==============================================================================
16:21:07  INFO        Grade      Process/Fixed MT  Letdown MT  Byproduct MT     Net Demand MT
16:21:07  INFO        ---------  ----------------  ----------  ------------  ----------------
16:21:07  INFO        LP                 83748.18    25971.38     -56265.24          27482.94
16:21:07  INFO        MP                 39456.55    58885.14          0.00          65427.93
16:21:07  INFO        HP                 46871.13    98987.87          0.00         105756.27
16:21:07  INFO        SHP               458643.05        0.00          0.00         458643.05
16:21:07  INFO      
16:21:07  INFO        Total Free Steam available: 206971.20 MT
16:21:07  INFO      
16:21:07  INFO        FINAL SUPPLEMENTARY FIRING DISPATCH
16:21:07  INFO        Asset                      Priority   Man     Min TPH     Max TPH     Hours  Dispatched TPH   Dispatched MT    Load %
16:21:07  INFO        -------------------------  --------  ----  ----------  ----------  --------  --------------  --------------  --------
16:21:07  INFO        AUXBOIL7_SHP STEAM                1     Y       50.00      220.00    698.00          198.36       138458.39     90.2%
16:21:07  INFO        AUXBOIL8_SHP STEAM                1     Y       90.00      220.00      0.00            0.00            0.00      0.0%
16:21:07  INFO        HRSG1_C2_SHP STEAM                1     Y        0.00       85.15    720.00           85.15        61308.00    100.0%
16:21:07  INFO        HRSG2_C2_SHP STEAM                1     Y        0.00      127.39    720.00          148.36       106822.41    108.4%
16:21:07  INFO        TOTAL SUPPLEMENTARY                                                                         306588.80          
16:21:07  INFO        TOTAL STEAM GENERATED                                                                       513560.00          
16:21:07  INFO        ✓ Steam demand fully met with surplus of 54916.95 MT
16:21:07  INFO      
16:21:07  INFO        ✓ STEAM SPINNING MARGIN OK: 288.12 TPH reserved (required: 250.00 TPH)
16:21:07  INFO        ==============================================================================
16:21:07  INFO        [CASCADE] LP byproduct from HRSGs: 56265.24 MT
16:21:07  INFO        [CASCADE] LP Steam PRDS             produces=LP Steam_Dis         base=  83748.18 uplift=      0.00 byproduct=  56265.24 net=  27482.94 -> MP Steam_Dis         consumed=  25971.38
16:21:07  INFO        [CASCADE] MP Steam PRDS SHP         produces=MP Steam_Dis         base=  39456.55 uplift=  25971.38 byproduct=      0.00 net=  65427.93 -> HP Steam_Dis         consumed=  58885.14
16:21:07  INFO        [CASCADE] HP Steam PRDS             produces=HP Steam_Dis         base=  46871.13 uplift=  58885.14 byproduct=      0.00 net= 105756.27 -> SHP Steam_Dis        consumed=  98987.87
16:21:07  INFO      
16:21:07  INFO        [U4U LOOP] ==============================================================================
16:21:07  INFO        [U4U LOOP]  ITERATION 7
16:21:07  INFO        [U4U LOOP] ==============================================================================
16:21:07  INFO        [U4U LOOP]  Power:  demand=     135462.03 MWh   gen=     123840.00 MWh
16:21:07  INFO        [U4U LOOP]  Steam:  gen=     513560.00 MT
16:21:07  INFO      
16:21:07  INFO        [U4U LOOP]  Utility (ODS Material)            Old Demand    New Demand    U4U Demand    Change %
16:21:07  INFO        [U4U LOOP]  ------------------------------  ------------  ------------  ------------  ----------
16:21:07  INFO        [U4U LOOP]  AUXBOIL7_SHP STEAM                  98995.90     103956.72     103966.12     4.7720%
16:21:07  INFO        [U4U LOOP]  Boiler Feed Water                  574960.84     574960.84     574960.84     0.0000%
16:21:07  INFO        [U4U LOOP]  COMPRESED AIR_ASU                  745122.33     745137.20     745137.27     0.0020%
16:21:07  INFO        [U4U LOOP]  COMPRESSED AIR                   14610533.40   14610534.68    1990516.75     0.0000%
16:21:07  INFO        [U4U LOOP]  Cooling Water                      101100.22     101100.22        885.22     0.0000%
16:21:07  INFO        [U4U LOOP]  D M Water                          730973.66     730973.66     546004.66     0.0000%
16:21:07  INFO        [U4U LOOP]  Effluent Treated                   591541.82     591541.83     384180.83     0.0000%
16:21:07  INFO        [U4U LOOP]  HP Steam PRDS                       46826.81      46852.10      46871.13     0.0540%
16:21:07  INFO        [U4U LOOP]  HP Steam_Dis                        46852.10      46871.13      58885.14     0.0406%
16:21:07  INFO        [U4U LOOP]  HRSG1_C2_SHP STEAM                 206768.06     217129.50     217149.14     4.7720%
16:21:07  INFO        [U4U LOOP]  HRSG2_C2_SHP STEAM                 130953.11     137515.35     137527.79     4.7720%
16:21:07  INFO        [U4U LOOP]  LP Steam PRDS                       30773.94      30773.94      30773.94     0.0000%
16:21:07  INFO        [U4U LOOP]  LP Steam_Dis                        83748.18      83748.18      60667.18     0.0000%
16:21:07  INFO        [U4U LOOP]  MP Steam PRDS SHP                   39435.40      39456.55      39456.55     0.0536%
16:21:07  INFO        [U4U LOOP]  MP Steam_Dis                        39456.55      39456.55      26914.55     0.0000%
16:21:07  INFO        [U4U LOOP]  NITROGEN_ASU                     13416588.03   13416588.03     669527.03     0.0000%
16:21:07  INFO        [U4U LOOP]  Oxygen                              38907.00      38907.00          0.00     0.0000%
16:21:07  INFO        [U4U LOOP]  PROCESS FEED WATER                  31711.00      31711.00          0.00     0.0000%
16:21:07  INFO        [U4U LOOP]  Power_Dis                          135461.92     135462.03      52594.44     0.0001%
16:21:07  INFO        [U4U LOOP]  SHP Steam_Dis                      458601.57     458643.05      98987.87     0.0090%
16:21:07  INFO        [U4U LOOP]  Utility Water                     1617374.40    1617374.60      88561.60     0.0000%
16:21:07  INFO      
16:21:07  INFO        [U4U LOOP]  U4U CONSUMPTION BREAKDOWN (per producer per material):
16:21:07  INFO        [U4U LOOP]  Producer                   Material Consumed              Norm      Quantity
16:21:07  INFO        [U4U LOOP]  -------------------------  -------------------------  --------  ------------
16:21:07  INFO        [U4U LOOP]  JMD - C2-GTG 1             SynGas(Unshift)            0.004368     330220.80
16:21:07  INFO        [U4U LOOP]  JMD - C2-GTG 1             COMPRESSED AIR             0.001280      96768.00
16:21:07  INFO        [U4U LOOP]  JMD - C2-GTG 1             Cooling Water              0.000007        529.20
16:21:07  INFO        [U4U LOOP]  JMD - C2-GTG 1             NITROGEN_ASU               0.001660     125496.00
16:21:07  INFO        [U4U LOOP]  JMD - C2-GTG 1             Power_Dis                  0.001350     102060.00
16:21:07  INFO        [U4U LOOP]  JMD - C2-GTG 1             Utility Water              0.000023       1738.80
16:21:07  INFO        [U4U LOOP]  JMD - C2-GTG 2             SynGas(Unshift)            0.004485     216356.40
16:21:07  INFO        [U4U LOOP]  JMD - C2-GTG 2             COMPRESSED AIR             0.001280      61747.20
16:21:07  INFO        [U4U LOOP]  JMD - C2-GTG 2             Cooling Water              0.000007        337.68
16:21:07  INFO        [U4U LOOP]  JMD - C2-GTG 2             NITROGEN_ASU               0.001660      80078.40
16:21:07  INFO        [U4U LOOP]  JMD - C2-GTG 2             Power_Dis                  0.001350      65124.00
16:21:07  INFO        [U4U LOOP]  JMD - C2-GTG 2             Utility Water              0.000023       1109.52
16:21:07  INFO        [U4U LOOP]  AUXBOIL7_SHP STEAM         SynGas(Unshift)            2.876221     398236.93
16:21:07  INFO        [U4U LOOP]  AUXBOIL7_SHP STEAM         Boiler Feed Water          1.010000     139842.97
16:21:07  INFO        [U4U LOOP]  AUXBOIL7_SHP STEAM         Power_Dis                  3.850000     533064.80
16:21:07  INFO        [U4U LOOP]  HRSG1_C2_SHP STEAM         SynGas(Unshift)            3.376244     607723.92
16:21:07  INFO        [U4U LOOP]  HRSG1_C2_SHP STEAM         Boiler Feed Water          1.160000     208800.00
16:21:07  INFO        [U4U LOOP]  HRSG1_C2_SHP STEAM         Power_Dis                  0.285000      51300.00
16:21:07  INFO        [U4U LOOP]  HRSG2_C2_SHP STEAM         SynGas(Unshift)            3.357468     655047.41
16:21:07  INFO        [U4U LOOP]  HRSG2_C2_SHP STEAM         Boiler Feed Water          1.160000     226317.87
16:21:07  INFO        [U4U LOOP]  HRSG2_C2_SHP STEAM         Power_Dis                  0.285000      55603.96
16:21:07  INFO        [U4U LOOP]  Boiler Feed Water          D M Water                  0.900000     517464.76
16:21:07  INFO        [U4U LOOP]  Boiler Feed Water          LP Steam_Dis               0.100000      57496.08
16:21:07  INFO        [U4U LOOP]  Boiler Feed Water          Power_Dis                  8.100000    4657182.82
16:21:07  INFO        [U4U LOOP]  COMPRESED AIR_ASU          Power_Dis                  0.125000      93142.15
16:21:07  INFO        [U4U LOOP]  COMPRESSED AIR             COMPRESED AIR_ASU          0.051000     745137.27
16:21:07  INFO        [U4U LOOP]  COMPRESSED AIR             COMPRESSED AIR             0.002670      39010.13
16:21:07  INFO        [U4U LOOP]  COMPRESSED AIR             Power_Dis                  0.150000    2191580.20
16:21:07  INFO        [U4U LOOP]  Cooling Water              COMPRESSED AIR             0.974741      98546.53
16:21:07  INFO        [U4U LOOP]  Cooling Water              Effluent Treated           3.800000     384180.83
16:21:07  INFO        [U4U LOOP]  Cooling Water              Power_Dis                  210.900000   21322035.93
16:21:07  INFO        [U4U LOOP]  Cooling Water              SWRO WATER                 9.400000     950342.05
16:21:07  INFO        [U4U LOOP]  D M Water                  COMPRESSED AIR             0.049180      35949.28
16:21:07  INFO        [U4U LOOP]  D M Water                  NITROGEN_ASU               0.630000     460513.40
16:21:07  INFO        [U4U LOOP]  D M Water                  Power_Dis                  0.920000     672495.76
16:21:07  INFO        [U4U LOOP]  D M Water                  SWRO WATER                 1.150000     840619.71
16:21:07  INFO        [U4U LOOP]  Effluent Treated           COMPRESSED AIR             2.209302    1306894.54
16:21:07  INFO        [U4U LOOP]  Effluent Treated           Cooling Water              0.000031         18.34
16:21:07  INFO        [U4U LOOP]  Effluent Treated           NITROGEN_ASU               0.005814       3439.22
16:21:07  INFO        [U4U LOOP]  Effluent Treated           Power_Dis                  3.200000    1892933.85
16:21:07  INFO        [U4U LOOP]  Effluent Treated           Utility Water              0.029070      17196.12
16:21:07  INFO        [U4U LOOP]  NITROGEN_ASU               MP Steam_Dis               0.000021        281.75
16:21:07  INFO        [U4U LOOP]  NITROGEN_ASU               Power_Dis                  0.474260    6362951.04
16:21:07  INFO        [U4U LOOP]  NITROGEN_ASU               Ret steam condensate       -0.000011       -147.58
16:21:07  INFO        [U4U LOOP]  NITROGEN_ASU               Utility Water              0.001540      20661.55
16:21:07  INFO        [U4U LOOP]  Oxygen                     MP Steam_Dis               0.017000        661.42
16:21:07  INFO        [U4U LOOP]  Oxygen                     Power_Dis                  374.610000   14574951.27
16:21:07  INFO        [U4U LOOP]  Oxygen                     Ret steam condensate       -0.008000       -311.26
16:21:07  INFO        [U4U LOOP]  Oxygen                     Utility Water              1.230000      47855.61
16:21:07  INFO        [U4U LOOP]  PROCESS FEED WATER         D M Water                  0.900000      28539.90
16:21:07  INFO        [U4U LOOP]  PROCESS FEED WATER         LP Steam_Dis               0.100000       3171.10
16:21:07  INFO        [U4U LOOP]  PROCESS FEED WATER         Power_Dis                  0.631000      20009.64
16:21:07  INFO        [U4U LOOP]  Utility Water              COMPRESSED AIR             0.217390     351601.06
16:21:07  INFO        [U4U LOOP]  Utility Water              SWRO WATER                 1.100000    1779112.06
16:21:07  INFO        [U4U LOOP]  HP Steam_Dis               HP Steam PRDS              1.000000      46871.13
16:21:07  INFO        [U4U LOOP]  LP Steam_Dis               HRSG1_C2_LP STEAM          0.387271      32433.24
16:21:07  INFO        [U4U LOOP]  LP Steam_Dis               HRSG2_C2_LP STEAM          0.245271      20541.00
16:21:07  INFO        [U4U LOOP]  LP Steam_Dis               LP Steam PRDS              0.367458      30773.94
16:21:07  INFO        [U4U LOOP]  MP Steam_Dis               MP Steam PRDS SHP          1.000000      39456.55
16:21:07  INFO        [U4U LOOP]  SHP Steam_Dis              AUXBOIL7_SHP STEAM         0.226682     103966.12
16:21:07  INFO        [U4U LOOP]  SHP Steam_Dis              HRSG1_C2_SHP STEAM         0.473460     217149.14
16:21:07  INFO        [U4U LOOP]  SHP Steam_Dis              HRSG2_C2_SHP STEAM         0.299858     137527.79
16:21:07  INFO        [U4U LOOP]  LP Steam PRDS              MP Steam_Dis               0.945000      25971.38
16:21:07  INFO        [U4U LOOP]  MP Steam PRDS SHP          HP Steam_Dis               0.900000      58885.14
16:21:07  INFO        [U4U LOOP]  HP Steam PRDS              SHP Steam_Dis              0.936000      98987.87
16:21:07  INFO      
16:21:07  INFO        [U4U LOOP]  Not yet converged: 2 materials
16:21:07  INFO        [U4U LOOP]    HP Steam PRDS                   change=0.0406%
16:21:07  INFO        [U4U LOOP]    SHP Steam_Dis                   change=0.0180%
16:21:07  INFO      
16:21:08  INFO        ==============================================================================
16:21:08  INFO        POWER DISPATCH  (April 2026)
16:21:08  INFO        ==============================================================================
16:21:08  INFO        Demand:  Process = 62526.31 MWh  |  Fixed = 64332.18 MWh  |  Total = 126858.49 MWh
16:21:08  INFO      
16:21:08  INFO        Step 1: Mandatory assets at MIN load, then optional if needed
16:21:08  INFO        Asset                      Priority   Man    Min MW    Max MW     Hours       Min MWh
16:21:08  INFO        -------------------------  --------  ----  --------  --------  --------  ------------
16:21:08  INFO        JMD - C2-GTG 1                    1     Y    104.00    105.00    720.00      74880.00
16:21:08  INFO        JMD - C2-GTG 2                    1     Y     64.00     67.00    720.00      46080.00
16:21:08  INFO        TOTAL MIN GENERATION                                                        120960.00
16:21:08  INFO      
16:21:08  INFO        ⚠ DEFICIT: MAX generation (123840.00 MWh) BELOW demand (126858.49 MWh)
16:21:08  INFO          Deficit = 3018.49 MWh
16:21:08  INFO      
16:21:08  INFO        FINAL DISPATCH
16:21:08  INFO        Asset                      Priority   Dispatched MW  Dispatched MWh    Load %   Avg Load MW  FreeStm Factor   Free Steam MT       Heat Rate   Aux Power MWh
16:21:08  INFO        -------------------------  --------  --------------  --------------  --------  ------------  ------------  --------------  --------------  --------------
16:21:08  INFO        JMD - C2-GTG 1                    1          105.00        75600.00    100.0%        105.00        1.5700       118692.00         2643.00          102.06
16:21:08  INFO        JMD - C2-GTG 2                    1           67.00        48240.00    100.0%         67.00        1.8300        88279.20         3120.84           65.12
16:21:08  INFO        TOTAL                                                     123840.00                                             206971.20                          167.18
16:21:08  INFO        ==============================================================================
16:21:09  INFO      
16:21:09  INFO        SPINNING MARGIN CONFIG
16:21:09  INFO        Required margin: 250.00 TPH
16:21:09  INFO        Asset                         Max TPH     Eff Max     Reserve
16:21:09  INFO        -------------------------  ----------  ----------  ----------
16:21:09  INFO        AUXBOIL7_SHP STEAM             220.00      143.61       76.39
16:21:09  INFO        HRSG1_C2_SHP STEAM             250.00      163.19       86.81
16:21:09  INFO        HRSG2_C2_SHP STEAM             250.00      163.19       86.81
16:21:09  INFO        TOTAL RESERVED                                         250.00
16:21:09  INFO        → Margin of 250.00 TPH successfully reserved
16:21:09  INFO      
16:21:09  INFO        ==============================================================================
16:21:09  INFO        STEAM DISPATCH  (April 2026)
16:21:09  INFO        ==============================================================================
16:21:09  INFO        Grade      Process/Fixed MT  Letdown MT  Byproduct MT     Net Demand MT
16:21:09  INFO        ---------  ----------------  ----------  ------------  ----------------
16:21:09  INFO        LP                 83748.18    25971.38     -56265.24          27482.94
16:21:09  INFO        MP                 39456.55    58885.14          0.00          65427.93
16:21:09  INFO        HP                 46871.14    98987.87          0.00         105756.27
16:21:09  INFO        SHP               458660.87        0.00          0.00         458660.87
16:21:09  INFO      
16:21:09  INFO        Total Free Steam available: 206971.20 MT
16:21:09  INFO      
16:21:09  INFO        FINAL SUPPLEMENTARY FIRING DISPATCH
16:21:09  INFO        Asset                      Priority   Man     Min TPH     Max TPH     Hours  Dispatched TPH   Dispatched MT    Load %
16:21:09  INFO        -------------------------  --------  ----  ----------  ----------  --------  --------------  --------------  --------
16:21:09  INFO        AUXBOIL7_SHP STEAM                1     Y       50.00      220.00    698.00          198.36       138458.39     90.2%
16:21:09  INFO        AUXBOIL8_SHP STEAM                1     Y       90.00      220.00      0.00            0.00            0.00      0.0%
16:21:09  INFO        HRSG1_C2_SHP STEAM                1     Y        0.00       85.15    720.00           85.15        61308.00    100.0%
16:21:09  INFO        HRSG2_C2_SHP STEAM                1     Y        0.00      127.39    720.00          148.36       106822.41    108.4%
16:21:09  INFO        TOTAL SUPPLEMENTARY                                                                         306588.80          
16:21:09  INFO        TOTAL STEAM GENERATED                                                                       513560.00          
16:21:09  INFO        ✓ Steam demand fully met with surplus of 54899.13 MT
16:21:09  INFO      
16:21:09  INFO        ✓ STEAM SPINNING MARGIN OK: 288.12 TPH reserved (required: 250.00 TPH)
16:21:09  INFO        ==============================================================================
16:21:09  INFO        [CASCADE] LP byproduct from HRSGs: 56265.24 MT
16:21:09  INFO        [CASCADE] LP Steam PRDS             produces=LP Steam_Dis         base=  83748.18 uplift=      0.00 byproduct=  56265.24 net=  27482.94 -> MP Steam_Dis         consumed=  25971.38
16:21:09  INFO        [CASCADE] MP Steam PRDS SHP         produces=MP Steam_Dis         base=  39456.55 uplift=  25971.38 byproduct=      0.00 net=  65427.93 -> HP Steam_Dis         consumed=  58885.14
16:21:09  INFO        [CASCADE] HP Steam PRDS             produces=HP Steam_Dis         base=  46871.14 uplift=  58885.14 byproduct=      0.00 net= 105756.27 -> SHP Steam_Dis        consumed=  98987.87
16:21:09  INFO      
16:21:09  INFO        [U4U LOOP] ==============================================================================
16:21:09  INFO        [U4U LOOP]  ITERATION 8
16:21:09  INFO        [U4U LOOP] ==============================================================================
16:21:09  INFO        [U4U LOOP]  Power:  demand=     135462.03 MWh   gen=     123840.00 MWh
16:21:09  INFO        [U4U LOOP]  Steam:  gen=     513560.00 MT
16:21:09  INFO      
16:21:09  INFO        [U4U LOOP]  Utility (ODS Material)            Old Demand    New Demand    U4U Demand    Change %
16:21:09  INFO        [U4U LOOP]  ------------------------------  ------------  ------------  ------------  ----------
16:21:09  INFO        [U4U LOOP]  AUXBOIL7_SHP STEAM                 103956.72     103966.12     103970.16     0.0090%
16:21:09  INFO        [U4U LOOP]  Boiler Feed Water                  574960.84     574960.84     574960.84     0.0000%
16:21:09  INFO        [U4U LOOP]  COMPRESED AIR_ASU                  745137.20     745137.27     745137.27     0.0000%
16:21:09  INFO        [U4U LOOP]  COMPRESSED AIR                   14610534.68   14610534.75    1990516.75     0.0000%
16:21:09  INFO        [U4U LOOP]  Cooling Water                      101100.22     101100.22        885.22     0.0000%
16:21:09  INFO        [U4U LOOP]  D M Water                          730973.66     730973.66     546004.66     0.0000%
16:21:09  INFO        [U4U LOOP]  Effluent Treated                   591541.83     591541.83     384180.83     0.0000%
16:21:09  INFO        [U4U LOOP]  HP Steam PRDS                       46852.10      46871.13      46871.14     0.0406%
16:21:09  INFO        [U4U LOOP]  HP Steam_Dis                        46871.13      46871.14      58885.14     0.0000%
16:21:09  INFO        [U4U LOOP]  HRSG1_C2_SHP STEAM                 217129.50     217149.14     217157.57     0.0090%
16:21:09  INFO        [U4U LOOP]  HRSG2_C2_SHP STEAM                 137515.35     137527.79     137533.13     0.0090%
16:21:09  INFO        [U4U LOOP]  LP Steam PRDS                       30773.94      30773.94      30773.94     0.0000%
16:21:09  INFO        [U4U LOOP]  LP Steam_Dis                        83748.18      83748.18      60667.18     0.0000%
16:21:09  INFO        [U4U LOOP]  MP Steam PRDS SHP                   39456.55      39456.55      39456.55     0.0000%
16:21:09  INFO        [U4U LOOP]  MP Steam_Dis                        39456.55      39456.55      26914.55     0.0000%
16:21:09  INFO        [U4U LOOP]  NITROGEN_ASU                     13416588.03   13416588.03     669527.03     0.0000%
16:21:09  INFO        [U4U LOOP]  Oxygen                              38907.00      38907.00          0.00     0.0000%
16:21:09  INFO        [U4U LOOP]  PROCESS FEED WATER                  31711.00      31711.00          0.00     0.0000%
16:21:09  INFO        [U4U LOOP]  Power_Dis                          135462.03     135462.03      52594.44     0.0000%
16:21:09  INFO        [U4U LOOP]  SHP Steam_Dis                      458643.05     458660.87      98987.87     0.0039%
16:21:09  INFO        [U4U LOOP]  Utility Water                     1617374.60    1617374.60      88561.60     0.0000%
16:21:09  INFO      
16:21:09  INFO        [U4U LOOP]  U4U CONSUMPTION BREAKDOWN (per producer per material):
16:21:09  INFO        [U4U LOOP]  Producer                   Material Consumed              Norm      Quantity
16:21:09  INFO        [U4U LOOP]  -------------------------  -------------------------  --------  ------------
16:21:09  INFO        [U4U LOOP]  JMD - C2-GTG 1             SynGas(Unshift)            0.004368     330220.80
16:21:09  INFO        [U4U LOOP]  JMD - C2-GTG 1             COMPRESSED AIR             0.001280      96768.00
16:21:09  INFO        [U4U LOOP]  JMD - C2-GTG 1             Cooling Water              0.000007        529.20
16:21:09  INFO        [U4U LOOP]  JMD - C2-GTG 1             NITROGEN_ASU               0.001660     125496.00
16:21:09  INFO        [U4U LOOP]  JMD - C2-GTG 1             Power_Dis                  0.001350     102060.00
16:21:09  INFO        [U4U LOOP]  JMD - C2-GTG 1             Utility Water              0.000023       1738.80
16:21:09  INFO        [U4U LOOP]  JMD - C2-GTG 2             SynGas(Unshift)            0.004485     216356.40
16:21:09  INFO        [U4U LOOP]  JMD - C2-GTG 2             COMPRESSED AIR             0.001280      61747.20
16:21:09  INFO        [U4U LOOP]  JMD - C2-GTG 2             Cooling Water              0.000007        337.68
16:21:09  INFO        [U4U LOOP]  JMD - C2-GTG 2             NITROGEN_ASU               0.001660      80078.40
16:21:09  INFO        [U4U LOOP]  JMD - C2-GTG 2             Power_Dis                  0.001350      65124.00
16:21:09  INFO        [U4U LOOP]  JMD - C2-GTG 2             Utility Water              0.000023       1109.52
16:21:09  INFO        [U4U LOOP]  AUXBOIL7_SHP STEAM         SynGas(Unshift)            2.876221     398236.93
16:21:09  INFO        [U4U LOOP]  AUXBOIL7_SHP STEAM         Boiler Feed Water          1.010000     139842.97
16:21:09  INFO        [U4U LOOP]  AUXBOIL7_SHP STEAM         Power_Dis                  3.850000     533064.80
16:21:09  INFO        [U4U LOOP]  HRSG1_C2_SHP STEAM         SynGas(Unshift)            3.376244     607723.92
16:21:09  INFO        [U4U LOOP]  HRSG1_C2_SHP STEAM         Boiler Feed Water          1.160000     208800.00
16:21:09  INFO        [U4U LOOP]  HRSG1_C2_SHP STEAM         Power_Dis                  0.285000      51300.00
16:21:09  INFO        [U4U LOOP]  HRSG2_C2_SHP STEAM         SynGas(Unshift)            3.357468     655047.41
16:21:09  INFO        [U4U LOOP]  HRSG2_C2_SHP STEAM         Boiler Feed Water          1.160000     226317.87
16:21:09  INFO        [U4U LOOP]  HRSG2_C2_SHP STEAM         Power_Dis                  0.285000      55603.96
16:21:09  INFO        [U4U LOOP]  Boiler Feed Water          D M Water                  0.900000     517464.76
16:21:09  INFO        [U4U LOOP]  Boiler Feed Water          LP Steam_Dis               0.100000      57496.08
16:21:09  INFO        [U4U LOOP]  Boiler Feed Water          Power_Dis                  8.100000    4657182.82
16:21:09  INFO        [U4U LOOP]  COMPRESED AIR_ASU          Power_Dis                  0.125000      93142.16
16:21:09  INFO        [U4U LOOP]  COMPRESSED AIR             COMPRESED AIR_ASU          0.051000     745137.27
16:21:09  INFO        [U4U LOOP]  COMPRESSED AIR             COMPRESSED AIR             0.002670      39010.13
16:21:09  INFO        [U4U LOOP]  COMPRESSED AIR             Power_Dis                  0.150000    2191580.21
16:21:09  INFO        [U4U LOOP]  Cooling Water              COMPRESSED AIR             0.974741      98546.53
16:21:09  INFO        [U4U LOOP]  Cooling Water              Effluent Treated           3.800000     384180.83
16:21:09  INFO        [U4U LOOP]  Cooling Water              Power_Dis                  210.900000   21322035.93
16:21:09  INFO        [U4U LOOP]  Cooling Water              SWRO WATER                 9.400000     950342.05
16:21:09  INFO        [U4U LOOP]  D M Water                  COMPRESSED AIR             0.049180      35949.28
16:21:09  INFO        [U4U LOOP]  D M Water                  NITROGEN_ASU               0.630000     460513.40
16:21:09  INFO        [U4U LOOP]  D M Water                  Power_Dis                  0.920000     672495.76
16:21:09  INFO        [U4U LOOP]  D M Water                  SWRO WATER                 1.150000     840619.71
16:21:09  INFO        [U4U LOOP]  Effluent Treated           COMPRESSED AIR             2.209302    1306894.54
16:21:09  INFO        [U4U LOOP]  Effluent Treated           Cooling Water              0.000031         18.34
16:21:09  INFO        [U4U LOOP]  Effluent Treated           NITROGEN_ASU               0.005814       3439.22
16:21:09  INFO        [U4U LOOP]  Effluent Treated           Power_Dis                  3.200000    1892933.85
16:21:09  INFO        [U4U LOOP]  Effluent Treated           Utility Water              0.029070      17196.12
16:21:09  INFO        [U4U LOOP]  NITROGEN_ASU               MP Steam_Dis               0.000021        281.75
16:21:09  INFO        [U4U LOOP]  NITROGEN_ASU               Power_Dis                  0.474260    6362951.04
16:21:09  INFO        [U4U LOOP]  NITROGEN_ASU               Ret steam condensate       -0.000011       -147.58
16:21:09  INFO        [U4U LOOP]  NITROGEN_ASU               Utility Water              0.001540      20661.55
16:21:09  INFO        [U4U LOOP]  Oxygen                     MP Steam_Dis               0.017000        661.42
16:21:09  INFO        [U4U LOOP]  Oxygen                     Power_Dis                  374.610000   14574951.27
16:21:09  INFO        [U4U LOOP]  Oxygen                     Ret steam condensate       -0.008000       -311.26
16:21:09  INFO        [U4U LOOP]  Oxygen                     Utility Water              1.230000      47855.61
16:21:09  INFO        [U4U LOOP]  PROCESS FEED WATER         D M Water                  0.900000      28539.90
16:21:09  INFO        [U4U LOOP]  PROCESS FEED WATER         LP Steam_Dis               0.100000       3171.10
16:21:09  INFO        [U4U LOOP]  PROCESS FEED WATER         Power_Dis                  0.631000      20009.64
16:21:09  INFO        [U4U LOOP]  Utility Water              COMPRESSED AIR             0.217390     351601.06
16:21:09  INFO        [U4U LOOP]  Utility Water              SWRO WATER                 1.100000    1779112.06
16:21:09  INFO        [U4U LOOP]  HP Steam_Dis               HP Steam PRDS              1.000000      46871.14
16:21:09  INFO        [U4U LOOP]  LP Steam_Dis               HRSG1_C2_LP STEAM          0.387271      32433.24
16:21:09  INFO        [U4U LOOP]  LP Steam_Dis               HRSG2_C2_LP STEAM          0.245271      20541.00
16:21:09  INFO        [U4U LOOP]  LP Steam_Dis               LP Steam PRDS              0.367458      30773.94
16:21:09  INFO        [U4U LOOP]  MP Steam_Dis               MP Steam PRDS SHP          1.000000      39456.55
16:21:09  INFO        [U4U LOOP]  SHP Steam_Dis              AUXBOIL7_SHP STEAM         0.226682     103970.16
16:21:09  INFO        [U4U LOOP]  SHP Steam_Dis              HRSG1_C2_SHP STEAM         0.473460     217157.57
16:21:09  INFO        [U4U LOOP]  SHP Steam_Dis              HRSG2_C2_SHP STEAM         0.299858     137533.13
16:21:09  INFO        [U4U LOOP]  LP Steam PRDS              MP Steam_Dis               0.945000      25971.38
16:21:09  INFO        [U4U LOOP]  MP Steam PRDS SHP          HP Steam_Dis               0.900000      58885.14
16:21:09  INFO        [U4U LOOP]  HP Steam PRDS              SHP Steam_Dis              0.936000      98987.87
16:21:09  INFO      
16:21:09  INFO        [U4U LOOP]  All materials converged within tolerance
16:21:09  INFO      
16:21:09  INFO      
16:21:09  INFO        [U4U LOOP] ✓ CONVERGED in 8 iterations
16:21:09  INFO      
16:21:09  INFO        ==============================================================================
16:21:09  INFO        U4U ITERATION LOOP — FINAL SUMMARY
16:21:09  INFO        ==============================================================================
16:21:09  INFO        Converged: ✓ YES  |  Iterations: 8
16:21:09  INFO      
16:21:09  INFO        ==============================================================================
16:21:09  INFO        EXCESS POWER & STEAM AVAILABILITY (for export)
16:21:09  INFO        ==============================================================================
16:21:09  INFO      
16:21:09  INFO        POWER BALANCE
16:21:09  INFO        Total Demand (incl U4U)              126858.49  MWh
16:21:09  INFO        GT/STG Generation                    123840.00  MWh
16:21:09  INFO        External Import Power                  8603.54  MWh
16:21:09  INFO        Total Supply (Gen+Import)            132443.54  MWh
16:21:09  INFO        Auxiliary Consumption                   167.18  MWh
16:21:09  INFO      
16:21:09  INFO        ⚠ POWER DEFICIT: 3018.49 MWh (generation insufficient)
16:21:09  INFO      
16:21:09  INFO        Power Asset Dispatch Summary:
16:21:09  INFO        Asset                       Gross MWh     Aux MWh     Net MWh      Status
16:21:09  INFO        -------------------------  ----------  ----------  ----------  ----------
16:21:09  INFO        JMD - C2-GTG 1               75600.00      102.06    75497.94      AT MAX
16:21:09  INFO        JMD - C2-GTG 2               48240.00       65.12    48174.88      AT MAX
16:21:09  INFO      
16:21:09  INFO        Total Plant Capacity (max)   123840.00  MWh
16:21:09  INFO        Total Plant Min             120960.00  MWh
16:21:09  INFO        Current Generation          123840.00  MWh
16:21:09  INFO      
16:21:09  INFO        STEAM BALANCE (SHP)
16:21:09  INFO        Total SHP Demand (incl U4U)          458660.87  MT
16:21:09  INFO        Free Steam (from GT exhaust)         206971.20  MT
16:21:09  INFO        Supplementary Firing                 306588.80  MT
16:21:09  INFO        Total Steam Generation               513560.00  MT
16:21:09  INFO      
16:21:09  INFO        ╔════════════════════════════════════════════════════════════╗
16:21:09  INFO        ║  ★ EXCESS STEAM AVAILABLE FOR EXPORT:       54899.13 MT       ║
16:21:09  INFO        ║    (76.25 TPH for 720 hrs @ 100% utilization factor)        ║
16:21:09  INFO        ╚════════════════════════════════════════════════════════════╝
16:21:09  INFO      
16:21:09  INFO        Steam Asset Dispatch Summary:
16:21:09  INFO        Asset                      Dispatched MT        Max MT        Min MT      Status
16:21:09  INFO        -------------------------  ------------  ------------  ------------  ----------
16:21:09  INFO        AUXBOIL7_SHP STEAM            138458.39        220.00         50.00      AT MAX
16:21:09  INFO        AUXBOIL8_SHP STEAM                 0.00        220.00         90.00      AT MIN
16:21:09  INFO        HRSG1_C2_SHP STEAM             61308.00         85.15          0.00      AT MAX
16:21:09  INFO        HRSG2_C2_SHP STEAM            106822.41        127.39          0.00      AT MAX
16:21:09  INFO      
16:21:09  INFO        Total Steam Capacity (max)        652.54  MT
16:21:09  INFO        Total Steam Min                  140.00  MT
16:21:09  INFO        Current Supp. Generation      306588.80  MT
16:21:09  INFO      
16:21:09  INFO        ==============================================================================
16:21:09  INFO      
16:21:09  INFO        ==============================================================================
16:21:09  INFO        DEMAND vs GENERATION BALANCE TABLE
16:21:09  INFO        ==============================================================================
16:21:09  INFO        Utility                         Process         Fixed           U4U       Letdown    Total Demand      Generation         Balance
16:21:09  INFO        -------------------------  ------------  ------------  ------------  ------------  --------------  --------------  --------------
16:21:09  INFO        AUXBOIL7_SHP STEAM                 0.00          0.00     103970.16          0.00       103966.12       103966.12            0.00
16:21:09  INFO        Boiler Feed Water                  0.00          0.00     574960.84          0.00       574960.84       574960.84            0.00
16:21:09  INFO        COMPRESED AIR_ASU                  0.00          0.00     745137.27          0.00       745137.27       745137.27            0.00
16:21:09  INFO        COMPRESSED AIR              11292305.00    1327713.00    1990516.75          0.00     14610534.75     14610534.75            0.00
16:21:09  INFO        Cooling Water                  89343.00      10872.00        885.22          0.00       101100.22       101100.22            0.00
16:21:09  INFO        D M Water                     129256.00      55713.00     546004.66          0.00       730973.66       730973.66            0.00
16:21:09  INFO        Effluent Treated               75601.00     131760.00     384180.83          0.00       591541.83       591541.83            0.00
16:21:09  INFO        HP Steam_Dis                  -12252.00        238.00      58885.14      98987.87       105756.27       105756.27            0.00
16:21:09  INFO        HRSG1_C2_SHP STEAM                 0.00          0.00     217157.57          0.00       217149.14       217149.14            0.00
16:21:09  INFO        HRSG2_C2_SHP STEAM                 0.00          0.00     137533.13          0.00       137527.79       137527.79            0.00
16:21:09  INFO        LP Steam_Dis                   18336.00       4745.00      60667.18      25971.38        83748.18        83748.18            0.00
16:21:09  INFO        MP Steam_Dis                    4617.00       7925.00      26914.55      58885.14        65427.93        65427.93            0.00
16:21:09  INFO        NITROGEN_ASU                10794261.00    1952800.00     669527.03          0.00     13416588.03     13416588.03            0.00
16:21:09  INFO        Oxygen                         38907.00          0.00          0.00          0.00        38907.00        38907.00            0.00
16:21:09  INFO        PROCESS FEED WATER             31711.00          0.00          0.00          0.00        31711.00        31711.00            0.00
16:21:09  INFO        Power_Dis                      62526.31      20341.28      52594.44          0.00       135462.03       132443.54        -3018.49
16:21:09  INFO        Ret steam condensate         -154158.00       1512.00          0.00          0.00      -152646.00            0.00       152646.00
16:21:09  INFO        SHP Steam_Dis                 265383.00      94290.00      98987.87          0.00       458660.87       513560.00        54899.13
16:21:09  INFO        SWRO WATER                         0.00      87646.00          0.00          0.00        87646.00            0.00       -87646.00
16:21:09  INFO        Utility Water                   5163.00    1523650.00      88561.60          0.00      1617374.60      1617374.60            0.00
16:21:09  INFO        ==============================================================================
16:21:09  INFO      
16:21:09  INFO        Utility (ODS Material)              U4U Demand    Total Demand
16:21:09  INFO        ------------------------------  --------------  --------------
16:21:09  INFO        AUXBOIL7_SHP STEAM                   103970.16       103966.12
16:21:09  INFO        Boiler Feed Water                    574960.84       574960.84
16:21:09  INFO        COMPRESED AIR_ASU                    745137.27       745137.27
16:21:09  INFO        COMPRESSED AIR                      1990516.75     14610534.75
16:21:09  INFO        Cooling Water                           885.22       101100.22
16:21:09  INFO        D M Water                            546004.66       730973.66
16:21:09  INFO        Effluent Treated                     384180.83       591541.83
16:21:09  INFO        HP Steam PRDS                         46871.14        46871.13
16:21:09  INFO        HP Steam_Dis                          58885.14        46871.14
16:21:09  INFO        HRSG1_C2_SHP STEAM                   217157.57       217149.14
16:21:09  INFO        HRSG2_C2_SHP STEAM                   137533.13       137527.79
16:21:09  INFO        LP Steam PRDS                         30773.94        30773.94
16:21:09  INFO        LP Steam_Dis                          60667.18        83748.18
16:21:09  INFO        MP Steam PRDS SHP                     39456.55        39456.55
16:21:09  INFO        MP Steam_Dis                          26914.55        39456.55
16:21:09  INFO        NITROGEN_ASU                         669527.03     13416588.03
16:21:09  INFO        Power_Dis                             52594.44       135462.03
16:21:09  INFO        SHP Steam_Dis                         98987.87       458660.87
16:21:09  INFO        Utility Water                         88561.60      1617374.60
16:21:09  INFO      
16:21:09  INFO        U4U CONSUMPTION TABLE (final iteration)
16:21:09  INFO        Utility Plant              Utility                    UOM            Gen Qty     BPC Gen Qty  Gen Diff %  Account       Material                   UOM             Norm        Quantity    BPC Quantity  Qty Diff %
16:21:09  INFO        -------------------------  -------------------------  ------  --------------  --------------  ----------  ------------  -------------------------  ------  ------------  --------------  --------------  ----------
16:21:09  INFO        JMD - C2-GTG 1             POWERGEN                   KWH        75600000.00     75215499.08       0.51%  Raw Material  SynGas(Unshift)            MMBTU       0.004368       330220.80       328541.30       0.51%
16:21:09  INFO        JMD - C2-GTG 1             POWERGEN                   KWH        75600000.00     75215499.08       0.51%  Utilities     COMPRESSED AIR             NM3         0.001280        96768.00        96268.87       0.52%
16:21:09  INFO        JMD - C2-GTG 1             POWERGEN                   KWH        75600000.00     75215499.08       0.51%  Utilities     Cooling Water              KM3         0.000007          529.20          496.39       6.61%
16:21:09  INFO        JMD - C2-GTG 1             POWERGEN                   KWH        75600000.00     75215499.08       0.51%  Utilities     NITROGEN_ASU               NM3         0.001660       125496.00       124848.69       0.52%
16:21:09  INFO        JMD - C2-GTG 1             POWERGEN                   KWH        75600000.00     75215499.08       0.51%  Utilities     Power_Dis                  KWH         0.001350       102060.00       101533.57       0.52%
16:21:09  INFO        JMD - C2-GTG 1             POWERGEN                   KWH        75600000.00     75215499.08       0.51%  Utilities     Utility Water              M3          0.000023         1738.80         1744.87      -0.35%
16:21:09  INFO        JMD - C2-GTG 2             POWERGEN                   KWH        48240000.00     47632624.30       1.28%  Raw Material  SynGas(Unshift)            MMBTU       0.004485       216356.40       213632.32       1.28%
16:21:09  INFO        JMD - C2-GTG 2             POWERGEN                   KWH        48240000.00     47632624.30       1.28%  Utilities     COMPRESSED AIR             NM3         0.001280        61747.20        60970.28       1.27%
16:21:09  INFO        JMD - C2-GTG 2             POWERGEN                   KWH        48240000.00     47632624.30       1.28%  Utilities     Cooling Water              KM3         0.000007          337.68          314.38       7.41%
16:21:09  INFO        JMD - C2-GTG 2             POWERGEN                   KWH        48240000.00     47632624.30       1.28%  Utilities     NITROGEN_ASU               NM3         0.001660        80078.40        79070.84       1.27%
16:21:09  INFO        JMD - C2-GTG 2             POWERGEN                   KWH        48240000.00     47632624.30       1.28%  Utilities     Power_Dis                  KWH         0.001350        65124.00        64304.60       1.27%
16:21:09  INFO        JMD - C2-GTG 2             POWERGEN                   KWH        48240000.00     47632624.30       1.28%  Utilities     Utility Water              M3          0.000023         1109.52         1105.09       0.40%
16:21:09  INFO        AUXBOIL7_SHP STEAM         AUXBOIL7_SHP STEAM         MT           138458.39        86180.05      60.66%  Raw Material  SynGas(Unshift)            MMBTU       2.876221       398236.93       247872.88      60.66%
16:21:09  INFO        AUXBOIL7_SHP STEAM         AUXBOIL7_SHP STEAM         MT           138458.39        86180.05      60.66%  Utilities     Boiler Feed Water          M3          1.010000       139842.97        87041.85      60.66%
16:21:09  INFO        AUXBOIL7_SHP STEAM         AUXBOIL7_SHP STEAM         MT           138458.39        86180.05      60.66%  Utilities     Power_Dis                  KWH         3.850000       533064.80       331793.20      60.66%
16:21:09  INFO        HRSG1_C2_SHP STEAM         HRSG1_C2_SHP STEAM         MT           180000.00       180000.10      -0.00%  Raw Material  SynGas(Unshift)            MMBTU       3.376244       607723.92       607724.26      -0.00%
16:21:09  INFO        HRSG1_C2_SHP STEAM         HRSG1_C2_SHP STEAM         MT           180000.00       180000.10      -0.00%  Utilities     Boiler Feed Water          M3          1.160000       208800.00       208800.13      -0.00%
16:21:09  INFO        HRSG1_C2_SHP STEAM         HRSG1_C2_SHP STEAM         MT           180000.00       180000.10      -0.00%  Utilities     Power_Dis                  KWH         0.285000        51300.00        51300.03      -0.00%
16:21:09  INFO        HRSG2_C2_SHP STEAM         HRSG2_C2_SHP STEAM         MT           195101.61       113999.85      71.14%  Raw Material  SynGas(Unshift)            MMBTU       3.357468       655047.41       382750.85      71.14%
16:21:09  INFO        HRSG2_C2_SHP STEAM         HRSG2_C2_SHP STEAM         MT           195101.61       113999.85      71.14%  Utilities     Boiler Feed Water          M3          1.160000       226317.87       132239.82      71.14%
16:21:09  INFO        HRSG2_C2_SHP STEAM         HRSG2_C2_SHP STEAM         MT           195101.61       113999.85      71.14%  Utilities     Power_Dis                  KWH         0.285000        55603.96        32489.96      71.14%
16:21:09  INFO        Boiler Feed Water          Boiler Feed Water          M3           574960.84       434662.43      32.28%  Utilities     D M Water                  M3          0.900000       517464.76       391196.19      32.28%
16:21:09  INFO        Boiler Feed Water          Boiler Feed Water          M3           574960.84       434662.43      32.28%  Utilities     LP Steam_Dis               MT          0.100000        57496.08        43466.24      32.28%
16:21:09  INFO        Boiler Feed Water          Boiler Feed Water          M3           574960.84       434662.43      32.28%  Utilities     Power_Dis                  KWH         8.100000      4657182.82      3520765.68      32.28%
16:21:09  INFO        COMPRESED AIR_ASU          COMPRESED AIR_ASU          NM3          745137.27       731759.52       1.83%  Utilities     Power_Dis                  KWH         0.125000        93142.16        91469.94       1.83%
16:21:09  INFO        COMPRESSED AIR             COMPRESSED AIR             NM3        14610534.75     14348225.29       1.83%  Utilities     COMPRESED AIR_ASU          NM3         0.051000       745137.27       731759.49       1.83%
16:21:09  INFO        COMPRESSED AIR             COMPRESSED AIR             NM3        14610534.75     14348225.29       1.83%  Utilities     COMPRESSED AIR             NM3         0.002670        39010.13        38309.76       1.83%
16:21:09  INFO        COMPRESSED AIR             COMPRESSED AIR             NM3        14610534.75     14348225.29       1.83%  Utilities     Power_Dis                  KWH         0.150000      2191580.21      2152233.79       1.83%
16:21:09  INFO        Cooling Water              Cooling Water              KM3          101100.22       105543.15      -4.21%  Utilities     COMPRESSED AIR             NM3         0.974741        98546.53       102877.24      -4.21%
16:21:09  INFO        Cooling Water              Cooling Water              KM3          101100.22       105543.15      -4.21%  Utilities     Effluent Treated           M3          3.800000       384180.83       401063.99      -4.21%
16:21:09  INFO        Cooling Water              Cooling Water              KM3          101100.22       105543.15      -4.21%  Utilities     Power_Dis                  KWH       210.900000     21322035.93     22259051.62      -4.21%
16:21:09  INFO        Cooling Water              Cooling Water              KM3          101100.22       105543.15      -4.21%  Utilities     SWRO WATER                 M3          9.400000       950342.05       992105.67      -4.21%
16:21:09  INFO        D M Water                  D M Water                  M3           730973.66       604780.60      20.87%  Utilities     COMPRESSED AIR             NM3         0.049180        35949.28        29743.11      20.87%
16:21:09  INFO        D M Water                  D M Water                  M3           730973.66       604780.60      20.87%  Utilities     NITROGEN_ASU               NM3         0.630000       460513.40       381011.83      20.87%
16:21:09  INFO        D M Water                  D M Water                  M3           730973.66       604780.60      20.87%  Utilities     Power_Dis                  KWH         0.920000       672495.76       556398.22      20.87%
16:21:09  INFO        D M Water                  D M Water                  M3           730973.66       604780.60      20.87%  Utilities     SWRO WATER                 M3          1.150000       840619.71       695497.78      20.87%
16:21:09  INFO        Effluent Treated           Effluent Treated           M3           591541.83       608424.78      -2.77%  Utilities     COMPRESSED AIR             NM3         2.209302      1306894.54      1344194.09      -2.77%
16:21:09  INFO        Effluent Treated           Effluent Treated           M3           591541.83       608424.78      -2.77%  Utilities     Cooling Water              KM3         0.000031           18.34           19.10      -3.99%
16:21:09  INFO        Effluent Treated           Effluent Treated           M3           591541.83       608424.78      -2.77%  Utilities     NITROGEN_ASU               NM3         0.005814         3439.22         3537.38      -2.77%
16:21:09  INFO        Effluent Treated           Effluent Treated           M3           591541.83       608424.78      -2.77%  Utilities     Power_Dis                  KWH         3.200000      1892933.85      1946959.31      -2.77%
16:21:09  INFO        Effluent Treated           Effluent Treated           M3           591541.83       608424.78      -2.77%  Utilities     Utility Water              M3          0.029070        17196.12        17686.91      -2.77%
16:21:09  INFO        NITROGEN_ASU               NITROGEN_ASU               NM3        13416588.03     13335714.29       0.61%  Utilities     MP Steam_Dis               MT          0.000021          281.75          280.05       0.61%
16:21:09  INFO        NITROGEN_ASU               NITROGEN_ASU               NM3        13416588.03     13335714.29       0.61%  Utilities     Power_Dis                  KWH         0.474260      6362951.04      6324508.53       0.61%
16:21:09  INFO        NITROGEN_ASU               NITROGEN_ASU               NM3        13416588.03     13335714.29       0.61%  Utilities     Ret steam condensate       M3         -0.000011         -147.58         -146.69       0.61%
16:21:09  INFO        NITROGEN_ASU               NITROGEN_ASU               NM3        13416588.03     13335714.29       0.61%  Utilities     Utility Water              M3          0.001540        20661.55        20536.72       0.61%
16:21:09  INFO        Oxygen                     Oxygen                     MT            38907.00        38907.65      -0.00%  Utilities     MP Steam_Dis               MT          0.017000          661.42          661.43      -0.00%
16:21:09  INFO        Oxygen                     Oxygen                     MT            38907.00        38907.65      -0.00%  Utilities     Power_Dis                  KWH       374.610000     14574951.27     14575100.97      -0.00%
16:21:09  INFO        Oxygen                     Oxygen                     MT            38907.00        38907.65      -0.00%  Utilities     Ret steam condensate       M3         -0.008000         -311.26         -311.26      -0.00%
16:21:09  INFO        Oxygen                     Oxygen                     MT            38907.00        38907.65      -0.00%  Utilities     Utility Water              M3          1.230000        47855.61        47856.10      -0.00%
16:21:09  INFO        PROCESS FEED WATER         PROCESS FEED WATER         M3            31711.00        31711.18      -0.00%  Utilities     D M Water                  M3          0.900000        28539.90        28540.06      -0.00%
16:21:09  INFO        PROCESS FEED WATER         PROCESS FEED WATER         M3            31711.00        31711.18      -0.00%  Utilities     LP Steam_Dis               MT          0.100000         3171.10         3171.12      -0.00%
16:21:09  INFO        PROCESS FEED WATER         PROCESS FEED WATER         M3            31711.00        31711.18      -0.00%  Utilities     Power_Dis                  KWH         0.631000        20009.64        20009.75      -0.00%
16:21:09  INFO        Utility Water              Utility Water              M3          1617374.60       256859.88     529.67%  Utilities     COMPRESSED AIR             NM3         0.217390       351601.06        55838.77     529.67%
16:21:09  INFO        Utility Water              Utility Water              M3          1617374.60       256859.88     529.67%  Utilities     SWRO WATER                 M3          1.100000      1779112.06       282545.86     529.67%
16:21:09  INFO        HP Steam_Dis               HP Steam_Dis               MT            46871.14        21909.94     113.93%  Utilities     HP Steam PRDS              MT          1.000000        46871.14        21909.94     113.93%
16:21:09  INFO        LP Steam_Dis               LP Steam_Dis               MT            83748.18        69718.67      20.12%  Utilities     HRSG1_C2_LP STEAM          MT          0.387271        32433.24        27000.02      20.12%
16:21:09  INFO        LP Steam_Dis               LP Steam_Dis               MT            83748.18        69718.67      20.12%  Utilities     HRSG2_C2_LP STEAM          MT          0.245271        20541.00        17099.98      20.12%
16:21:09  INFO        LP Steam_Dis               LP Steam_Dis               MT            83748.18        69718.67      20.12%  Utilities     LP Steam PRDS              MT          0.367458        30773.94        25618.67      20.12%
16:21:09  INFO        MP Steam_Dis               MP Steam_Dis               MT            39456.55        37693.55       4.68%  Utilities     MP Steam PRDS SHP          MT          1.000000        39456.55        37693.55       4.68%
16:21:09  INFO        SHP Steam_Dis              SHP Steam_Dis              MT           458660.87       380180.38      20.64%  Utilities     AUXBOIL7_SHP STEAM         MT          0.226682       103970.16        86180.05      20.64%
16:21:09  INFO        SHP Steam_Dis              SHP Steam_Dis              MT           458660.87       380180.38      20.64%  Utilities     HRSG1_C2_SHP STEAM         MT          0.473460       217157.57       180000.12      20.64%
16:21:09  INFO        SHP Steam_Dis              SHP Steam_Dis              MT           458660.87       380180.38      20.64%  Utilities     HRSG2_C2_SHP STEAM         MT          0.299858       137533.13       113999.85      20.64%
16:21:09  INFO        LP Steam PRDS              LP Steam PRDS              MT            27482.94        25618.73       7.28%  Utilities     MP Steam_Dis               MT          0.945000        25971.38        24209.64       7.28%
16:21:09  INFO        MP Steam PRDS SHP          MP Steam PRDS SHP          MT            65427.93        37693.60      73.58%  Utilities     HP Steam_Dis               MT          0.900000        58885.14        33924.20      73.58%
16:21:09  INFO        HP Steam PRDS              HP Steam PRDS              MT           105756.27        21910.00     382.68%  Utilities     SHP Steam_Dis              MT          0.936000        98987.87        20507.71     382.69%
16:21:09  INFO      
16:21:09  INFO        TOTAL U4U CONSUMPTION BY MATERIAL:
16:21:09  INFO        Material                             Total Qty  UOM   
16:21:09  INFO        ------------------------------  --------------  ------
16:21:09  INFO        AUXBOIL7_SHP STEAM                   103970.16  MT    
16:21:09  INFO        Boiler Feed Water                    574960.84  M3    
16:21:09  INFO        COMPRESED AIR_ASU                    745137.27  NM3   
16:21:09  INFO        COMPRESSED AIR                      1990516.75  NM3   
16:21:09  INFO        Cooling Water                           885.22  KM3   
16:21:09  INFO        D M Water                            546004.66  M3    
16:21:09  INFO        Effluent Treated                     384180.83  M3    
16:21:09  INFO        HP Steam PRDS                         46871.14  MT    
16:21:09  INFO        HP Steam_Dis                          58885.14  MT    
16:21:09  INFO        HRSG1_C2_LP STEAM                     32433.24  MT    
16:21:09  INFO        HRSG1_C2_SHP STEAM                   217157.57  MT    
16:21:09  INFO        HRSG2_C2_LP STEAM                     20541.00  MT    
16:21:09  INFO        HRSG2_C2_SHP STEAM                   137533.13  MT    
16:21:09  INFO        LP Steam PRDS                         30773.94  MT    
16:21:09  INFO        LP Steam_Dis                          60667.18  MT    
16:21:09  INFO        MP Steam PRDS SHP                     39456.55  MT    
16:21:09  INFO        MP Steam_Dis                          26914.55  MT    
16:21:09  INFO        NITROGEN_ASU                         669527.03  NM3   
16:21:09  INFO        Power_Dis                          52594435.44  KWH   
16:21:09  INFO        Ret steam condensate                   -458.84  M3    
16:21:09  INFO        SHP Steam_Dis                         98987.87  MT    
16:21:09  INFO        SWRO WATER                          3570073.81  M3    
16:21:09  INFO        SynGas(Unshift)                     2207585.46  MMBTU 
16:21:09  INFO        Utility Water                         88561.60  M3    
16:21:09  INFO      
16:21:09  INFO        GENERATION UTILITY COMPARISON SUMMARY
16:21:09  INFO        Utility Plant              UOM            Gen Qty     BPC Gen Qty  Gen Diff %     # Mat
16:21:09  INFO        -------------------------  ------  --------------  --------------  ----------  --------
16:21:09  INFO        AUXBOIL7_SHP STEAM         MT           138458.39        86180.05      60.66%         3
16:21:09  INFO        Boiler Feed Water          M3           574960.84       434662.43      32.28%         3
16:21:09  INFO        COMPRESED AIR_ASU          NM3          745137.27       731759.52       1.83%         1
16:21:09  INFO        COMPRESSED AIR             NM3        14610534.75     14348225.29       1.83%         3
16:21:09  INFO        Cooling Water              KM3          101100.22       105543.15      -4.21%         4
16:21:09  INFO        D M Water                  M3           730973.66       604780.60      20.87%         4
16:21:09  INFO        Effluent Treated           M3           591541.83       608424.78      -2.77%         5
16:21:09  INFO        HP Steam PRDS              MT           105756.27        21910.00     382.68%         1
16:21:09  INFO        HP Steam_Dis               MT            46871.14        21909.94     113.93%         1
16:21:09  INFO        HRSG1_C2_SHP STEAM         MT           180000.00       180000.10      -0.00%         3
16:21:09  INFO        HRSG2_C2_SHP STEAM         MT           195101.61       113999.85      71.14%         3
16:21:09  INFO        JMD - C2-GTG 1             KWH        75600000.00     75215499.08       0.51%         6
16:21:09  INFO        JMD - C2-GTG 2             KWH        48240000.00     47632624.30       1.28%         6
16:21:09  INFO        LP Steam PRDS              MT            27482.94        25618.73       7.28%         1
16:21:09  INFO        LP Steam_Dis               MT            83748.18        69718.67      20.12%         3
16:21:09  INFO        MP Steam PRDS SHP          MT            65427.93        37693.60      73.58%         1
16:21:09  INFO        MP Steam_Dis               MT            39456.55        37693.55       4.68%         1
16:21:09  INFO        NITROGEN_ASU               NM3        13416588.03     13335714.29       0.61%         4
16:21:09  INFO        Oxygen                     MT            38907.00        38907.65      -0.00%         4
16:21:09  INFO        PROCESS FEED WATER         M3            31711.00        31711.18      -0.00%         3
16:21:09  INFO        SHP Steam_Dis              MT           458660.87       380180.38      20.64%         3
16:21:09  INFO        Utility Water              M3          1617374.60       256859.88     529.67%         2
16:21:09  INFO        ==============================================================================
16:21:09  INFO      
16:21:09  INFO        ==============================================================================
16:21:09  INFO        FINAL ASSET DISPATCH SUMMARY
16:21:09  INFO        ==============================================================================
16:21:09  INFO        POWER ASSETS
16:21:09  INFO        Asset                           Pri       Man     Hours     Load MW     Gross MWh       Aux MWh   Free Stm MT     Load %
16:21:09  INFO        -------------------------  --------  --------  --------  ----------  ------------  ------------  ------------  ---------
16:21:09  INFO        JMD - C2-GTG 1                    1         Y    720.00      105.00      75600.00        102.06     118692.00      100.0%
16:21:09  INFO        JMD - C2-GTG 2                    1         Y    720.00       67.00      48240.00         65.12      88279.20      100.0%
16:21:09  INFO        TOTAL                                                                   123840.00        167.18     206971.20           
16:21:09  INFO      
16:21:09  INFO        STEAM ASSETS  (SHP)
16:21:09  INFO        Asset                           Pri       Man     Hours     Min TPH     Max TPH      Supp. MT   Free Stm MT      Total MT      Load %
16:21:09  INFO        -------------------------  --------  --------  --------  ----------  ----------  ------------  ------------  ------------  ----------
16:21:09  INFO        AUXBOIL7_SHP STEAM                1         Y    698.00       50.00      220.00     138458.39          0.00     138458.39       90.2%
16:21:09  INFO        AUXBOIL8_SHP STEAM                1         Y      0.00       90.00      220.00          0.00          0.00          0.00        0.0%
16:21:09  INFO        HRSG1_C2_SHP STEAM                1         Y    720.00       50.00      250.00      61308.00     118692.00     180000.00      100.0%
16:21:09  INFO        HRSG2_C2_SHP STEAM                1         Y    720.00       50.00      250.00     106822.41      88279.20     195101.61      108.4%
16:21:09  INFO        TOTAL                                                                               306588.80     206971.20     513560.00            
16:21:09  INFO        Net SHP Demand: 458660.87 MT  |  Generation: 513560.00 MT  |  Balance: 54899.13 MT
16:21:09  INFO        ==============================================================================
16:21:09  INFO      
16:21:09  INFO        [CALC] Done  4/2026  (22.6s)  assets=3  norms=0
