JMD Plant Run Log
Plant:     C2 CPP
Period:    4/2026
Generated: 2026-07-02 15:17:28
================================================================================


======================================================================
  NEW SCHEMA ASSET SNAPSHOT  (April 2026)
======================================================================
  Plant:    C2-CPP
  AOP Year: 2026-27

  POWER ASSETS
  Asset                      Type           Hours    Min MW    Max MW     Gen MWh   Prio
  -------------------------  ----------  --------  --------  --------  ----------  -----
  JMD - C2-GTG 1             GT            720.00    104.00    105.00    75600.00      1
  JMD - C2-GTG 2             GT            720.00     64.00     67.00    48240.00      1
  JMD - C2-STG 1             STG             0.00      0.00     93.00        0.00      1
  TOTAL                                                                 123840.00       

  STEAM ASSETS
  Asset                      Type        SteamType      Hours   Min TPH   Max TPH      Gen MT   Prio
  -------------------------  ----------  ----------  --------  --------  --------  ----------  -----
  AUXBOIL7_SHP STEAM         AUXBOILER   SHP Steam_Dis    698.00     90.00    220.00   153560.00      1
  AUXBOIL8_SHP STEAM         AUXBOILER   SHP Steam_Dis      0.00     90.00    220.00        0.00      1
  HP Steam PRDS              PRDS        HP Steam_Dis    720.00      0.00    568.00   408960.00      1
  HRSG1_C2_LP STEAM          HRSG        LP Steam_Dis    720.00     32.00     42.00    30240.00      1
  HRSG1_C2_SHP STEAM         HRSG        SHP Steam_Dis    720.00    160.00    250.00   180000.00      1
  HRSG2_C2_LP STEAM          HRSG        LP Steam_Dis    720.00     32.00     42.00    30240.00      1
  HRSG2_C2_SHP STEAM         HRSG        SHP Steam_Dis    720.00    160.00    250.00   180000.00      1
  LP Steam PRDS              PRDS        LP Steam_Dis    720.00      0.00     68.00    48960.00      1
  MP Steam PRDS SHP          PRDS        MP Steam_Dis    720.00      0.00    498.00   358560.00      1
  TOTAL                                                                            1390520.00       

  MONTHLY GENERATION SUMMARY
  Category                  Generation  Unit    
  --------------------  --------------  --------
  Power                     123,840.00  MWh
  Steam                   1,390,520.00  MT
15:16:48  INFO        [CALC] C2 CPP  4/2026  (2026-27)
15:16:49  INFO        [DEMAND] ==================================================
15:16:49  INFO        [DEMAND] Utility-wise demand rollup  (4/2026)
15:16:49  INFO        [DEMAND] Utility                            Process         Fixed         Total
15:16:49  INFO        [DEMAND] ----------------------------  ------------  ------------  ------------
15:16:49  INFO        [DEMAND] COMPRESSED AIR                 11292305.00    1327713.00   12620018.00
15:16:49  INFO        [DEMAND] Cooling Water                     89343.00      10872.00     100215.00
15:16:49  INFO        [DEMAND] D M Water                        129256.00      55713.00     184969.00
15:16:49  INFO        [DEMAND] Effluent Treated                  75601.00     131760.00     207361.00
15:16:49  INFO        [DEMAND] HP Steam_Dis                     -12252.00        238.00     -12014.00
15:16:49  INFO        [DEMAND] LP Steam_Dis                      18336.00       4745.00      23081.00
15:16:49  INFO        [DEMAND] MP Steam_Dis                       4617.00       7925.00      12542.00
15:16:49  INFO        [DEMAND] NITROGEN_ASU                   10794261.00    1952800.00   12747061.00
15:16:49  INFO        [DEMAND] Oxygen                            38907.00          0.00      38907.00
15:16:49  INFO        [DEMAND] PROCESS FEED WATER                31711.00          0.00      31711.00
15:16:49  INFO        [DEMAND] Power_Dis                         62526.31      20341.28      82867.59
15:16:49  INFO        [DEMAND] Ret steam condensate            -154158.00       1512.00    -152646.00
15:16:49  INFO        [DEMAND] SHP Steam_Dis                    265383.00      94290.00     359673.00
15:16:49  INFO        [DEMAND] SWRO WATER                            0.00      87646.00      87646.00
15:16:49  INFO        [DEMAND] Utility Water                      5163.00    1523650.00    1528813.00
15:16:49  INFO        [DEMAND] ==================================================
15:16:51  INFO        [DC] ==================================================
15:16:51  INFO        [DC] Power Demand vs Capacity Check:
15:16:51  INFO        [DC] Demand: 0.00 MWh, Available Capacity: 123840.00 MWh
15:16:51  INFO        [DC] -> Power demand CAN be achieved with available assets.
15:16:51  INFO        [DC] Steam (SHP) Demand vs Capacity Check:
15:16:51  INFO        [DC] Demand: 0.00 MT, Available Capacity: 1553760.00 MT
15:16:51  INFO        [DC] -> Steam demand CAN be achieved with available assets.
15:16:51  INFO        [DC] ==================================================
15:16:52  INFO        [ODS] Loaded C2_JMD.ods (187 rows, 83 cols) — month 4/2026 at col 11
15:16:52  INFO        [ODS] ===== NORMS SUMMARY (C2_JMD.ods 4/2026) =====
15:16:52  INFO        [ODS] Powergen aux power norms:
15:16:52  INFO        [ODS]   JMD - C2-GTG 1             aux_norm=0.001350
15:16:52  INFO        [ODS]   JMD - C2-GTG 2             aux_norm=0.001350
15:16:52  INFO        [ODS]   JMD - C2-STG 1             aux_norm=0.007050
15:16:52  INFO        [ODS] Steam letdown norms (PRDS cascade):
15:16:52  INFO        [ODS]   LP→MP: 0.9450  (1 MT LP needs this much MP)
15:16:52  INFO        [ODS]   MP→HP: 0.9000  (1 MT MP needs this much HP)
15:16:52  INFO        [ODS]   HP→SHP: 0.9360 (1 MT HP needs this much SHP)
15:16:52  INFO        [ODS] HRSG byproduct (LP steam credit):
15:16:52  INFO        [ODS]   HRSG1_C2_SHP STEAM         byproduct_norm=-0.1500 MT LP / MT SHP
15:16:52  INFO        [ODS]   HRSG2_C2_SHP STEAM         byproduct_norm=-0.1500 MT LP / MT SHP
15:16:52  INFO        [ODS] STG steam consumption:
15:16:52  INFO        [ODS]   JMD - C2-STG 1             shp_norm=0.003640 MT/KWH
15:16:52  INFO        [ODS] Steam distribution factors:
15:16:52  INFO        [ODS]   HP Steam_Dis → HP Steam PRDS: 1.0000
15:16:52  INFO        [ODS]   LP Steam_Dis → HRSG1_C2_LP STEAM: 0.3873, HRSG2_C2_LP STEAM: 0.2453, LP Steam PRDS: 0.3675
15:16:52  INFO        [ODS]   MP Steam_Dis → MP Steam PRDS SHP: 1.0000
15:16:52  INFO        [ODS]   SHP Steam_Dis → AUXBOIL7_SHP STEAM: 0.2267, HRSG1_C2_SHP STEAM: 0.4735, HRSG2_C2_SHP STEAM: 0.2999
15:16:52  INFO      
15:16:52  INFO        [ODS] ╔══════════════════════════════════════════════════════════════════╗
15:16:52  INFO        [ODS] ║  CONSUMPTION NORMS — Who consumes what to produce what          ║
15:16:52  INFO        [ODS] ║  (Each block = one producer. Shows what it needs to make 1 unit)║
15:16:52  INFO        [ODS] ╚══════════════════════════════════════════════════════════════════╝
15:16:52  INFO        [ODS]
15:16:52  INFO        [ODS]  Think of it like a recipe card:
15:16:52  INFO        [ODS]  - The PRODUCER is what the plant makes (like a cake)
15:16:52  INFO        [ODS]  - The INGREDIENTS are what it needs to make it (flour, eggs, etc.)
15:16:52  INFO        [ODS]  - The NORM is how much of each ingredient is needed for 1 unit of output
15:16:52  INFO        [ODS]  - A negative norm means it's a BYPRODUCT (you get it for free while making something else)
15:16:52  INFO        [ODS]
15:16:52  INFO        [ODS]  ┌──────────────────────────────────────────────────────────────
15:16:52  INFO        [ODS]  │ PRODUCER: AUXBOIL7_SHP STEAM                 
15:16:52  INFO        [ODS]  │ SAP Code: 310028384             Plant Code: 36H1
15:16:52  INFO        [ODS]  │ Makes: 1 MT of AUXBOIL7_SHP STEAM
15:16:52  INFO        [ODS]  │
15:16:52  INFO        [ODS]  │  Needs these ingredients (to make 1 MT):
15:16:52  INFO        [ODS]  │
15:16:52  INFO        [ODS]  │  Type    Ingredient (Material)             Material SAP Code  Norm          UOM       
15:16:52  INFO        [ODS]  │  ------  --------------------------------  ---------------  ------------  ----------
15:16:52  INFO        [ODS]  │  Raw Mat.  SynGas(Unshift)                   SYNGASN_UNSHIFT      2.876221  MMBTU     
15:16:52  INFO        [ODS]  │  Utility  Boiler Feed Water                 310027927            1.010000  M3        
15:16:52  INFO        [ODS]  │  Utility  Power_Dis                         310027910            3.850000  KWH       
15:16:52  INFO        [ODS]  │
15:16:52  INFO        [ODS]  │  In simple words: To make 1 MT of AUXBOIL7_SHP STEAM, you need:
15:16:52  INFO        [ODS]  │    → 2.876221 MMBTU of SynGas(Unshift)
15:16:52  INFO        [ODS]  │    → 1.010000 M3 of Boiler Feed Water
15:16:52  INFO        [ODS]  │    → 3.850000 KWH of Power_Dis
15:16:52  INFO        [ODS]  └──────────────────────────────────────────────────────────────
15:16:52  INFO        [ODS]
15:16:52  INFO        [ODS]  ┌──────────────────────────────────────────────────────────────
15:16:52  INFO        [ODS]  │ PRODUCER: AUXBOIL8_SHP STEAM                 
15:16:52  INFO        [ODS]  │ SAP Code: 310028411             Plant Code: 36H1
15:16:52  INFO        [ODS]  │ Makes: 1 MT of AUXBOIL8_SHP STEAM
15:16:52  INFO        [ODS]  │
15:16:52  INFO        [ODS]  │  Needs these ingredients (to make 1 MT):
15:16:52  INFO        [ODS]  │
15:16:52  INFO        [ODS]  │  Type    Ingredient (Material)             Material SAP Code  Norm          UOM       
15:16:52  INFO        [ODS]  │  ------  --------------------------------  ---------------  ------------  ----------
15:16:52  INFO        [ODS]  │  Raw Mat.  SynGas(Unshift)                   SYNGASN_UNSHIFT             0  MMBTU     
15:16:52  INFO        [ODS]  │  Utility  Boiler Feed Water                 310027927            1.010000  M3        
15:16:52  INFO        [ODS]  │  Utility  Power_Dis                         310027910            3.850000  KWH       
15:16:52  INFO        [ODS]  │
15:16:52  INFO        [ODS]  │  In simple words: To make 1 MT of AUXBOIL8_SHP STEAM, you need:
15:16:52  INFO        [ODS]  │    → 1.010000 M3 of Boiler Feed Water
15:16:52  INFO        [ODS]  │    → 3.850000 KWH of Power_Dis
15:16:52  INFO        [ODS]  └──────────────────────────────────────────────────────────────
15:16:52  INFO        [ODS]
15:16:52  INFO        [ODS]  ┌──────────────────────────────────────────────────────────────
15:16:52  INFO        [ODS]  │ PRODUCER: Boiler Feed Water                  
15:16:52  INFO        [ODS]  │ SAP Code: 310027927             Plant Code: 36H1
15:16:52  INFO        [ODS]  │ Makes: 1 M3 of Boiler Feed Water
15:16:52  INFO        [ODS]  │
15:16:52  INFO        [ODS]  │  Needs these ingredients (to make 1 M3):
15:16:52  INFO        [ODS]  │
15:16:52  INFO        [ODS]  │  Type    Ingredient (Material)             Material SAP Code  Norm          UOM       
15:16:52  INFO        [ODS]  │  ------  --------------------------------  ---------------  ------------  ----------
15:16:52  INFO        [ODS]  │  Utility  D M Water                         310027966            0.900000  M3        
15:16:52  INFO        [ODS]  │  Utility  LP Steam_Dis                      310027965            0.100000  MT        
15:16:52  INFO        [ODS]  │  Utility  Power_Dis                         310027910            8.100000  KWH       
15:16:52  INFO        [ODS]  │
15:16:52  INFO        [ODS]  │  In simple words: To make 1 M3 of Boiler Feed Water, you need:
15:16:52  INFO        [ODS]  │    → 0.900000 M3 of D M Water
15:16:52  INFO        [ODS]  │    → 0.100000 MT of LP Steam_Dis
15:16:52  INFO        [ODS]  │    → 8.100000 KWH of Power_Dis
15:16:52  INFO        [ODS]  └──────────────────────────────────────────────────────────────
15:16:52  INFO        [ODS]
15:16:52  INFO        [ODS]  ┌──────────────────────────────────────────────────────────────
15:16:52  INFO        [ODS]  │ PRODUCER: COMPRESED AIR_ASU                  
15:16:52  INFO        [ODS]  │ SAP Code: 310028433             Plant Code: 36H1
15:16:52  INFO        [ODS]  │ Makes: 1 NM3 of COMPRESED AIR_ASU
15:16:52  INFO        [ODS]  │
15:16:52  INFO        [ODS]  │  Needs these ingredients (to make 1 NM3):
15:16:52  INFO        [ODS]  │
15:16:52  INFO        [ODS]  │  Type    Ingredient (Material)             Material SAP Code  Norm          UOM       
15:16:52  INFO        [ODS]  │  ------  --------------------------------  ---------------  ------------  ----------
15:16:52  INFO        [ODS]  │  Utility  Power_Dis                         310027910            0.125000  KWH       
15:16:52  INFO        [ODS]  │
15:16:52  INFO        [ODS]  │  In simple words: To make 1 NM3 of COMPRESED AIR_ASU, you need:
15:16:52  INFO        [ODS]  │    → 0.125000 KWH of Power_Dis
15:16:52  INFO        [ODS]  └──────────────────────────────────────────────────────────────
15:16:52  INFO        [ODS]
15:16:52  INFO        [ODS]  ┌──────────────────────────────────────────────────────────────
15:16:52  INFO        [ODS]  │ PRODUCER: COMPRESSED AIR                     
15:16:52  INFO        [ODS]  │ SAP Code: 310027904             Plant Code: 36H1
15:16:52  INFO        [ODS]  │ Makes: 1 NM3 of COMPRESSED AIR
15:16:52  INFO        [ODS]  │
15:16:52  INFO        [ODS]  │  Needs these ingredients (to make 1 NM3):
15:16:52  INFO        [ODS]  │
15:16:52  INFO        [ODS]  │  Type    Ingredient (Material)             Material SAP Code  Norm          UOM       
15:16:52  INFO        [ODS]  │  ------  --------------------------------  ---------------  ------------  ----------
15:16:52  INFO        [ODS]  │  Utility  COMPRESED AIR_ASU                 310028433            0.051000  NM3       
15:16:52  INFO        [ODS]  │  Utility  COMPRESSED AIR                    310027904            0.002670  NM3       
15:16:52  INFO        [ODS]  │  Utility  Cooling Water                     310027912                   0  KM3       
15:16:52  INFO        [ODS]  │  Utility  Power_Dis                         310027910            0.150000  KWH       
15:16:52  INFO        [ODS]  │
15:16:52  INFO        [ODS]  │  In simple words: To make 1 NM3 of COMPRESSED AIR, you need:
15:16:52  INFO        [ODS]  │    → 0.051000 NM3 of COMPRESED AIR_ASU
15:16:52  INFO        [ODS]  │    → 0.002670 NM3 of COMPRESSED AIR
15:16:52  INFO        [ODS]  │    → 0.150000 KWH of Power_Dis
15:16:52  INFO        [ODS]  └──────────────────────────────────────────────────────────────
15:16:52  INFO        [ODS]
15:16:52  INFO        [ODS]  ┌──────────────────────────────────────────────────────────────
15:16:52  INFO        [ODS]  │ PRODUCER: Condensate                         
15:16:52  INFO        [ODS]  │ SAP Code: 310027968             Plant Code: 36H1
15:16:52  INFO        [ODS]  │ Makes: 1 M3 of Condensate
15:16:52  INFO        [ODS]  │
15:16:52  INFO        [ODS]  │  Needs these ingredients (to make 1 M3):
15:16:52  INFO        [ODS]  │
15:16:52  INFO        [ODS]  │  Type    Ingredient (Material)             Material SAP Code  Norm          UOM       
15:16:52  INFO        [ODS]  │  ------  --------------------------------  ---------------  ------------  ----------
15:16:52  INFO        [ODS]  │  Utility  COMPRESSED AIR                    310027904            0.080000  NM3       
15:16:52  INFO        [ODS]  │  Utility  Cooling Water                     310027912            0.017360  KM3       
15:16:52  INFO        [ODS]  │  Utility  NITROGEN_ASU                      310028432            0.360000  NM3       
15:16:52  INFO        [ODS]  │  Utility  Power_Dis                         310027910            1.460000  KWH       
15:16:52  INFO        [ODS]  │  Utility  Ret steam condensate              310027923            1.090000  M3        
15:16:52  INFO        [ODS]  │
15:16:52  INFO        [ODS]  │  In simple words: To make 1 M3 of Condensate, you need:
15:16:52  INFO        [ODS]  │    → 0.080000 NM3 of COMPRESSED AIR
15:16:52  INFO        [ODS]  │    → 0.017360 KM3 of Cooling Water
15:16:52  INFO        [ODS]  │    → 0.360000 NM3 of NITROGEN_ASU
15:16:52  INFO        [ODS]  │    → 1.460000 KWH of Power_Dis
15:16:52  INFO        [ODS]  │    → 1.090000 M3 of Ret steam condensate
15:16:52  INFO        [ODS]  └──────────────────────────────────────────────────────────────
15:16:52  INFO        [ODS]
15:16:52  INFO        [ODS]  ┌──────────────────────────────────────────────────────────────
15:16:52  INFO        [ODS]  │ PRODUCER: Cooling Water                      
15:16:52  INFO        [ODS]  │ SAP Code: 310027912             Plant Code: 36H1
15:16:52  INFO        [ODS]  │ Makes: 1 KM3 of Cooling Water
15:16:52  INFO        [ODS]  │
15:16:52  INFO        [ODS]  │  Needs these ingredients (to make 1 KM3):
15:16:52  INFO        [ODS]  │
15:16:52  INFO        [ODS]  │  Type    Ingredient (Material)             Material SAP Code  Norm          UOM       
15:16:52  INFO        [ODS]  │  ------  --------------------------------  ---------------  ------------  ----------
15:16:52  INFO        [ODS]  │  Utility  COMPRESSED AIR                    310027904            0.974741  NM3       
15:16:52  INFO        [ODS]  │  Utility  Effluent Treated                  310027994            3.800000  M3        
15:16:52  INFO        [ODS]  │  Utility  Power_Dis                         310027910          210.900000  KWH       
15:16:52  INFO        [ODS]  │  Utility  SWRO WATER                        310028356            9.400000  M3        
15:16:52  INFO        [ODS]  │
15:16:52  INFO        [ODS]  │  In simple words: To make 1 KM3 of Cooling Water, you need:
15:16:52  INFO        [ODS]  │    → 0.974741 NM3 of COMPRESSED AIR
15:16:52  INFO        [ODS]  │    → 3.800000 M3 of Effluent Treated
15:16:52  INFO        [ODS]  │    → 210.900000 KWH of Power_Dis
15:16:52  INFO        [ODS]  │    → 9.400000 M3 of SWRO WATER
15:16:52  INFO        [ODS]  └──────────────────────────────────────────────────────────────
15:16:52  INFO        [ODS]
15:16:52  INFO        [ODS]  ┌──────────────────────────────────────────────────────────────
15:16:52  INFO        [ODS]  │ PRODUCER: D M Water                          
15:16:52  INFO        [ODS]  │ SAP Code: 310027966             Plant Code: 36H1
15:16:52  INFO        [ODS]  │ Makes: 1 M3 of D M Water
15:16:52  INFO        [ODS]  │
15:16:52  INFO        [ODS]  │  Needs these ingredients (to make 1 M3):
15:16:52  INFO        [ODS]  │
15:16:52  INFO        [ODS]  │  Type    Ingredient (Material)             Material SAP Code  Norm          UOM       
15:16:52  INFO        [ODS]  │  ------  --------------------------------  ---------------  ------------  ----------
15:16:52  INFO        [ODS]  │  Utility  COMPRESSED AIR                    310027904            0.049180  NM3       
15:16:52  INFO        [ODS]  │  Utility  NITROGEN_ASU                      310028432            0.630000  NM3       
15:16:52  INFO        [ODS]  │  Utility  Power_Dis                         310027910            0.920000  KWH       
15:16:52  INFO        [ODS]  │  Utility  SWRO WATER                        310028356            1.150000  M3        
15:16:52  INFO        [ODS]  │
15:16:52  INFO        [ODS]  │  In simple words: To make 1 M3 of D M Water, you need:
15:16:52  INFO        [ODS]  │    → 0.049180 NM3 of COMPRESSED AIR
15:16:52  INFO        [ODS]  │    → 0.630000 NM3 of NITROGEN_ASU
15:16:52  INFO        [ODS]  │    → 0.920000 KWH of Power_Dis
15:16:52  INFO        [ODS]  │    → 1.150000 M3 of SWRO WATER
15:16:52  INFO        [ODS]  └──────────────────────────────────────────────────────────────
15:16:52  INFO        [ODS]
15:16:52  INFO        [ODS]  ┌──────────────────────────────────────────────────────────────
15:16:52  INFO        [ODS]  │ PRODUCER: Effluent Treated                   
15:16:52  INFO        [ODS]  │ SAP Code: 310027994             Plant Code: 36H1
15:16:52  INFO        [ODS]  │ Makes: 1 M3 of Effluent Treated
15:16:52  INFO        [ODS]  │
15:16:52  INFO        [ODS]  │  Needs these ingredients (to make 1 M3):
15:16:52  INFO        [ODS]  │
15:16:52  INFO        [ODS]  │  Type    Ingredient (Material)             Material SAP Code  Norm          UOM       
15:16:52  INFO        [ODS]  │  ------  --------------------------------  ---------------  ------------  ----------
15:16:52  INFO        [ODS]  │  Utility  COMPRESSED AIR                    310027904            2.209302  NM3       
15:16:52  INFO        [ODS]  │  Utility  Cooling Water                     310027912            0.000031  KM3       
15:16:52  INFO        [ODS]  │  Utility  NITROGEN_ASU                      310028432            0.005814  NM3       
15:16:52  INFO        [ODS]  │  Utility  Power_Dis                         310027910            3.200000  KWH       
15:16:52  INFO        [ODS]  │  Utility  Utility Water                     310027928            0.029070  M3        
15:16:52  INFO        [ODS]  │
15:16:52  INFO        [ODS]  │  In simple words: To make 1 M3 of Effluent Treated, you need:
15:16:52  INFO        [ODS]  │    → 2.209302 NM3 of COMPRESSED AIR
15:16:52  INFO        [ODS]  │    → 0.000031 KM3 of Cooling Water
15:16:52  INFO        [ODS]  │    → 0.005814 NM3 of NITROGEN_ASU
15:16:52  INFO        [ODS]  │    → 3.200000 KWH of Power_Dis
15:16:52  INFO        [ODS]  │    → 0.029070 M3 of Utility Water
15:16:52  INFO        [ODS]  └──────────────────────────────────────────────────────────────
15:16:52  INFO        [ODS]
15:16:52  INFO        [ODS]  ┌──────────────────────────────────────────────────────────────
15:16:52  INFO        [ODS]  │ PRODUCER: HP Steam PRDS                      
15:16:52  INFO        [ODS]  │ SAP Code: 310028161             Plant Code: 36H1
15:16:52  INFO        [ODS]  │ Makes: 1 MT of HP Steam PRDS
15:16:52  INFO        [ODS]  │
15:16:52  INFO        [ODS]  │  Needs these ingredients (to make 1 MT):
15:16:52  INFO        [ODS]  │
15:16:52  INFO        [ODS]  │  Type    Ingredient (Material)             Material SAP Code  Norm          UOM       
15:16:52  INFO        [ODS]  │  ------  --------------------------------  ---------------  ------------  ----------
15:16:52  INFO        [ODS]  │  Utility  Boiler Feed Water                 310027927            0.064000  M3        
15:16:52  INFO        [ODS]  │  Utility  SHP Steam_Dis                     310027924            0.936000  MT        
15:16:52  INFO        [ODS]  │
15:16:52  INFO        [ODS]  │  In simple words: To make 1 MT of HP Steam PRDS, you need:
15:16:52  INFO        [ODS]  │    → 0.064000 M3 of Boiler Feed Water
15:16:52  INFO        [ODS]  │    → 0.936000 MT of SHP Steam_Dis
15:16:52  INFO        [ODS]  └──────────────────────────────────────────────────────────────
15:16:52  INFO        [ODS]
15:16:52  INFO        [ODS]  ┌──────────────────────────────────────────────────────────────
15:16:52  INFO        [ODS]  │ PRODUCER: HP Steam_Dis                       
15:16:52  INFO        [ODS]  │ SAP Code: 310027939             Plant Code: 36H2
15:16:52  INFO        [ODS]  │ Makes: 1 MT of HP Steam_Dis
15:16:52  INFO        [ODS]  │
15:16:52  INFO        [ODS]  │  Needs these ingredients (to make 1 MT):
15:16:52  INFO        [ODS]  │
15:16:52  INFO        [ODS]  │  Type    Ingredient (Material)             Material SAP Code  Norm          UOM       
15:16:52  INFO        [ODS]  │  ------  --------------------------------  ---------------  ------------  ----------
15:16:52  INFO        [ODS]  │  Utility  HP Steam PRDS                     310028161            1.000000  MT        
15:16:52  INFO        [ODS]  │
15:16:52  INFO        [ODS]  │  In simple words: To make 1 MT of HP Steam_Dis, you need:
15:16:52  INFO        [ODS]  │    → 1.000000 MT of HP Steam PRDS
15:16:52  INFO        [ODS]  └──────────────────────────────────────────────────────────────
15:16:52  INFO        [ODS]
15:16:52  INFO        [ODS]  ┌──────────────────────────────────────────────────────────────
15:16:52  INFO        [ODS]  │ PRODUCER: HRSG1_C2_SHP STEAM                 
15:16:52  INFO        [ODS]  │ SAP Code: 310028383             Plant Code: 36H1
15:16:52  INFO        [ODS]  │ Makes: 1 MT of HRSG1_C2_SHP STEAM
15:16:52  INFO        [ODS]  │
15:16:52  INFO        [ODS]  │  Needs these ingredients (to make 1 MT):
15:16:52  INFO        [ODS]  │
15:16:52  INFO        [ODS]  │  Type    Ingredient (Material)             Material SAP Code  Norm          UOM       
15:16:52  INFO        [ODS]  │  ------  --------------------------------  ---------------  ------------  ----------
15:16:52  INFO        [ODS]  │  Raw Mat.  SynGas(Unshift)                   SYNGASN_UNSHIFT      3.376244  MMBTU     
15:16:52  INFO        [ODS]  │  Utility  Boiler Feed Water                 310027927            1.160000  M3        
15:16:52  INFO        [ODS]  │  Utility  HRSG1_C2_LP STEAM                 310028385           -0.150000  MT        
15:16:52  INFO        [ODS]  │  Utility  Power_Dis                         310027910            0.285000  KWH       
15:16:52  INFO        [ODS]  │
15:16:52  INFO        [ODS]  │  In simple words: To make 1 MT of HRSG1_C2_SHP STEAM, you need:
15:16:52  INFO        [ODS]  │    → 3.376244 MMBTU of SynGas(Unshift)
15:16:52  INFO        [ODS]  │    → 1.160000 M3 of Boiler Feed Water
15:16:52  INFO        [ODS]  │    → 0.285000 KWH of Power_Dis
15:16:52  INFO        [ODS]  │  And as a bonus (byproduct), you also GET:
15:16:52  INFO        [ODS]  │    → 0.150000 MT of HRSG1_C2_LP STEAM (this is extra output, not input!)
15:16:52  INFO        [ODS]  └──────────────────────────────────────────────────────────────
15:16:52  INFO        [ODS]
15:16:52  INFO        [ODS]  ┌──────────────────────────────────────────────────────────────
15:16:52  INFO        [ODS]  │ PRODUCER: HRSG2_C2_SHP STEAM                 
15:16:52  INFO        [ODS]  │ SAP Code: 310028410             Plant Code: 36H1
15:16:52  INFO        [ODS]  │ Makes: 1 MT of HRSG2_C2_SHP STEAM
15:16:52  INFO        [ODS]  │
15:16:52  INFO        [ODS]  │  Needs these ingredients (to make 1 MT):
15:16:52  INFO        [ODS]  │
15:16:52  INFO        [ODS]  │  Type    Ingredient (Material)             Material SAP Code  Norm          UOM       
15:16:52  INFO        [ODS]  │  ------  --------------------------------  ---------------  ------------  ----------
15:16:52  INFO        [ODS]  │  Raw Mat.  SynGas(Unshift)                   SYNGASN_UNSHIFT      3.357468  MMBTU     
15:16:52  INFO        [ODS]  │  Utility  Boiler Feed Water                 310027927            1.160000  M3        
15:16:52  INFO        [ODS]  │  Utility  HRSG2_C2_LP STEAM                 310028409           -0.150000  MT        
15:16:52  INFO        [ODS]  │  Utility  Power_Dis                         310027910            0.285000  KWH       
15:16:52  INFO        [ODS]  │
15:16:52  INFO        [ODS]  │  In simple words: To make 1 MT of HRSG2_C2_SHP STEAM, you need:
15:16:52  INFO        [ODS]  │    → 3.357468 MMBTU of SynGas(Unshift)
15:16:52  INFO        [ODS]  │    → 1.160000 M3 of Boiler Feed Water
15:16:52  INFO        [ODS]  │    → 0.285000 KWH of Power_Dis
15:16:52  INFO        [ODS]  │  And as a bonus (byproduct), you also GET:
15:16:52  INFO        [ODS]  │    → 0.150000 MT of HRSG2_C2_LP STEAM (this is extra output, not input!)
15:16:52  INFO        [ODS]  └──────────────────────────────────────────────────────────────
15:16:52  INFO        [ODS]
15:16:52  INFO        [ODS]  ┌──────────────────────────────────────────────────────────────
15:16:52  INFO        [ODS]  │ PRODUCER: LP Steam PRDS                      
15:16:52  INFO        [ODS]  │ SAP Code: 310028013             Plant Code: 36H1
15:16:52  INFO        [ODS]  │ Makes: 1 MT of LP Steam PRDS
15:16:52  INFO        [ODS]  │
15:16:52  INFO        [ODS]  │  Needs these ingredients (to make 1 MT):
15:16:52  INFO        [ODS]  │
15:16:52  INFO        [ODS]  │  Type    Ingredient (Material)             Material SAP Code  Norm          UOM       
15:16:52  INFO        [ODS]  │  ------  --------------------------------  ---------------  ------------  ----------
15:16:52  INFO        [ODS]  │  Utility  Boiler Feed Water                 310027927            0.055000  M3        
15:16:52  INFO        [ODS]  │  Utility  MP Steam_Dis                      310027940            0.945000  MT        
15:16:52  INFO        [ODS]  │
15:16:52  INFO        [ODS]  │  In simple words: To make 1 MT of LP Steam PRDS, you need:
15:16:52  INFO        [ODS]  │    → 0.055000 M3 of Boiler Feed Water
15:16:52  INFO        [ODS]  │    → 0.945000 MT of MP Steam_Dis
15:16:52  INFO        [ODS]  └──────────────────────────────────────────────────────────────
15:16:52  INFO        [ODS]
15:16:52  INFO        [ODS]  ┌──────────────────────────────────────────────────────────────
15:16:52  INFO        [ODS]  │ PRODUCER: LP Steam_Dis                       
15:16:52  INFO        [ODS]  │ SAP Code: 310027965             Plant Code: 36H2
15:16:52  INFO        [ODS]  │ Makes: 1 MT of LP Steam_Dis
15:16:52  INFO        [ODS]  │
15:16:52  INFO        [ODS]  │  Needs these ingredients (to make 1 MT):
15:16:52  INFO        [ODS]  │
15:16:52  INFO        [ODS]  │  Type    Ingredient (Material)             Material SAP Code  Norm          UOM       
15:16:52  INFO        [ODS]  │  ------  --------------------------------  ---------------  ------------  ----------
15:16:52  INFO        [ODS]  │  Utility  HRSG1_C2_LP STEAM                 310028385            0.387271  MT        
15:16:52  INFO        [ODS]  │  Utility  HRSG2_C2_LP STEAM                 310028409            0.245271  MT        
15:16:52  INFO        [ODS]  │  Utility  LP Steam PRDS                     310028013            0.367458  MT        
15:16:52  INFO        [ODS]  │
15:16:52  INFO        [ODS]  │  In simple words: To make 1 MT of LP Steam_Dis, you need:
15:16:52  INFO        [ODS]  │    → 0.387271 MT of HRSG1_C2_LP STEAM
15:16:52  INFO        [ODS]  │    → 0.245271 MT of HRSG2_C2_LP STEAM
15:16:52  INFO        [ODS]  │    → 0.367458 MT of LP Steam PRDS
15:16:52  INFO        [ODS]  └──────────────────────────────────────────────────────────────
15:16:52  INFO        [ODS]
15:16:52  INFO        [ODS]  ┌──────────────────────────────────────────────────────────────
15:16:52  INFO        [ODS]  │ PRODUCER: MP Steam PRDS SHP                  
15:16:52  INFO        [ODS]  │ SAP Code: 310028012             Plant Code: 36H1
15:16:52  INFO        [ODS]  │ Makes: 1 MT of MP Steam PRDS SHP
15:16:52  INFO        [ODS]  │
15:16:52  INFO        [ODS]  │  Needs these ingredients (to make 1 MT):
15:16:52  INFO        [ODS]  │
15:16:52  INFO        [ODS]  │  Type    Ingredient (Material)             Material SAP Code  Norm          UOM       
15:16:52  INFO        [ODS]  │  ------  --------------------------------  ---------------  ------------  ----------
15:16:52  INFO        [ODS]  │  Utility  Boiler Feed Water                 310027927            0.100000  M3        
15:16:52  INFO        [ODS]  │  Utility  HP Steam_Dis                      310027939            0.900000  MT        
15:16:52  INFO        [ODS]  │
15:16:52  INFO        [ODS]  │  In simple words: To make 1 MT of MP Steam PRDS SHP, you need:
15:16:52  INFO        [ODS]  │    → 0.100000 M3 of Boiler Feed Water
15:16:52  INFO        [ODS]  │    → 0.900000 MT of HP Steam_Dis
15:16:52  INFO        [ODS]  └──────────────────────────────────────────────────────────────
15:16:52  INFO        [ODS]
15:16:52  INFO        [ODS]  ┌──────────────────────────────────────────────────────────────
15:16:52  INFO        [ODS]  │ PRODUCER: MP Steam_Dis                       
15:16:52  INFO        [ODS]  │ SAP Code: 310027940             Plant Code: 36H2
15:16:52  INFO        [ODS]  │ Makes: 1 MT of MP Steam_Dis
15:16:52  INFO        [ODS]  │
15:16:52  INFO        [ODS]  │  Needs these ingredients (to make 1 MT):
15:16:52  INFO        [ODS]  │
15:16:52  INFO        [ODS]  │  Type    Ingredient (Material)             Material SAP Code  Norm          UOM       
15:16:52  INFO        [ODS]  │  ------  --------------------------------  ---------------  ------------  ----------
15:16:52  INFO        [ODS]  │  Utility  MP Steam PRDS SHP                 310028012            1.000000  MT        
15:16:52  INFO        [ODS]  │
15:16:52  INFO        [ODS]  │  In simple words: To make 1 MT of MP Steam_Dis, you need:
15:16:52  INFO        [ODS]  │    → 1.000000 MT of MP Steam PRDS SHP
15:16:52  INFO        [ODS]  └──────────────────────────────────────────────────────────────
15:16:52  INFO        [ODS]
15:16:52  INFO        [ODS]  ┌──────────────────────────────────────────────────────────────
15:16:52  INFO        [ODS]  │ PRODUCER: NITROGEN_ASU                       
15:16:52  INFO        [ODS]  │ SAP Code: 310028432             Plant Code: 36H1
15:16:52  INFO        [ODS]  │ Makes: 1 NM3 of NITROGEN_ASU
15:16:52  INFO        [ODS]  │
15:16:52  INFO        [ODS]  │  Needs these ingredients (to make 1 NM3):
15:16:52  INFO        [ODS]  │
15:16:52  INFO        [ODS]  │  Type    Ingredient (Material)             Material SAP Code  Norm          UOM       
15:16:52  INFO        [ODS]  │  ------  --------------------------------  ---------------  ------------  ----------
15:16:52  INFO        [ODS]  │  Utility  Cooling Water                     310027912                   0  KM3       
15:16:52  INFO        [ODS]  │  Utility  MP Steam_Dis                      310027940            0.000021  MT        
15:16:52  INFO        [ODS]  │  Utility  Power_Dis                         310027910            0.474260  KWH       
15:16:52  INFO        [ODS]  │  Utility  Ret steam condensate              310027923           -0.000011  M3        
15:16:52  INFO        [ODS]  │  Utility  Utility Water                     310027928            0.001540  M3        
15:16:52  INFO        [ODS]  │
15:16:52  INFO        [ODS]  │  In simple words: To make 1 NM3 of NITROGEN_ASU, you need:
15:16:52  INFO        [ODS]  │    → 0.000021 MT of MP Steam_Dis
15:16:52  INFO        [ODS]  │    → 0.474260 KWH of Power_Dis
15:16:52  INFO        [ODS]  │    → 0.001540 M3 of Utility Water
15:16:52  INFO        [ODS]  │  And as a bonus (byproduct), you also GET:
15:16:52  INFO        [ODS]  │    → 0.000011 M3 of Ret steam condensate (this is extra output, not input!)
15:16:52  INFO        [ODS]  └──────────────────────────────────────────────────────────────
15:16:52  INFO        [ODS]
15:16:52  INFO        [ODS]  ┌──────────────────────────────────────────────────────────────
15:16:52  INFO        [ODS]  │ PRODUCER: Oxygen                             
15:16:52  INFO        [ODS]  │ SAP Code: 310028126             Plant Code: 36H1
15:16:52  INFO        [ODS]  │ Makes: 1 MT of Oxygen
15:16:52  INFO        [ODS]  │
15:16:52  INFO        [ODS]  │  Needs these ingredients (to make 1 MT):
15:16:52  INFO        [ODS]  │
15:16:52  INFO        [ODS]  │  Type    Ingredient (Material)             Material SAP Code  Norm          UOM       
15:16:52  INFO        [ODS]  │  ------  --------------------------------  ---------------  ------------  ----------
15:16:52  INFO        [ODS]  │  Utility  Cooling Water                     310027912                   0  KM3       
15:16:52  INFO        [ODS]  │  Utility  MP Steam_Dis                      310027940            0.017000  MT        
15:16:52  INFO        [ODS]  │  Utility  Power_Dis                         310027910          374.610000  KWH       
15:16:52  INFO        [ODS]  │  Utility  Ret steam condensate              310027923           -0.008000  M3        
15:16:52  INFO        [ODS]  │  Utility  Utility Water                     310027928            1.230000  M3        
15:16:52  INFO        [ODS]  │
15:16:52  INFO        [ODS]  │  In simple words: To make 1 MT of Oxygen, you need:
15:16:52  INFO        [ODS]  │    → 0.017000 MT of MP Steam_Dis
15:16:52  INFO        [ODS]  │    → 374.610000 KWH of Power_Dis
15:16:52  INFO        [ODS]  │    → 1.230000 M3 of Utility Water
15:16:52  INFO        [ODS]  │  And as a bonus (byproduct), you also GET:
15:16:52  INFO        [ODS]  │    → 0.008000 M3 of Ret steam condensate (this is extra output, not input!)
15:16:52  INFO        [ODS]  └──────────────────────────────────────────────────────────────
15:16:52  INFO        [ODS]
15:16:52  INFO        [ODS]  ┌──────────────────────────────────────────────────────────────
15:16:52  INFO        [ODS]  │ PRODUCER: POWERGEN                           
15:16:52  INFO        [ODS]  │ SAP Code: 310027907             Plant Code: 36H0
15:16:52  INFO        [ODS]  │ Makes: 1 KWH of POWERGEN
15:16:52  INFO        [ODS]  │
15:16:52  INFO        [ODS]  │  This producer has 3 sub-assets (different machines):
15:16:52  INFO        [ODS]  │    • JMD - C2-GTG 1                  (Plant ID: 36H0)
15:16:52  INFO        [ODS]  │    • JMD - C2-GTG 2                  (Plant ID: 36GX)
15:16:52  INFO        [ODS]  │    • JMD - C2-STG 1                  (Plant ID: 36HM)
15:16:52  INFO        [ODS]  │
15:16:52  INFO        [ODS]  │  Needs these ingredients (to make 1 KWH):
15:16:52  INFO        [ODS]  │
15:16:52  INFO        [ODS]  │  ▸ Sub-asset: JMD - C2-GTG 1 (Plant ID: 36H0)
15:16:52  INFO        [ODS]  │    Type    Ingredient (Material)             Material SAP Code  Norm          UOM       
15:16:52  INFO        [ODS]  │    ------  --------------------------------  ---------------  ------------  ----------
15:16:52  INFO        [ODS]  │    Raw Mat.  SynGas(Unshift)                   SYNGASN_UNSHIFT      0.004368  MMBTU     
15:16:52  INFO        [ODS]  │    Utility  COMPRESSED AIR                    310027904            0.001280  NM3       
15:16:52  INFO        [ODS]  │    Utility  Cooling Water                     310027912            0.000007  KM3       
15:16:52  INFO        [ODS]  │    Utility  NITROGEN_ASU                      310028432            0.001660  NM3       
15:16:52  INFO        [ODS]  │    Utility  Power_Dis                         310027910            0.001350  KWH       
15:16:52  INFO        [ODS]  │    Utility  Utility Water                     310027928            0.000023  M3        
15:16:52  INFO        [ODS]  │    In simple words: To make 1 KWH from JMD - C2-GTG 1, you need:
15:16:52  INFO        [ODS]  │      → 0.004368 MMBTU of SynGas(Unshift)
15:16:52  INFO        [ODS]  │      → 0.001280 NM3 of COMPRESSED AIR
15:16:52  INFO        [ODS]  │      → 0.000007 KM3 of Cooling Water
15:16:52  INFO        [ODS]  │      → 0.001660 NM3 of NITROGEN_ASU
15:16:52  INFO        [ODS]  │      → 0.001350 KWH of Power_Dis
15:16:52  INFO        [ODS]  │      → 0.000023 M3 of Utility Water
15:16:52  INFO        [ODS]  │
15:16:52  INFO        [ODS]  │  ▸ Sub-asset: JMD - C2-GTG 2 (Plant ID: 36GX)
15:16:52  INFO        [ODS]  │    Type    Ingredient (Material)             Material SAP Code  Norm          UOM       
15:16:52  INFO        [ODS]  │    ------  --------------------------------  ---------------  ------------  ----------
15:16:52  INFO        [ODS]  │    Raw Mat.  SynGas(Unshift)                   SYNGASN_UNSHIFT      0.004485  MMBTU     
15:16:52  INFO        [ODS]  │    Utility  COMPRESSED AIR                    310027904            0.001280  NM3       
15:16:52  INFO        [ODS]  │    Utility  Cooling Water                     310027912            0.000007  KM3       
15:16:52  INFO        [ODS]  │    Utility  NITROGEN_ASU                      310028432            0.001660  NM3       
15:16:52  INFO        [ODS]  │    Utility  Power_Dis                         310027910            0.001350  KWH       
15:16:52  INFO        [ODS]  │    Utility  Utility Water                     310027928            0.000023  M3        
15:16:52  INFO        [ODS]  │    In simple words: To make 1 KWH from JMD - C2-GTG 2, you need:
15:16:52  INFO        [ODS]  │      → 0.004485 MMBTU of SynGas(Unshift)
15:16:52  INFO        [ODS]  │      → 0.001280 NM3 of COMPRESSED AIR
15:16:52  INFO        [ODS]  │      → 0.000007 KM3 of Cooling Water
15:16:52  INFO        [ODS]  │      → 0.001660 NM3 of NITROGEN_ASU
15:16:52  INFO        [ODS]  │      → 0.001350 KWH of Power_Dis
15:16:52  INFO        [ODS]  │      → 0.000023 M3 of Utility Water
15:16:52  INFO        [ODS]  │
15:16:52  INFO        [ODS]  │  ▸ Sub-asset: JMD - C2-STG 1 (Plant ID: 36HM)
15:16:52  INFO        [ODS]  │    Type    Ingredient (Material)             Material SAP Code  Norm          UOM       
15:16:52  INFO        [ODS]  │    ------  --------------------------------  ---------------  ------------  ----------
15:16:52  INFO        [ODS]  │    Utility  Cooling Water                     310027912            0.000400  KM3       
15:16:52  INFO        [ODS]  │    Utility  NITROGEN_ASU                      310028432            0.001030  NM3       
15:16:52  INFO        [ODS]  │    Utility  Power_Dis                         310027910            0.007050  KWH       
15:16:52  INFO        [ODS]  │    Utility  SHP Steam_Dis                     310027924            0.003640  MT        
15:16:52  INFO        [ODS]  │    In simple words: To make 1 KWH from JMD - C2-STG 1, you need:
15:16:52  INFO        [ODS]  │      → 0.000400 KM3 of Cooling Water
15:16:52  INFO        [ODS]  │      → 0.001030 NM3 of NITROGEN_ASU
15:16:52  INFO        [ODS]  │      → 0.007050 KWH of Power_Dis
15:16:52  INFO        [ODS]  │      → 0.003640 MT of SHP Steam_Dis
15:16:52  INFO        [ODS]  │
15:16:52  INFO        [ODS]  └──────────────────────────────────────────────────────────────
15:16:52  INFO        [ODS]
15:16:52  INFO        [ODS]  ┌──────────────────────────────────────────────────────────────
15:16:52  INFO        [ODS]  │ PRODUCER: PROCESS FEED WATER                 
15:16:52  INFO        [ODS]  │ SAP Code: 310027972             Plant Code: 36H1
15:16:52  INFO        [ODS]  │ Makes: 1 M3 of PROCESS FEED WATER
15:16:52  INFO        [ODS]  │
15:16:52  INFO        [ODS]  │  Needs these ingredients (to make 1 M3):
15:16:52  INFO        [ODS]  │
15:16:52  INFO        [ODS]  │  Type    Ingredient (Material)             Material SAP Code  Norm          UOM       
15:16:52  INFO        [ODS]  │  ------  --------------------------------  ---------------  ------------  ----------
15:16:52  INFO        [ODS]  │  Utility  D M Water                         310027966            0.900000  M3        
15:16:52  INFO        [ODS]  │  Utility  LP Steam_Dis                      310027965            0.100000  MT        
15:16:52  INFO        [ODS]  │  Utility  Power_Dis                         310027910            0.631000  KWH       
15:16:52  INFO        [ODS]  │
15:16:52  INFO        [ODS]  │  In simple words: To make 1 M3 of PROCESS FEED WATER, you need:
15:16:52  INFO        [ODS]  │    → 0.900000 M3 of D M Water
15:16:52  INFO        [ODS]  │    → 0.100000 MT of LP Steam_Dis
15:16:52  INFO        [ODS]  │    → 0.631000 KWH of Power_Dis
15:16:52  INFO        [ODS]  └──────────────────────────────────────────────────────────────
15:16:52  INFO        [ODS]
15:16:52  INFO        [ODS]  ┌──────────────────────────────────────────────────────────────
15:16:52  INFO        [ODS]  │ PRODUCER: Power_Dis                          
15:16:52  INFO        [ODS]  │ SAP Code: 310027910             Plant Code: 36H2
15:16:52  INFO        [ODS]  │ Makes: 1 KWH of Power_Dis
15:16:52  INFO        [ODS]  │
15:16:52  INFO        [ODS]  │  Needs these ingredients (to make 1 KWH):
15:16:52  INFO        [ODS]  │
15:16:52  INFO        [ODS]  │  Type    Ingredient (Material)             Material SAP Code  Norm          UOM       
15:16:52  INFO        [ODS]  │  ------  --------------------------------  ---------------  ------------  ----------
15:16:52  INFO        [ODS]  │  Utility  Power                             POWER                0.065453  KWH       
15:16:52  INFO        [ODS]  │  Utility  POWERGEN                          310027907            0.572172  KWH       
15:16:52  INFO        [ODS]  │  Utility  POWERGEN                          310027907            0.362375  KWH       
15:16:52  INFO        [ODS]  │
15:16:52  INFO        [ODS]  │  In simple words: To make 1 KWH of Power_Dis, you need:
15:16:52  INFO        [ODS]  │    → 0.065453 KWH of Power
15:16:52  INFO        [ODS]  │    → 0.572172 KWH of POWERGEN
15:16:52  INFO        [ODS]  │    → 0.362375 KWH of POWERGEN
15:16:52  INFO        [ODS]  └──────────────────────────────────────────────────────────────
15:16:52  INFO        [ODS]
15:16:52  INFO        [ODS]  ┌──────────────────────────────────────────────────────────────
15:16:52  INFO        [ODS]  │ PRODUCER: SHP Steam_Dis                      
15:16:52  INFO        [ODS]  │ SAP Code: 310027924             Plant Code: 36H2
15:16:52  INFO        [ODS]  │ Makes: 1 MT of SHP Steam_Dis
15:16:52  INFO        [ODS]  │
15:16:52  INFO        [ODS]  │  Needs these ingredients (to make 1 MT):
15:16:52  INFO        [ODS]  │
15:16:52  INFO        [ODS]  │  Type    Ingredient (Material)             Material SAP Code  Norm          UOM       
15:16:52  INFO        [ODS]  │  ------  --------------------------------  ---------------  ------------  ----------
15:16:52  INFO        [ODS]  │  Utility  AUXBOIL7_SHP STEAM                310028384            0.226682  MT        
15:16:52  INFO        [ODS]  │  Utility  AUXBOIL8_SHP STEAM                310028411                   0  MT        
15:16:52  INFO        [ODS]  │  Utility  HRSG1_C2_SHP STEAM                310028383            0.473460  MT        
15:16:52  INFO        [ODS]  │  Utility  HRSG2_C2_SHP STEAM                310028410            0.299858  MT        
15:16:52  INFO        [ODS]  │
15:16:52  INFO        [ODS]  │  In simple words: To make 1 MT of SHP Steam_Dis, you need:
15:16:52  INFO        [ODS]  │    → 0.226682 MT of AUXBOIL7_SHP STEAM
15:16:52  INFO        [ODS]  │    → 0.473460 MT of HRSG1_C2_SHP STEAM
15:16:52  INFO        [ODS]  │    → 0.299858 MT of HRSG2_C2_SHP STEAM
15:16:52  INFO        [ODS]  └──────────────────────────────────────────────────────────────
15:16:52  INFO        [ODS]
15:16:52  INFO        [ODS]  ┌──────────────────────────────────────────────────────────────
15:16:52  INFO        [ODS]  │ PRODUCER: Utility Water                      
15:16:52  INFO        [ODS]  │ SAP Code: 310027928             Plant Code: 36H1
15:16:52  INFO        [ODS]  │ Makes: 1 M3 of Utility Water
15:16:52  INFO        [ODS]  │
15:16:52  INFO        [ODS]  │  Needs these ingredients (to make 1 M3):
15:16:52  INFO        [ODS]  │
15:16:52  INFO        [ODS]  │  Type    Ingredient (Material)             Material SAP Code  Norm          UOM       
15:16:52  INFO        [ODS]  │  ------  --------------------------------  ---------------  ------------  ----------
15:16:52  INFO        [ODS]  │  Utility  COMPRESSED AIR                    310027904            0.217390  NM3       
15:16:52  INFO        [ODS]  │  Utility  Power_Dis                         310027910                   0  KWH       
15:16:52  INFO        [ODS]  │  Utility  SWRO WATER                        310028356            1.100000  M3        
15:16:52  INFO        [ODS]  │
15:16:52  INFO        [ODS]  │  In simple words: To make 1 M3 of Utility Water, you need:
15:16:52  INFO        [ODS]  │    → 0.217390 NM3 of COMPRESSED AIR
15:16:52  INFO        [ODS]  │    → 1.100000 M3 of SWRO WATER
15:16:52  INFO        [ODS]  └──────────────────────────────────────────────────────────────
15:16:52  INFO        [ODS]
15:16:52  INFO        [ODS]  Total producers with consumption norms: 24
15:16:52  INFO        [ODS] ===================================
15:16:53  WARNING     [U4U LOOP] 2 DB utilities not matched to any ODS producer: ['SWRO WATER', 'Ret steam condensate']
15:16:53  INFO      
15:16:53  INFO        ==============================================================================
15:16:53  INFO        U4U ITERATION LOOP  (April 2026)
15:16:53  INFO        ==============================================================================
15:16:53  INFO        Tolerance: 0.0100%  |  Max iterations: 50
15:16:53  INFO        Allowed accounts: Raw Material, Utilities
15:16:53  INFO        ODS producers: 24
15:16:53  INFO      
15:16:54  INFO        ==============================================================================
15:16:54  INFO        POWER DISPATCH  (April 2026)
15:16:54  INFO        ==============================================================================
15:16:54  INFO        Demand:  Process = 62526.31 MWh  |  Fixed = 11737.74 MWh  |  Total = 74264.05 MWh
15:16:54  INFO      
15:16:54  INFO        Step 1: Mandatory assets at MIN load, then optional if needed
15:16:54  INFO        Asset                      Priority   Man    Min MW    Max MW     Hours       Min MWh
15:16:54  INFO        -------------------------  --------  ----  --------  --------  --------  ------------
15:16:54  INFO        JMD - C2-GTG 1                    1     Y    104.00    105.00    720.00      74880.00
15:16:54  INFO        JMD - C2-GTG 2                    1     Y     64.00     67.00    720.00      46080.00
15:16:54  INFO        TOTAL MIN GENERATION                                                        120960.00
15:16:54  INFO      
15:16:54  INFO        ⚠ SURPLUS: MIN generation (120960.00 MWh) EXCEEDS demand (74264.05 MWh)
15:16:54  INFO          Surplus = 46695.95 MWh  (will be handled via export power in future)
15:16:54  INFO      
15:16:54  INFO        FINAL DISPATCH
15:16:54  INFO        Asset                      Priority   Dispatched MW  Dispatched MWh    Load %   Avg Load MW  FreeStm Factor   Free Steam MT       Heat Rate   Aux Power MWh
15:16:54  INFO        -------------------------  --------  --------------  --------------  --------  ------------  ------------  --------------  --------------  --------------
15:16:54  INFO        JMD - C2-GTG 1                    1          104.00        74880.00     99.0%        104.00        1.5800       118310.40         2654.90          101.09
15:16:54  INFO        JMD - C2-GTG 2                    1           64.00        46080.00     95.5%         64.00        1.8500        85248.00         3170.44           62.21
15:16:54  INFO        TOTAL                                                     120960.00                                             203558.40                          163.30
15:16:54  INFO        ==============================================================================
15:16:55  INFO      
15:16:55  INFO        SPINNING MARGIN CONFIG
15:16:55  INFO        Required margin: 250.00 TPH
15:16:55  INFO        Asset                         Max TPH     Eff Max     Reserve
15:16:55  INFO        -------------------------  ----------  ----------  ----------
15:16:55  INFO        AUXBOIL7_SHP STEAM             220.00      143.61       76.39
15:16:55  INFO        HRSG1_C2_SHP STEAM             250.00      163.19       86.81
15:16:55  INFO        HRSG2_C2_SHP STEAM             250.00      163.19       86.81
15:16:55  INFO        TOTAL RESERVED                                         250.00
15:16:55  INFO        → Margin of 250.00 TPH successfully reserved
15:16:55  INFO      
15:16:55  INFO        ==============================================================================
15:16:55  INFO        STEAM DISPATCH  (April 2026)
15:16:55  INFO        ==============================================================================
15:16:55  INFO        Grade      Process/Fixed MT  Letdown MT  Byproduct MT     Net Demand MT
15:16:55  INFO        ---------  ----------------  ----------  ------------  ----------------
15:16:55  INFO        LP                 23081.00        0.00     -54000.00         -30919.00
15:16:55  INFO        MP                 12542.00    11287.80          0.00          12542.00
15:16:55  INFO        HP                -12014.00        0.00          0.00           -726.20
15:16:55  INFO        SHP               359673.00        0.00          0.00         359673.00
15:16:55  INFO      
15:16:55  INFO        Total Free Steam available: 203558.40 MT
15:16:55  INFO      
15:16:55  INFO        FINAL SUPPLEMENTARY FIRING DISPATCH
15:16:55  INFO        Asset                      Priority   Man     Min TPH     Max TPH     Hours  Dispatched TPH   Dispatched MT    Load %
15:16:55  INFO        -------------------------  --------  ----  ----------  ----------  --------  --------------  --------------  --------
15:16:55  INFO        AUXBOIL7_SHP STEAM                1     Y       90.00      220.00    698.00          220.00       153560.00    100.0%
15:16:55  INFO        AUXBOIL8_SHP STEAM                1     Y       90.00      220.00      0.00            0.00            0.00      0.0%
15:16:55  INFO        HRSG1_C2_SHP STEAM                1     Y        0.00       85.68    720.00           85.68        61689.60    100.0%
15:16:55  INFO        HRSG2_C2_SHP STEAM                1     Y       41.60      131.60    720.00          131.60        94752.00    100.0%
15:16:55  INFO        TOTAL SUPPLEMENTARY                                                                         310001.60          
15:16:55  INFO        TOTAL STEAM GENERATED                                                                       513560.00          
15:16:55  INFO        ✓ Steam demand fully met with surplus of 153887.00 MT
15:16:55  INFO      
15:16:55  INFO        ✓ STEAM SPINNING MARGIN OK: 282.72 TPH reserved (required: 250.00 TPH)
15:16:55  INFO        ==============================================================================
15:16:55  INFO      
15:16:55  INFO        [U4U LOOP] ==============================================================================
15:16:55  INFO        [U4U LOOP]  ITERATION 1
15:16:55  INFO        [U4U LOOP] ==============================================================================
15:16:55  INFO        [U4U LOOP]  Power:  demand=      82867.59 MWh   gen=     120960.00 MWh
15:16:55  INFO        [U4U LOOP]  Steam:  gen=     513560.00 MT
15:16:55  INFO      
15:16:55  INFO        [U4U LOOP]  Utility (ODS Material)            Old Demand    New Demand    U4U Demand    Change %
15:16:55  INFO        [U4U LOOP]  ------------------------------  ------------  ------------  ------------  ----------
15:16:55  INFO        [U4U LOOP]  AUXBOIL7_SHP STEAM                      0.00          0.00      81531.39     0.0000%
15:16:55  INFO        [U4U LOOP]  Boiler Feed Water                       0.00          0.00     336567.86     0.0000%
15:16:55  INFO        [U4U LOOP]  COMPRESED AIR_ASU                       0.00          0.00     643620.92     0.0000%
15:16:55  INFO        [U4U LOOP]  COMPRESSED AIR                          0.00   12620018.00    1085776.42   100.0000%
15:16:55  INFO        [U4U LOOP]  Cooling Water                           0.00     100215.00        853.15   100.0000%
15:16:55  INFO        [U4U LOOP]  D M Water                               0.00     184969.00      28539.90   100.0000%
15:16:55  INFO        [U4U LOOP]  Effluent Treated                        0.00     207361.00     380817.00   100.0000%
15:16:55  INFO        [U4U LOOP]  HP Steam_Dis                            0.00     -12014.00          0.00   100.0000%
15:16:55  INFO        [U4U LOOP]  HRSG1_C2_SHP STEAM                      0.00          0.00     170290.78     0.0000%
15:16:55  INFO        [U4U LOOP]  HRSG2_C2_SHP STEAM                      0.00          0.00     107850.83     0.0000%
15:16:55  INFO        [U4U LOOP]  LP Steam PRDS                           0.00          0.00       8481.30     0.0000%
15:16:55  INFO        [U4U LOOP]  LP Steam_Dis                            0.00      23081.00       3171.10   100.0000%
15:16:55  INFO        [U4U LOOP]  MP Steam PRDS SHP                       0.00          0.00      12542.00     0.0000%
15:16:55  INFO        [U4U LOOP]  MP Steam_Dis                            0.00      12542.00        929.11   100.0000%
15:16:55  INFO        [U4U LOOP]  NITROGEN_ASU                            0.00   12747061.00     318529.67   100.0000%
15:16:55  INFO        [U4U LOOP]  Oxygen                                  0.00      38907.00          0.00   100.0000%
15:16:55  INFO        [U4U LOOP]  PROCESS FEED WATER                      0.00      31711.00          0.00   100.0000%
15:16:55  INFO        [U4U LOOP]  Power_Dis                               0.00      82867.59      45301.54   100.0000%
15:16:55  INFO        [U4U LOOP]  SHP Steam_Dis                           0.00     359673.00          0.00   100.0000%
15:16:55  INFO        [U4U LOOP]  Utility Water                           0.00    1528813.00      76296.15   100.0000%
15:16:55  INFO      
15:16:55  INFO        [U4U LOOP]  U4U CONSUMPTION BREAKDOWN (per producer per material):
15:16:55  INFO        [U4U LOOP]  Producer                   Material Consumed              Norm      Quantity
15:16:55  INFO        [U4U LOOP]  -------------------------  -------------------------  --------  ------------
15:16:55  INFO        [U4U LOOP]  JMD - C2-GTG 1             SynGas(Unshift)            0.004368     327075.84
15:16:55  INFO        [U4U LOOP]  JMD - C2-GTG 1             COMPRESSED AIR             0.001280      95846.40
15:16:55  INFO        [U4U LOOP]  JMD - C2-GTG 1             Cooling Water              0.000007        524.16
15:16:55  INFO        [U4U LOOP]  JMD - C2-GTG 1             NITROGEN_ASU               0.001660     124300.80
15:16:55  INFO        [U4U LOOP]  JMD - C2-GTG 1             Power_Dis                  0.001350     101088.00
15:16:55  INFO        [U4U LOOP]  JMD - C2-GTG 1             Utility Water              0.000023       1722.24
15:16:55  INFO        [U4U LOOP]  JMD - C2-GTG 2             SynGas(Unshift)            0.004485     206668.80
15:16:55  INFO        [U4U LOOP]  JMD - C2-GTG 2             COMPRESSED AIR             0.001280      58982.40
15:16:55  INFO        [U4U LOOP]  JMD - C2-GTG 2             Cooling Water              0.000007        322.56
15:16:55  INFO        [U4U LOOP]  JMD - C2-GTG 2             NITROGEN_ASU               0.001660      76492.80
15:16:55  INFO        [U4U LOOP]  JMD - C2-GTG 2             Power_Dis                  0.001350      62208.00
15:16:55  INFO        [U4U LOOP]  JMD - C2-GTG 2             Utility Water              0.000023       1059.84
15:16:55  INFO        [U4U LOOP]  AUXBOIL7_SHP STEAM         SynGas(Unshift)            2.876221     441672.50
15:16:55  INFO        [U4U LOOP]  AUXBOIL7_SHP STEAM         Boiler Feed Water          1.010000     155095.60
15:16:55  INFO        [U4U LOOP]  AUXBOIL7_SHP STEAM         Power_Dis                  3.850000     591206.00
15:16:55  INFO        [U4U LOOP]  HRSG1_C2_SHP STEAM         SynGas(Unshift)            3.376244     208279.14
15:16:55  INFO        [U4U LOOP]  HRSG1_C2_SHP STEAM         Boiler Feed Water          1.160000      71559.94
15:16:55  INFO        [U4U LOOP]  HRSG1_C2_SHP STEAM         Power_Dis                  0.285000      17581.54
15:16:55  INFO        [U4U LOOP]  HRSG2_C2_SHP STEAM         SynGas(Unshift)            3.357468     318126.81
15:16:55  INFO        [U4U LOOP]  HRSG2_C2_SHP STEAM         Boiler Feed Water          1.160000     109912.32
15:16:55  INFO        [U4U LOOP]  HRSG2_C2_SHP STEAM         Power_Dis                  0.285000      27004.32
15:16:55  INFO        [U4U LOOP]  COMPRESSED AIR             COMPRESED AIR_ASU          0.051000     643620.92
15:16:55  INFO        [U4U LOOP]  COMPRESSED AIR             COMPRESSED AIR             0.002670      33695.45
15:16:55  INFO        [U4U LOOP]  COMPRESSED AIR             Power_Dis                  0.150000    1893002.70
15:16:55  INFO        [U4U LOOP]  Cooling Water              COMPRESSED AIR             0.974741      97683.67
15:16:55  INFO        [U4U LOOP]  Cooling Water              Effluent Treated           3.800000     380817.00
15:16:55  INFO        [U4U LOOP]  Cooling Water              Power_Dis                  210.900000   21135343.50
15:16:55  INFO        [U4U LOOP]  Cooling Water              SWRO WATER                 9.400000     942021.00
15:16:55  INFO        [U4U LOOP]  D M Water                  COMPRESSED AIR             0.049180       9096.78
15:16:55  INFO        [U4U LOOP]  D M Water                  NITROGEN_ASU               0.630000     116530.47
15:16:55  INFO        [U4U LOOP]  D M Water                  Power_Dis                  0.920000     170171.48
15:16:55  INFO        [U4U LOOP]  D M Water                  SWRO WATER                 1.150000     212714.35
15:16:55  INFO        [U4U LOOP]  Effluent Treated           COMPRESSED AIR             2.209302     458123.07
15:16:55  INFO        [U4U LOOP]  Effluent Treated           Cooling Water              0.000031          6.43
15:16:55  INFO        [U4U LOOP]  Effluent Treated           NITROGEN_ASU               0.005814       1205.60
15:16:55  INFO        [U4U LOOP]  Effluent Treated           Power_Dis                  3.200000     663555.20
15:16:55  INFO        [U4U LOOP]  Effluent Treated           Utility Water              0.029070       6027.98
15:16:55  INFO        [U4U LOOP]  NITROGEN_ASU               MP Steam_Dis               0.000021        267.69
15:16:55  INFO        [U4U LOOP]  NITROGEN_ASU               Power_Dis                  0.474260    6045421.15
15:16:55  INFO        [U4U LOOP]  NITROGEN_ASU               Ret steam condensate       -0.000011       -140.22
15:16:55  INFO        [U4U LOOP]  NITROGEN_ASU               Utility Water              0.001540      19630.47
15:16:55  INFO        [U4U LOOP]  Oxygen                     MP Steam_Dis               0.017000        661.42
15:16:55  INFO        [U4U LOOP]  Oxygen                     Power_Dis                  374.610000   14574951.27
15:16:55  INFO        [U4U LOOP]  Oxygen                     Ret steam condensate       -0.008000       -311.26
15:16:55  INFO        [U4U LOOP]  Oxygen                     Utility Water              1.230000      47855.61
15:16:55  INFO        [U4U LOOP]  PROCESS FEED WATER         D M Water                  0.900000      28539.90
15:16:55  INFO        [U4U LOOP]  PROCESS FEED WATER         LP Steam_Dis               0.100000       3171.10
15:16:55  INFO        [U4U LOOP]  PROCESS FEED WATER         Power_Dis                  0.631000      20009.64
15:16:55  INFO        [U4U LOOP]  Utility Water              COMPRESSED AIR             0.217390     332348.66
15:16:55  INFO        [U4U LOOP]  Utility Water              SWRO WATER                 1.100000    1681694.30
15:16:55  INFO        [U4U LOOP]  LP Steam_Dis               HRSG1_C2_LP STEAM          0.387271       8938.60
15:16:55  INFO        [U4U LOOP]  LP Steam_Dis               HRSG2_C2_LP STEAM          0.245271       5661.10
15:16:55  INFO        [U4U LOOP]  LP Steam_Dis               LP Steam PRDS              0.367458       8481.30
15:16:55  INFO        [U4U LOOP]  MP Steam_Dis               MP Steam PRDS SHP          1.000000      12542.00
15:16:55  INFO        [U4U LOOP]  SHP Steam_Dis              AUXBOIL7_SHP STEAM         0.226682      81531.39
15:16:55  INFO        [U4U LOOP]  SHP Steam_Dis              HRSG1_C2_SHP STEAM         0.473460     170290.78
15:16:55  INFO        [U4U LOOP]  SHP Steam_Dis              HRSG2_C2_SHP STEAM         0.299858     107850.83
15:16:55  INFO      
15:16:55  INFO        [U4U LOOP]  Not yet converged: 16 materials
15:16:55  INFO        [U4U LOOP]    AUXBOIL7_SHP STEAM              change=100.0000%
15:16:55  INFO        [U4U LOOP]    Boiler Feed Water               change=100.0000%
15:16:55  INFO        [U4U LOOP]    COMPRESED AIR_ASU               change=100.0000%
15:16:55  INFO        [U4U LOOP]    COMPRESSED AIR                  change=100.0000%
15:16:55  INFO        [U4U LOOP]    Cooling Water                   change=100.0000%
15:16:55  INFO        [U4U LOOP]    D M Water                       change=100.0000%
15:16:55  INFO        [U4U LOOP]    Effluent Treated                change=100.0000%
15:16:55  INFO        [U4U LOOP]    HRSG1_C2_SHP STEAM              change=100.0000%
15:16:55  INFO        [U4U LOOP]    HRSG2_C2_SHP STEAM              change=100.0000%
15:16:55  INFO        [U4U LOOP]    LP Steam PRDS                   change=100.0000%
15:16:55  INFO        [U4U LOOP]    LP Steam_Dis                    change=100.0000%
15:16:55  INFO        [U4U LOOP]    MP Steam PRDS SHP               change=100.0000%
15:16:55  INFO        [U4U LOOP]    MP Steam_Dis                    change=100.0000%
15:16:55  INFO        [U4U LOOP]    NITROGEN_ASU                    change=100.0000%
15:16:55  INFO        [U4U LOOP]    Power_Dis                       change=100.0000%
15:16:55  INFO        [U4U LOOP]    Utility Water                   change=100.0000%
15:16:55  INFO      
15:16:56  INFO        ==============================================================================
15:16:56  INFO        POWER DISPATCH  (April 2026)
15:16:56  INFO        ==============================================================================
15:16:56  INFO        Demand:  Process = 62526.31 MWh  |  Fixed = 57039.29 MWh  |  Total = 119565.59 MWh
15:16:56  INFO      
15:16:56  INFO        Step 1: Mandatory assets at MIN load, then optional if needed
15:16:56  INFO        Asset                      Priority   Man    Min MW    Max MW     Hours       Min MWh
15:16:56  INFO        -------------------------  --------  ----  --------  --------  --------  ------------
15:16:56  INFO        JMD - C2-GTG 1                    1     Y    104.00    105.00    720.00      74880.00
15:16:56  INFO        JMD - C2-GTG 2                    1     Y     64.00     67.00    720.00      46080.00
15:16:56  INFO        TOTAL MIN GENERATION                                                        120960.00
15:16:56  INFO      
15:16:56  INFO        ⚠ SURPLUS: MIN generation (120960.00 MWh) EXCEEDS demand (119565.59 MWh)
15:16:56  INFO          Surplus = 1394.41 MWh  (will be handled via export power in future)
15:16:56  INFO      
15:16:56  INFO        FINAL DISPATCH
15:16:56  INFO        Asset                      Priority   Dispatched MW  Dispatched MWh    Load %   Avg Load MW  FreeStm Factor   Free Steam MT       Heat Rate   Aux Power MWh
15:16:56  INFO        -------------------------  --------  --------------  --------------  --------  ------------  ------------  --------------  --------------  --------------
15:16:56  INFO        JMD - C2-GTG 1                    1          104.00        74880.00     99.0%        104.00        1.5800       118310.40         2654.90          101.09
15:16:56  INFO        JMD - C2-GTG 2                    1           64.00        46080.00     95.5%         64.00        1.8500        85248.00         3170.44           62.21
15:16:56  INFO        TOTAL                                                     120960.00                                             203558.40                          163.30
15:16:56  INFO        ==============================================================================
15:16:57  INFO      
15:16:57  INFO        SPINNING MARGIN CONFIG
15:16:57  INFO        Required margin: 250.00 TPH
15:16:57  INFO        Asset                         Max TPH     Eff Max     Reserve
15:16:57  INFO        -------------------------  ----------  ----------  ----------
15:16:57  INFO        AUXBOIL7_SHP STEAM             220.00      143.61       76.39
15:16:57  INFO        HRSG1_C2_SHP STEAM             250.00      163.19       86.81
15:16:57  INFO        HRSG2_C2_SHP STEAM             250.00      163.19       86.81
15:16:57  INFO        TOTAL RESERVED                                         250.00
15:16:57  INFO        → Margin of 250.00 TPH successfully reserved
15:16:57  INFO      
15:16:57  INFO        ==============================================================================
15:16:57  INFO        STEAM DISPATCH  (April 2026)
15:16:57  INFO        ==============================================================================
15:16:57  INFO        Grade      Process/Fixed MT  Letdown MT  Byproduct MT     Net Demand MT
15:16:57  INFO        ---------  ----------------  ----------  ------------  ----------------
15:16:57  INFO        LP                 26252.10        0.00     -54000.00         -27747.90
15:16:57  INFO        MP                 13471.11    12124.00          0.00          13471.11
15:16:57  INFO        HP                -12014.00      102.96          0.00            110.00
15:16:57  INFO        SHP               359673.00        0.00          0.00         359775.96
15:16:57  INFO      
15:16:57  INFO        Total Free Steam available: 203558.40 MT
15:16:57  INFO      
15:16:57  INFO        FINAL SUPPLEMENTARY FIRING DISPATCH
15:16:57  INFO        Asset                      Priority   Man     Min TPH     Max TPH     Hours  Dispatched TPH   Dispatched MT    Load %
15:16:57  INFO        -------------------------  --------  ----  ----------  ----------  --------  --------------  --------------  --------
15:16:57  INFO        AUXBOIL7_SHP STEAM                1     Y       90.00      220.00    698.00          220.00       153560.00    100.0%
15:16:57  INFO        AUXBOIL8_SHP STEAM                1     Y       90.00      220.00      0.00            0.00            0.00      0.0%
15:16:57  INFO        HRSG1_C2_SHP STEAM                1     Y        0.00       85.68    720.00           85.68        61689.60    100.0%
15:16:57  INFO        HRSG2_C2_SHP STEAM                1     Y       41.60      131.60    720.00          131.60        94752.00    100.0%
15:16:57  INFO        TOTAL SUPPLEMENTARY                                                                         310001.60          
15:16:57  INFO        TOTAL STEAM GENERATED                                                                       513560.00          
15:16:57  INFO        ✓ Steam demand fully met with surplus of 153784.04 MT
15:16:57  INFO      
15:16:57  INFO        ✓ STEAM SPINNING MARGIN OK: 282.72 TPH reserved (required: 250.00 TPH)
15:16:57  INFO        ==============================================================================
15:16:57  INFO      
15:16:57  INFO        [U4U LOOP] ==============================================================================
15:16:57  INFO        [U4U LOOP]  ITERATION 2
15:16:57  INFO        [U4U LOOP] ==============================================================================
15:16:57  INFO        [U4U LOOP]  Power:  demand=     128169.13 MWh   gen=     120960.00 MWh
15:16:57  INFO        [U4U LOOP]  Steam:  gen=     513560.00 MT
15:16:57  INFO      
15:16:57  INFO        [U4U LOOP]  Utility (ODS Material)            Old Demand    New Demand    U4U Demand    Change %
15:16:57  INFO        [U4U LOOP]  ------------------------------  ------------  ------------  ------------  ----------
15:16:57  INFO        [U4U LOOP]  AUXBOIL7_SHP STEAM                      0.00      81531.39      81531.39   100.0000%
15:16:57  INFO        [U4U LOOP]  Boiler Feed Water                       0.00     336567.86     338288.53   100.0000%
15:16:57  INFO        [U4U LOOP]  COMPRESED AIR_ASU                       0.00     643620.92     698995.52   100.0000%
15:16:57  INFO        [U4U LOOP]  COMPRESSED AIR                   12620018.00   13705794.42    1948836.42     7.9220%
15:16:57  INFO        [U4U LOOP]  Cooling Water                      100215.00     101068.15        864.95     0.8441%
15:16:57  INFO        [U4U LOOP]  D M Water                          184969.00     213508.90     331450.97    13.3671%
15:16:57  INFO        [U4U LOOP]  Effluent Treated                   207361.00     588178.00     384058.96    64.7452%
15:16:57  INFO        [U4U LOOP]  HP Steam_Dis                       -12014.00     -12014.00      11287.80     0.0000%
15:16:57  INFO        [U4U LOOP]  HRSG1_C2_SHP STEAM                      0.00     170290.78     170290.78   100.0000%
15:16:57  INFO        [U4U LOOP]  HRSG2_C2_SHP STEAM                      0.00     107850.83     107850.83   100.0000%
15:16:57  INFO        [U4U LOOP]  LP Steam PRDS                           0.00       8481.30       9646.54   100.0000%
15:16:57  INFO        [U4U LOOP]  LP Steam_Dis                        23081.00      26252.10      36827.89    12.0794%
15:16:57  INFO        [U4U LOOP]  MP Steam PRDS SHP                       0.00      12542.00      13471.11   100.0000%
15:16:57  INFO        [U4U LOOP]  MP Steam_Dis                        12542.00      13471.11       8950.62     6.8970%
15:16:57  INFO        [U4U LOOP]  NITROGEN_ASU                     12747061.00   13065590.67     338723.87     2.4379%
15:16:57  INFO        [U4U LOOP]  Oxygen                              38907.00      38907.00          0.00     0.0000%
15:16:57  INFO        [U4U LOOP]  PROCESS FEED WATER                  31711.00      31711.00          0.00     0.0000%
15:16:57  INFO        [U4U LOOP]  Power_Dis                           82867.59     128169.13      49846.93    35.3451%
15:16:57  INFO        [U4U LOOP]  SHP Steam_Dis                      359673.00     359673.00          0.00     0.0000%
15:16:57  INFO        [U4U LOOP]  Utility Water                     1528813.00    1605109.15      87857.03     4.7533%
15:16:57  INFO      
15:16:57  INFO        [U4U LOOP]  U4U CONSUMPTION BREAKDOWN (per producer per material):
15:16:57  INFO        [U4U LOOP]  Producer                   Material Consumed              Norm      Quantity
15:16:57  INFO        [U4U LOOP]  -------------------------  -------------------------  --------  ------------
15:16:57  INFO        [U4U LOOP]  JMD - C2-GTG 1             SynGas(Unshift)            0.004368     327075.84
15:16:57  INFO        [U4U LOOP]  JMD - C2-GTG 1             COMPRESSED AIR             0.001280      95846.40
15:16:57  INFO        [U4U LOOP]  JMD - C2-GTG 1             Cooling Water              0.000007        524.16
15:16:57  INFO        [U4U LOOP]  JMD - C2-GTG 1             NITROGEN_ASU               0.001660     124300.80
15:16:57  INFO        [U4U LOOP]  JMD - C2-GTG 1             Power_Dis                  0.001350     101088.00
15:16:57  INFO        [U4U LOOP]  JMD - C2-GTG 1             Utility Water              0.000023       1722.24
15:16:57  INFO        [U4U LOOP]  JMD - C2-GTG 2             SynGas(Unshift)            0.004485     206668.80
15:16:57  INFO        [U4U LOOP]  JMD - C2-GTG 2             COMPRESSED AIR             0.001280      58982.40
15:16:57  INFO        [U4U LOOP]  JMD - C2-GTG 2             Cooling Water              0.000007        322.56
15:16:57  INFO        [U4U LOOP]  JMD - C2-GTG 2             NITROGEN_ASU               0.001660      76492.80
15:16:57  INFO        [U4U LOOP]  JMD - C2-GTG 2             Power_Dis                  0.001350      62208.00
15:16:57  INFO        [U4U LOOP]  JMD - C2-GTG 2             Utility Water              0.000023       1059.84
15:16:57  INFO        [U4U LOOP]  AUXBOIL7_SHP STEAM         SynGas(Unshift)            2.876221     441672.50
15:16:57  INFO        [U4U LOOP]  AUXBOIL7_SHP STEAM         Boiler Feed Water          1.010000     155095.60
15:16:57  INFO        [U4U LOOP]  AUXBOIL7_SHP STEAM         Power_Dis                  3.850000     591206.00
15:16:57  INFO        [U4U LOOP]  HRSG1_C2_SHP STEAM         SynGas(Unshift)            3.376244     208279.14
15:16:57  INFO        [U4U LOOP]  HRSG1_C2_SHP STEAM         Boiler Feed Water          1.160000      71559.94
15:16:57  INFO        [U4U LOOP]  HRSG1_C2_SHP STEAM         Power_Dis                  0.285000      17581.54
15:16:57  INFO        [U4U LOOP]  HRSG2_C2_SHP STEAM         SynGas(Unshift)            3.357468     318126.81
15:16:57  INFO        [U4U LOOP]  HRSG2_C2_SHP STEAM         Boiler Feed Water          1.160000     109912.32
15:16:57  INFO        [U4U LOOP]  HRSG2_C2_SHP STEAM         Power_Dis                  0.285000      27004.32
15:16:57  INFO        [U4U LOOP]  Boiler Feed Water          D M Water                  0.900000     302911.07
15:16:57  INFO        [U4U LOOP]  Boiler Feed Water          LP Steam_Dis               0.100000      33656.79
15:16:57  INFO        [U4U LOOP]  Boiler Feed Water          Power_Dis                  8.100000    2726199.63
15:16:57  INFO        [U4U LOOP]  COMPRESED AIR_ASU          Power_Dis                  0.125000      80452.61
15:16:57  INFO        [U4U LOOP]  COMPRESSED AIR             COMPRESED AIR_ASU          0.051000     698995.52
15:16:57  INFO        [U4U LOOP]  COMPRESSED AIR             COMPRESSED AIR             0.002670      36594.47
15:16:57  INFO        [U4U LOOP]  COMPRESSED AIR             Power_Dis                  0.150000    2055869.16
15:16:57  INFO        [U4U LOOP]  Cooling Water              COMPRESSED AIR             0.974741      98515.27
15:16:57  INFO        [U4U LOOP]  Cooling Water              Effluent Treated           3.800000     384058.96
15:16:57  INFO        [U4U LOOP]  Cooling Water              Power_Dis                  210.900000   21315272.45
15:16:57  INFO        [U4U LOOP]  Cooling Water              SWRO WATER                 9.400000     950040.59
15:16:57  INFO        [U4U LOOP]  D M Water                  COMPRESSED AIR             0.049180      10500.37
15:16:57  INFO        [U4U LOOP]  D M Water                  NITROGEN_ASU               0.630000     134510.61
15:16:57  INFO        [U4U LOOP]  D M Water                  Power_Dis                  0.920000     196428.19
15:16:57  INFO        [U4U LOOP]  D M Water                  SWRO WATER                 1.150000     245535.23
15:16:57  INFO        [U4U LOOP]  Effluent Treated           COMPRESSED AIR             2.209302    1299462.83
15:16:57  INFO        [U4U LOOP]  Effluent Treated           Cooling Water              0.000031         18.23
15:16:57  INFO        [U4U LOOP]  Effluent Treated           NITROGEN_ASU               0.005814       3419.67
15:16:57  INFO        [U4U LOOP]  Effluent Treated           Power_Dis                  3.200000    1882169.60
15:16:57  INFO        [U4U LOOP]  Effluent Treated           Utility Water              0.029070      17098.33
15:16:57  INFO        [U4U LOOP]  LP Steam PRDS              Boiler Feed Water          0.055000        466.47
15:16:57  INFO        [U4U LOOP]  LP Steam PRDS              MP Steam_Dis               0.945000       8014.83
15:16:57  INFO        [U4U LOOP]  MP Steam PRDS SHP          Boiler Feed Water          0.100000       1254.20
15:16:57  INFO        [U4U LOOP]  MP Steam PRDS SHP          HP Steam_Dis               0.900000      11287.80
15:16:57  INFO        [U4U LOOP]  NITROGEN_ASU               MP Steam_Dis               0.000021        274.38
15:16:57  INFO        [U4U LOOP]  NITROGEN_ASU               Power_Dis                  0.474260    6196487.03
15:16:57  INFO        [U4U LOOP]  NITROGEN_ASU               Ret steam condensate       -0.000011       -143.72
15:16:57  INFO        [U4U LOOP]  NITROGEN_ASU               Utility Water              0.001540      20121.01
15:16:57  INFO        [U4U LOOP]  Oxygen                     MP Steam_Dis               0.017000        661.42
15:16:57  INFO        [U4U LOOP]  Oxygen                     Power_Dis                  374.610000   14574951.27
15:16:57  INFO        [U4U LOOP]  Oxygen                     Ret steam condensate       -0.008000       -311.26
15:16:57  INFO        [U4U LOOP]  Oxygen                     Utility Water              1.230000      47855.61
15:16:57  INFO        [U4U LOOP]  PROCESS FEED WATER         D M Water                  0.900000      28539.90
15:16:57  INFO        [U4U LOOP]  PROCESS FEED WATER         LP Steam_Dis               0.100000       3171.10
15:16:57  INFO        [U4U LOOP]  PROCESS FEED WATER         Power_Dis                  0.631000      20009.64
15:16:57  INFO        [U4U LOOP]  Utility Water              COMPRESSED AIR             0.217390     348934.68
15:16:57  INFO        [U4U LOOP]  Utility Water              SWRO WATER                 1.100000    1765620.06
15:16:57  INFO        [U4U LOOP]  LP Steam_Dis               HRSG1_C2_LP STEAM          0.387271      10166.68
15:16:57  INFO        [U4U LOOP]  LP Steam_Dis               HRSG2_C2_LP STEAM          0.245271       6438.88
15:16:57  INFO        [U4U LOOP]  LP Steam_Dis               LP Steam PRDS              0.367458       9646.54
15:16:57  INFO        [U4U LOOP]  MP Steam_Dis               MP Steam PRDS SHP          1.000000      13471.11
15:16:57  INFO        [U4U LOOP]  SHP Steam_Dis              AUXBOIL7_SHP STEAM         0.226682      81531.39
15:16:57  INFO        [U4U LOOP]  SHP Steam_Dis              HRSG1_C2_SHP STEAM         0.473460     170290.78
15:16:57  INFO        [U4U LOOP]  SHP Steam_Dis              HRSG2_C2_SHP STEAM         0.299858     107850.83
15:16:57  INFO      
15:16:57  INFO        [U4U LOOP]  Not yet converged: 14 materials
15:16:57  INFO        [U4U LOOP]    Boiler Feed Water               change=0.5086%
15:16:57  INFO        [U4U LOOP]    COMPRESED AIR_ASU               change=7.9220%
15:16:57  INFO        [U4U LOOP]    COMPRESSED AIR                  change=44.2859%
15:16:57  INFO        [U4U LOOP]    Cooling Water                   change=1.3649%
15:16:57  INFO        [U4U LOOP]    D M Water                       change=91.3894%
15:16:57  INFO        [U4U LOOP]    Effluent Treated                change=0.8441%
15:16:57  INFO        [U4U LOOP]    HP Steam_Dis                    change=100.0000%
15:16:57  INFO        [U4U LOOP]    LP Steam PRDS                   change=12.0794%
15:16:57  INFO        [U4U LOOP]    LP Steam_Dis                    change=91.3894%
15:16:57  INFO        [U4U LOOP]    MP Steam PRDS SHP               change=6.8970%
15:16:57  INFO        [U4U LOOP]    MP Steam_Dis                    change=89.6196%
15:16:57  INFO        [U4U LOOP]    NITROGEN_ASU                    change=5.9618%
15:16:57  INFO        [U4U LOOP]    Power_Dis                       change=9.1187%
15:16:57  INFO        [U4U LOOP]    Utility Water                   change=13.1587%
15:16:57  INFO      
15:16:59  INFO        ==============================================================================
15:16:59  INFO        POWER DISPATCH  (April 2026)
15:16:59  INFO        ==============================================================================
15:16:59  INFO        Demand:  Process = 62526.31 MWh  |  Fixed = 61584.67 MWh  |  Total = 124110.98 MWh
15:16:59  INFO      
15:16:59  INFO        Step 1: Mandatory assets at MIN load, then optional if needed
15:16:59  INFO        Asset                      Priority   Man    Min MW    Max MW     Hours       Min MWh
15:16:59  INFO        -------------------------  --------  ----  --------  --------  --------  ------------
15:16:59  INFO        JMD - C2-GTG 1                    1     Y    104.00    105.00    720.00      74880.00
15:16:59  INFO        JMD - C2-GTG 2                    1     Y     64.00     67.00    720.00      46080.00
15:16:59  INFO        TOTAL MIN GENERATION                                                        120960.00
15:16:59  INFO      
15:16:59  INFO        ⚠ DEFICIT: MAX generation (123840.00 MWh) BELOW demand (124110.98 MWh)
15:16:59  INFO          Deficit = 270.98 MWh
15:16:59  INFO      
15:16:59  INFO        FINAL DISPATCH
15:16:59  INFO        Asset                      Priority   Dispatched MW  Dispatched MWh    Load %   Avg Load MW  FreeStm Factor   Free Steam MT       Heat Rate   Aux Power MWh
15:16:59  INFO        -------------------------  --------  --------------  --------------  --------  ------------  ------------  --------------  --------------  --------------
15:16:59  INFO        JMD - C2-GTG 1                    1          105.00        75600.00    100.0%        105.00        1.5700       118692.00         2643.00          102.06
15:16:59  INFO        JMD - C2-GTG 2                    1           67.00        48240.00    100.0%         67.00        1.8300        88279.20         3120.84           65.12
15:16:59  INFO        TOTAL                                                     123840.00                                             206971.20                          167.18
15:16:59  INFO        ==============================================================================
15:17:00  INFO      
15:17:00  INFO        SPINNING MARGIN CONFIG
15:17:00  INFO        Required margin: 250.00 TPH
15:17:00  INFO        Asset                         Max TPH     Eff Max     Reserve
15:17:00  INFO        -------------------------  ----------  ----------  ----------
15:17:00  INFO        AUXBOIL7_SHP STEAM             220.00      143.61       76.39
15:17:00  INFO        HRSG1_C2_SHP STEAM             250.00      163.19       86.81
15:17:00  INFO        HRSG2_C2_SHP STEAM             250.00      163.19       86.81
15:17:00  INFO        TOTAL RESERVED                                         250.00
15:17:00  INFO        → Margin of 250.00 TPH successfully reserved
15:17:00  INFO      
15:17:00  INFO        ==============================================================================
15:17:00  INFO        STEAM DISPATCH  (April 2026)
15:17:00  INFO        ==============================================================================
15:17:00  INFO        Grade      Process/Fixed MT  Letdown MT  Byproduct MT     Net Demand MT
15:17:00  INFO        ---------  ----------------  ----------  ------------  ----------------
15:17:00  INFO        LP                 59908.89     5583.90     -54000.00           5908.89
15:17:00  INFO        MP                 21492.62    24368.87          0.00          27076.52
15:17:00  INFO        HP                  -726.20    22129.54          0.00          23642.67
15:17:00  INFO        SHP               359673.00        0.00          0.00         381802.54
15:17:00  INFO      
15:17:00  INFO        Total Free Steam available: 206971.20 MT
15:17:00  INFO      
15:17:00  INFO        FINAL SUPPLEMENTARY FIRING DISPATCH
15:17:00  INFO        Asset                      Priority   Man     Min TPH     Max TPH     Hours  Dispatched TPH   Dispatched MT    Load %
15:17:00  INFO        -------------------------  --------  ----  ----------  ----------  --------  --------------  --------------  --------
15:17:00  INFO        AUXBOIL7_SHP STEAM                1     Y       90.00      220.00    698.00          220.00       153560.00    100.0%
15:17:00  INFO        AUXBOIL8_SHP STEAM                1     Y       90.00      220.00      0.00            0.00            0.00      0.0%
15:17:00  INFO        HRSG1_C2_SHP STEAM                1     Y        0.00       85.15    720.00           85.15        61308.00    100.0%
15:17:00  INFO        HRSG2_C2_SHP STEAM                1     Y       37.39      127.39    720.00          127.39        91720.80    100.0%
15:17:00  INFO        TOTAL SUPPLEMENTARY                                                                         306588.80          
15:17:00  INFO        TOTAL STEAM GENERATED                                                                       513560.00          
15:17:00  INFO        ✓ Steam demand fully met with surplus of 131757.46 MT
15:17:00  INFO      
15:17:00  INFO        ✓ STEAM SPINNING MARGIN OK: 287.46 TPH reserved (required: 250.00 TPH)
15:17:00  INFO        ==============================================================================
15:17:00  INFO      
15:17:00  INFO        [U4U LOOP] ==============================================================================
15:17:00  INFO        [U4U LOOP]  ITERATION 3
15:17:00  INFO        [U4U LOOP] ==============================================================================
15:17:00  INFO        [U4U LOOP]  Power:  demand=     132714.52 MWh   gen=     123840.00 MWh
15:17:00  INFO        [U4U LOOP]  Steam:  gen=     513560.00 MT
15:17:00  INFO      
15:17:00  INFO        [U4U LOOP]  Utility (ODS Material)            Old Demand    New Demand    U4U Demand    Change %
15:17:00  INFO        [U4U LOOP]  ------------------------------  ------------  ------------  ------------  ----------
15:17:00  INFO        [U4U LOOP]  AUXBOIL7_SHP STEAM                  81531.39      81531.39      81531.39     0.0000%
15:17:00  INFO        [U4U LOOP]  Boiler Feed Water                  336567.86     338288.53     334486.68     0.5086%
15:17:00  INFO        [U4U LOOP]  COMPRESED AIR_ASU                  643620.92     698995.52     743011.58     7.9220%
15:17:00  INFO        [U4U LOOP]  COMPRESSED AIR                   13705794.42   14568854.42    1979411.56     5.9240%
15:17:00  INFO        [U4U LOOP]  Cooling Water                      101068.15     101079.95        885.21     0.0117%
15:17:00  INFO        [U4U LOOP]  D M Water                          213508.90     516419.97     332999.57    58.6560%
15:17:00  INFO        [U4U LOOP]  Effluent Treated                   588178.00     591419.96     384103.82     0.5482%
15:17:00  INFO        [U4U LOOP]  HP Steam_Dis                       -12014.00       -726.20      12124.00  1554.3652%
15:17:00  INFO        [U4U LOOP]  HRSG1_C2_SHP STEAM                 170290.78     170290.78     170290.78     0.0000%
15:17:00  INFO        [U4U LOOP]  HRSG2_C2_SHP STEAM                 107850.83     107850.83     107850.83     0.0000%
15:17:00  INFO        [U4U LOOP]  LP Steam PRDS                        8481.30       9646.54      22014.00    12.0794%
15:17:00  INFO        [U4U LOOP]  LP Steam_Dis                        26252.10      59908.89      36999.95    56.1800%
15:17:00  INFO        [U4U LOOP]  MP Steam PRDS SHP                   12542.00      13471.11      21492.62     6.8970%
15:17:00  INFO        [U4U LOOP]  MP Steam_Dis                        13471.11      21492.62      10052.20    37.3222%
15:17:00  INFO        [U4U LOOP]  NITROGEN_ASU                     13065590.67   13085784.87     534357.50     0.1543%
15:17:00  INFO        [U4U LOOP]  Oxygen                              38907.00      38907.00          0.00     0.0000%
15:17:00  INFO        [U4U LOOP]  PROCESS FEED WATER                  31711.00      31711.00          0.00     0.0000%
15:17:00  INFO        [U4U LOOP]  Power_Dis                          128169.13     132714.52      50301.28     3.4249%
15:17:00  INFO        [U4U LOOP]  SHP Steam_Dis                      359673.00     359673.00          0.00     0.0000%
15:17:00  INFO        [U4U LOOP]  Utility Water                     1605109.15    1616670.03      88048.62     0.7151%
15:17:00  INFO      
15:17:00  INFO        [U4U LOOP]  U4U CONSUMPTION BREAKDOWN (per producer per material):
15:17:00  INFO        [U4U LOOP]  Producer                   Material Consumed              Norm      Quantity
15:17:00  INFO        [U4U LOOP]  -------------------------  -------------------------  --------  ------------
15:17:00  INFO        [U4U LOOP]  JMD - C2-GTG 1             SynGas(Unshift)            0.004368     330220.80
15:17:00  INFO        [U4U LOOP]  JMD - C2-GTG 1             COMPRESSED AIR             0.001280      96768.00
15:17:00  INFO        [U4U LOOP]  JMD - C2-GTG 1             Cooling Water              0.000007        529.20
15:17:00  INFO        [U4U LOOP]  JMD - C2-GTG 1             NITROGEN_ASU               0.001660     125496.00
15:17:00  INFO        [U4U LOOP]  JMD - C2-GTG 1             Power_Dis                  0.001350     102060.00
15:17:00  INFO        [U4U LOOP]  JMD - C2-GTG 1             Utility Water              0.000023       1738.80
15:17:00  INFO        [U4U LOOP]  JMD - C2-GTG 2             SynGas(Unshift)            0.004485     216356.40
15:17:00  INFO        [U4U LOOP]  JMD - C2-GTG 2             COMPRESSED AIR             0.001280      61747.20
15:17:00  INFO        [U4U LOOP]  JMD - C2-GTG 2             Cooling Water              0.000007        337.68
15:17:00  INFO        [U4U LOOP]  JMD - C2-GTG 2             NITROGEN_ASU               0.001660      80078.40
15:17:00  INFO        [U4U LOOP]  JMD - C2-GTG 2             Power_Dis                  0.001350      65124.00
15:17:00  INFO        [U4U LOOP]  JMD - C2-GTG 2             Utility Water              0.000023       1109.52
15:17:00  INFO        [U4U LOOP]  AUXBOIL7_SHP STEAM         SynGas(Unshift)            2.876221     441672.50
15:17:00  INFO        [U4U LOOP]  AUXBOIL7_SHP STEAM         Boiler Feed Water          1.010000     155095.60
15:17:00  INFO        [U4U LOOP]  AUXBOIL7_SHP STEAM         Power_Dis                  3.850000     591206.00
15:17:00  INFO        [U4U LOOP]  HRSG1_C2_SHP STEAM         SynGas(Unshift)            3.376244     206990.77
15:17:00  INFO        [U4U LOOP]  HRSG1_C2_SHP STEAM         Boiler Feed Water          1.160000      71117.28
15:17:00  INFO        [U4U LOOP]  HRSG1_C2_SHP STEAM         Power_Dis                  0.285000      17472.78
15:17:00  INFO        [U4U LOOP]  HRSG2_C2_SHP STEAM         SynGas(Unshift)            3.357468     307949.65
15:17:00  INFO        [U4U LOOP]  HRSG2_C2_SHP STEAM         Boiler Feed Water          1.160000     106396.13
15:17:00  INFO        [U4U LOOP]  HRSG2_C2_SHP STEAM         Power_Dis                  0.285000      26140.43
15:17:00  INFO        [U4U LOOP]  Boiler Feed Water          D M Water                  0.900000     304459.67
15:17:00  INFO        [U4U LOOP]  Boiler Feed Water          LP Steam_Dis               0.100000      33828.85
15:17:00  INFO        [U4U LOOP]  Boiler Feed Water          Power_Dis                  8.100000    2740137.07
15:17:00  INFO        [U4U LOOP]  COMPRESED AIR_ASU          Power_Dis                  0.125000      87374.44
15:17:00  INFO        [U4U LOOP]  COMPRESSED AIR             COMPRESED AIR_ASU          0.051000     743011.58
15:17:00  INFO        [U4U LOOP]  COMPRESSED AIR             COMPRESSED AIR             0.002670      38898.84
15:17:00  INFO        [U4U LOOP]  COMPRESSED AIR             Power_Dis                  0.150000    2185328.16
15:17:00  INFO        [U4U LOOP]  Cooling Water              COMPRESSED AIR             0.974741      98526.77
15:17:00  INFO        [U4U LOOP]  Cooling Water              Effluent Treated           3.800000     384103.82
15:17:00  INFO        [U4U LOOP]  Cooling Water              Power_Dis                  210.900000   21317762.20
15:17:00  INFO        [U4U LOOP]  Cooling Water              SWRO WATER                 9.400000     950151.56
15:17:00  INFO        [U4U LOOP]  D M Water                  COMPRESSED AIR             0.049180      25397.53
15:17:00  INFO        [U4U LOOP]  D M Water                  NITROGEN_ASU               0.630000     325344.58
15:17:00  INFO        [U4U LOOP]  D M Water                  Power_Dis                  0.920000     475106.37
15:17:00  INFO        [U4U LOOP]  D M Water                  SWRO WATER                 1.150000     593882.97
15:17:00  INFO        [U4U LOOP]  Effluent Treated           COMPRESSED AIR             2.209302    1306625.31
15:17:00  INFO        [U4U LOOP]  Effluent Treated           Cooling Water              0.000031         18.33
15:17:00  INFO        [U4U LOOP]  Effluent Treated           NITROGEN_ASU               0.005814       3438.52
15:17:00  INFO        [U4U LOOP]  Effluent Treated           Power_Dis                  3.200000    1892543.88
15:17:00  INFO        [U4U LOOP]  Effluent Treated           Utility Water              0.029070      17192.58
15:17:00  INFO        [U4U LOOP]  LP Steam PRDS              Boiler Feed Water          0.055000        530.56
15:17:00  INFO        [U4U LOOP]  LP Steam PRDS              MP Steam_Dis               0.945000       9115.98
15:17:00  INFO        [U4U LOOP]  MP Steam PRDS SHP          Boiler Feed Water          0.100000       1347.11
15:17:00  INFO        [U4U LOOP]  MP Steam PRDS SHP          HP Steam_Dis               0.900000      12124.00
15:17:00  INFO        [U4U LOOP]  NITROGEN_ASU               MP Steam_Dis               0.000021        274.80
15:17:00  INFO        [U4U LOOP]  NITROGEN_ASU               Power_Dis                  0.474260    6206064.33
15:17:00  INFO        [U4U LOOP]  NITROGEN_ASU               Ret steam condensate       -0.000011       -143.94
15:17:00  INFO        [U4U LOOP]  NITROGEN_ASU               Utility Water              0.001540      20152.11
15:17:00  INFO        [U4U LOOP]  Oxygen                     MP Steam_Dis               0.017000        661.42
15:17:00  INFO        [U4U LOOP]  Oxygen                     Power_Dis                  374.610000   14574951.27
15:17:00  INFO        [U4U LOOP]  Oxygen                     Ret steam condensate       -0.008000       -311.26
15:17:00  INFO        [U4U LOOP]  Oxygen                     Utility Water              1.230000      47855.61
15:17:00  INFO        [U4U LOOP]  PROCESS FEED WATER         D M Water                  0.900000      28539.90
15:17:00  INFO        [U4U LOOP]  PROCESS FEED WATER         LP Steam_Dis               0.100000       3171.10
15:17:00  INFO        [U4U LOOP]  PROCESS FEED WATER         Power_Dis                  0.631000      20009.64
15:17:00  INFO        [U4U LOOP]  Utility Water              COMPRESSED AIR             0.217390     351447.90
15:17:00  INFO        [U4U LOOP]  Utility Water              SWRO WATER                 1.100000    1778337.04
15:17:00  INFO        [U4U LOOP]  LP Steam_Dis               HRSG1_C2_LP STEAM          0.387271      23200.97
15:17:00  INFO        [U4U LOOP]  LP Steam_Dis               HRSG2_C2_LP STEAM          0.245271      14693.91
15:17:00  INFO        [U4U LOOP]  LP Steam_Dis               LP Steam PRDS              0.367458      22014.00
15:17:00  INFO        [U4U LOOP]  MP Steam_Dis               MP Steam PRDS SHP          1.000000      21492.62
15:17:00  INFO        [U4U LOOP]  SHP Steam_Dis              AUXBOIL7_SHP STEAM         0.226682      81531.39
15:17:00  INFO        [U4U LOOP]  SHP Steam_Dis              HRSG1_C2_SHP STEAM         0.473460     170290.78
15:17:00  INFO        [U4U LOOP]  SHP Steam_Dis              HRSG2_C2_SHP STEAM         0.299858     107850.83
15:17:00  INFO      
15:17:00  INFO        [U4U LOOP]  Not yet converged: 14 materials
15:17:00  INFO        [U4U LOOP]    Boiler Feed Water               change=1.1366%
15:17:00  INFO        [U4U LOOP]    COMPRESED AIR_ASU               change=5.9240%
15:17:00  INFO        [U4U LOOP]    COMPRESSED AIR                  change=1.5447%
15:17:00  INFO        [U4U LOOP]    Cooling Water                   change=2.2888%
15:17:00  INFO        [U4U LOOP]    D M Water                       change=0.4650%
15:17:00  INFO        [U4U LOOP]    Effluent Treated                change=0.0117%
15:17:00  INFO        [U4U LOOP]    HP Steam_Dis                    change=6.8970%
15:17:00  INFO        [U4U LOOP]    LP Steam PRDS                   change=56.1800%
15:17:00  INFO        [U4U LOOP]    LP Steam_Dis                    change=0.4650%
15:17:00  INFO        [U4U LOOP]    MP Steam PRDS SHP               change=37.3222%
15:17:00  INFO        [U4U LOOP]    MP Steam_Dis                    change=10.9586%
15:17:00  INFO        [U4U LOOP]    NITROGEN_ASU                    change=36.6110%
15:17:00  INFO        [U4U LOOP]    Power_Dis                       change=0.9033%
15:17:00  INFO        [U4U LOOP]    Utility Water                   change=0.2176%
15:17:00  INFO      
15:17:01  INFO        ==============================================================================
15:17:01  INFO        POWER DISPATCH  (April 2026)
15:17:01  INFO        ==============================================================================
15:17:01  INFO        Demand:  Process = 62526.31 MWh  |  Fixed = 62039.02 MWh  |  Total = 124565.33 MWh
15:17:01  INFO      
15:17:01  INFO        Step 1: Mandatory assets at MIN load, then optional if needed
15:17:01  INFO        Asset                      Priority   Man    Min MW    Max MW     Hours       Min MWh
15:17:01  INFO        -------------------------  --------  ----  --------  --------  --------  ------------
15:17:01  INFO        JMD - C2-GTG 1                    1     Y    104.00    105.00    720.00      74880.00
15:17:01  INFO        JMD - C2-GTG 2                    1     Y     64.00     67.00    720.00      46080.00
15:17:01  INFO        TOTAL MIN GENERATION                                                        120960.00
15:17:01  INFO      
15:17:01  INFO        ⚠ DEFICIT: MAX generation (123840.00 MWh) BELOW demand (124565.33 MWh)
15:17:01  INFO          Deficit = 725.33 MWh
15:17:01  INFO      
15:17:01  INFO        FINAL DISPATCH
15:17:01  INFO        Asset                      Priority   Dispatched MW  Dispatched MWh    Load %   Avg Load MW  FreeStm Factor   Free Steam MT       Heat Rate   Aux Power MWh
15:17:01  INFO        -------------------------  --------  --------------  --------------  --------  ------------  ------------  --------------  --------------  --------------
15:17:01  INFO        JMD - C2-GTG 1                    1          105.00        75600.00    100.0%        105.00        1.5700       118692.00         2643.00          102.06
15:17:01  INFO        JMD - C2-GTG 2                    1           67.00        48240.00    100.0%         67.00        1.8300        88279.20         3120.84           65.12
15:17:01  INFO        TOTAL                                                     123840.00                                             206971.20                          167.18
15:17:01  INFO        ==============================================================================
15:17:02  INFO      
15:17:02  INFO        SPINNING MARGIN CONFIG
15:17:02  INFO        Required margin: 250.00 TPH
15:17:02  INFO        Asset                         Max TPH     Eff Max     Reserve
15:17:02  INFO        -------------------------  ----------  ----------  ----------
15:17:02  INFO        AUXBOIL7_SHP STEAM             220.00      143.61       76.39
15:17:02  INFO        HRSG1_C2_SHP STEAM             250.00      163.19       86.81
15:17:02  INFO        HRSG2_C2_SHP STEAM             250.00      163.19       86.81
15:17:02  INFO        TOTAL RESERVED                                         250.00
15:17:02  INFO        → Margin of 250.00 TPH successfully reserved
15:17:02  INFO      
15:17:02  INFO        ==============================================================================
15:17:02  INFO        STEAM DISPATCH  (April 2026)
15:17:02  INFO        ==============================================================================
15:17:02  INFO        Grade      Process/Fixed MT  Letdown MT  Byproduct MT     Net Demand MT
15:17:02  INFO        ---------  ----------------  ----------  ------------  ----------------
15:17:02  INFO        LP                 60080.95     5746.50     -54000.00           6080.95
15:17:02  INFO        MP                 22594.20    25506.63          0.00          28340.71
15:17:02  INFO        HP                   110.00    23977.17          0.00          25616.63
15:17:02  INFO        SHP               359673.00        0.00          0.00         383650.17
15:17:02  INFO      
15:17:02  INFO        Total Free Steam available: 206971.20 MT
15:17:02  INFO      
15:17:02  INFO        FINAL SUPPLEMENTARY FIRING DISPATCH
15:17:02  INFO        Asset                      Priority   Man     Min TPH     Max TPH     Hours  Dispatched TPH   Dispatched MT    Load %
15:17:02  INFO        -------------------------  --------  ----  ----------  ----------  --------  --------------  --------------  --------
15:17:02  INFO        AUXBOIL7_SHP STEAM                1     Y       90.00      220.00    698.00          220.00       153560.00    100.0%
15:17:02  INFO        AUXBOIL8_SHP STEAM                1     Y       90.00      220.00      0.00            0.00            0.00      0.0%
15:17:02  INFO        HRSG1_C2_SHP STEAM                1     Y        0.00       85.15    720.00           85.15        61308.00    100.0%
15:17:02  INFO        HRSG2_C2_SHP STEAM                1     Y       37.39      127.39    720.00          127.39        91720.80    100.0%
15:17:02  INFO        TOTAL SUPPLEMENTARY                                                                         306588.80          
15:17:02  INFO        TOTAL STEAM GENERATED                                                                       513560.00          
15:17:02  INFO        ✓ Steam demand fully met with surplus of 129909.83 MT
15:17:02  INFO      
15:17:02  INFO        ✓ STEAM SPINNING MARGIN OK: 287.46 TPH reserved (required: 250.00 TPH)
15:17:02  INFO        ==============================================================================
15:17:02  INFO      
15:17:02  INFO        [U4U LOOP] ==============================================================================
15:17:02  INFO        [U4U LOOP]  ITERATION 4
15:17:02  INFO        [U4U LOOP] ==============================================================================
15:17:02  INFO        [U4U LOOP]  Power:  demand=     133168.87 MWh   gen=     123840.00 MWh
15:17:02  INFO        [U4U LOOP]  Steam:  gen=     513560.00 MT
15:17:02  INFO      
15:17:02  INFO        [U4U LOOP]  Utility (ODS Material)            Old Demand    New Demand    U4U Demand    Change %
15:17:02  INFO        [U4U LOOP]  ------------------------------  ------------  ------------  ------------  ----------
15:17:02  INFO        [U4U LOOP]  AUXBOIL7_SHP STEAM                  81531.39      81531.39      81531.39     0.0000%
15:17:02  INFO        [U4U LOOP]  Boiler Feed Water                  338288.53     334486.68     335969.04     1.1366%
15:17:02  INFO        [U4U LOOP]  COMPRESED AIR_ASU                  698995.52     743011.58     744570.91     5.9240%
15:17:02  INFO        [U4U LOOP]  COMPRESSED AIR                   14568854.42   14599429.56    1979729.86     0.2094%
15:17:02  INFO        [U4U LOOP]  Cooling Water                      101079.95     101100.21        885.22     0.0200%
15:17:02  INFO        [U4U LOOP]  D M Water                          516419.97     517968.57     329577.91     0.2990%
15:17:02  INFO        [U4U LOOP]  Effluent Treated                   591419.96     591464.82     384180.81     0.0076%
15:17:02  INFO        [U4U LOOP]  HP Steam PRDS                           0.00          0.00        110.00     0.0000%
15:17:02  INFO        [U4U LOOP]  HP Steam_Dis                         -726.20        110.00      19343.36   760.2025%
15:17:02  INFO        [U4U LOOP]  HRSG1_C2_SHP STEAM                 170290.78     170290.78     170290.78     0.0000%
15:17:02  INFO        [U4U LOOP]  HRSG2_C2_SHP STEAM                 107850.83     107850.83     107850.83     0.0000%
15:17:02  INFO        [U4U LOOP]  LP Steam PRDS                        9646.54      22014.00      22077.23    56.1800%
15:17:02  INFO        [U4U LOOP]  LP Steam_Dis                        59908.89      60080.95      36619.77     0.2864%
15:17:02  INFO        [U4U LOOP]  MP Steam PRDS SHP                   13471.11      21492.62      22594.20    37.3222%
15:17:02  INFO        [U4U LOOP]  MP Steam_Dis                        21492.62      22594.20      21743.56     4.8755%
15:17:02  INFO        [U4U LOOP]  NITROGEN_ASU                     13085784.87   13281418.50     535333.38     1.4730%
15:17:02  INFO        [U4U LOOP]  Oxygen                              38907.00      38907.00          0.00     0.0000%
15:17:02  INFO        [U4U LOOP]  PROCESS FEED WATER                  31711.00      31711.00          0.00     0.0000%
15:17:02  INFO        [U4U LOOP]  Power_Dis                          132714.52     133168.87      50379.20     0.3412%
15:17:02  INFO        [U4U LOOP]  SHP Steam_Dis                      359673.00     359673.00          0.00     0.0000%
15:17:02  INFO        [U4U LOOP]  Utility Water                     1616670.03    1616861.62      88351.20     0.0118%
15:17:02  INFO      
15:17:02  INFO        [U4U LOOP]  U4U CONSUMPTION BREAKDOWN (per producer per material):
15:17:02  INFO        [U4U LOOP]  Producer                   Material Consumed              Norm      Quantity
15:17:02  INFO        [U4U LOOP]  -------------------------  -------------------------  --------  ------------
15:17:02  INFO        [U4U LOOP]  JMD - C2-GTG 1             SynGas(Unshift)            0.004368     330220.80
15:17:02  INFO        [U4U LOOP]  JMD - C2-GTG 1             COMPRESSED AIR             0.001280      96768.00
15:17:02  INFO        [U4U LOOP]  JMD - C2-GTG 1             Cooling Water              0.000007        529.20
15:17:02  INFO        [U4U LOOP]  JMD - C2-GTG 1             NITROGEN_ASU               0.001660     125496.00
15:17:02  INFO        [U4U LOOP]  JMD - C2-GTG 1             Power_Dis                  0.001350     102060.00
15:17:02  INFO        [U4U LOOP]  JMD - C2-GTG 1             Utility Water              0.000023       1738.80
15:17:02  INFO        [U4U LOOP]  JMD - C2-GTG 2             SynGas(Unshift)            0.004485     216356.40
15:17:02  INFO        [U4U LOOP]  JMD - C2-GTG 2             COMPRESSED AIR             0.001280      61747.20
15:17:02  INFO        [U4U LOOP]  JMD - C2-GTG 2             Cooling Water              0.000007        337.68
15:17:02  INFO        [U4U LOOP]  JMD - C2-GTG 2             NITROGEN_ASU               0.001660      80078.40
15:17:02  INFO        [U4U LOOP]  JMD - C2-GTG 2             Power_Dis                  0.001350      65124.00
15:17:02  INFO        [U4U LOOP]  JMD - C2-GTG 2             Utility Water              0.000023       1109.52
15:17:02  INFO        [U4U LOOP]  AUXBOIL7_SHP STEAM         SynGas(Unshift)            2.876221     441672.50
15:17:02  INFO        [U4U LOOP]  AUXBOIL7_SHP STEAM         Boiler Feed Water          1.010000     155095.60
15:17:02  INFO        [U4U LOOP]  AUXBOIL7_SHP STEAM         Power_Dis                  3.850000     591206.00
15:17:02  INFO        [U4U LOOP]  HRSG1_C2_SHP STEAM         SynGas(Unshift)            3.376244     206990.77
15:17:02  INFO        [U4U LOOP]  HRSG1_C2_SHP STEAM         Boiler Feed Water          1.160000      71117.28
15:17:02  INFO        [U4U LOOP]  HRSG1_C2_SHP STEAM         Power_Dis                  0.285000      17472.78
15:17:02  INFO        [U4U LOOP]  HRSG2_C2_SHP STEAM         SynGas(Unshift)            3.357468     307949.65
15:17:02  INFO        [U4U LOOP]  HRSG2_C2_SHP STEAM         Boiler Feed Water          1.160000     106396.13
15:17:02  INFO        [U4U LOOP]  HRSG2_C2_SHP STEAM         Power_Dis                  0.285000      26140.43
15:17:02  INFO        [U4U LOOP]  Boiler Feed Water          D M Water                  0.900000     301038.01
15:17:02  INFO        [U4U LOOP]  Boiler Feed Water          LP Steam_Dis               0.100000      33448.67
15:17:02  INFO        [U4U LOOP]  Boiler Feed Water          Power_Dis                  8.100000    2709342.10
15:17:02  INFO        [U4U LOOP]  COMPRESED AIR_ASU          Power_Dis                  0.125000      92876.45
15:17:02  INFO        [U4U LOOP]  COMPRESSED AIR             COMPRESED AIR_ASU          0.051000     744570.91
15:17:02  INFO        [U4U LOOP]  COMPRESSED AIR             COMPRESSED AIR             0.002670      38980.48
15:17:02  INFO        [U4U LOOP]  COMPRESSED AIR             Power_Dis                  0.150000    2189914.43
15:17:02  INFO        [U4U LOOP]  Cooling Water              COMPRESSED AIR             0.974741      98546.52
15:17:02  INFO        [U4U LOOP]  Cooling Water              Effluent Treated           3.800000     384180.81
15:17:02  INFO        [U4U LOOP]  Cooling Water              Power_Dis                  210.900000   21322035.14
15:17:02  INFO        [U4U LOOP]  Cooling Water              SWRO WATER                 9.400000     950342.01
15:17:02  INFO        [U4U LOOP]  D M Water                  COMPRESSED AIR             0.049180      25473.69
15:17:02  INFO        [U4U LOOP]  D M Water                  NITROGEN_ASU               0.630000     326320.20
15:17:02  INFO        [U4U LOOP]  D M Water                  Power_Dis                  0.920000     476531.09
15:17:02  INFO        [U4U LOOP]  D M Water                  SWRO WATER                 1.150000     595663.86
15:17:02  INFO        [U4U LOOP]  Effluent Treated           COMPRESSED AIR             2.209302    1306724.42
15:17:02  INFO        [U4U LOOP]  Effluent Treated           Cooling Water              0.000031         18.34
15:17:02  INFO        [U4U LOOP]  Effluent Treated           NITROGEN_ASU               0.005814       3438.78
15:17:02  INFO        [U4U LOOP]  Effluent Treated           Power_Dis                  3.200000    1892687.43
15:17:02  INFO        [U4U LOOP]  Effluent Treated           Utility Water              0.029070      17193.88
15:17:02  INFO        [U4U LOOP]  LP Steam PRDS              Boiler Feed Water          0.055000       1210.77
15:17:02  INFO        [U4U LOOP]  LP Steam PRDS              MP Steam_Dis               0.945000      20803.23
15:17:02  INFO        [U4U LOOP]  MP Steam PRDS SHP          Boiler Feed Water          0.100000       2149.26
15:17:02  INFO        [U4U LOOP]  MP Steam PRDS SHP          HP Steam_Dis               0.900000      19343.36
15:17:02  INFO        [U4U LOOP]  NITROGEN_ASU               MP Steam_Dis               0.000021        278.91
15:17:02  INFO        [U4U LOOP]  NITROGEN_ASU               Power_Dis                  0.474260    6298845.54
15:17:02  INFO        [U4U LOOP]  NITROGEN_ASU               Ret steam condensate       -0.000011       -146.10
15:17:02  INFO        [U4U LOOP]  NITROGEN_ASU               Utility Water              0.001540      20453.38
15:17:02  INFO        [U4U LOOP]  Oxygen                     MP Steam_Dis               0.017000        661.42
15:17:02  INFO        [U4U LOOP]  Oxygen                     Power_Dis                  374.610000   14574951.27
15:17:02  INFO        [U4U LOOP]  Oxygen                     Ret steam condensate       -0.008000       -311.26
15:17:02  INFO        [U4U LOOP]  Oxygen                     Utility Water              1.230000      47855.61
15:17:02  INFO        [U4U LOOP]  PROCESS FEED WATER         D M Water                  0.900000      28539.90
15:17:02  INFO        [U4U LOOP]  PROCESS FEED WATER         LP Steam_Dis               0.100000       3171.10
15:17:02  INFO        [U4U LOOP]  PROCESS FEED WATER         Power_Dis                  0.631000      20009.64
15:17:02  INFO        [U4U LOOP]  Utility Water              COMPRESSED AIR             0.217390     351489.55
15:17:02  INFO        [U4U LOOP]  Utility Water              SWRO WATER                 1.100000    1778547.78
15:17:02  INFO        [U4U LOOP]  HP Steam_Dis               HP Steam PRDS              1.000000        110.00
15:17:02  INFO        [U4U LOOP]  LP Steam_Dis               HRSG1_C2_LP STEAM          0.387271      23267.61
15:17:02  INFO        [U4U LOOP]  LP Steam_Dis               HRSG2_C2_LP STEAM          0.245271      14736.12
15:17:02  INFO        [U4U LOOP]  LP Steam_Dis               LP Steam PRDS              0.367458      22077.23
15:17:02  INFO        [U4U LOOP]  MP Steam_Dis               MP Steam PRDS SHP          1.000000      22594.20
15:17:02  INFO        [U4U LOOP]  SHP Steam_Dis              AUXBOIL7_SHP STEAM         0.226682      81531.39
15:17:02  INFO        [U4U LOOP]  SHP Steam_Dis              HRSG1_C2_SHP STEAM         0.473460     170290.78
15:17:02  INFO        [U4U LOOP]  SHP Steam_Dis              HRSG2_C2_SHP STEAM         0.299858     107850.83
15:17:02  INFO      
15:17:02  INFO        [U4U LOOP]  Not yet converged: 14 materials
15:17:02  INFO        [U4U LOOP]    Boiler Feed Water               change=0.4412%
15:17:02  INFO        [U4U LOOP]    COMPRESED AIR_ASU               change=0.2094%
15:17:02  INFO        [U4U LOOP]    COMPRESSED AIR                  change=0.0161%
15:17:02  INFO        [U4U LOOP]    D M Water                       change=1.0382%
15:17:02  INFO        [U4U LOOP]    Effluent Treated                change=0.0200%
15:17:02  INFO        [U4U LOOP]    HP Steam PRDS                   change=100.0000%
15:17:02  INFO        [U4U LOOP]    HP Steam_Dis                    change=37.3222%
15:17:02  INFO        [U4U LOOP]    LP Steam PRDS                   change=0.2864%
15:17:02  INFO        [U4U LOOP]    LP Steam_Dis                    change=1.0382%
15:17:02  INFO        [U4U LOOP]    MP Steam PRDS SHP               change=4.8755%
15:17:02  INFO        [U4U LOOP]    MP Steam_Dis                    change=53.7693%
15:17:02  INFO        [U4U LOOP]    NITROGEN_ASU                    change=0.1823%
15:17:02  INFO        [U4U LOOP]    Power_Dis                       change=0.1547%
15:17:02  INFO        [U4U LOOP]    Utility Water                   change=0.3425%
15:17:02  INFO      
15:17:03  INFO        ==============================================================================
15:17:03  INFO        POWER DISPATCH  (April 2026)
15:17:03  INFO        ==============================================================================
15:17:03  INFO        Demand:  Process = 62526.31 MWh  |  Fixed = 62116.94 MWh  |  Total = 124643.25 MWh
15:17:03  INFO      
15:17:03  INFO        Step 1: Mandatory assets at MIN load, then optional if needed
15:17:03  INFO        Asset                      Priority   Man    Min MW    Max MW     Hours       Min MWh
15:17:03  INFO        -------------------------  --------  ----  --------  --------  --------  ------------
15:17:03  INFO        JMD - C2-GTG 1                    1     Y    104.00    105.00    720.00      74880.00
15:17:03  INFO        JMD - C2-GTG 2                    1     Y     64.00     67.00    720.00      46080.00
15:17:03  INFO        TOTAL MIN GENERATION                                                        120960.00
15:17:03  INFO      
15:17:03  INFO        ⚠ DEFICIT: MAX generation (123840.00 MWh) BELOW demand (124643.25 MWh)
15:17:03  INFO          Deficit = 803.25 MWh
15:17:03  INFO      
15:17:03  INFO        FINAL DISPATCH
15:17:03  INFO        Asset                      Priority   Dispatched MW  Dispatched MWh    Load %   Avg Load MW  FreeStm Factor   Free Steam MT       Heat Rate   Aux Power MWh
15:17:03  INFO        -------------------------  --------  --------------  --------------  --------  ------------  ------------  --------------  --------------  --------------
15:17:03  INFO        JMD - C2-GTG 1                    1          105.00        75600.00    100.0%        105.00        1.5700       118692.00         2643.00          102.06
15:17:03  INFO        JMD - C2-GTG 2                    1           67.00        48240.00    100.0%         67.00        1.8300        88279.20         3120.84           65.12
15:17:03  INFO        TOTAL                                                     123840.00                                             206971.20                          167.18
15:17:03  INFO        ==============================================================================
15:17:04  INFO      
15:17:04  INFO        SPINNING MARGIN CONFIG
15:17:04  INFO        Required margin: 250.00 TPH
15:17:04  INFO        Asset                         Max TPH     Eff Max     Reserve
15:17:04  INFO        -------------------------  ----------  ----------  ----------
15:17:04  INFO        AUXBOIL7_SHP STEAM             220.00      143.61       76.39
15:17:04  INFO        HRSG1_C2_SHP STEAM             250.00      163.19       86.81
15:17:04  INFO        HRSG2_C2_SHP STEAM             250.00      163.19       86.81
15:17:04  INFO        TOTAL RESERVED                                         250.00
15:17:04  INFO        → Margin of 250.00 TPH successfully reserved
15:17:04  INFO      
15:17:04  INFO        ==============================================================================
15:17:04  INFO        STEAM DISPATCH  (April 2026)
15:17:04  INFO        ==============================================================================
15:17:04  INFO        Grade      Process/Fixed MT  Letdown MT  Byproduct MT     Net Demand MT
15:17:04  INFO        ---------  ----------------  ----------  ------------  ----------------
15:17:04  INFO        LP                 59700.77     5387.23     -54000.00           5700.77
15:17:04  INFO        MP                 34285.56    35705.51          0.00          39672.78
15:17:04  INFO        HP                  7329.36    40280.63          0.00          43034.87
15:17:04  INFO        SHP               359673.00        0.00          0.00         399953.63
15:17:04  INFO      
15:17:04  INFO        Total Free Steam available: 206971.20 MT
15:17:04  INFO      
15:17:04  INFO        FINAL SUPPLEMENTARY FIRING DISPATCH
15:17:04  INFO        Asset                      Priority   Man     Min TPH     Max TPH     Hours  Dispatched TPH   Dispatched MT    Load %
15:17:04  INFO        -------------------------  --------  ----  ----------  ----------  --------  --------------  --------------  --------
15:17:04  INFO        AUXBOIL7_SHP STEAM                1     Y       90.00      220.00    698.00          220.00       153560.00    100.0%
15:17:04  INFO        AUXBOIL8_SHP STEAM                1     Y       90.00      220.00      0.00            0.00            0.00      0.0%
15:17:04  INFO        HRSG1_C2_SHP STEAM                1     Y        0.00       85.15    720.00           85.15        61308.00    100.0%
15:17:04  INFO        HRSG2_C2_SHP STEAM                1     Y       37.39      127.39    720.00          127.39        91720.80    100.0%
15:17:04  INFO        TOTAL SUPPLEMENTARY                                                                         306588.80          
15:17:04  INFO        TOTAL STEAM GENERATED                                                                       513560.00          
15:17:04  INFO        ✓ Steam demand fully met with surplus of 113606.37 MT
15:17:04  INFO      
15:17:04  INFO        ✓ STEAM SPINNING MARGIN OK: 287.46 TPH reserved (required: 250.00 TPH)
15:17:04  INFO        ==============================================================================
15:17:04  INFO      
15:17:04  INFO        [U4U LOOP] ==============================================================================
15:17:04  INFO        [U4U LOOP]  ITERATION 5
15:17:04  INFO        [U4U LOOP] ==============================================================================
15:17:04  INFO        [U4U LOOP]  Power:  demand=     133246.79 MWh   gen=     123840.00 MWh
15:17:04  INFO        [U4U LOOP]  Steam:  gen=     513560.00 MT
15:17:04  INFO      
15:17:04  INFO        [U4U LOOP]  Utility (ODS Material)            Old Demand    New Demand    U4U Demand    Change %
15:17:04  INFO        [U4U LOOP]  ------------------------------  ------------  ------------  ------------  ----------
15:17:04  INFO        [U4U LOOP]  AUXBOIL7_SHP STEAM                  81531.39      81531.39      81531.39     0.0000%
15:17:04  INFO        [U4U LOOP]  Boiler Feed Water                  334486.68     335969.04     336089.72     0.4412%
15:17:04  INFO        [U4U LOOP]  COMPRESED AIR_ASU                  743011.58     744570.91     744587.14     0.2094%
15:17:04  INFO        [U4U LOOP]  COMPRESSED AIR                   14599429.56   14599747.86    1979798.30     0.0022%
15:17:04  INFO        [U4U LOOP]  Cooling Water                      101100.21     101100.22        885.22     0.0000%
15:17:04  INFO        [U4U LOOP]  D M Water                          517968.57     514546.91     330912.04     0.6650%
15:17:04  INFO        [U4U LOOP]  Effluent Treated                   591464.82     591541.81     384180.82     0.0130%
15:17:04  INFO        [U4U LOOP]  HP Steam PRDS                           0.00        110.00       7329.36   100.0000%
15:17:04  INFO        [U4U LOOP]  HP Steam_Dis                          110.00       7329.36      20334.78    98.4992%
15:17:04  INFO        [U4U LOOP]  HRSG1_C2_SHP STEAM                 170290.78     170290.78     170290.78     0.0000%
15:17:04  INFO        [U4U LOOP]  HRSG2_C2_SHP STEAM                 107850.83     107850.83     107850.83     0.0000%
15:17:04  INFO        [U4U LOOP]  LP Steam PRDS                       22014.00      22077.23      21937.52     0.2864%
15:17:04  INFO        [U4U LOOP]  LP Steam_Dis                        60080.95      59700.77      36768.00     0.6368%
15:17:04  INFO        [U4U LOOP]  MP Steam PRDS SHP                   21492.62      22594.20      34285.56     4.8755%
15:17:04  INFO        [U4U LOOP]  MP Steam_Dis                        22594.20      34285.56      21803.33    34.0999%
15:17:04  INFO        [U4U LOOP]  NITROGEN_ASU                     13281418.50   13282394.38     533178.18     0.0073%
15:17:04  INFO        [U4U LOOP]  Oxygen                              38907.00      38907.00          0.00     0.0000%
15:17:04  INFO        [U4U LOOP]  PROCESS FEED WATER                  31711.00      31711.00          0.00     0.0000%
15:17:04  INFO        [U4U LOOP]  Power_Dis                          133168.87     133246.79      50389.01     0.0585%
15:17:04  INFO        [U4U LOOP]  SHP Steam_Dis                      359673.00     359673.00        102.96     0.0000%
15:17:04  INFO        [U4U LOOP]  Utility Water                     1616861.62    1617164.20      88354.94     0.0187%
15:17:04  INFO      
15:17:04  INFO        [U4U LOOP]  U4U CONSUMPTION BREAKDOWN (per producer per material):
15:17:04  INFO        [U4U LOOP]  Producer                   Material Consumed              Norm      Quantity
15:17:04  INFO        [U4U LOOP]  -------------------------  -------------------------  --------  ------------
15:17:04  INFO        [U4U LOOP]  JMD - C2-GTG 1             SynGas(Unshift)            0.004368     330220.80
15:17:04  INFO        [U4U LOOP]  JMD - C2-GTG 1             COMPRESSED AIR             0.001280      96768.00
15:17:04  INFO        [U4U LOOP]  JMD - C2-GTG 1             Cooling Water              0.000007        529.20
15:17:04  INFO        [U4U LOOP]  JMD - C2-GTG 1             NITROGEN_ASU               0.001660     125496.00
15:17:04  INFO        [U4U LOOP]  JMD - C2-GTG 1             Power_Dis                  0.001350     102060.00
15:17:04  INFO        [U4U LOOP]  JMD - C2-GTG 1             Utility Water              0.000023       1738.80
15:17:04  INFO        [U4U LOOP]  JMD - C2-GTG 2             SynGas(Unshift)            0.004485     216356.40
15:17:04  INFO        [U4U LOOP]  JMD - C2-GTG 2             COMPRESSED AIR             0.001280      61747.20
15:17:04  INFO        [U4U LOOP]  JMD - C2-GTG 2             Cooling Water              0.000007        337.68
15:17:04  INFO        [U4U LOOP]  JMD - C2-GTG 2             NITROGEN_ASU               0.001660      80078.40
15:17:04  INFO        [U4U LOOP]  JMD - C2-GTG 2             Power_Dis                  0.001350      65124.00
15:17:04  INFO        [U4U LOOP]  JMD - C2-GTG 2             Utility Water              0.000023       1109.52
15:17:04  INFO        [U4U LOOP]  AUXBOIL7_SHP STEAM         SynGas(Unshift)            2.876221     441672.50
15:17:04  INFO        [U4U LOOP]  AUXBOIL7_SHP STEAM         Boiler Feed Water          1.010000     155095.60
15:17:04  INFO        [U4U LOOP]  AUXBOIL7_SHP STEAM         Power_Dis                  3.850000     591206.00
15:17:04  INFO        [U4U LOOP]  HRSG1_C2_SHP STEAM         SynGas(Unshift)            3.376244     206990.77
15:17:04  INFO        [U4U LOOP]  HRSG1_C2_SHP STEAM         Boiler Feed Water          1.160000      71117.28
15:17:04  INFO        [U4U LOOP]  HRSG1_C2_SHP STEAM         Power_Dis                  0.285000      17472.78
15:17:04  INFO        [U4U LOOP]  HRSG2_C2_SHP STEAM         SynGas(Unshift)            3.357468     307949.65
15:17:04  INFO        [U4U LOOP]  HRSG2_C2_SHP STEAM         Boiler Feed Water          1.160000     106396.13
15:17:04  INFO        [U4U LOOP]  HRSG2_C2_SHP STEAM         Power_Dis                  0.285000      26140.43
15:17:04  INFO        [U4U LOOP]  Boiler Feed Water          D M Water                  0.900000     302372.14
15:17:04  INFO        [U4U LOOP]  Boiler Feed Water          LP Steam_Dis               0.100000      33596.90
15:17:04  INFO        [U4U LOOP]  Boiler Feed Water          Power_Dis                  8.100000    2721349.23
15:17:04  INFO        [U4U LOOP]  COMPRESED AIR_ASU          Power_Dis                  0.125000      93071.36
15:17:04  INFO        [U4U LOOP]  COMPRESSED AIR             COMPRESED AIR_ASU          0.051000     744587.14
15:17:04  INFO        [U4U LOOP]  COMPRESSED AIR             COMPRESSED AIR             0.002670      38981.33
15:17:04  INFO        [U4U LOOP]  COMPRESSED AIR             Power_Dis                  0.150000    2189962.18
15:17:04  INFO        [U4U LOOP]  Cooling Water              COMPRESSED AIR             0.974741      98546.53
15:17:04  INFO        [U4U LOOP]  Cooling Water              Effluent Treated           3.800000     384180.82
15:17:04  INFO        [U4U LOOP]  Cooling Water              Power_Dis                  210.900000   21322035.43
15:17:04  INFO        [U4U LOOP]  Cooling Water              SWRO WATER                 9.400000     950342.02
15:17:04  INFO        [U4U LOOP]  D M Water                  COMPRESSED AIR             0.049180      25305.42
15:17:04  INFO        [U4U LOOP]  D M Water                  NITROGEN_ASU               0.630000     324164.55
15:17:04  INFO        [U4U LOOP]  D M Water                  Power_Dis                  0.920000     473383.16
15:17:04  INFO        [U4U LOOP]  D M Water                  SWRO WATER                 1.150000     591728.95
15:17:04  INFO        [U4U LOOP]  Effluent Treated           COMPRESSED AIR             2.209302    1306894.51
15:17:04  INFO        [U4U LOOP]  Effluent Treated           Cooling Water              0.000031         18.34
15:17:04  INFO        [U4U LOOP]  Effluent Treated           NITROGEN_ASU               0.005814       3439.22
15:17:04  INFO        [U4U LOOP]  Effluent Treated           Power_Dis                  3.200000    1892933.80
15:17:04  INFO        [U4U LOOP]  Effluent Treated           Utility Water              0.029070      17196.12
15:17:04  INFO        [U4U LOOP]  HP Steam PRDS              Boiler Feed Water          0.064000          7.04
15:17:04  INFO        [U4U LOOP]  HP Steam PRDS              SHP Steam_Dis              0.936000        102.96
15:17:04  INFO        [U4U LOOP]  LP Steam PRDS              Boiler Feed Water          0.055000       1214.25
15:17:04  INFO        [U4U LOOP]  LP Steam PRDS              MP Steam_Dis               0.945000      20862.98
15:17:04  INFO        [U4U LOOP]  MP Steam PRDS SHP          Boiler Feed Water          0.100000       2259.42
15:17:04  INFO        [U4U LOOP]  MP Steam PRDS SHP          HP Steam_Dis               0.900000      20334.78
15:17:04  INFO        [U4U LOOP]  NITROGEN_ASU               MP Steam_Dis               0.000021        278.93
15:17:04  INFO        [U4U LOOP]  NITROGEN_ASU               Power_Dis                  0.474260    6299308.36
15:17:04  INFO        [U4U LOOP]  NITROGEN_ASU               Ret steam condensate       -0.000011       -146.11
15:17:04  INFO        [U4U LOOP]  NITROGEN_ASU               Utility Water              0.001540      20454.89
15:17:04  INFO        [U4U LOOP]  Oxygen                     MP Steam_Dis               0.017000        661.42
15:17:04  INFO        [U4U LOOP]  Oxygen                     Power_Dis                  374.610000   14574951.27
15:17:04  INFO        [U4U LOOP]  Oxygen                     Ret steam condensate       -0.008000       -311.26
15:17:04  INFO        [U4U LOOP]  Oxygen                     Utility Water              1.230000      47855.61
15:17:04  INFO        [U4U LOOP]  PROCESS FEED WATER         D M Water                  0.900000      28539.90
15:17:04  INFO        [U4U LOOP]  PROCESS FEED WATER         LP Steam_Dis               0.100000       3171.10
15:17:04  INFO        [U4U LOOP]  PROCESS FEED WATER         Power_Dis                  0.631000      20009.64
15:17:04  INFO        [U4U LOOP]  Utility Water              COMPRESSED AIR             0.217390     351555.32
15:17:04  INFO        [U4U LOOP]  Utility Water              SWRO WATER                 1.100000    1778880.62
15:17:04  INFO        [U4U LOOP]  HP Steam_Dis               HP Steam PRDS              1.000000       7329.36
15:17:04  INFO        [U4U LOOP]  LP Steam_Dis               HRSG1_C2_LP STEAM          0.387271      23120.38
15:17:04  INFO        [U4U LOOP]  LP Steam_Dis               HRSG2_C2_LP STEAM          0.245271      14642.87
15:17:04  INFO        [U4U LOOP]  LP Steam_Dis               LP Steam PRDS              0.367458      21937.52
15:17:04  INFO        [U4U LOOP]  MP Steam_Dis               MP Steam PRDS SHP          1.000000      34285.56
15:17:04  INFO        [U4U LOOP]  SHP Steam_Dis              AUXBOIL7_SHP STEAM         0.226682      81531.39
15:17:04  INFO        [U4U LOOP]  SHP Steam_Dis              HRSG1_C2_SHP STEAM         0.473460     170290.78
15:17:04  INFO        [U4U LOOP]  SHP Steam_Dis              HRSG2_C2_SHP STEAM         0.299858     107850.83
15:17:04  INFO      
15:17:04  INFO        [U4U LOOP]  Not yet converged: 11 materials
15:17:04  INFO        [U4U LOOP]    Boiler Feed Water               change=0.0359%
15:17:04  INFO        [U4U LOOP]    D M Water                       change=0.4032%
15:17:04  INFO        [U4U LOOP]    HP Steam PRDS                   change=98.4992%
15:17:04  INFO        [U4U LOOP]    HP Steam_Dis                    change=4.8755%
15:17:04  INFO        [U4U LOOP]    LP Steam PRDS                   change=0.6368%
15:17:04  INFO        [U4U LOOP]    LP Steam_Dis                    change=0.4032%
15:17:04  INFO        [U4U LOOP]    MP Steam PRDS SHP               change=34.0999%
15:17:04  INFO        [U4U LOOP]    MP Steam_Dis                    change=0.2741%
15:17:04  INFO        [U4U LOOP]    NITROGEN_ASU                    change=0.4042%
15:17:04  INFO        [U4U LOOP]    Power_Dis                       change=0.0195%
15:17:04  INFO        [U4U LOOP]    SHP Steam_Dis                   change=100.0000%
15:17:04  INFO      
15:17:06  INFO        ==============================================================================
15:17:06  INFO        POWER DISPATCH  (April 2026)
15:17:06  INFO        ==============================================================================
15:17:06  INFO        Demand:  Process = 62526.31 MWh  |  Fixed = 62126.75 MWh  |  Total = 124653.06 MWh
15:17:06  INFO      
15:17:06  INFO        Step 1: Mandatory assets at MIN load, then optional if needed
15:17:06  INFO        Asset                      Priority   Man    Min MW    Max MW     Hours       Min MWh
15:17:06  INFO        -------------------------  --------  ----  --------  --------  --------  ------------
15:17:06  INFO        JMD - C2-GTG 1                    1     Y    104.00    105.00    720.00      74880.00
15:17:06  INFO        JMD - C2-GTG 2                    1     Y     64.00     67.00    720.00      46080.00
15:17:06  INFO        TOTAL MIN GENERATION                                                        120960.00
15:17:06  INFO      
15:17:06  INFO        ⚠ DEFICIT: MAX generation (123840.00 MWh) BELOW demand (124653.06 MWh)
15:17:06  INFO          Deficit = 813.06 MWh
15:17:06  INFO      
15:17:06  INFO        FINAL DISPATCH
15:17:06  INFO        Asset                      Priority   Dispatched MW  Dispatched MWh    Load %   Avg Load MW  FreeStm Factor   Free Steam MT       Heat Rate   Aux Power MWh
15:17:06  INFO        -------------------------  --------  --------------  --------------  --------  ------------  ------------  --------------  --------------  --------------
15:17:06  INFO        JMD - C2-GTG 1                    1          105.00        75600.00    100.0%        105.00        1.5700       118692.00         2643.00          102.06
15:17:06  INFO        JMD - C2-GTG 2                    1           67.00        48240.00    100.0%         67.00        1.8300        88279.20         3120.84           65.12
15:17:06  INFO        TOTAL                                                     123840.00                                             206971.20                          167.18
15:17:06  INFO        ==============================================================================
15:17:07  INFO      
15:17:07  INFO        SPINNING MARGIN CONFIG
15:17:07  INFO        Required margin: 250.00 TPH
15:17:07  INFO        Asset                         Max TPH     Eff Max     Reserve
15:17:07  INFO        -------------------------  ----------  ----------  ----------
15:17:07  INFO        AUXBOIL7_SHP STEAM             220.00      143.61       76.39
15:17:07  INFO        HRSG1_C2_SHP STEAM             250.00      163.19       86.81
15:17:07  INFO        HRSG2_C2_SHP STEAM             250.00      163.19       86.81
15:17:07  INFO        TOTAL RESERVED                                         250.00
15:17:07  INFO        → Margin of 250.00 TPH successfully reserved
15:17:07  INFO      
15:17:07  INFO        ==============================================================================
15:17:07  INFO        STEAM DISPATCH  (April 2026)
15:17:07  INFO        ==============================================================================
15:17:07  INFO        Grade      Process/Fixed MT  Letdown MT  Byproduct MT     Net Demand MT
15:17:07  INFO        ---------  ----------------  ----------  ------------  ----------------
15:17:07  INFO        LP                 59849.00     5527.31     -54000.00           5849.00
15:17:07  INFO        MP                 34345.33    35885.37          0.00          39872.64
15:17:07  INFO        HP                  8320.78    41376.96          0.00          44206.16
15:17:07  INFO        SHP               359775.96        0.00          0.00         401152.92
15:17:07  INFO      
15:17:07  INFO        Total Free Steam available: 206971.20 MT
15:17:07  INFO      
15:17:07  INFO        FINAL SUPPLEMENTARY FIRING DISPATCH
15:17:07  INFO        Asset                      Priority   Man     Min TPH     Max TPH     Hours  Dispatched TPH   Dispatched MT    Load %
15:17:07  INFO        -------------------------  --------  ----  ----------  ----------  --------  --------------  --------------  --------
15:17:07  INFO        AUXBOIL7_SHP STEAM                1     Y       90.00      220.00    698.00          220.00       153560.00    100.0%
15:17:07  INFO        AUXBOIL8_SHP STEAM                1     Y       90.00      220.00      0.00            0.00            0.00      0.0%
15:17:07  INFO        HRSG1_C2_SHP STEAM                1     Y        0.00       85.15    720.00           85.15        61308.00    100.0%
15:17:07  INFO        HRSG2_C2_SHP STEAM                1     Y       37.39      127.39    720.00          127.39        91720.80    100.0%
15:17:07  INFO        TOTAL SUPPLEMENTARY                                                                         306588.80          
15:17:07  INFO        TOTAL STEAM GENERATED                                                                       513560.00          
15:17:07  INFO        ✓ Steam demand fully met with surplus of 112407.08 MT
15:17:07  INFO      
15:17:07  INFO        ✓ STEAM SPINNING MARGIN OK: 287.46 TPH reserved (required: 250.00 TPH)
15:17:07  INFO        ==============================================================================
15:17:07  INFO      
15:17:07  INFO        [U4U LOOP] ==============================================================================
15:17:07  INFO        [U4U LOOP]  ITERATION 6
15:17:07  INFO        [U4U LOOP] ==============================================================================
15:17:07  INFO        [U4U LOOP]  Power:  demand=     133256.60 MWh   gen=     123840.00 MWh
15:17:07  INFO        [U4U LOOP]  Steam:  gen=     513560.00 MT
15:17:07  INFO      
15:17:07  INFO        [U4U LOOP]  Utility (ODS Material)            Old Demand    New Demand    U4U Demand    Change %
15:17:07  INFO        [U4U LOOP]  ------------------------------  ------------  ------------  ------------  ----------
15:17:07  INFO        [U4U LOOP]  AUXBOIL7_SHP STEAM                  81531.39      81531.39      81554.73     0.0000%
15:17:07  INFO        [U4U LOOP]  Boiler Feed Water                  335969.04     336089.72     337713.21     0.0359%
15:17:07  INFO        [U4U LOOP]  COMPRESED AIR_ASU                  744570.91     744587.14     744590.63     0.0022%
15:17:07  INFO        [U4U LOOP]  COMPRESSED AIR                   14599747.86   14599816.30    1979864.93     0.0005%
15:17:07  INFO        [U4U LOOP]  Cooling Water                      101100.22     101100.22        885.22     0.0000%
15:17:07  INFO        [U4U LOOP]  D M Water                          514546.91     515881.04     331020.64     0.2586%
15:17:07  INFO        [U4U LOOP]  Effluent Treated                   591541.81     591541.82     384180.83     0.0000%
15:17:07  INFO        [U4U LOOP]  HP Steam PRDS                         110.00       7329.36       8320.78    98.4992%
15:17:07  INFO        [U4U LOOP]  HP Steam_Dis                         7329.36       8320.78      30857.00    11.9150%
15:17:07  INFO        [U4U LOOP]  HRSG1_C2_SHP STEAM                 170290.78     170290.78     170339.52     0.0000%
15:17:07  INFO        [U4U LOOP]  HRSG2_C2_SHP STEAM                 107850.83     107850.83     107881.70     0.0000%
15:17:07  INFO        [U4U LOOP]  LP Steam PRDS                       22077.23      21937.52      21992.00     0.6368%
15:17:07  INFO        [U4U LOOP]  LP Steam_Dis                        59700.77      59849.00      36780.07     0.2477%
15:17:07  INFO        [U4U LOOP]  MP Steam PRDS SHP                   22594.20      34285.56      34345.33    34.0999%
15:17:07  INFO        [U4U LOOP]  MP Steam_Dis                        34285.56      34345.33      21671.26     0.1740%
15:17:07  INFO        [U4U LOOP]  NITROGEN_ASU                     13282394.38   13280239.18     534018.68     0.0162%
15:17:07  INFO        [U4U LOOP]  Oxygen                              38907.00      38907.00          0.00     0.0000%
15:17:07  INFO        [U4U LOOP]  PROCESS FEED WATER                  31711.00      31711.00          0.00     0.0000%
15:17:07  INFO        [U4U LOOP]  Power_Dis                          133246.79     133256.60      50390.20     0.0074%
15:17:07  INFO        [U4U LOOP]  SHP Steam_Dis                      359673.00     359775.96       6860.28     0.0286%
15:17:07  INFO        [U4U LOOP]  Utility Water                     1617164.20    1617167.94      88351.62     0.0002%
15:17:07  INFO      
15:17:07  INFO        [U4U LOOP]  U4U CONSUMPTION BREAKDOWN (per producer per material):
15:17:07  INFO        [U4U LOOP]  Producer                   Material Consumed              Norm      Quantity
15:17:07  INFO        [U4U LOOP]  -------------------------  -------------------------  --------  ------------
15:17:07  INFO        [U4U LOOP]  JMD - C2-GTG 1             SynGas(Unshift)            0.004368     330220.80
15:17:07  INFO        [U4U LOOP]  JMD - C2-GTG 1             COMPRESSED AIR             0.001280      96768.00
15:17:07  INFO        [U4U LOOP]  JMD - C2-GTG 1             Cooling Water              0.000007        529.20
15:17:07  INFO        [U4U LOOP]  JMD - C2-GTG 1             NITROGEN_ASU               0.001660     125496.00
15:17:07  INFO        [U4U LOOP]  JMD - C2-GTG 1             Power_Dis                  0.001350     102060.00
15:17:07  INFO        [U4U LOOP]  JMD - C2-GTG 1             Utility Water              0.000023       1738.80
15:17:07  INFO        [U4U LOOP]  JMD - C2-GTG 2             SynGas(Unshift)            0.004485     216356.40
15:17:07  INFO        [U4U LOOP]  JMD - C2-GTG 2             COMPRESSED AIR             0.001280      61747.20
15:17:07  INFO        [U4U LOOP]  JMD - C2-GTG 2             Cooling Water              0.000007        337.68
15:17:07  INFO        [U4U LOOP]  JMD - C2-GTG 2             NITROGEN_ASU               0.001660      80078.40
15:17:07  INFO        [U4U LOOP]  JMD - C2-GTG 2             Power_Dis                  0.001350      65124.00
15:17:07  INFO        [U4U LOOP]  JMD - C2-GTG 2             Utility Water              0.000023       1109.52
15:17:07  INFO        [U4U LOOP]  AUXBOIL7_SHP STEAM         SynGas(Unshift)            2.876221     441672.50
15:17:07  INFO        [U4U LOOP]  AUXBOIL7_SHP STEAM         Boiler Feed Water          1.010000     155095.60
15:17:07  INFO        [U4U LOOP]  AUXBOIL7_SHP STEAM         Power_Dis                  3.850000     591206.00
15:17:07  INFO        [U4U LOOP]  HRSG1_C2_SHP STEAM         SynGas(Unshift)            3.376244     206990.77
15:17:07  INFO        [U4U LOOP]  HRSG1_C2_SHP STEAM         Boiler Feed Water          1.160000      71117.28
15:17:07  INFO        [U4U LOOP]  HRSG1_C2_SHP STEAM         Power_Dis                  0.285000      17472.78
15:17:07  INFO        [U4U LOOP]  HRSG2_C2_SHP STEAM         SynGas(Unshift)            3.357468     307949.65
15:17:07  INFO        [U4U LOOP]  HRSG2_C2_SHP STEAM         Boiler Feed Water          1.160000     106396.13
15:17:07  INFO        [U4U LOOP]  HRSG2_C2_SHP STEAM         Power_Dis                  0.285000      26140.43
15:17:07  INFO        [U4U LOOP]  Boiler Feed Water          D M Water                  0.900000     302480.74
15:17:07  INFO        [U4U LOOP]  Boiler Feed Water          LP Steam_Dis               0.100000      33608.97
15:17:07  INFO        [U4U LOOP]  Boiler Feed Water          Power_Dis                  8.100000    2722326.70
15:17:07  INFO        [U4U LOOP]  COMPRESED AIR_ASU          Power_Dis                  0.125000      93073.39
15:17:07  INFO        [U4U LOOP]  COMPRESSED AIR             COMPRESED AIR_ASU          0.051000     744590.63
15:17:07  INFO        [U4U LOOP]  COMPRESSED AIR             COMPRESSED AIR             0.002670      38981.51
15:17:07  INFO        [U4U LOOP]  COMPRESSED AIR             Power_Dis                  0.150000    2189972.45
15:17:07  INFO        [U4U LOOP]  Cooling Water              COMPRESSED AIR             0.974741      98546.53
15:17:07  INFO        [U4U LOOP]  Cooling Water              Effluent Treated           3.800000     384180.83
15:17:07  INFO        [U4U LOOP]  Cooling Water              Power_Dis                  210.900000   21322035.93
15:17:07  INFO        [U4U LOOP]  Cooling Water              SWRO WATER                 9.400000     950342.05
15:17:07  INFO        [U4U LOOP]  D M Water                  COMPRESSED AIR             0.049180      25371.03
15:17:07  INFO        [U4U LOOP]  D M Water                  NITROGEN_ASU               0.630000     325005.05
15:17:07  INFO        [U4U LOOP]  D M Water                  Power_Dis                  0.920000     474610.55
15:17:07  INFO        [U4U LOOP]  D M Water                  SWRO WATER                 1.150000     593263.19
15:17:07  INFO        [U4U LOOP]  Effluent Treated           COMPRESSED AIR             2.209302    1306894.52
15:17:07  INFO        [U4U LOOP]  Effluent Treated           Cooling Water              0.000031         18.34
15:17:07  INFO        [U4U LOOP]  Effluent Treated           NITROGEN_ASU               0.005814       3439.22
15:17:07  INFO        [U4U LOOP]  Effluent Treated           Power_Dis                  3.200000    1892933.82
15:17:07  INFO        [U4U LOOP]  Effluent Treated           Utility Water              0.029070      17196.12
15:17:07  INFO        [U4U LOOP]  HP Steam PRDS              Boiler Feed Water          0.064000        469.08
15:17:07  INFO        [U4U LOOP]  HP Steam PRDS              SHP Steam_Dis              0.936000       6860.28
15:17:07  INFO        [U4U LOOP]  LP Steam PRDS              Boiler Feed Water          0.055000       1206.56
15:17:07  INFO        [U4U LOOP]  LP Steam PRDS              MP Steam_Dis               0.945000      20730.96
15:17:07  INFO        [U4U LOOP]  MP Steam PRDS SHP          Boiler Feed Water          0.100000       3428.56
15:17:07  INFO        [U4U LOOP]  MP Steam PRDS SHP          HP Steam_Dis               0.900000      30857.00
15:17:07  INFO        [U4U LOOP]  NITROGEN_ASU               MP Steam_Dis               0.000021        278.89
15:17:07  INFO        [U4U LOOP]  NITROGEN_ASU               Power_Dis                  0.474260    6298286.23
15:17:07  INFO        [U4U LOOP]  NITROGEN_ASU               Ret steam condensate       -0.000011       -146.08
15:17:07  INFO        [U4U LOOP]  NITROGEN_ASU               Utility Water              0.001540      20451.57
15:17:07  INFO        [U4U LOOP]  Oxygen                     MP Steam_Dis               0.017000        661.42
15:17:07  INFO        [U4U LOOP]  Oxygen                     Power_Dis                  374.610000   14574951.27
15:17:07  INFO        [U4U LOOP]  Oxygen                     Ret steam condensate       -0.008000       -311.26
15:17:07  INFO        [U4U LOOP]  Oxygen                     Utility Water              1.230000      47855.61
15:17:07  INFO        [U4U LOOP]  PROCESS FEED WATER         D M Water                  0.900000      28539.90
15:17:07  INFO        [U4U LOOP]  PROCESS FEED WATER         LP Steam_Dis               0.100000       3171.10
15:17:07  INFO        [U4U LOOP]  PROCESS FEED WATER         Power_Dis                  0.631000      20009.64
15:17:07  INFO        [U4U LOOP]  Utility Water              COMPRESSED AIR             0.217390     351556.14
15:17:07  INFO        [U4U LOOP]  Utility Water              SWRO WATER                 1.100000    1778884.73
15:17:07  INFO        [U4U LOOP]  HP Steam_Dis               HP Steam PRDS              1.000000       8320.78
15:17:07  INFO        [U4U LOOP]  LP Steam_Dis               HRSG1_C2_LP STEAM          0.387271      23177.78
15:17:07  INFO        [U4U LOOP]  LP Steam_Dis               HRSG2_C2_LP STEAM          0.245271      14679.23
15:17:07  INFO        [U4U LOOP]  LP Steam_Dis               LP Steam PRDS              0.367458      21992.00
15:17:07  INFO        [U4U LOOP]  MP Steam_Dis               MP Steam PRDS SHP          1.000000      34345.33
15:17:07  INFO        [U4U LOOP]  SHP Steam_Dis              AUXBOIL7_SHP STEAM         0.226682      81554.73
15:17:07  INFO        [U4U LOOP]  SHP Steam_Dis              HRSG1_C2_SHP STEAM         0.473460     170339.52
15:17:07  INFO        [U4U LOOP]  SHP Steam_Dis              HRSG2_C2_SHP STEAM         0.299858     107881.70
15:17:07  INFO      
15:17:07  INFO        [U4U LOOP]  Not yet converged: 13 materials
15:17:07  INFO        [U4U LOOP]    AUXBOIL7_SHP STEAM              change=0.0286%
15:17:07  INFO        [U4U LOOP]    Boiler Feed Water               change=0.4807%
15:17:07  INFO        [U4U LOOP]    D M Water                       change=0.0328%
15:17:07  INFO        [U4U LOOP]    HP Steam PRDS                   change=11.9150%
15:17:07  INFO        [U4U LOOP]    HP Steam_Dis                    change=34.0999%
15:17:07  INFO        [U4U LOOP]    HRSG1_C2_SHP STEAM              change=0.0286%
15:17:07  INFO        [U4U LOOP]    HRSG2_C2_SHP STEAM              change=0.0286%
15:17:07  INFO        [U4U LOOP]    LP Steam PRDS                   change=0.2477%
15:17:07  INFO        [U4U LOOP]    LP Steam_Dis                    change=0.0328%
15:17:07  INFO        [U4U LOOP]    MP Steam PRDS SHP               change=0.1740%
15:17:07  INFO        [U4U LOOP]    MP Steam_Dis                    change=0.6094%
15:17:07  INFO        [U4U LOOP]    NITROGEN_ASU                    change=0.1574%
15:17:07  INFO        [U4U LOOP]    SHP Steam_Dis                   change=98.4992%
15:17:07  INFO      
15:17:08  INFO        ==============================================================================
15:17:08  INFO        POWER DISPATCH  (April 2026)
15:17:08  INFO        ==============================================================================
15:17:08  INFO        Demand:  Process = 62526.31 MWh  |  Fixed = 62127.95 MWh  |  Total = 124654.26 MWh
15:17:08  INFO      
15:17:08  INFO        Step 1: Mandatory assets at MIN load, then optional if needed
15:17:08  INFO        Asset                      Priority   Man    Min MW    Max MW     Hours       Min MWh
15:17:08  INFO        -------------------------  --------  ----  --------  --------  --------  ------------
15:17:08  INFO        JMD - C2-GTG 1                    1     Y    104.00    105.00    720.00      74880.00
15:17:08  INFO        JMD - C2-GTG 2                    1     Y     64.00     67.00    720.00      46080.00
15:17:08  INFO        TOTAL MIN GENERATION                                                        120960.00
15:17:08  INFO      
15:17:08  INFO        ⚠ DEFICIT: MAX generation (123840.00 MWh) BELOW demand (124654.26 MWh)
15:17:08  INFO          Deficit = 814.26 MWh
15:17:08  INFO      
15:17:08  INFO        FINAL DISPATCH
15:17:08  INFO        Asset                      Priority   Dispatched MW  Dispatched MWh    Load %   Avg Load MW  FreeStm Factor   Free Steam MT       Heat Rate   Aux Power MWh
15:17:08  INFO        -------------------------  --------  --------------  --------------  --------  ------------  ------------  --------------  --------------  --------------
15:17:08  INFO        JMD - C2-GTG 1                    1          105.00        75600.00    100.0%        105.00        1.5700       118692.00         2643.00          102.06
15:17:08  INFO        JMD - C2-GTG 2                    1           67.00        48240.00    100.0%         67.00        1.8300        88279.20         3120.84           65.12
15:17:08  INFO        TOTAL                                                     123840.00                                             206971.20                          167.18
15:17:08  INFO        ==============================================================================
15:17:09  INFO      
15:17:09  INFO        SPINNING MARGIN CONFIG
15:17:09  INFO        Required margin: 250.00 TPH
15:17:09  INFO        Asset                         Max TPH     Eff Max     Reserve
15:17:09  INFO        -------------------------  ----------  ----------  ----------
15:17:09  INFO        AUXBOIL7_SHP STEAM             220.00      143.61       76.39
15:17:09  INFO        HRSG1_C2_SHP STEAM             250.00      163.19       86.81
15:17:09  INFO        HRSG2_C2_SHP STEAM             250.00      163.19       86.81
15:17:09  INFO        TOTAL RESERVED                                         250.00
15:17:09  INFO        → Margin of 250.00 TPH successfully reserved
15:17:09  INFO      
15:17:09  INFO        ==============================================================================
15:17:09  INFO        STEAM DISPATCH  (April 2026)
15:17:09  INFO        ==============================================================================
15:17:09  INFO        Grade      Process/Fixed MT  Letdown MT  Byproduct MT     Net Demand MT
15:17:09  INFO        ---------  ----------------  ----------  ------------  ----------------
15:17:09  INFO        LP                 59861.07     5538.71     -54000.00           5861.07
15:17:09  INFO        MP                 34213.26    35776.78          0.00          39751.98
15:17:09  INFO        HP                 18843.00    51124.12          0.00          54619.78
15:17:09  INFO        SHP               366533.28        0.00          0.00         417657.40
15:17:09  INFO      
15:17:09  INFO        Total Free Steam available: 206971.20 MT
15:17:09  INFO      
15:17:09  INFO        FINAL SUPPLEMENTARY FIRING DISPATCH
15:17:09  INFO        Asset                      Priority   Man     Min TPH     Max TPH     Hours  Dispatched TPH   Dispatched MT    Load %
15:17:09  INFO        -------------------------  --------  ----  ----------  ----------  --------  --------------  --------------  --------
15:17:09  INFO        AUXBOIL7_SHP STEAM                1     Y       90.00      220.00    698.00          220.00       153560.00    100.0%
15:17:09  INFO        AUXBOIL8_SHP STEAM                1     Y       90.00      220.00      0.00            0.00            0.00      0.0%
15:17:09  INFO        HRSG1_C2_SHP STEAM                1     Y        0.00       85.15    720.00           85.15        61308.00    100.0%
15:17:09  INFO        HRSG2_C2_SHP STEAM                1     Y       37.39      127.39    720.00          127.39        91720.80    100.0%
15:17:09  INFO        TOTAL SUPPLEMENTARY                                                                         306588.80          
15:17:09  INFO        TOTAL STEAM GENERATED                                                                       513560.00          
15:17:09  INFO        ✓ Steam demand fully met with surplus of 95902.60 MT
15:17:09  INFO      
15:17:09  INFO        ✓ STEAM SPINNING MARGIN OK: 287.46 TPH reserved (required: 250.00 TPH)
15:17:09  INFO        ==============================================================================
15:17:09  INFO      
15:17:09  INFO        [U4U LOOP] ==============================================================================
15:17:09  INFO        [U4U LOOP]  ITERATION 7
15:17:09  INFO        [U4U LOOP] ==============================================================================
15:17:09  INFO        [U4U LOOP]  Power:  demand=     133257.80 MWh   gen=     123840.00 MWh
15:17:09  INFO        [U4U LOOP]  Steam:  gen=     513560.00 MT
15:17:09  INFO      
15:17:09  INFO        [U4U LOOP]  Utility (ODS Material)            Old Demand    New Demand    U4U Demand    Change %
15:17:09  INFO        [U4U LOOP]  ------------------------------  ------------  ------------  ------------  ----------
15:17:09  INFO        [U4U LOOP]  AUXBOIL7_SHP STEAM                  81531.39      81554.73      83086.50     0.0286%
15:17:09  INFO        [U4U LOOP]  Boiler Feed Water                  336089.72     337713.21     337785.63     0.4807%
15:17:09  INFO        [U4U LOOP]  COMPRESED AIR_ASU                  744587.14     744590.63     744594.03     0.0005%
15:17:09  INFO        [U4U LOOP]  COMPRESSED AIR                   14599816.30   14599882.93    1979869.74     0.0005%
15:17:09  INFO        [U4U LOOP]  Cooling Water                      101100.22     101100.22        885.22     0.0000%
15:17:09  INFO        [U4U LOOP]  D M Water                          515881.04     515989.64     332481.79     0.0210%
15:17:09  INFO        [U4U LOOP]  Effluent Treated                   591541.82     591541.83     384180.83     0.0000%
15:17:09  INFO        [U4U LOOP]  HP Steam PRDS                        7329.36       8320.78      18843.00    11.9150%
15:17:09  INFO        [U4U LOOP]  HP Steam_Dis                         8320.78      18843.00      30910.80    55.8415%
15:17:09  INFO        [U4U LOOP]  HRSG1_C2_SHP STEAM                 170290.78     170339.52     173538.85     0.0286%
15:17:09  INFO        [U4U LOOP]  HRSG2_C2_SHP STEAM                 107850.83     107881.70     109907.94     0.0286%
15:17:09  INFO        [U4U LOOP]  LP Steam PRDS                       21937.52      21992.00      21996.43     0.2477%
15:17:09  INFO        [U4U LOOP]  LP Steam_Dis                        59849.00      59861.07      36942.42     0.0202%
15:17:09  INFO        [U4U LOOP]  MP Steam PRDS SHP                   34285.56      34345.33      34213.26     0.1740%
15:17:09  INFO        [U4U LOOP]  MP Steam_Dis                        34345.33      34213.26      21722.76     0.3860%
15:17:09  INFO        [U4U LOOP]  NITROGEN_ASU                     13280239.18   13281079.68     534087.10     0.0063%
15:17:09  INFO        [U4U LOOP]  Oxygen                              38907.00      38907.00          0.00     0.0000%
15:17:09  INFO        [U4U LOOP]  PROCESS FEED WATER                  31711.00      31711.00          0.00     0.0000%
15:17:09  INFO        [U4U LOOP]  Power_Dis                          133256.60     133257.80      50403.86     0.0009%
15:17:09  INFO        [U4U LOOP]  SHP Steam_Dis                      359775.96     366533.28       7788.25     1.8436%
15:17:09  INFO        [U4U LOOP]  Utility Water                     1617167.94    1617164.62      88352.91     0.0002%
15:17:09  INFO      
15:17:09  INFO        [U4U LOOP]  U4U CONSUMPTION BREAKDOWN (per producer per material):
15:17:09  INFO        [U4U LOOP]  Producer                   Material Consumed              Norm      Quantity
15:17:09  INFO        [U4U LOOP]  -------------------------  -------------------------  --------  ------------
15:17:09  INFO        [U4U LOOP]  JMD - C2-GTG 1             SynGas(Unshift)            0.004368     330220.80
15:17:09  INFO        [U4U LOOP]  JMD - C2-GTG 1             COMPRESSED AIR             0.001280      96768.00
15:17:09  INFO        [U4U LOOP]  JMD - C2-GTG 1             Cooling Water              0.000007        529.20
15:17:09  INFO        [U4U LOOP]  JMD - C2-GTG 1             NITROGEN_ASU               0.001660     125496.00
15:17:09  INFO        [U4U LOOP]  JMD - C2-GTG 1             Power_Dis                  0.001350     102060.00
15:17:09  INFO        [U4U LOOP]  JMD - C2-GTG 1             Utility Water              0.000023       1738.80
15:17:09  INFO        [U4U LOOP]  JMD - C2-GTG 2             SynGas(Unshift)            0.004485     216356.40
15:17:09  INFO        [U4U LOOP]  JMD - C2-GTG 2             COMPRESSED AIR             0.001280      61747.20
15:17:09  INFO        [U4U LOOP]  JMD - C2-GTG 2             Cooling Water              0.000007        337.68
15:17:09  INFO        [U4U LOOP]  JMD - C2-GTG 2             NITROGEN_ASU               0.001660      80078.40
15:17:09  INFO        [U4U LOOP]  JMD - C2-GTG 2             Power_Dis                  0.001350      65124.00
15:17:09  INFO        [U4U LOOP]  JMD - C2-GTG 2             Utility Water              0.000023       1109.52
15:17:09  INFO        [U4U LOOP]  AUXBOIL7_SHP STEAM         SynGas(Unshift)            2.876221     441672.50
15:17:09  INFO        [U4U LOOP]  AUXBOIL7_SHP STEAM         Boiler Feed Water          1.010000     155095.60
15:17:09  INFO        [U4U LOOP]  AUXBOIL7_SHP STEAM         Power_Dis                  3.850000     591206.00
15:17:09  INFO        [U4U LOOP]  HRSG1_C2_SHP STEAM         SynGas(Unshift)            3.376244     206990.77
15:17:09  INFO        [U4U LOOP]  HRSG1_C2_SHP STEAM         Boiler Feed Water          1.160000      71117.28
15:17:09  INFO        [U4U LOOP]  HRSG1_C2_SHP STEAM         Power_Dis                  0.285000      17472.78
15:17:09  INFO        [U4U LOOP]  HRSG2_C2_SHP STEAM         SynGas(Unshift)            3.357468     307949.65
15:17:09  INFO        [U4U LOOP]  HRSG2_C2_SHP STEAM         Boiler Feed Water          1.160000     106396.13
15:17:09  INFO        [U4U LOOP]  HRSG2_C2_SHP STEAM         Power_Dis                  0.285000      26140.43
15:17:09  INFO        [U4U LOOP]  Boiler Feed Water          D M Water                  0.900000     303941.89
15:17:09  INFO        [U4U LOOP]  Boiler Feed Water          LP Steam_Dis               0.100000      33771.32
15:17:09  INFO        [U4U LOOP]  Boiler Feed Water          Power_Dis                  8.100000    2735476.97
15:17:09  INFO        [U4U LOOP]  COMPRESED AIR_ASU          Power_Dis                  0.125000      93073.83
15:17:09  INFO        [U4U LOOP]  COMPRESSED AIR             COMPRESED AIR_ASU          0.051000     744594.03
15:17:09  INFO        [U4U LOOP]  COMPRESSED AIR             COMPRESSED AIR             0.002670      38981.69
15:17:09  INFO        [U4U LOOP]  COMPRESSED AIR             Power_Dis                  0.150000    2189982.44
15:17:09  INFO        [U4U LOOP]  Cooling Water              COMPRESSED AIR             0.974741      98546.53
15:17:09  INFO        [U4U LOOP]  Cooling Water              Effluent Treated           3.800000     384180.83
15:17:09  INFO        [U4U LOOP]  Cooling Water              Power_Dis                  210.900000   21322035.93
15:17:09  INFO        [U4U LOOP]  Cooling Water              SWRO WATER                 9.400000     950342.05
15:17:09  INFO        [U4U LOOP]  D M Water                  COMPRESSED AIR             0.049180      25376.37
15:17:09  INFO        [U4U LOOP]  D M Water                  NITROGEN_ASU               0.630000     325073.48
15:17:09  INFO        [U4U LOOP]  D M Water                  Power_Dis                  0.920000     474710.47
15:17:09  INFO        [U4U LOOP]  D M Water                  SWRO WATER                 1.150000     593388.09
15:17:09  INFO        [U4U LOOP]  Effluent Treated           COMPRESSED AIR             2.209302    1306894.54
15:17:09  INFO        [U4U LOOP]  Effluent Treated           Cooling Water              0.000031         18.34
15:17:09  INFO        [U4U LOOP]  Effluent Treated           NITROGEN_ASU               0.005814       3439.22
15:17:09  INFO        [U4U LOOP]  Effluent Treated           Power_Dis                  3.200000    1892933.85
15:17:09  INFO        [U4U LOOP]  Effluent Treated           Utility Water              0.029070      17196.12
15:17:09  INFO        [U4U LOOP]  HP Steam PRDS              Boiler Feed Water          0.064000        532.53
15:17:09  INFO        [U4U LOOP]  HP Steam PRDS              SHP Steam_Dis              0.936000       7788.25
15:17:09  INFO        [U4U LOOP]  LP Steam PRDS              Boiler Feed Water          0.055000       1209.56
15:17:09  INFO        [U4U LOOP]  LP Steam PRDS              MP Steam_Dis               0.945000      20782.44
15:17:09  INFO        [U4U LOOP]  MP Steam PRDS SHP          Boiler Feed Water          0.100000       3434.53
15:17:09  INFO        [U4U LOOP]  MP Steam PRDS SHP          HP Steam_Dis               0.900000      30910.80
15:17:09  INFO        [U4U LOOP]  NITROGEN_ASU               MP Steam_Dis               0.000021        278.90
15:17:09  INFO        [U4U LOOP]  NITROGEN_ASU               Power_Dis                  0.474260    6298684.85
15:17:09  INFO        [U4U LOOP]  NITROGEN_ASU               Ret steam condensate       -0.000011       -146.09
15:17:09  INFO        [U4U LOOP]  NITROGEN_ASU               Utility Water              0.001540      20452.86
15:17:09  INFO        [U4U LOOP]  Oxygen                     MP Steam_Dis               0.017000        661.42
15:17:09  INFO        [U4U LOOP]  Oxygen                     Power_Dis                  374.610000   14574951.27
15:17:09  INFO        [U4U LOOP]  Oxygen                     Ret steam condensate       -0.008000       -311.26
15:17:09  INFO        [U4U LOOP]  Oxygen                     Utility Water              1.230000      47855.61
15:17:09  INFO        [U4U LOOP]  PROCESS FEED WATER         D M Water                  0.900000      28539.90
15:17:09  INFO        [U4U LOOP]  PROCESS FEED WATER         LP Steam_Dis               0.100000       3171.10
15:17:09  INFO        [U4U LOOP]  PROCESS FEED WATER         Power_Dis                  0.631000      20009.64
15:17:09  INFO        [U4U LOOP]  Utility Water              COMPRESSED AIR             0.217390     351555.42
15:17:09  INFO        [U4U LOOP]  Utility Water              SWRO WATER                 1.100000    1778881.08
15:17:09  INFO        [U4U LOOP]  HP Steam_Dis               HP Steam PRDS              1.000000      18843.00
15:17:09  INFO        [U4U LOOP]  LP Steam_Dis               HRSG1_C2_LP STEAM          0.387271      23182.46
15:17:09  INFO        [U4U LOOP]  LP Steam_Dis               HRSG2_C2_LP STEAM          0.245271      14682.18
15:17:09  INFO        [U4U LOOP]  LP Steam_Dis               LP Steam PRDS              0.367458      21996.43
15:17:09  INFO        [U4U LOOP]  MP Steam_Dis               MP Steam PRDS SHP          1.000000      34213.26
15:17:09  INFO        [U4U LOOP]  SHP Steam_Dis              AUXBOIL7_SHP STEAM         0.226682      83086.50
15:17:09  INFO        [U4U LOOP]  SHP Steam_Dis              HRSG1_C2_SHP STEAM         0.473460     173538.85
15:17:09  INFO        [U4U LOOP]  SHP Steam_Dis              HRSG2_C2_SHP STEAM         0.299858     109907.94
15:17:09  INFO      
15:17:09  INFO        [U4U LOOP]  Not yet converged: 14 materials
15:17:09  INFO        [U4U LOOP]    AUXBOIL7_SHP STEAM              change=1.8436%
15:17:09  INFO        [U4U LOOP]    Boiler Feed Water               change=0.0214%
15:17:09  INFO        [U4U LOOP]    D M Water                       change=0.4395%
15:17:09  INFO        [U4U LOOP]    HP Steam PRDS                   change=55.8415%
15:17:09  INFO        [U4U LOOP]    HP Steam_Dis                    change=0.1740%
15:17:09  INFO        [U4U LOOP]    HRSG1_C2_SHP STEAM              change=1.8436%
15:17:09  INFO        [U4U LOOP]    HRSG2_C2_SHP STEAM              change=1.8436%
15:17:09  INFO        [U4U LOOP]    LP Steam PRDS                   change=0.0202%
15:17:09  INFO        [U4U LOOP]    LP Steam_Dis                    change=0.4395%
15:17:09  INFO        [U4U LOOP]    MP Steam PRDS SHP               change=0.3860%
15:17:09  INFO        [U4U LOOP]    MP Steam_Dis                    change=0.2370%
15:17:09  INFO        [U4U LOOP]    NITROGEN_ASU                    change=0.0128%
15:17:09  INFO        [U4U LOOP]    Power_Dis                       change=0.0271%
15:17:09  INFO        [U4U LOOP]    SHP Steam_Dis                   change=11.9150%
15:17:09  INFO      
15:17:11  INFO        ==============================================================================
15:17:11  INFO        POWER DISPATCH  (April 2026)
15:17:11  INFO        ==============================================================================
15:17:11  INFO        Demand:  Process = 62526.31 MWh  |  Fixed = 62141.61 MWh  |  Total = 124667.91 MWh
15:17:11  INFO      
15:17:11  INFO        Step 1: Mandatory assets at MIN load, then optional if needed
15:17:11  INFO        Asset                      Priority   Man    Min MW    Max MW     Hours       Min MWh
15:17:11  INFO        -------------------------  --------  ----  --------  --------  --------  ------------
15:17:11  INFO        JMD - C2-GTG 1                    1     Y    104.00    105.00    720.00      74880.00
15:17:11  INFO        JMD - C2-GTG 2                    1     Y     64.00     67.00    720.00      46080.00
15:17:11  INFO        TOTAL MIN GENERATION                                                        120960.00
15:17:11  INFO      
15:17:11  INFO        ⚠ DEFICIT: MAX generation (123840.00 MWh) BELOW demand (124667.91 MWh)
15:17:11  INFO          Deficit = 827.91 MWh
15:17:11  INFO      
15:17:11  INFO        FINAL DISPATCH
15:17:11  INFO        Asset                      Priority   Dispatched MW  Dispatched MWh    Load %   Avg Load MW  FreeStm Factor   Free Steam MT       Heat Rate   Aux Power MWh
15:17:11  INFO        -------------------------  --------  --------------  --------------  --------  ------------  ------------  --------------  --------------  --------------
15:17:11  INFO        JMD - C2-GTG 1                    1          105.00        75600.00    100.0%        105.00        1.5700       118692.00         2643.00          102.06
15:17:11  INFO        JMD - C2-GTG 2                    1           67.00        48240.00    100.0%         67.00        1.8300        88279.20         3120.84           65.12
15:17:11  INFO        TOTAL                                                     123840.00                                             206971.20                          167.18
15:17:11  INFO        ==============================================================================
15:17:12  INFO      
15:17:12  INFO        SPINNING MARGIN CONFIG
15:17:12  INFO        Required margin: 250.00 TPH
15:17:12  INFO        Asset                         Max TPH     Eff Max     Reserve
15:17:12  INFO        -------------------------  ----------  ----------  ----------
15:17:12  INFO        AUXBOIL7_SHP STEAM             220.00      143.61       76.39
15:17:12  INFO        HRSG1_C2_SHP STEAM             250.00      163.19       86.81
15:17:12  INFO        HRSG2_C2_SHP STEAM             250.00      163.19       86.81
15:17:12  INFO        TOTAL RESERVED                                         250.00
15:17:12  INFO        → Margin of 250.00 TPH successfully reserved
15:17:12  INFO      
15:17:12  INFO        ==============================================================================
15:17:12  INFO        STEAM DISPATCH  (April 2026)
15:17:12  INFO        ==============================================================================
15:17:12  INFO        Grade      Process/Fixed MT  Letdown MT  Byproduct MT     Net Demand MT
15:17:12  INFO        ---------  ----------------  ----------  ------------  ----------------
15:17:12  INFO        LP                 60023.42     5692.13     -54000.00           6023.42
15:17:12  INFO        MP                 34264.76    35961.20          0.00          39956.89
15:17:12  INFO        HP                 18896.80    51347.08          0.00          54858.00
15:17:12  INFO        SHP               367461.25        0.00          0.00         418808.34
15:17:12  INFO      
15:17:12  INFO        Total Free Steam available: 206971.20 MT
15:17:12  INFO      
15:17:12  INFO        FINAL SUPPLEMENTARY FIRING DISPATCH
15:17:12  INFO        Asset                      Priority   Man     Min TPH     Max TPH     Hours  Dispatched TPH   Dispatched MT    Load %
15:17:12  INFO        -------------------------  --------  ----  ----------  ----------  --------  --------------  --------------  --------
15:17:12  INFO        AUXBOIL7_SHP STEAM                1     Y       90.00      220.00    698.00          220.00       153560.00    100.0%
15:17:12  INFO        AUXBOIL8_SHP STEAM                1     Y       90.00      220.00      0.00            0.00            0.00      0.0%
15:17:12  INFO        HRSG1_C2_SHP STEAM                1     Y        0.00       85.15    720.00           85.15        61308.00    100.0%
15:17:12  INFO        HRSG2_C2_SHP STEAM                1     Y       37.39      127.39    720.00          127.39        91720.80    100.0%
15:17:12  INFO        TOTAL SUPPLEMENTARY                                                                         306588.80          
15:17:12  INFO        TOTAL STEAM GENERATED                                                                       513560.00          
15:17:12  INFO        ✓ Steam demand fully met with surplus of 94751.66 MT
15:17:12  INFO      
15:17:12  INFO        ✓ STEAM SPINNING MARGIN OK: 287.46 TPH reserved (required: 250.00 TPH)
15:17:12  INFO        ==============================================================================
15:17:12  INFO      
15:17:12  INFO        [U4U LOOP] ==============================================================================
15:17:12  INFO        [U4U LOOP]  ITERATION 8
15:17:12  INFO        [U4U LOOP] ==============================================================================
15:17:12  INFO        [U4U LOOP]  Power:  demand=     133271.45 MWh   gen=     123840.00 MWh
15:17:12  INFO        [U4U LOOP]  Steam:  gen=     513560.00 MT
15:17:12  INFO      
15:17:12  INFO        [U4U LOOP]  Utility (ODS Material)            Old Demand    New Demand    U4U Demand    Change %
15:17:12  INFO        [U4U LOOP]  ------------------------------  ------------  ------------  ------------  ----------
15:17:12  INFO        [U4U LOOP]  AUXBOIL7_SHP STEAM                  81554.73      83086.50      83296.85     1.8436%
15:17:12  INFO        [U4U LOOP]  Boiler Feed Water                  337713.21     337785.63     338446.09     0.0214%
15:17:12  INFO        [U4U LOOP]  COMPRESED AIR_ASU                  744590.63     744594.03     744594.27     0.0005%
15:17:12  INFO        [U4U LOOP]  COMPRESSED AIR                   14599882.93   14599887.74    1979941.90     0.0000%
15:17:12  INFO        [U4U LOOP]  Cooling Water                      101100.22     101100.22        885.22     0.0000%
15:17:12  INFO        [U4U LOOP]  D M Water                          515989.64     517450.79     332546.97     0.2824%
15:17:12  INFO        [U4U LOOP]  Effluent Treated                   591541.83     591541.83     384180.83     0.0000%
15:17:12  INFO        [U4U LOOP]  HP Steam PRDS                        8320.78      18843.00      18896.80    55.8415%
15:17:12  INFO        [U4U LOOP]  HP Steam_Dis                        18843.00      18896.80      30791.94     0.2847%
15:17:12  INFO        [U4U LOOP]  HRSG1_C2_SHP STEAM                 170339.52     173538.85     173978.21     1.8436%
15:17:12  INFO        [U4U LOOP]  HRSG2_C2_SHP STEAM                 107881.70     109907.94     110186.20     1.8436%
15:17:12  INFO        [U4U LOOP]  LP Steam PRDS                       21992.00      21996.43      22056.09     0.0202%
15:17:12  INFO        [U4U LOOP]  LP Steam_Dis                        59861.07      60023.42      36949.66     0.2705%
15:17:12  INFO        [U4U LOOP]  MP Steam PRDS SHP                   34345.33      34213.26      34264.76     0.3860%
15:17:12  INFO        [U4U LOOP]  MP Steam_Dis                        34213.26      34264.76      21726.95     0.1503%
15:17:12  INFO        [U4U LOOP]  NITROGEN_ASU                     13281079.68   13281148.10     535007.62     0.0005%
15:17:12  INFO        [U4U LOOP]  Oxygen                              38907.00      38907.00          0.00     0.0000%
15:17:12  INFO        [U4U LOOP]  PROCESS FEED WATER                  31711.00      31711.00          0.00     0.0000%
15:17:12  INFO        [U4U LOOP]  Power_Dis                          133257.80     133271.45      50405.83     0.0102%
15:17:12  INFO        [U4U LOOP]  SHP Steam_Dis                      366533.28     367461.25      17637.05     0.2525%
15:17:12  INFO        [U4U LOOP]  Utility Water                     1617164.62    1617165.91      88353.02     0.0001%
15:17:12  INFO      
15:17:12  INFO        [U4U LOOP]  U4U CONSUMPTION BREAKDOWN (per producer per material):
15:17:12  INFO        [U4U LOOP]  Producer                   Material Consumed              Norm      Quantity
15:17:12  INFO        [U4U LOOP]  -------------------------  -------------------------  --------  ------------
15:17:12  INFO        [U4U LOOP]  JMD - C2-GTG 1             SynGas(Unshift)            0.004368     330220.80
15:17:12  INFO        [U4U LOOP]  JMD - C2-GTG 1             COMPRESSED AIR             0.001280      96768.00
15:17:12  INFO        [U4U LOOP]  JMD - C2-GTG 1             Cooling Water              0.000007        529.20
15:17:12  INFO        [U4U LOOP]  JMD - C2-GTG 1             NITROGEN_ASU               0.001660     125496.00
15:17:12  INFO        [U4U LOOP]  JMD - C2-GTG 1             Power_Dis                  0.001350     102060.00
15:17:12  INFO        [U4U LOOP]  JMD - C2-GTG 1             Utility Water              0.000023       1738.80
15:17:12  INFO        [U4U LOOP]  JMD - C2-GTG 2             SynGas(Unshift)            0.004485     216356.40
15:17:12  INFO        [U4U LOOP]  JMD - C2-GTG 2             COMPRESSED AIR             0.001280      61747.20
15:17:12  INFO        [U4U LOOP]  JMD - C2-GTG 2             Cooling Water              0.000007        337.68
15:17:12  INFO        [U4U LOOP]  JMD - C2-GTG 2             NITROGEN_ASU               0.001660      80078.40
15:17:12  INFO        [U4U LOOP]  JMD - C2-GTG 2             Power_Dis                  0.001350      65124.00
15:17:12  INFO        [U4U LOOP]  JMD - C2-GTG 2             Utility Water              0.000023       1109.52
15:17:12  INFO        [U4U LOOP]  AUXBOIL7_SHP STEAM         SynGas(Unshift)            2.876221     441672.50
15:17:12  INFO        [U4U LOOP]  AUXBOIL7_SHP STEAM         Boiler Feed Water          1.010000     155095.60
15:17:12  INFO        [U4U LOOP]  AUXBOIL7_SHP STEAM         Power_Dis                  3.850000     591206.00
15:17:12  INFO        [U4U LOOP]  HRSG1_C2_SHP STEAM         SynGas(Unshift)            3.376244     206990.77
15:17:12  INFO        [U4U LOOP]  HRSG1_C2_SHP STEAM         Boiler Feed Water          1.160000      71117.28
15:17:12  INFO        [U4U LOOP]  HRSG1_C2_SHP STEAM         Power_Dis                  0.285000      17472.78
15:17:12  INFO        [U4U LOOP]  HRSG2_C2_SHP STEAM         SynGas(Unshift)            3.357468     307949.65
15:17:12  INFO        [U4U LOOP]  HRSG2_C2_SHP STEAM         Boiler Feed Water          1.160000     106396.13
15:17:12  INFO        [U4U LOOP]  HRSG2_C2_SHP STEAM         Power_Dis                  0.285000      26140.43
15:17:12  INFO        [U4U LOOP]  Boiler Feed Water          D M Water                  0.900000     304007.07
15:17:12  INFO        [U4U LOOP]  Boiler Feed Water          LP Steam_Dis               0.100000      33778.56
15:17:12  INFO        [U4U LOOP]  Boiler Feed Water          Power_Dis                  8.100000    2736063.61
15:17:12  INFO        [U4U LOOP]  COMPRESED AIR_ASU          Power_Dis                  0.125000      93074.25
15:17:12  INFO        [U4U LOOP]  COMPRESSED AIR             COMPRESED AIR_ASU          0.051000     744594.27
15:17:12  INFO        [U4U LOOP]  COMPRESSED AIR             COMPRESSED AIR             0.002670      38981.70
15:17:12  INFO        [U4U LOOP]  COMPRESSED AIR             Power_Dis                  0.150000    2189983.16
15:17:12  INFO        [U4U LOOP]  Cooling Water              COMPRESSED AIR             0.974741      98546.53
15:17:12  INFO        [U4U LOOP]  Cooling Water              Effluent Treated           3.800000     384180.83
15:17:12  INFO        [U4U LOOP]  Cooling Water              Power_Dis                  210.900000   21322035.93
15:17:12  INFO        [U4U LOOP]  Cooling Water              SWRO WATER                 9.400000     950342.05
15:17:12  INFO        [U4U LOOP]  D M Water                  COMPRESSED AIR             0.049180      25448.23
15:17:12  INFO        [U4U LOOP]  D M Water                  NITROGEN_ASU               0.630000     325994.00
15:17:12  INFO        [U4U LOOP]  D M Water                  Power_Dis                  0.920000     476054.72
15:17:12  INFO        [U4U LOOP]  D M Water                  SWRO WATER                 1.150000     595068.40
15:17:12  INFO        [U4U LOOP]  Effluent Treated           COMPRESSED AIR             2.209302    1306894.54
15:17:12  INFO        [U4U LOOP]  Effluent Treated           Cooling Water              0.000031         18.34
15:17:12  INFO        [U4U LOOP]  Effluent Treated           NITROGEN_ASU               0.005814       3439.22
15:17:12  INFO        [U4U LOOP]  Effluent Treated           Power_Dis                  3.200000    1892933.85
15:17:12  INFO        [U4U LOOP]  Effluent Treated           Utility Water              0.029070      17196.12
15:17:12  INFO        [U4U LOOP]  HP Steam PRDS              Boiler Feed Water          0.064000       1205.95
15:17:12  INFO        [U4U LOOP]  HP Steam PRDS              SHP Steam_Dis              0.936000      17637.05
15:17:12  INFO        [U4U LOOP]  LP Steam PRDS              Boiler Feed Water          0.055000       1209.80
15:17:12  INFO        [U4U LOOP]  LP Steam PRDS              MP Steam_Dis               0.945000      20786.63
15:17:12  INFO        [U4U LOOP]  MP Steam PRDS SHP          Boiler Feed Water          0.100000       3421.33
15:17:12  INFO        [U4U LOOP]  MP Steam PRDS SHP          HP Steam_Dis               0.900000      30791.94
15:17:12  INFO        [U4U LOOP]  NITROGEN_ASU               MP Steam_Dis               0.000021        278.90
15:17:12  INFO        [U4U LOOP]  NITROGEN_ASU               Power_Dis                  0.474260    6298717.30
15:17:12  INFO        [U4U LOOP]  NITROGEN_ASU               Ret steam condensate       -0.000011       -146.09
15:17:12  INFO        [U4U LOOP]  NITROGEN_ASU               Utility Water              0.001540      20452.97
15:17:12  INFO        [U4U LOOP]  Oxygen                     MP Steam_Dis               0.017000        661.42
15:17:12  INFO        [U4U LOOP]  Oxygen                     Power_Dis                  374.610000   14574951.27
15:17:12  INFO        [U4U LOOP]  Oxygen                     Ret steam condensate       -0.008000       -311.26
15:17:12  INFO        [U4U LOOP]  Oxygen                     Utility Water              1.230000      47855.61
15:17:12  INFO        [U4U LOOP]  PROCESS FEED WATER         D M Water                  0.900000      28539.90
15:17:12  INFO        [U4U LOOP]  PROCESS FEED WATER         LP Steam_Dis               0.100000       3171.10
15:17:12  INFO        [U4U LOOP]  PROCESS FEED WATER         Power_Dis                  0.631000      20009.64
15:17:12  INFO        [U4U LOOP]  Utility Water              COMPRESSED AIR             0.217390     351555.70
15:17:12  INFO        [U4U LOOP]  Utility Water              SWRO WATER                 1.100000    1778882.50
15:17:12  INFO        [U4U LOOP]  HP Steam_Dis               HP Steam PRDS              1.000000      18896.80
15:17:12  INFO        [U4U LOOP]  LP Steam_Dis               HRSG1_C2_LP STEAM          0.387271      23245.33
15:17:12  INFO        [U4U LOOP]  LP Steam_Dis               HRSG2_C2_LP STEAM          0.245271      14722.00
15:17:12  INFO        [U4U LOOP]  LP Steam_Dis               LP Steam PRDS              0.367458      22056.09
15:17:12  INFO        [U4U LOOP]  MP Steam_Dis               MP Steam PRDS SHP          1.000000      34264.76
15:17:12  INFO        [U4U LOOP]  SHP Steam_Dis              AUXBOIL7_SHP STEAM         0.226682      83296.85
15:17:12  INFO        [U4U LOOP]  SHP Steam_Dis              HRSG1_C2_SHP STEAM         0.473460     173978.21
15:17:12  INFO        [U4U LOOP]  SHP Steam_Dis              HRSG2_C2_SHP STEAM         0.299858     110186.20
15:17:12  INFO      
15:17:12  INFO        [U4U LOOP]  Not yet converged: 13 materials
15:17:12  INFO        [U4U LOOP]    AUXBOIL7_SHP STEAM              change=0.2525%
15:17:12  INFO        [U4U LOOP]    Boiler Feed Water               change=0.1951%
15:17:12  INFO        [U4U LOOP]    D M Water                       change=0.0196%
15:17:12  INFO        [U4U LOOP]    HP Steam PRDS                   change=0.2847%
15:17:12  INFO        [U4U LOOP]    HP Steam_Dis                    change=0.3860%
15:17:12  INFO        [U4U LOOP]    HRSG1_C2_SHP STEAM              change=0.2525%
15:17:12  INFO        [U4U LOOP]    HRSG2_C2_SHP STEAM              change=0.2525%
15:17:12  INFO        [U4U LOOP]    LP Steam PRDS                   change=0.2705%
15:17:12  INFO        [U4U LOOP]    LP Steam_Dis                    change=0.0196%
15:17:12  INFO        [U4U LOOP]    MP Steam PRDS SHP               change=0.1503%
15:17:12  INFO        [U4U LOOP]    MP Steam_Dis                    change=0.0193%
15:17:12  INFO        [U4U LOOP]    NITROGEN_ASU                    change=0.1721%
15:17:12  INFO        [U4U LOOP]    SHP Steam_Dis                   change=55.8415%
15:17:12  INFO      
15:17:13  INFO        ==============================================================================
15:17:13  INFO        POWER DISPATCH  (April 2026)
15:17:13  INFO        ==============================================================================
15:17:13  INFO        Demand:  Process = 62526.31 MWh  |  Fixed = 62143.57 MWh  |  Total = 124669.88 MWh
15:17:13  INFO      
15:17:13  INFO        Step 1: Mandatory assets at MIN load, then optional if needed
15:17:13  INFO        Asset                      Priority   Man    Min MW    Max MW     Hours       Min MWh
15:17:13  INFO        -------------------------  --------  ----  --------  --------  --------  ------------
15:17:13  INFO        JMD - C2-GTG 1                    1     Y    104.00    105.00    720.00      74880.00
15:17:13  INFO        JMD - C2-GTG 2                    1     Y     64.00     67.00    720.00      46080.00
15:17:13  INFO        TOTAL MIN GENERATION                                                        120960.00
15:17:13  INFO      
15:17:13  INFO        ⚠ DEFICIT: MAX generation (123840.00 MWh) BELOW demand (124669.88 MWh)
15:17:13  INFO          Deficit = 829.88 MWh
15:17:13  INFO      
15:17:13  INFO        FINAL DISPATCH
15:17:13  INFO        Asset                      Priority   Dispatched MW  Dispatched MWh    Load %   Avg Load MW  FreeStm Factor   Free Steam MT       Heat Rate   Aux Power MWh
15:17:13  INFO        -------------------------  --------  --------------  --------------  --------  ------------  ------------  --------------  --------------  --------------
15:17:13  INFO        JMD - C2-GTG 1                    1          105.00        75600.00    100.0%        105.00        1.5700       118692.00         2643.00          102.06
15:17:13  INFO        JMD - C2-GTG 2                    1           67.00        48240.00    100.0%         67.00        1.8300        88279.20         3120.84           65.12
15:17:13  INFO        TOTAL                                                     123840.00                                             206971.20                          167.18
15:17:13  INFO        ==============================================================================
15:17:14  INFO      
15:17:14  INFO        SPINNING MARGIN CONFIG
15:17:14  INFO        Required margin: 250.00 TPH
15:17:14  INFO        Asset                         Max TPH     Eff Max     Reserve
15:17:14  INFO        -------------------------  ----------  ----------  ----------
15:17:14  INFO        AUXBOIL7_SHP STEAM             220.00      143.61       76.39
15:17:14  INFO        HRSG1_C2_SHP STEAM             250.00      163.19       86.81
15:17:14  INFO        HRSG2_C2_SHP STEAM             250.00      163.19       86.81
15:17:14  INFO        TOTAL RESERVED                                         250.00
15:17:14  INFO        → Margin of 250.00 TPH successfully reserved
15:17:14  INFO      
15:17:14  INFO        ==============================================================================
15:17:14  INFO        STEAM DISPATCH  (April 2026)
15:17:14  INFO        ==============================================================================
15:17:14  INFO        Grade      Process/Fixed MT  Letdown MT  Byproduct MT     Net Demand MT
15:17:14  INFO        ---------  ----------------  ----------  ------------  ----------------
15:17:14  INFO        LP                 60030.66     5698.98     -54000.00           6030.66
15:17:14  INFO        MP                 34268.95    35971.13          0.00          39967.93
15:17:14  INFO        HP                 18777.94    51245.13          0.00          54749.07
15:17:14  INFO        SHP               377310.05        0.00          0.00         428555.18
15:17:14  INFO      
15:17:14  INFO        Total Free Steam available: 206971.20 MT
15:17:14  INFO      
15:17:14  INFO        FINAL SUPPLEMENTARY FIRING DISPATCH
15:17:14  INFO        Asset                      Priority   Man     Min TPH     Max TPH     Hours  Dispatched TPH   Dispatched MT    Load %
15:17:14  INFO        -------------------------  --------  ----  ----------  ----------  --------  --------------  --------------  --------
15:17:14  INFO        AUXBOIL7_SHP STEAM                1     Y       90.00      220.00    698.00          220.00       153560.00    100.0%
15:17:14  INFO        AUXBOIL8_SHP STEAM                1     Y       90.00      220.00      0.00            0.00            0.00      0.0%
15:17:14  INFO        HRSG1_C2_SHP STEAM                1     Y        0.00       85.15    720.00           85.15        61308.00    100.0%
15:17:14  INFO        HRSG2_C2_SHP STEAM                1     Y       37.39      127.39    720.00          127.39        91720.80    100.0%
15:17:14  INFO        TOTAL SUPPLEMENTARY                                                                         306588.80          
15:17:14  INFO        TOTAL STEAM GENERATED                                                                       513560.00          
15:17:14  INFO        ✓ Steam demand fully met with surplus of 85004.82 MT
15:17:14  INFO      
15:17:14  INFO        ✓ STEAM SPINNING MARGIN OK: 287.46 TPH reserved (required: 250.00 TPH)
15:17:14  INFO        ==============================================================================
15:17:14  INFO      
15:17:14  INFO        [U4U LOOP] ==============================================================================
15:17:14  INFO        [U4U LOOP]  ITERATION 9
15:17:14  INFO        [U4U LOOP] ==============================================================================
15:17:14  INFO        [U4U LOOP]  Power:  demand=     133273.42 MWh   gen=     123840.00 MWh
15:17:14  INFO        [U4U LOOP]  Steam:  gen=     513560.00 MT
15:17:14  INFO      
15:17:14  INFO        [U4U LOOP]  Utility (ODS Material)            Old Demand    New Demand    U4U Demand    Change %
15:17:14  INFO        [U4U LOOP]  ------------------------------  ------------  ------------  ------------  ----------
15:17:14  INFO        [U4U LOOP]  AUXBOIL7_SHP STEAM                  83086.50      83296.85      85529.40     0.2525%
15:17:14  INFO        [U4U LOOP]  Boiler Feed Water                  337785.63     338446.09     338457.96     0.1951%
15:17:14  INFO        [U4U LOOP]  COMPRESED AIR_ASU                  744594.03     744594.27     744597.95     0.0000%
15:17:14  INFO        [U4U LOOP]  COMPRESSED AIR                   14599887.74   14599959.90    1979945.32     0.0005%
15:17:14  INFO        [U4U LOOP]  Cooling Water                      101100.22     101100.22        885.22     0.0000%
15:17:14  INFO        [U4U LOOP]  D M Water                          517450.79     517515.97     333141.38     0.0126%
15:17:14  INFO        [U4U LOOP]  Effluent Treated                   591541.83     591541.83     384180.83     0.0000%
15:17:14  INFO        [U4U LOOP]  HP Steam PRDS                       18843.00      18896.80      18777.94     0.2847%
15:17:14  INFO        [U4U LOOP]  HP Steam_Dis                        18896.80      18777.94      30838.28     0.6330%
15:17:14  INFO        [U4U LOOP]  HRSG1_C2_SHP STEAM                 173538.85     173978.21     178641.22     0.2525%
15:17:14  INFO        [U4U LOOP]  HRSG2_C2_SHP STEAM                 109907.94     110186.20     113139.44     0.2525%
15:17:14  INFO        [U4U LOOP]  LP Steam PRDS                       21996.43      22056.09      22058.75     0.2705%
15:17:14  INFO        [U4U LOOP]  LP Steam_Dis                        60023.42      60030.66      37015.71     0.0121%
15:17:14  INFO        [U4U LOOP]  MP Steam PRDS SHP                   34213.26      34264.76      34268.95     0.1503%
15:17:14  INFO        [U4U LOOP]  MP Steam_Dis                        34264.76      34268.95      21783.34     0.0122%
15:17:14  INFO        [U4U LOOP]  NITROGEN_ASU                     13281148.10   13282068.62     535048.68     0.0069%
15:17:14  INFO        [U4U LOOP]  Oxygen                              38907.00      38907.00          0.00     0.0000%
15:17:14  INFO        [U4U LOOP]  PROCESS FEED WATER                  31711.00      31711.00          0.00     0.0000%
15:17:14  INFO        [U4U LOOP]  Power_Dis                          133271.45     133273.42      50411.68     0.0015%
15:17:14  INFO        [U4U LOOP]  SHP Steam_Dis                      367461.25     377310.05      17687.40     2.6103%
15:17:14  INFO        [U4U LOOP]  Utility Water                     1617165.91    1617166.02      88354.44     0.0000%
15:17:14  INFO      
15:17:14  INFO        [U4U LOOP]  U4U CONSUMPTION BREAKDOWN (per producer per material):
15:17:14  INFO        [U4U LOOP]  Producer                   Material Consumed              Norm      Quantity
15:17:14  INFO        [U4U LOOP]  -------------------------  -------------------------  --------  ------------
15:17:14  INFO        [U4U LOOP]  JMD - C2-GTG 1             SynGas(Unshift)            0.004368     330220.80
15:17:14  INFO        [U4U LOOP]  JMD - C2-GTG 1             COMPRESSED AIR             0.001280      96768.00
15:17:14  INFO        [U4U LOOP]  JMD - C2-GTG 1             Cooling Water              0.000007        529.20
15:17:14  INFO        [U4U LOOP]  JMD - C2-GTG 1             NITROGEN_ASU               0.001660     125496.00
15:17:14  INFO        [U4U LOOP]  JMD - C2-GTG 1             Power_Dis                  0.001350     102060.00
15:17:14  INFO        [U4U LOOP]  JMD - C2-GTG 1             Utility Water              0.000023       1738.80
15:17:14  INFO        [U4U LOOP]  JMD - C2-GTG 2             SynGas(Unshift)            0.004485     216356.40
15:17:14  INFO        [U4U LOOP]  JMD - C2-GTG 2             COMPRESSED AIR             0.001280      61747.20
15:17:14  INFO        [U4U LOOP]  JMD - C2-GTG 2             Cooling Water              0.000007        337.68
15:17:14  INFO        [U4U LOOP]  JMD - C2-GTG 2             NITROGEN_ASU               0.001660      80078.40
15:17:14  INFO        [U4U LOOP]  JMD - C2-GTG 2             Power_Dis                  0.001350      65124.00
15:17:14  INFO        [U4U LOOP]  JMD - C2-GTG 2             Utility Water              0.000023       1109.52
15:17:14  INFO        [U4U LOOP]  AUXBOIL7_SHP STEAM         SynGas(Unshift)            2.876221     441672.50
15:17:14  INFO        [U4U LOOP]  AUXBOIL7_SHP STEAM         Boiler Feed Water          1.010000     155095.60
15:17:14  INFO        [U4U LOOP]  AUXBOIL7_SHP STEAM         Power_Dis                  3.850000     591206.00
15:17:14  INFO        [U4U LOOP]  HRSG1_C2_SHP STEAM         SynGas(Unshift)            3.376244     206990.77
15:17:14  INFO        [U4U LOOP]  HRSG1_C2_SHP STEAM         Boiler Feed Water          1.160000      71117.28
15:17:14  INFO        [U4U LOOP]  HRSG1_C2_SHP STEAM         Power_Dis                  0.285000      17472.78
15:17:14  INFO        [U4U LOOP]  HRSG2_C2_SHP STEAM         SynGas(Unshift)            3.357468     307949.65
15:17:14  INFO        [U4U LOOP]  HRSG2_C2_SHP STEAM         Boiler Feed Water          1.160000     106396.13
15:17:14  INFO        [U4U LOOP]  HRSG2_C2_SHP STEAM         Power_Dis                  0.285000      26140.43
15:17:14  INFO        [U4U LOOP]  Boiler Feed Water          D M Water                  0.900000     304601.48
15:17:14  INFO        [U4U LOOP]  Boiler Feed Water          LP Steam_Dis               0.100000      33844.61
15:17:14  INFO        [U4U LOOP]  Boiler Feed Water          Power_Dis                  8.100000    2741413.33
15:17:14  INFO        [U4U LOOP]  COMPRESED AIR_ASU          Power_Dis                  0.125000      93074.28
15:17:14  INFO        [U4U LOOP]  COMPRESSED AIR             COMPRESED AIR_ASU          0.051000     744597.95
15:17:14  INFO        [U4U LOOP]  COMPRESSED AIR             COMPRESSED AIR             0.002670      38981.89
15:17:14  INFO        [U4U LOOP]  COMPRESSED AIR             Power_Dis                  0.150000    2189993.98
15:17:14  INFO        [U4U LOOP]  Cooling Water              COMPRESSED AIR             0.974741      98546.53
15:17:14  INFO        [U4U LOOP]  Cooling Water              Effluent Treated           3.800000     384180.83
15:17:14  INFO        [U4U LOOP]  Cooling Water              Power_Dis                  210.900000   21322035.93
15:17:14  INFO        [U4U LOOP]  Cooling Water              SWRO WATER                 9.400000     950342.05
15:17:14  INFO        [U4U LOOP]  D M Water                  COMPRESSED AIR             0.049180      25451.44
15:17:14  INFO        [U4U LOOP]  D M Water                  NITROGEN_ASU               0.630000     326035.06
15:17:14  INFO        [U4U LOOP]  D M Water                  Power_Dis                  0.920000     476114.69
15:17:14  INFO        [U4U LOOP]  D M Water                  SWRO WATER                 1.150000     595143.36
15:17:14  INFO        [U4U LOOP]  Effluent Treated           COMPRESSED AIR             2.209302    1306894.54
15:17:14  INFO        [U4U LOOP]  Effluent Treated           Cooling Water              0.000031         18.34
15:17:14  INFO        [U4U LOOP]  Effluent Treated           NITROGEN_ASU               0.005814       3439.22
15:17:14  INFO        [U4U LOOP]  Effluent Treated           Power_Dis                  3.200000    1892933.85
15:17:14  INFO        [U4U LOOP]  Effluent Treated           Utility Water              0.029070      17196.12
15:17:14  INFO        [U4U LOOP]  HP Steam PRDS              Boiler Feed Water          0.064000       1209.39
15:17:14  INFO        [U4U LOOP]  HP Steam PRDS              SHP Steam_Dis              0.936000      17687.40
15:17:14  INFO        [U4U LOOP]  LP Steam PRDS              Boiler Feed Water          0.055000       1213.08
15:17:14  INFO        [U4U LOOP]  LP Steam PRDS              MP Steam_Dis               0.945000      20843.00
15:17:14  INFO        [U4U LOOP]  MP Steam PRDS SHP          Boiler Feed Water          0.100000       3426.48
15:17:14  INFO        [U4U LOOP]  MP Steam PRDS SHP          HP Steam_Dis               0.900000      30838.28
15:17:14  INFO        [U4U LOOP]  NITROGEN_ASU               MP Steam_Dis               0.000021        278.92
15:17:14  INFO        [U4U LOOP]  NITROGEN_ASU               Power_Dis                  0.474260    6299153.86
15:17:14  INFO        [U4U LOOP]  NITROGEN_ASU               Ret steam condensate       -0.000011       -146.10
15:17:14  INFO        [U4U LOOP]  NITROGEN_ASU               Utility Water              0.001540      20454.39
15:17:14  INFO        [U4U LOOP]  Oxygen                     MP Steam_Dis               0.017000        661.42
15:17:14  INFO        [U4U LOOP]  Oxygen                     Power_Dis                  374.610000   14574951.27
15:17:14  INFO        [U4U LOOP]  Oxygen                     Ret steam condensate       -0.008000       -311.26
15:17:14  INFO        [U4U LOOP]  Oxygen                     Utility Water              1.230000      47855.61
15:17:14  INFO        [U4U LOOP]  PROCESS FEED WATER         D M Water                  0.900000      28539.90
15:17:14  INFO        [U4U LOOP]  PROCESS FEED WATER         LP Steam_Dis               0.100000       3171.10
15:17:14  INFO        [U4U LOOP]  PROCESS FEED WATER         Power_Dis                  0.631000      20009.64
15:17:14  INFO        [U4U LOOP]  Utility Water              COMPRESSED AIR             0.217390     351555.72
15:17:14  INFO        [U4U LOOP]  Utility Water              SWRO WATER                 1.100000    1778882.62
15:17:14  INFO        [U4U LOOP]  HP Steam_Dis               HP Steam PRDS              1.000000      18777.94
15:17:14  INFO        [U4U LOOP]  LP Steam_Dis               HRSG1_C2_LP STEAM          0.387271      23248.13
15:17:14  INFO        [U4U LOOP]  LP Steam_Dis               HRSG2_C2_LP STEAM          0.245271      14723.78
15:17:14  INFO        [U4U LOOP]  LP Steam_Dis               LP Steam PRDS              0.367458      22058.75
15:17:14  INFO        [U4U LOOP]  MP Steam_Dis               MP Steam PRDS SHP          1.000000      34268.95
15:17:14  INFO        [U4U LOOP]  SHP Steam_Dis              AUXBOIL7_SHP STEAM         0.226682      85529.40
15:17:14  INFO        [U4U LOOP]  SHP Steam_Dis              HRSG1_C2_SHP STEAM         0.473460     178641.22
15:17:14  INFO        [U4U LOOP]  SHP Steam_Dis              HRSG2_C2_SHP STEAM         0.299858     113139.44
15:17:14  INFO      
15:17:14  INFO        [U4U LOOP]  Not yet converged: 12 materials
15:17:14  INFO        [U4U LOOP]    AUXBOIL7_SHP STEAM              change=2.6103%
15:17:14  INFO        [U4U LOOP]    D M Water                       change=0.1784%
15:17:14  INFO        [U4U LOOP]    HP Steam PRDS                   change=0.6330%
15:17:14  INFO        [U4U LOOP]    HP Steam_Dis                    change=0.1503%
15:17:14  INFO        [U4U LOOP]    HRSG1_C2_SHP STEAM              change=2.6103%
15:17:14  INFO        [U4U LOOP]    HRSG2_C2_SHP STEAM              change=2.6103%
15:17:14  INFO        [U4U LOOP]    LP Steam PRDS                   change=0.0121%
15:17:14  INFO        [U4U LOOP]    LP Steam_Dis                    change=0.1784%
15:17:14  INFO        [U4U LOOP]    MP Steam PRDS SHP               change=0.0122%
15:17:14  INFO        [U4U LOOP]    MP Steam_Dis                    change=0.2589%
15:17:14  INFO        [U4U LOOP]    Power_Dis                       change=0.0116%
15:17:14  INFO        [U4U LOOP]    SHP Steam_Dis                   change=0.2847%
15:17:14  INFO      
15:17:15  INFO        ==============================================================================
15:17:15  INFO        POWER DISPATCH  (April 2026)
15:17:15  INFO        ==============================================================================
15:17:15  INFO        Demand:  Process = 62526.31 MWh  |  Fixed = 62149.43 MWh  |  Total = 124675.74 MWh
15:17:15  INFO      
15:17:15  INFO        Step 1: Mandatory assets at MIN load, then optional if needed
15:17:15  INFO        Asset                      Priority   Man    Min MW    Max MW     Hours       Min MWh
15:17:15  INFO        -------------------------  --------  ----  --------  --------  --------  ------------
15:17:15  INFO        JMD - C2-GTG 1                    1     Y    104.00    105.00    720.00      74880.00
15:17:15  INFO        JMD - C2-GTG 2                    1     Y     64.00     67.00    720.00      46080.00
15:17:15  INFO        TOTAL MIN GENERATION                                                        120960.00
15:17:15  INFO      
15:17:15  INFO        ⚠ DEFICIT: MAX generation (123840.00 MWh) BELOW demand (124675.74 MWh)
15:17:15  INFO          Deficit = 835.74 MWh
15:17:15  INFO      
15:17:15  INFO        FINAL DISPATCH
15:17:15  INFO        Asset                      Priority   Dispatched MW  Dispatched MWh    Load %   Avg Load MW  FreeStm Factor   Free Steam MT       Heat Rate   Aux Power MWh
15:17:15  INFO        -------------------------  --------  --------------  --------------  --------  ------------  ------------  --------------  --------------  --------------
15:17:15  INFO        JMD - C2-GTG 1                    1          105.00        75600.00    100.0%        105.00        1.5700       118692.00         2643.00          102.06
15:17:15  INFO        JMD - C2-GTG 2                    1           67.00        48240.00    100.0%         67.00        1.8300        88279.20         3120.84           65.12
15:17:15  INFO        TOTAL                                                     123840.00                                             206971.20                          167.18
15:17:15  INFO        ==============================================================================
15:17:16  INFO      
15:17:16  INFO        SPINNING MARGIN CONFIG
15:17:16  INFO        Required margin: 250.00 TPH
15:17:16  INFO        Asset                         Max TPH     Eff Max     Reserve
15:17:16  INFO        -------------------------  ----------  ----------  ----------
15:17:16  INFO        AUXBOIL7_SHP STEAM             220.00      143.61       76.39
15:17:16  INFO        HRSG1_C2_SHP STEAM             250.00      163.19       86.81
15:17:16  INFO        HRSG2_C2_SHP STEAM             250.00      163.19       86.81
15:17:16  INFO        TOTAL RESERVED                                         250.00
15:17:16  INFO        → Margin of 250.00 TPH successfully reserved
15:17:16  INFO      
15:17:16  INFO        ==============================================================================
15:17:16  INFO        STEAM DISPATCH  (April 2026)
15:17:16  INFO        ==============================================================================
15:17:16  INFO        Grade      Process/Fixed MT  Letdown MT  Byproduct MT     Net Demand MT
15:17:16  INFO        ---------  ----------------  ----------  ------------  ----------------
15:17:16  INFO        LP                 60096.71     5761.39     -54000.00           6096.71
15:17:16  INFO        MP                 34325.34    36078.06          0.00          40086.73
15:17:16  INFO        HP                 18824.28    51388.59          0.00          54902.34
15:17:16  INFO        SHP               377360.40        0.00          0.00         428748.99
15:17:16  INFO      
15:17:16  INFO        Total Free Steam available: 206971.20 MT
15:17:16  INFO      
15:17:16  INFO        FINAL SUPPLEMENTARY FIRING DISPATCH
15:17:16  INFO        Asset                      Priority   Man     Min TPH     Max TPH     Hours  Dispatched TPH   Dispatched MT    Load %
15:17:16  INFO        -------------------------  --------  ----  ----------  ----------  --------  --------------  --------------  --------
15:17:16  INFO        AUXBOIL7_SHP STEAM                1     Y       90.00      220.00    698.00          220.00       153560.00    100.0%
15:17:16  INFO        AUXBOIL8_SHP STEAM                1     Y       90.00      220.00      0.00            0.00            0.00      0.0%
15:17:16  INFO        HRSG1_C2_SHP STEAM                1     Y        0.00       85.15    720.00           85.15        61308.00    100.0%
15:17:16  INFO        HRSG2_C2_SHP STEAM                1     Y       37.39      127.39    720.00          127.39        91720.80    100.0%
15:17:16  INFO        TOTAL SUPPLEMENTARY                                                                         306588.80          
15:17:16  INFO        TOTAL STEAM GENERATED                                                                       513560.00          
15:17:16  INFO        ✓ Steam demand fully met with surplus of 84811.01 MT
15:17:16  INFO      
15:17:16  INFO        ✓ STEAM SPINNING MARGIN OK: 287.46 TPH reserved (required: 250.00 TPH)
15:17:16  INFO        ==============================================================================
15:17:16  INFO      
15:17:16  INFO        [U4U LOOP] ==============================================================================
15:17:16  INFO        [U4U LOOP]  ITERATION 10
15:17:16  INFO        [U4U LOOP] ==============================================================================
15:17:16  INFO        [U4U LOOP]  Power:  demand=     133279.28 MWh   gen=     123840.00 MWh
15:17:16  INFO        [U4U LOOP]  Steam:  gen=     513560.00 MT
15:17:16  INFO      
15:17:16  INFO        [U4U LOOP]  Utility (ODS Material)            Old Demand    New Demand    U4U Demand    Change %
15:17:16  INFO        [U4U LOOP]  ------------------------------  ------------  ------------  ------------  ----------
15:17:16  INFO        [U4U LOOP]  AUXBOIL7_SHP STEAM                  83296.85      85529.40      85540.81     2.6103%
15:17:16  INFO        [U4U LOOP]  Boiler Feed Water                  338446.09     338457.96     338450.92     0.0035%
15:17:16  INFO        [U4U LOOP]  COMPRESED AIR_ASU                  744594.27     744597.95     744598.13     0.0005%
15:17:16  INFO        [U4U LOOP]  COMPRESSED AIR                   14599959.90   14599963.32    1979974.87     0.0000%
15:17:16  INFO        [U4U LOOP]  Cooling Water                      101100.22     101100.22        885.22     0.0000%
15:17:16  INFO        [U4U LOOP]  D M Water                          517515.97     518110.38     333152.07     0.1147%
15:17:16  INFO        [U4U LOOP]  Effluent Treated                   591541.83     591541.83     384180.83     0.0000%
15:17:16  INFO        [U4U LOOP]  HP Steam PRDS                       18896.80      18777.94      18824.28     0.6330%
15:17:16  INFO        [U4U LOOP]  HP Steam_Dis                        18777.94      18824.28      30842.05     0.2462%
15:17:16  INFO        [U4U LOOP]  HRSG1_C2_SHP STEAM                 173978.21     178641.22     178665.06     2.6103%
15:17:16  INFO        [U4U LOOP]  HRSG2_C2_SHP STEAM                 110186.20     113139.44     113154.54     2.6103%
15:17:16  INFO        [U4U LOOP]  LP Steam PRDS                       22056.09      22058.75      22083.02     0.0121%
15:17:16  INFO        [U4U LOOP]  LP Steam_Dis                        60030.66      60096.71      37016.90     0.1099%
15:17:16  INFO        [U4U LOOP]  MP Steam PRDS SHP                   34264.76      34268.95      34325.34     0.0122%
15:17:16  INFO        [U4U LOOP]  MP Steam_Dis                        34268.95      34325.34      21785.86     0.1643%
15:17:16  INFO        [U4U LOOP]  NITROGEN_ASU                     13282068.62   13282109.68     535423.16     0.0003%
15:17:16  INFO        [U4U LOOP]  Oxygen                              38907.00      38907.00          0.00     0.0000%
15:17:16  INFO        [U4U LOOP]  PROCESS FEED WATER                  31711.00      31711.00          0.00     0.0000%
15:17:16  INFO        [U4U LOOP]  Power_Dis                          133273.42     133279.28      50412.35     0.0044%
15:17:16  INFO        [U4U LOOP]  SHP Steam_Dis                      377310.05     377360.40      17576.15     0.0133%
15:17:16  INFO        [U4U LOOP]  Utility Water                     1617166.02    1617167.44      88354.50     0.0001%
15:17:16  INFO      
15:17:16  INFO        [U4U LOOP]  U4U CONSUMPTION BREAKDOWN (per producer per material):
15:17:16  INFO        [U4U LOOP]  Producer                   Material Consumed              Norm      Quantity
15:17:16  INFO        [U4U LOOP]  -------------------------  -------------------------  --------  ------------
15:17:16  INFO        [U4U LOOP]  JMD - C2-GTG 1             SynGas(Unshift)            0.004368     330220.80
15:17:16  INFO        [U4U LOOP]  JMD - C2-GTG 1             COMPRESSED AIR             0.001280      96768.00
15:17:16  INFO        [U4U LOOP]  JMD - C2-GTG 1             Cooling Water              0.000007        529.20
15:17:16  INFO        [U4U LOOP]  JMD - C2-GTG 1             NITROGEN_ASU               0.001660     125496.00
15:17:16  INFO        [U4U LOOP]  JMD - C2-GTG 1             Power_Dis                  0.001350     102060.00
15:17:16  INFO        [U4U LOOP]  JMD - C2-GTG 1             Utility Water              0.000023       1738.80
15:17:16  INFO        [U4U LOOP]  JMD - C2-GTG 2             SynGas(Unshift)            0.004485     216356.40
15:17:16  INFO        [U4U LOOP]  JMD - C2-GTG 2             COMPRESSED AIR             0.001280      61747.20
15:17:16  INFO        [U4U LOOP]  JMD - C2-GTG 2             Cooling Water              0.000007        337.68
15:17:16  INFO        [U4U LOOP]  JMD - C2-GTG 2             NITROGEN_ASU               0.001660      80078.40
15:17:16  INFO        [U4U LOOP]  JMD - C2-GTG 2             Power_Dis                  0.001350      65124.00
15:17:16  INFO        [U4U LOOP]  JMD - C2-GTG 2             Utility Water              0.000023       1109.52
15:17:16  INFO        [U4U LOOP]  AUXBOIL7_SHP STEAM         SynGas(Unshift)            2.876221     441672.50
15:17:16  INFO        [U4U LOOP]  AUXBOIL7_SHP STEAM         Boiler Feed Water          1.010000     155095.60
15:17:16  INFO        [U4U LOOP]  AUXBOIL7_SHP STEAM         Power_Dis                  3.850000     591206.00
15:17:16  INFO        [U4U LOOP]  HRSG1_C2_SHP STEAM         SynGas(Unshift)            3.376244     206990.77
15:17:16  INFO        [U4U LOOP]  HRSG1_C2_SHP STEAM         Boiler Feed Water          1.160000      71117.28
15:17:16  INFO        [U4U LOOP]  HRSG1_C2_SHP STEAM         Power_Dis                  0.285000      17472.78
15:17:16  INFO        [U4U LOOP]  HRSG2_C2_SHP STEAM         SynGas(Unshift)            3.357468     307949.65
15:17:16  INFO        [U4U LOOP]  HRSG2_C2_SHP STEAM         Boiler Feed Water          1.160000     106396.13
15:17:16  INFO        [U4U LOOP]  HRSG2_C2_SHP STEAM         Power_Dis                  0.285000      26140.43
15:17:16  INFO        [U4U LOOP]  Boiler Feed Water          D M Water                  0.900000     304612.17
15:17:16  INFO        [U4U LOOP]  Boiler Feed Water          LP Steam_Dis               0.100000      33845.80
15:17:16  INFO        [U4U LOOP]  Boiler Feed Water          Power_Dis                  8.100000    2741509.50
15:17:16  INFO        [U4U LOOP]  COMPRESED AIR_ASU          Power_Dis                  0.125000      93074.74
15:17:16  INFO        [U4U LOOP]  COMPRESSED AIR             COMPRESED AIR_ASU          0.051000     744598.13
15:17:16  INFO        [U4U LOOP]  COMPRESSED AIR             COMPRESSED AIR             0.002670      38981.90
15:17:16  INFO        [U4U LOOP]  COMPRESSED AIR             Power_Dis                  0.150000    2189994.50
15:17:16  INFO        [U4U LOOP]  Cooling Water              COMPRESSED AIR             0.974741      98546.53
15:17:16  INFO        [U4U LOOP]  Cooling Water              Effluent Treated           3.800000     384180.83
15:17:16  INFO        [U4U LOOP]  Cooling Water              Power_Dis                  210.900000   21322035.93
15:17:16  INFO        [U4U LOOP]  Cooling Water              SWRO WATER                 9.400000     950342.05
15:17:16  INFO        [U4U LOOP]  D M Water                  COMPRESSED AIR             0.049180      25480.67
15:17:16  INFO        [U4U LOOP]  D M Water                  NITROGEN_ASU               0.630000     326409.54
15:17:16  INFO        [U4U LOOP]  D M Water                  Power_Dis                  0.920000     476661.55
15:17:16  INFO        [U4U LOOP]  D M Water                  SWRO WATER                 1.150000     595826.94
15:17:16  INFO        [U4U LOOP]  Effluent Treated           COMPRESSED AIR             2.209302    1306894.54
15:17:16  INFO        [U4U LOOP]  Effluent Treated           Cooling Water              0.000031         18.34
15:17:16  INFO        [U4U LOOP]  Effluent Treated           NITROGEN_ASU               0.005814       3439.22
15:17:16  INFO        [U4U LOOP]  Effluent Treated           Power_Dis                  3.200000    1892933.85
15:17:16  INFO        [U4U LOOP]  Effluent Treated           Utility Water              0.029070      17196.12
15:17:16  INFO        [U4U LOOP]  HP Steam PRDS              Boiler Feed Water          0.064000       1201.79
15:17:16  INFO        [U4U LOOP]  HP Steam PRDS              SHP Steam_Dis              0.936000      17576.15
15:17:16  INFO        [U4U LOOP]  LP Steam PRDS              Boiler Feed Water          0.055000       1213.23
15:17:16  INFO        [U4U LOOP]  LP Steam PRDS              MP Steam_Dis               0.945000      20845.52
15:17:16  INFO        [U4U LOOP]  MP Steam PRDS SHP          Boiler Feed Water          0.100000       3426.89
15:17:16  INFO        [U4U LOOP]  MP Steam PRDS SHP          HP Steam_Dis               0.900000      30842.05
15:17:16  INFO        [U4U LOOP]  NITROGEN_ASU               MP Steam_Dis               0.000021        278.92
15:17:16  INFO        [U4U LOOP]  NITROGEN_ASU               Power_Dis                  0.474260    6299173.34
15:17:16  INFO        [U4U LOOP]  NITROGEN_ASU               Ret steam condensate       -0.000011       -146.10
15:17:16  INFO        [U4U LOOP]  NITROGEN_ASU               Utility Water              0.001540      20454.45
15:17:16  INFO        [U4U LOOP]  Oxygen                     MP Steam_Dis               0.017000        661.42
15:17:16  INFO        [U4U LOOP]  Oxygen                     Power_Dis                  374.610000   14574951.27
15:17:16  INFO        [U4U LOOP]  Oxygen                     Ret steam condensate       -0.008000       -311.26
15:17:16  INFO        [U4U LOOP]  Oxygen                     Utility Water              1.230000      47855.61
15:17:16  INFO        [U4U LOOP]  PROCESS FEED WATER         D M Water                  0.900000      28539.90
15:17:16  INFO        [U4U LOOP]  PROCESS FEED WATER         LP Steam_Dis               0.100000       3171.10
15:17:16  INFO        [U4U LOOP]  PROCESS FEED WATER         Power_Dis                  0.631000      20009.64
15:17:16  INFO        [U4U LOOP]  Utility Water              COMPRESSED AIR             0.217390     351556.03
15:17:16  INFO        [U4U LOOP]  Utility Water              SWRO WATER                 1.100000    1778884.18
15:17:16  INFO        [U4U LOOP]  HP Steam_Dis               HP Steam PRDS              1.000000      18824.28
15:17:16  INFO        [U4U LOOP]  LP Steam_Dis               HRSG1_C2_LP STEAM          0.387271      23273.71
15:17:16  INFO        [U4U LOOP]  LP Steam_Dis               HRSG2_C2_LP STEAM          0.245271      14739.98
15:17:16  INFO        [U4U LOOP]  LP Steam_Dis               LP Steam PRDS              0.367458      22083.02
15:17:16  INFO        [U4U LOOP]  MP Steam_Dis               MP Steam PRDS SHP          1.000000      34325.34
15:17:16  INFO        [U4U LOOP]  SHP Steam_Dis              AUXBOIL7_SHP STEAM         0.226682      85540.81
15:17:16  INFO        [U4U LOOP]  SHP Steam_Dis              HRSG1_C2_SHP STEAM         0.473460     178665.06
15:17:16  INFO        [U4U LOOP]  SHP Steam_Dis              HRSG2_C2_SHP STEAM         0.299858     113154.54
15:17:16  INFO      
15:17:16  INFO        [U4U LOOP]  Not yet converged: 10 materials
15:17:16  INFO        [U4U LOOP]    AUXBOIL7_SHP STEAM              change=0.0133%
15:17:16  INFO        [U4U LOOP]    HP Steam PRDS                   change=0.2462%
15:17:16  INFO        [U4U LOOP]    HP Steam_Dis                    change=0.0122%
15:17:16  INFO        [U4U LOOP]    HRSG1_C2_SHP STEAM              change=0.0133%
15:17:16  INFO        [U4U LOOP]    HRSG2_C2_SHP STEAM              change=0.0133%
15:17:16  INFO        [U4U LOOP]    LP Steam PRDS                   change=0.1099%
15:17:16  INFO        [U4U LOOP]    MP Steam PRDS SHP               change=0.1643%
15:17:16  INFO        [U4U LOOP]    MP Steam_Dis                    change=0.0115%
15:17:16  INFO        [U4U LOOP]    NITROGEN_ASU                    change=0.0699%
15:17:16  INFO        [U4U LOOP]    SHP Steam_Dis                   change=0.6330%
15:17:16  INFO      
15:17:17  INFO        ==============================================================================
15:17:17  INFO        POWER DISPATCH  (April 2026)
15:17:17  INFO        ==============================================================================
15:17:17  INFO        Demand:  Process = 62526.31 MWh  |  Fixed = 62150.09 MWh  |  Total = 124676.40 MWh
15:17:17  INFO      
15:17:17  INFO        Step 1: Mandatory assets at MIN load, then optional if needed
15:17:17  INFO        Asset                      Priority   Man    Min MW    Max MW     Hours       Min MWh
15:17:17  INFO        -------------------------  --------  ----  --------  --------  --------  ------------
15:17:17  INFO        JMD - C2-GTG 1                    1     Y    104.00    105.00    720.00      74880.00
15:17:17  INFO        JMD - C2-GTG 2                    1     Y     64.00     67.00    720.00      46080.00
15:17:17  INFO        TOTAL MIN GENERATION                                                        120960.00
15:17:17  INFO      
15:17:17  INFO        ⚠ DEFICIT: MAX generation (123840.00 MWh) BELOW demand (124676.40 MWh)
15:17:17  INFO          Deficit = 836.40 MWh
15:17:17  INFO      
15:17:17  INFO        FINAL DISPATCH
15:17:17  INFO        Asset                      Priority   Dispatched MW  Dispatched MWh    Load %   Avg Load MW  FreeStm Factor   Free Steam MT       Heat Rate   Aux Power MWh
15:17:17  INFO        -------------------------  --------  --------------  --------------  --------  ------------  ------------  --------------  --------------  --------------
15:17:17  INFO        JMD - C2-GTG 1                    1          105.00        75600.00    100.0%        105.00        1.5700       118692.00         2643.00          102.06
15:17:17  INFO        JMD - C2-GTG 2                    1           67.00        48240.00    100.0%         67.00        1.8300        88279.20         3120.84           65.12
15:17:17  INFO        TOTAL                                                     123840.00                                             206971.20                          167.18
15:17:17  INFO        ==============================================================================
15:17:19  INFO      
15:17:19  INFO        SPINNING MARGIN CONFIG
15:17:19  INFO        Required margin: 250.00 TPH
15:17:19  INFO        Asset                         Max TPH     Eff Max     Reserve
15:17:19  INFO        -------------------------  ----------  ----------  ----------
15:17:19  INFO        AUXBOIL7_SHP STEAM             220.00      143.61       76.39
15:17:19  INFO        HRSG1_C2_SHP STEAM             250.00      163.19       86.81
15:17:19  INFO        HRSG2_C2_SHP STEAM             250.00      163.19       86.81
15:17:19  INFO        TOTAL RESERVED                                         250.00
15:17:19  INFO        → Margin of 250.00 TPH successfully reserved
15:17:19  INFO      
15:17:19  INFO        ==============================================================================
15:17:19  INFO        STEAM DISPATCH  (April 2026)
15:17:19  INFO        ==============================================================================
15:17:19  INFO        Grade      Process/Fixed MT  Letdown MT  Byproduct MT     Net Demand MT
15:17:19  INFO        ---------  ----------------  ----------  ------------  ----------------
15:17:19  INFO        LP                 60097.90     5762.51     -54000.00           6097.90
15:17:19  INFO        MP                 34327.86    36081.33          0.00          40090.37
15:17:19  INFO        HP                 18828.05    51395.19          0.00          54909.39
15:17:19  INFO        SHP               377249.15        0.00          0.00         428644.34
15:17:19  INFO      
15:17:19  INFO        Total Free Steam available: 206971.20 MT
15:17:19  INFO      
15:17:19  INFO        FINAL SUPPLEMENTARY FIRING DISPATCH
15:17:19  INFO        Asset                      Priority   Man     Min TPH     Max TPH     Hours  Dispatched TPH   Dispatched MT    Load %
15:17:19  INFO        -------------------------  --------  ----  ----------  ----------  --------  --------------  --------------  --------
15:17:19  INFO        AUXBOIL7_SHP STEAM                1     Y       90.00      220.00    698.00          220.00       153560.00    100.0%
15:17:19  INFO        AUXBOIL8_SHP STEAM                1     Y       90.00      220.00      0.00            0.00            0.00      0.0%
15:17:19  INFO        HRSG1_C2_SHP STEAM                1     Y        0.00       85.15    720.00           85.15        61308.00    100.0%
15:17:19  INFO        HRSG2_C2_SHP STEAM                1     Y       37.39      127.39    720.00          127.39        91720.80    100.0%
15:17:19  INFO        TOTAL SUPPLEMENTARY                                                                         306588.80          
15:17:19  INFO        TOTAL STEAM GENERATED                                                                       513560.00          
15:17:19  INFO        ✓ Steam demand fully met with surplus of 84915.66 MT
15:17:19  INFO      
15:17:19  INFO        ✓ STEAM SPINNING MARGIN OK: 287.46 TPH reserved (required: 250.00 TPH)
15:17:19  INFO        ==============================================================================
15:17:19  INFO      
15:17:19  INFO        [U4U LOOP] ==============================================================================
15:17:19  INFO        [U4U LOOP]  ITERATION 11
15:17:19  INFO        [U4U LOOP] ==============================================================================
15:17:19  INFO        [U4U LOOP]  Power:  demand=     133279.94 MWh   gen=     123840.00 MWh
15:17:19  INFO        [U4U LOOP]  Steam:  gen=     513560.00 MT
15:17:19  INFO      
15:17:19  INFO        [U4U LOOP]  Utility (ODS Material)            Old Demand    New Demand    U4U Demand    Change %
15:17:19  INFO        [U4U LOOP]  ------------------------------  ------------  ------------  ------------  ----------
15:17:19  INFO        [U4U LOOP]  AUXBOIL7_SHP STEAM                  85529.40      85540.81      85515.59     0.0133%
15:17:19  INFO        [U4U LOOP]  Boiler Feed Water                  338457.96     338450.92     338460.86     0.0021%
15:17:19  INFO        [U4U LOOP]  COMPRESED AIR_ASU                  744597.95     744598.13     744599.64     0.0000%
15:17:19  INFO        [U4U LOOP]  COMPRESSED AIR                   14599963.32   14599992.87    1979975.49     0.0002%
15:17:19  INFO        [U4U LOOP]  Cooling Water                      101100.22     101100.22        885.22     0.0000%
15:17:19  INFO        [U4U LOOP]  D M Water                          518110.38     518121.07     333145.73     0.0021%
15:17:19  INFO        [U4U LOOP]  Effluent Treated                   591541.83     591541.83     384180.83     0.0000%
15:17:19  INFO        [U4U LOOP]  HP Steam PRDS                       18777.94      18824.28      18828.05     0.2462%
15:17:19  INFO        [U4U LOOP]  HP Steam_Dis                        18824.28      18828.05      30892.81     0.0200%
15:17:19  INFO        [U4U LOOP]  HRSG1_C2_SHP STEAM                 178641.22     178665.06     178612.38     0.0133%
15:17:19  INFO        [U4U LOOP]  HRSG2_C2_SHP STEAM                 113139.44     113154.54     113121.18     0.0133%
15:17:19  INFO        [U4U LOOP]  LP Steam PRDS                       22058.75      22083.02      22083.45     0.1099%
15:17:19  INFO        [U4U LOOP]  LP Steam_Dis                        60096.71      60097.90      37016.19     0.0020%
15:17:19  INFO        [U4U LOOP]  MP Steam PRDS SHP                   34268.95      34325.34      34327.86     0.1643%
15:17:19  INFO        [U4U LOOP]  MP Steam_Dis                        34325.34      34327.86      21808.80     0.0073%
15:17:19  INFO        [U4U LOOP]  NITROGEN_ASU                     13282109.68   13282484.16     535429.90     0.0028%
15:17:19  INFO        [U4U LOOP]  Oxygen                              38907.00      38907.00          0.00     0.0000%
15:17:19  INFO        [U4U LOOP]  PROCESS FEED WATER                  31711.00      31711.00          0.00     0.0000%
15:17:19  INFO        [U4U LOOP]  Power_Dis                          133279.28     133279.94      50412.48     0.0005%
15:17:19  INFO        [U4U LOOP]  SHP Steam_Dis                      377360.40     377249.15      17619.53     0.0295%
15:17:19  INFO        [U4U LOOP]  Utility Water                     1617167.44    1617167.50      88355.08     0.0000%
15:17:19  INFO      
15:17:19  INFO        [U4U LOOP]  U4U CONSUMPTION BREAKDOWN (per producer per material):
15:17:19  INFO        [U4U LOOP]  Producer                   Material Consumed              Norm      Quantity
15:17:19  INFO        [U4U LOOP]  -------------------------  -------------------------  --------  ------------
15:17:19  INFO        [U4U LOOP]  JMD - C2-GTG 1             SynGas(Unshift)            0.004368     330220.80
15:17:19  INFO        [U4U LOOP]  JMD - C2-GTG 1             COMPRESSED AIR             0.001280      96768.00
15:17:19  INFO        [U4U LOOP]  JMD - C2-GTG 1             Cooling Water              0.000007        529.20
15:17:19  INFO        [U4U LOOP]  JMD - C2-GTG 1             NITROGEN_ASU               0.001660     125496.00
15:17:19  INFO        [U4U LOOP]  JMD - C2-GTG 1             Power_Dis                  0.001350     102060.00
15:17:19  INFO        [U4U LOOP]  JMD - C2-GTG 1             Utility Water              0.000023       1738.80
15:17:19  INFO        [U4U LOOP]  JMD - C2-GTG 2             SynGas(Unshift)            0.004485     216356.40
15:17:19  INFO        [U4U LOOP]  JMD - C2-GTG 2             COMPRESSED AIR             0.001280      61747.20
15:17:19  INFO        [U4U LOOP]  JMD - C2-GTG 2             Cooling Water              0.000007        337.68
15:17:19  INFO        [U4U LOOP]  JMD - C2-GTG 2             NITROGEN_ASU               0.001660      80078.40
15:17:19  INFO        [U4U LOOP]  JMD - C2-GTG 2             Power_Dis                  0.001350      65124.00
15:17:19  INFO        [U4U LOOP]  JMD - C2-GTG 2             Utility Water              0.000023       1109.52
15:17:19  INFO        [U4U LOOP]  AUXBOIL7_SHP STEAM         SynGas(Unshift)            2.876221     441672.50
15:17:19  INFO        [U4U LOOP]  AUXBOIL7_SHP STEAM         Boiler Feed Water          1.010000     155095.60
15:17:19  INFO        [U4U LOOP]  AUXBOIL7_SHP STEAM         Power_Dis                  3.850000     591206.00
15:17:19  INFO        [U4U LOOP]  HRSG1_C2_SHP STEAM         SynGas(Unshift)            3.376244     206990.77
15:17:19  INFO        [U4U LOOP]  HRSG1_C2_SHP STEAM         Boiler Feed Water          1.160000      71117.28
15:17:19  INFO        [U4U LOOP]  HRSG1_C2_SHP STEAM         Power_Dis                  0.285000      17472.78
15:17:19  INFO        [U4U LOOP]  HRSG2_C2_SHP STEAM         SynGas(Unshift)            3.357468     307949.65
15:17:19  INFO        [U4U LOOP]  HRSG2_C2_SHP STEAM         Boiler Feed Water          1.160000     106396.13
15:17:19  INFO        [U4U LOOP]  HRSG2_C2_SHP STEAM         Power_Dis                  0.285000      26140.43
15:17:19  INFO        [U4U LOOP]  Boiler Feed Water          D M Water                  0.900000     304605.83
15:17:19  INFO        [U4U LOOP]  Boiler Feed Water          LP Steam_Dis               0.100000      33845.09
15:17:19  INFO        [U4U LOOP]  Boiler Feed Water          Power_Dis                  8.100000    2741452.47
15:17:19  INFO        [U4U LOOP]  COMPRESED AIR_ASU          Power_Dis                  0.125000      93074.77
15:17:19  INFO        [U4U LOOP]  COMPRESSED AIR             COMPRESED AIR_ASU          0.051000     744599.64
15:17:19  INFO        [U4U LOOP]  COMPRESSED AIR             COMPRESSED AIR             0.002670      38981.98
15:17:19  INFO        [U4U LOOP]  COMPRESSED AIR             Power_Dis                  0.150000    2189998.93
15:17:19  INFO        [U4U LOOP]  Cooling Water              COMPRESSED AIR             0.974741      98546.53
15:17:19  INFO        [U4U LOOP]  Cooling Water              Effluent Treated           3.800000     384180.83
15:17:19  INFO        [U4U LOOP]  Cooling Water              Power_Dis                  210.900000   21322035.93
15:17:19  INFO        [U4U LOOP]  Cooling Water              SWRO WATER                 9.400000     950342.05
15:17:19  INFO        [U4U LOOP]  D M Water                  COMPRESSED AIR             0.049180      25481.19
15:17:19  INFO        [U4U LOOP]  D M Water                  NITROGEN_ASU               0.630000     326416.27
15:17:19  INFO        [U4U LOOP]  D M Water                  Power_Dis                  0.920000     476671.38
15:17:19  INFO        [U4U LOOP]  D M Water                  SWRO WATER                 1.150000     595839.23
15:17:19  INFO        [U4U LOOP]  Effluent Treated           COMPRESSED AIR             2.209302    1306894.54
15:17:19  INFO        [U4U LOOP]  Effluent Treated           Cooling Water              0.000031         18.34
15:17:19  INFO        [U4U LOOP]  Effluent Treated           NITROGEN_ASU               0.005814       3439.22
15:17:19  INFO        [U4U LOOP]  Effluent Treated           Power_Dis                  3.200000    1892933.85
15:17:19  INFO        [U4U LOOP]  Effluent Treated           Utility Water              0.029070      17196.12
15:17:19  INFO        [U4U LOOP]  HP Steam PRDS              Boiler Feed Water          0.064000       1204.75
15:17:19  INFO        [U4U LOOP]  HP Steam PRDS              SHP Steam_Dis              0.936000      17619.53
15:17:19  INFO        [U4U LOOP]  LP Steam PRDS              Boiler Feed Water          0.055000       1214.57
15:17:19  INFO        [U4U LOOP]  LP Steam PRDS              MP Steam_Dis               0.945000      20868.45
15:17:19  INFO        [U4U LOOP]  MP Steam PRDS SHP          Boiler Feed Water          0.100000       3432.53
15:17:19  INFO        [U4U LOOP]  MP Steam PRDS SHP          HP Steam_Dis               0.900000      30892.81
15:17:19  INFO        [U4U LOOP]  NITROGEN_ASU               MP Steam_Dis               0.000021        278.93
15:17:19  INFO        [U4U LOOP]  NITROGEN_ASU               Power_Dis                  0.474260    6299350.94
15:17:19  INFO        [U4U LOOP]  NITROGEN_ASU               Ret steam condensate       -0.000011       -146.11
15:17:19  INFO        [U4U LOOP]  NITROGEN_ASU               Utility Water              0.001540      20455.03
15:17:19  INFO        [U4U LOOP]  Oxygen                     MP Steam_Dis               0.017000        661.42
15:17:19  INFO        [U4U LOOP]  Oxygen                     Power_Dis                  374.610000   14574951.27
15:17:19  INFO        [U4U LOOP]  Oxygen                     Ret steam condensate       -0.008000       -311.26
15:17:19  INFO        [U4U LOOP]  Oxygen                     Utility Water              1.230000      47855.61
15:17:19  INFO        [U4U LOOP]  PROCESS FEED WATER         D M Water                  0.900000      28539.90
15:17:19  INFO        [U4U LOOP]  PROCESS FEED WATER         LP Steam_Dis               0.100000       3171.10
15:17:19  INFO        [U4U LOOP]  PROCESS FEED WATER         Power_Dis                  0.631000      20009.64
15:17:19  INFO        [U4U LOOP]  Utility Water              COMPRESSED AIR             0.217390     351556.04
15:17:19  INFO        [U4U LOOP]  Utility Water              SWRO WATER                 1.100000    1778884.25
15:17:19  INFO        [U4U LOOP]  HP Steam_Dis               HP Steam PRDS              1.000000      18828.05
15:17:19  INFO        [U4U LOOP]  LP Steam_Dis               HRSG1_C2_LP STEAM          0.387271      23274.17
15:17:19  INFO        [U4U LOOP]  LP Steam_Dis               HRSG2_C2_LP STEAM          0.245271      14740.27
15:17:19  INFO        [U4U LOOP]  LP Steam_Dis               LP Steam PRDS              0.367458      22083.45
15:17:19  INFO        [U4U LOOP]  MP Steam_Dis               MP Steam PRDS SHP          1.000000      34327.86
15:17:19  INFO        [U4U LOOP]  SHP Steam_Dis              AUXBOIL7_SHP STEAM         0.226682      85515.59
15:17:19  INFO        [U4U LOOP]  SHP Steam_Dis              HRSG1_C2_SHP STEAM         0.473460     178612.38
15:17:19  INFO        [U4U LOOP]  SHP Steam_Dis              HRSG2_C2_SHP STEAM         0.299858     113121.18
15:17:19  INFO      
15:17:19  INFO        [U4U LOOP]  Not yet converged: 7 materials
15:17:19  INFO        [U4U LOOP]    AUXBOIL7_SHP STEAM              change=0.0295%
15:17:19  INFO        [U4U LOOP]    HP Steam PRDS                   change=0.0200%
15:17:19  INFO        [U4U LOOP]    HP Steam_Dis                    change=0.1643%
15:17:19  INFO        [U4U LOOP]    HRSG1_C2_SHP STEAM              change=0.0295%
15:17:19  INFO        [U4U LOOP]    HRSG2_C2_SHP STEAM              change=0.0295%
15:17:19  INFO        [U4U LOOP]    MP Steam_Dis                    change=0.1052%
15:17:19  INFO        [U4U LOOP]    SHP Steam_Dis                   change=0.2462%
15:17:19  INFO      
15:17:20  INFO        ==============================================================================
15:17:20  INFO        POWER DISPATCH  (April 2026)
15:17:20  INFO        ==============================================================================
15:17:20  INFO        Demand:  Process = 62526.31 MWh  |  Fixed = 62150.23 MWh  |  Total = 124676.53 MWh
15:17:20  INFO      
15:17:20  INFO        Step 1: Mandatory assets at MIN load, then optional if needed
15:17:20  INFO        Asset                      Priority   Man    Min MW    Max MW     Hours       Min MWh
15:17:20  INFO        -------------------------  --------  ----  --------  --------  --------  ------------
15:17:20  INFO        JMD - C2-GTG 1                    1     Y    104.00    105.00    720.00      74880.00
15:17:20  INFO        JMD - C2-GTG 2                    1     Y     64.00     67.00    720.00      46080.00
15:17:20  INFO        TOTAL MIN GENERATION                                                        120960.00
15:17:20  INFO      
15:17:20  INFO        ⚠ DEFICIT: MAX generation (123840.00 MWh) BELOW demand (124676.53 MWh)
15:17:20  INFO          Deficit = 836.53 MWh
15:17:20  INFO      
15:17:20  INFO        FINAL DISPATCH
15:17:20  INFO        Asset                      Priority   Dispatched MW  Dispatched MWh    Load %   Avg Load MW  FreeStm Factor   Free Steam MT       Heat Rate   Aux Power MWh
15:17:20  INFO        -------------------------  --------  --------------  --------------  --------  ------------  ------------  --------------  --------------  --------------
15:17:20  INFO        JMD - C2-GTG 1                    1          105.00        75600.00    100.0%        105.00        1.5700       118692.00         2643.00          102.06
15:17:20  INFO        JMD - C2-GTG 2                    1           67.00        48240.00    100.0%         67.00        1.8300        88279.20         3120.84           65.12
15:17:20  INFO        TOTAL                                                     123840.00                                             206971.20                          167.18
15:17:20  INFO        ==============================================================================
15:17:21  INFO      
15:17:21  INFO        SPINNING MARGIN CONFIG
15:17:21  INFO        Required margin: 250.00 TPH
15:17:21  INFO        Asset                         Max TPH     Eff Max     Reserve
15:17:21  INFO        -------------------------  ----------  ----------  ----------
15:17:21  INFO        AUXBOIL7_SHP STEAM             220.00      143.61       76.39
15:17:21  INFO        HRSG1_C2_SHP STEAM             250.00      163.19       86.81
15:17:21  INFO        HRSG2_C2_SHP STEAM             250.00      163.19       86.81
15:17:21  INFO        TOTAL RESERVED                                         250.00
15:17:21  INFO        → Margin of 250.00 TPH successfully reserved
15:17:21  INFO      
15:17:21  INFO        ==============================================================================
15:17:21  INFO        STEAM DISPATCH  (April 2026)
15:17:21  INFO        ==============================================================================
15:17:21  INFO        Grade      Process/Fixed MT  Letdown MT  Byproduct MT     Net Demand MT
15:17:21  INFO        ---------  ----------------  ----------  ------------  ----------------
15:17:21  INFO        LP                 60097.19     5761.85     -54000.00           6097.19
15:17:21  INFO        MP                 34350.80    36101.38          0.00          40112.65
15:17:21  INFO        HP                 18878.81    51461.46          0.00          54980.19
15:17:21  INFO        SHP               377292.53        0.00          0.00         428753.99
15:17:21  INFO      
15:17:21  INFO        Total Free Steam available: 206971.20 MT
15:17:21  INFO      
15:17:21  INFO        FINAL SUPPLEMENTARY FIRING DISPATCH
15:17:21  INFO        Asset                      Priority   Man     Min TPH     Max TPH     Hours  Dispatched TPH   Dispatched MT    Load %
15:17:21  INFO        -------------------------  --------  ----  ----------  ----------  --------  --------------  --------------  --------
15:17:21  INFO        AUXBOIL7_SHP STEAM                1     Y       90.00      220.00    698.00          220.00       153560.00    100.0%
15:17:21  INFO        AUXBOIL8_SHP STEAM                1     Y       90.00      220.00      0.00            0.00            0.00      0.0%
15:17:21  INFO        HRSG1_C2_SHP STEAM                1     Y        0.00       85.15    720.00           85.15        61308.00    100.0%
15:17:21  INFO        HRSG2_C2_SHP STEAM                1     Y       37.39      127.39    720.00          127.39        91720.80    100.0%
15:17:21  INFO        TOTAL SUPPLEMENTARY                                                                         306588.80          
15:17:21  INFO        TOTAL STEAM GENERATED                                                                       513560.00          
15:17:21  INFO        ✓ Steam demand fully met with surplus of 84806.01 MT
15:17:21  INFO      
15:17:21  INFO        ✓ STEAM SPINNING MARGIN OK: 287.46 TPH reserved (required: 250.00 TPH)
15:17:21  INFO        ==============================================================================
15:17:21  INFO      
15:17:21  INFO        [U4U LOOP] ==============================================================================
15:17:21  INFO        [U4U LOOP]  ITERATION 12
15:17:21  INFO        [U4U LOOP] ==============================================================================
15:17:21  INFO        [U4U LOOP]  Power:  demand=     133280.07 MWh   gen=     123840.00 MWh
15:17:21  INFO        [U4U LOOP]  Steam:  gen=     513560.00 MT
15:17:21  INFO      
15:17:21  INFO        [U4U LOOP]  Utility (ODS Material)            Old Demand    New Demand    U4U Demand    Change %
15:17:21  INFO        [U4U LOOP]  ------------------------------  ------------  ------------  ------------  ----------
15:17:21  INFO        [U4U LOOP]  AUXBOIL7_SHP STEAM                  85540.81      85515.59      85525.42     0.0295%
15:17:21  INFO        [U4U LOOP]  Boiler Feed Water                  338450.92     338460.86     338461.38     0.0029%
15:17:21  INFO        [U4U LOOP]  COMPRESED AIR_ASU                  744598.13     744599.64     744599.67     0.0002%
15:17:21  INFO        [U4U LOOP]  COMPRESSED AIR                   14599992.87   14599993.49    1979975.30     0.0000%
15:17:21  INFO        [U4U LOOP]  Cooling Water                      101100.22     101100.22        885.22     0.0000%
15:17:21  INFO        [U4U LOOP]  D M Water                          518121.07     518114.73     333154.68     0.0012%
15:17:21  INFO        [U4U LOOP]  Effluent Treated                   591541.83     591541.83     384180.83     0.0000%
15:17:21  INFO        [U4U LOOP]  HP Steam PRDS                       18824.28      18828.05      18878.81     0.0200%
15:17:21  INFO        [U4U LOOP]  HP Steam_Dis                        18828.05      18878.81      30895.07     0.2688%
15:17:21  INFO        [U4U LOOP]  HRSG1_C2_SHP STEAM                 178665.06     178612.38     178632.92     0.0295%
15:17:21  INFO        [U4U LOOP]  HRSG2_C2_SHP STEAM                 113154.54     113121.18     113134.18     0.0295%
15:17:21  INFO        [U4U LOOP]  LP Steam PRDS                       22083.02      22083.45      22083.19     0.0020%
15:17:21  INFO        [U4U LOOP]  LP Steam_Dis                        60097.90      60097.19      37017.19     0.0012%
15:17:21  INFO        [U4U LOOP]  MP Steam PRDS SHP                   34325.34      34327.86      34350.80     0.0073%
15:17:21  INFO        [U4U LOOP]  MP Steam_Dis                        34327.86      34350.80      21809.21     0.0668%
15:17:21  INFO        [U4U LOOP]  NITROGEN_ASU                     13282484.16   13282490.90     535425.90     0.0001%
15:17:21  INFO        [U4U LOOP]  Oxygen                              38907.00      38907.00          0.00     0.0000%
15:17:21  INFO        [U4U LOOP]  PROCESS FEED WATER                  31711.00      31711.00          0.00     0.0000%
15:17:21  INFO        [U4U LOOP]  Power_Dis                          133279.94     133280.07      50412.56     0.0001%
15:17:21  INFO        [U4U LOOP]  SHP Steam_Dis                      377249.15     377292.53      17623.06     0.0115%
15:17:21  INFO        [U4U LOOP]  Utility Water                     1617167.50    1617168.08      88355.09     0.0000%
15:17:21  INFO      
15:17:21  INFO        [U4U LOOP]  U4U CONSUMPTION BREAKDOWN (per producer per material):
15:17:21  INFO        [U4U LOOP]  Producer                   Material Consumed              Norm      Quantity
15:17:21  INFO        [U4U LOOP]  -------------------------  -------------------------  --------  ------------
15:17:21  INFO        [U4U LOOP]  JMD - C2-GTG 1             SynGas(Unshift)            0.004368     330220.80
15:17:21  INFO        [U4U LOOP]  JMD - C2-GTG 1             COMPRESSED AIR             0.001280      96768.00
15:17:21  INFO        [U4U LOOP]  JMD - C2-GTG 1             Cooling Water              0.000007        529.20
15:17:21  INFO        [U4U LOOP]  JMD - C2-GTG 1             NITROGEN_ASU               0.001660     125496.00
15:17:21  INFO        [U4U LOOP]  JMD - C2-GTG 1             Power_Dis                  0.001350     102060.00
15:17:21  INFO        [U4U LOOP]  JMD - C2-GTG 1             Utility Water              0.000023       1738.80
15:17:21  INFO        [U4U LOOP]  JMD - C2-GTG 2             SynGas(Unshift)            0.004485     216356.40
15:17:21  INFO        [U4U LOOP]  JMD - C2-GTG 2             COMPRESSED AIR             0.001280      61747.20
15:17:21  INFO        [U4U LOOP]  JMD - C2-GTG 2             Cooling Water              0.000007        337.68
15:17:21  INFO        [U4U LOOP]  JMD - C2-GTG 2             NITROGEN_ASU               0.001660      80078.40
15:17:21  INFO        [U4U LOOP]  JMD - C2-GTG 2             Power_Dis                  0.001350      65124.00
15:17:21  INFO        [U4U LOOP]  JMD - C2-GTG 2             Utility Water              0.000023       1109.52
15:17:21  INFO        [U4U LOOP]  AUXBOIL7_SHP STEAM         SynGas(Unshift)            2.876221     441672.50
15:17:21  INFO        [U4U LOOP]  AUXBOIL7_SHP STEAM         Boiler Feed Water          1.010000     155095.60
15:17:21  INFO        [U4U LOOP]  AUXBOIL7_SHP STEAM         Power_Dis                  3.850000     591206.00
15:17:21  INFO        [U4U LOOP]  HRSG1_C2_SHP STEAM         SynGas(Unshift)            3.376244     206990.77
15:17:21  INFO        [U4U LOOP]  HRSG1_C2_SHP STEAM         Boiler Feed Water          1.160000      71117.28
15:17:21  INFO        [U4U LOOP]  HRSG1_C2_SHP STEAM         Power_Dis                  0.285000      17472.78
15:17:21  INFO        [U4U LOOP]  HRSG2_C2_SHP STEAM         SynGas(Unshift)            3.357468     307949.65
15:17:21  INFO        [U4U LOOP]  HRSG2_C2_SHP STEAM         Boiler Feed Water          1.160000     106396.13
15:17:21  INFO        [U4U LOOP]  HRSG2_C2_SHP STEAM         Power_Dis                  0.285000      26140.43
15:17:21  INFO        [U4U LOOP]  Boiler Feed Water          D M Water                  0.900000     304614.78
15:17:21  INFO        [U4U LOOP]  Boiler Feed Water          LP Steam_Dis               0.100000      33846.09
15:17:21  INFO        [U4U LOOP]  Boiler Feed Water          Power_Dis                  8.100000    2741532.98
15:17:21  INFO        [U4U LOOP]  COMPRESED AIR_ASU          Power_Dis                  0.125000      93074.95
15:17:21  INFO        [U4U LOOP]  COMPRESSED AIR             COMPRESED AIR_ASU          0.051000     744599.67
15:17:21  INFO        [U4U LOOP]  COMPRESSED AIR             COMPRESSED AIR             0.002670      38981.98
15:17:21  INFO        [U4U LOOP]  COMPRESSED AIR             Power_Dis                  0.150000    2189999.02
15:17:21  INFO        [U4U LOOP]  Cooling Water              COMPRESSED AIR             0.974741      98546.53
15:17:21  INFO        [U4U LOOP]  Cooling Water              Effluent Treated           3.800000     384180.83
15:17:21  INFO        [U4U LOOP]  Cooling Water              Power_Dis                  210.900000   21322035.93
15:17:21  INFO        [U4U LOOP]  Cooling Water              SWRO WATER                 9.400000     950342.05
15:17:21  INFO        [U4U LOOP]  D M Water                  COMPRESSED AIR             0.049180      25480.88
15:17:21  INFO        [U4U LOOP]  D M Water                  NITROGEN_ASU               0.630000     326412.28
15:17:21  INFO        [U4U LOOP]  D M Water                  Power_Dis                  0.920000     476665.55
15:17:21  INFO        [U4U LOOP]  D M Water                  SWRO WATER                 1.150000     595831.94
15:17:21  INFO        [U4U LOOP]  Effluent Treated           COMPRESSED AIR             2.209302    1306894.54
15:17:21  INFO        [U4U LOOP]  Effluent Treated           Cooling Water              0.000031         18.34
15:17:21  INFO        [U4U LOOP]  Effluent Treated           NITROGEN_ASU               0.005814       3439.22
15:17:21  INFO        [U4U LOOP]  Effluent Treated           Power_Dis                  3.200000    1892933.85
15:17:21  INFO        [U4U LOOP]  Effluent Treated           Utility Water              0.029070      17196.12
15:17:21  INFO        [U4U LOOP]  HP Steam PRDS              Boiler Feed Water          0.064000       1205.00
15:17:21  INFO        [U4U LOOP]  HP Steam PRDS              SHP Steam_Dis              0.936000      17623.06
15:17:21  INFO        [U4U LOOP]  LP Steam PRDS              Boiler Feed Water          0.055000       1214.59
15:17:21  INFO        [U4U LOOP]  LP Steam PRDS              MP Steam_Dis               0.945000      20868.86
15:17:21  INFO        [U4U LOOP]  MP Steam PRDS SHP          Boiler Feed Water          0.100000       3432.79
15:17:21  INFO        [U4U LOOP]  MP Steam PRDS SHP          HP Steam_Dis               0.900000      30895.07
15:17:21  INFO        [U4U LOOP]  NITROGEN_ASU               MP Steam_Dis               0.000021        278.93
15:17:21  INFO        [U4U LOOP]  NITROGEN_ASU               Power_Dis                  0.474260    6299354.13
15:17:21  INFO        [U4U LOOP]  NITROGEN_ASU               Ret steam condensate       -0.000011       -146.11
15:17:21  INFO        [U4U LOOP]  NITROGEN_ASU               Utility Water              0.001540      20455.04
15:17:21  INFO        [U4U LOOP]  Oxygen                     MP Steam_Dis               0.017000        661.42
15:17:21  INFO        [U4U LOOP]  Oxygen                     Power_Dis                  374.610000   14574951.27
15:17:21  INFO        [U4U LOOP]  Oxygen                     Ret steam condensate       -0.008000       -311.26
15:17:21  INFO        [U4U LOOP]  Oxygen                     Utility Water              1.230000      47855.61
15:17:21  INFO        [U4U LOOP]  PROCESS FEED WATER         D M Water                  0.900000      28539.90
15:17:21  INFO        [U4U LOOP]  PROCESS FEED WATER         LP Steam_Dis               0.100000       3171.10
15:17:21  INFO        [U4U LOOP]  PROCESS FEED WATER         Power_Dis                  0.631000      20009.64
15:17:21  INFO        [U4U LOOP]  Utility Water              COMPRESSED AIR             0.217390     351556.17
15:17:21  INFO        [U4U LOOP]  Utility Water              SWRO WATER                 1.100000    1778884.88
15:17:21  INFO        [U4U LOOP]  HP Steam_Dis               HP Steam PRDS              1.000000      18878.81
15:17:21  INFO        [U4U LOOP]  LP Steam_Dis               HRSG1_C2_LP STEAM          0.387271      23273.90
15:17:21  INFO        [U4U LOOP]  LP Steam_Dis               HRSG2_C2_LP STEAM          0.245271      14740.10
15:17:21  INFO        [U4U LOOP]  LP Steam_Dis               LP Steam PRDS              0.367458      22083.19
15:17:21  INFO        [U4U LOOP]  MP Steam_Dis               MP Steam PRDS SHP          1.000000      34350.80
15:17:21  INFO        [U4U LOOP]  SHP Steam_Dis              AUXBOIL7_SHP STEAM         0.226682      85525.42
15:17:21  INFO        [U4U LOOP]  SHP Steam_Dis              HRSG1_C2_SHP STEAM         0.473460     178632.92
15:17:21  INFO        [U4U LOOP]  SHP Steam_Dis              HRSG2_C2_SHP STEAM         0.299858     113134.18
15:17:21  INFO      
15:17:21  INFO        [U4U LOOP]  Not yet converged: 6 materials
15:17:21  INFO        [U4U LOOP]    AUXBOIL7_SHP STEAM              change=0.0115%
15:17:21  INFO        [U4U LOOP]    HP Steam PRDS                   change=0.2688%
15:17:21  INFO        [U4U LOOP]    HRSG1_C2_SHP STEAM              change=0.0115%
15:17:21  INFO        [U4U LOOP]    HRSG2_C2_SHP STEAM              change=0.0115%
15:17:21  INFO        [U4U LOOP]    MP Steam PRDS SHP               change=0.0668%
15:17:21  INFO        [U4U LOOP]    SHP Steam_Dis                   change=0.0200%
15:17:21  INFO      
15:17:22  INFO        ==============================================================================
15:17:22  INFO        POWER DISPATCH  (April 2026)
15:17:22  INFO        ==============================================================================
15:17:22  INFO        Demand:  Process = 62526.31 MWh  |  Fixed = 62150.30 MWh  |  Total = 124676.61 MWh
15:17:22  INFO      
15:17:22  INFO        Step 1: Mandatory assets at MIN load, then optional if needed
15:17:22  INFO        Asset                      Priority   Man    Min MW    Max MW     Hours       Min MWh
15:17:22  INFO        -------------------------  --------  ----  --------  --------  --------  ------------
15:17:22  INFO        JMD - C2-GTG 1                    1     Y    104.00    105.00    720.00      74880.00
15:17:22  INFO        JMD - C2-GTG 2                    1     Y     64.00     67.00    720.00      46080.00
15:17:22  INFO        TOTAL MIN GENERATION                                                        120960.00
15:17:22  INFO      
15:17:22  INFO        ⚠ DEFICIT: MAX generation (123840.00 MWh) BELOW demand (124676.61 MWh)
15:17:22  INFO          Deficit = 836.61 MWh
15:17:22  INFO      
15:17:22  INFO        FINAL DISPATCH
15:17:22  INFO        Asset                      Priority   Dispatched MW  Dispatched MWh    Load %   Avg Load MW  FreeStm Factor   Free Steam MT       Heat Rate   Aux Power MWh
15:17:22  INFO        -------------------------  --------  --------------  --------------  --------  ------------  ------------  --------------  --------------  --------------
15:17:22  INFO        JMD - C2-GTG 1                    1          105.00        75600.00    100.0%        105.00        1.5700       118692.00         2643.00          102.06
15:17:22  INFO        JMD - C2-GTG 2                    1           67.00        48240.00    100.0%         67.00        1.8300        88279.20         3120.84           65.12
15:17:22  INFO        TOTAL                                                     123840.00                                             206971.20                          167.18
15:17:22  INFO        ==============================================================================
15:17:23  INFO      
15:17:23  INFO        SPINNING MARGIN CONFIG
15:17:23  INFO        Required margin: 250.00 TPH
15:17:23  INFO        Asset                         Max TPH     Eff Max     Reserve
15:17:23  INFO        -------------------------  ----------  ----------  ----------
15:17:23  INFO        AUXBOIL7_SHP STEAM             220.00      143.61       76.39
15:17:23  INFO        HRSG1_C2_SHP STEAM             250.00      163.19       86.81
15:17:23  INFO        HRSG2_C2_SHP STEAM             250.00      163.19       86.81
15:17:23  INFO        TOTAL RESERVED                                         250.00
15:17:23  INFO        → Margin of 250.00 TPH successfully reserved
15:17:23  INFO      
15:17:23  INFO        ==============================================================================
15:17:23  INFO        STEAM DISPATCH  (April 2026)
15:17:23  INFO        ==============================================================================
15:17:23  INFO        Grade      Process/Fixed MT  Letdown MT  Byproduct MT     Net Demand MT
15:17:23  INFO        ---------  ----------------  ----------  ------------  ----------------
15:17:23  INFO        LP                 60098.19     5762.79     -54000.00           6098.19
15:17:23  INFO        MP                 34351.21    36102.60          0.00          40114.00
15:17:23  INFO        HP                 18881.07    51464.72          0.00          54983.67
15:17:23  INFO        SHP               377296.06        0.00          0.00         428760.78
15:17:23  INFO      
15:17:23  INFO        Total Free Steam available: 206971.20 MT
15:17:23  INFO      
15:17:23  INFO        FINAL SUPPLEMENTARY FIRING DISPATCH
15:17:23  INFO        Asset                      Priority   Man     Min TPH     Max TPH     Hours  Dispatched TPH   Dispatched MT    Load %
15:17:23  INFO        -------------------------  --------  ----  ----------  ----------  --------  --------------  --------------  --------
15:17:23  INFO        AUXBOIL7_SHP STEAM                1     Y       90.00      220.00    698.00          220.00       153560.00    100.0%
15:17:23  INFO        AUXBOIL8_SHP STEAM                1     Y       90.00      220.00      0.00            0.00            0.00      0.0%
15:17:23  INFO        HRSG1_C2_SHP STEAM                1     Y        0.00       85.15    720.00           85.15        61308.00    100.0%
15:17:23  INFO        HRSG2_C2_SHP STEAM                1     Y       37.39      127.39    720.00          127.39        91720.80    100.0%
15:17:23  INFO        TOTAL SUPPLEMENTARY                                                                         306588.80          
15:17:23  INFO        TOTAL STEAM GENERATED                                                                       513560.00          
15:17:23  INFO        ✓ Steam demand fully met with surplus of 84799.22 MT
15:17:23  INFO      
15:17:23  INFO        ✓ STEAM SPINNING MARGIN OK: 287.46 TPH reserved (required: 250.00 TPH)
15:17:23  INFO        ==============================================================================
15:17:23  INFO      
15:17:23  INFO        [U4U LOOP] ==============================================================================
15:17:23  INFO        [U4U LOOP]  ITERATION 13
15:17:23  INFO        [U4U LOOP] ==============================================================================
15:17:23  INFO        [U4U LOOP]  Power:  demand=     133280.15 MWh   gen=     123840.00 MWh
15:17:23  INFO        [U4U LOOP]  Steam:  gen=     513560.00 MT
15:17:23  INFO      
15:17:23  INFO        [U4U LOOP]  Utility (ODS Material)            Old Demand    New Demand    U4U Demand    Change %
15:17:23  INFO        [U4U LOOP]  ------------------------------  ------------  ------------  ------------  ----------
15:17:23  INFO        [U4U LOOP]  AUXBOIL7_SHP STEAM                  85515.59      85525.42      85526.23     0.0115%
15:17:23  INFO        [U4U LOOP]  Boiler Feed Water                  338460.86     338461.38     338466.91     0.0002%
15:17:23  INFO        [U4U LOOP]  COMPRESED AIR_ASU                  744599.64     744599.67     744599.66     0.0000%
15:17:23  INFO        [U4U LOOP]  COMPRESSED AIR                   14599993.49   14599993.30    1979975.75     0.0000%
15:17:23  INFO        [U4U LOOP]  Cooling Water                      101100.22     101100.22        885.22     0.0000%
15:17:23  INFO        [U4U LOOP]  D M Water                          518114.73     518123.68     333155.14     0.0017%
15:17:23  INFO        [U4U LOOP]  Effluent Treated                   591541.83     591541.83     384180.83     0.0000%
15:17:23  INFO        [U4U LOOP]  HP Steam PRDS                       18828.05      18878.81      18881.07     0.2688%
15:17:23  INFO        [U4U LOOP]  HP Steam_Dis                        18878.81      18881.07      30915.72     0.0120%
15:17:23  INFO        [U4U LOOP]  HRSG1_C2_SHP STEAM                 178612.38     178632.92     178634.59     0.0115%
15:17:23  INFO        [U4U LOOP]  HRSG2_C2_SHP STEAM                 113121.18     113134.18     113135.24     0.0115%
15:17:23  INFO        [U4U LOOP]  LP Steam PRDS                       22083.45      22083.19      22083.56     0.0012%
15:17:23  INFO        [U4U LOOP]  LP Steam_Dis                        60097.19      60098.19      37017.24     0.0017%
15:17:23  INFO        [U4U LOOP]  MP Steam PRDS SHP                   34327.86      34350.80      34351.21     0.0668%
15:17:23  INFO        [U4U LOOP]  MP Steam_Dis                        34350.80      34351.21      21808.97     0.0012%
15:17:23  INFO        [U4U LOOP]  NITROGEN_ASU                     13282490.90   13282486.90     535431.54     0.0000%
15:17:23  INFO        [U4U LOOP]  Oxygen                              38907.00      38907.00          0.00     0.0000%
15:17:23  INFO        [U4U LOOP]  PROCESS FEED WATER                  31711.00      31711.00          0.00     0.0000%
15:17:23  INFO        [U4U LOOP]  Power_Dis                          133280.07     133280.15      50412.57     0.0001%
15:17:23  INFO        [U4U LOOP]  SHP Steam_Dis                      377292.53     377296.06      17670.57     0.0009%
15:17:23  INFO        [U4U LOOP]  Utility Water                     1617168.08    1617168.09      88355.08     0.0000%
15:17:23  INFO      
15:17:23  INFO        [U4U LOOP]  U4U CONSUMPTION BREAKDOWN (per producer per material):
15:17:23  INFO        [U4U LOOP]  Producer                   Material Consumed              Norm      Quantity
15:17:23  INFO        [U4U LOOP]  -------------------------  -------------------------  --------  ------------
15:17:23  INFO        [U4U LOOP]  JMD - C2-GTG 1             SynGas(Unshift)            0.004368     330220.80
15:17:23  INFO        [U4U LOOP]  JMD - C2-GTG 1             COMPRESSED AIR             0.001280      96768.00
15:17:23  INFO        [U4U LOOP]  JMD - C2-GTG 1             Cooling Water              0.000007        529.20
15:17:23  INFO        [U4U LOOP]  JMD - C2-GTG 1             NITROGEN_ASU               0.001660     125496.00
15:17:23  INFO        [U4U LOOP]  JMD - C2-GTG 1             Power_Dis                  0.001350     102060.00
15:17:23  INFO        [U4U LOOP]  JMD - C2-GTG 1             Utility Water              0.000023       1738.80
15:17:23  INFO        [U4U LOOP]  JMD - C2-GTG 2             SynGas(Unshift)            0.004485     216356.40
15:17:23  INFO        [U4U LOOP]  JMD - C2-GTG 2             COMPRESSED AIR             0.001280      61747.20
15:17:23  INFO        [U4U LOOP]  JMD - C2-GTG 2             Cooling Water              0.000007        337.68
15:17:23  INFO        [U4U LOOP]  JMD - C2-GTG 2             NITROGEN_ASU               0.001660      80078.40
15:17:23  INFO        [U4U LOOP]  JMD - C2-GTG 2             Power_Dis                  0.001350      65124.00
15:17:23  INFO        [U4U LOOP]  JMD - C2-GTG 2             Utility Water              0.000023       1109.52
15:17:23  INFO        [U4U LOOP]  AUXBOIL7_SHP STEAM         SynGas(Unshift)            2.876221     441672.50
15:17:23  INFO        [U4U LOOP]  AUXBOIL7_SHP STEAM         Boiler Feed Water          1.010000     155095.60
15:17:23  INFO        [U4U LOOP]  AUXBOIL7_SHP STEAM         Power_Dis                  3.850000     591206.00
15:17:23  INFO        [U4U LOOP]  HRSG1_C2_SHP STEAM         SynGas(Unshift)            3.376244     206990.77
15:17:23  INFO        [U4U LOOP]  HRSG1_C2_SHP STEAM         Boiler Feed Water          1.160000      71117.28
15:17:23  INFO        [U4U LOOP]  HRSG1_C2_SHP STEAM         Power_Dis                  0.285000      17472.78
15:17:23  INFO        [U4U LOOP]  HRSG2_C2_SHP STEAM         SynGas(Unshift)            3.357468     307949.65
15:17:23  INFO        [U4U LOOP]  HRSG2_C2_SHP STEAM         Boiler Feed Water          1.160000     106396.13
15:17:23  INFO        [U4U LOOP]  HRSG2_C2_SHP STEAM         Power_Dis                  0.285000      26140.43
15:17:23  INFO        [U4U LOOP]  Boiler Feed Water          D M Water                  0.900000     304615.24
15:17:23  INFO        [U4U LOOP]  Boiler Feed Water          LP Steam_Dis               0.100000      33846.14
15:17:23  INFO        [U4U LOOP]  Boiler Feed Water          Power_Dis                  8.100000    2741537.17
15:17:23  INFO        [U4U LOOP]  COMPRESED AIR_ASU          Power_Dis                  0.125000      93074.96
15:17:23  INFO        [U4U LOOP]  COMPRESSED AIR             COMPRESED AIR_ASU          0.051000     744599.66
15:17:23  INFO        [U4U LOOP]  COMPRESSED AIR             COMPRESSED AIR             0.002670      38981.98
15:17:23  INFO        [U4U LOOP]  COMPRESSED AIR             Power_Dis                  0.150000    2189999.00
15:17:23  INFO        [U4U LOOP]  Cooling Water              COMPRESSED AIR             0.974741      98546.53
15:17:23  INFO        [U4U LOOP]  Cooling Water              Effluent Treated           3.800000     384180.83
15:17:23  INFO        [U4U LOOP]  Cooling Water              Power_Dis                  210.900000   21322035.93
15:17:23  INFO        [U4U LOOP]  Cooling Water              SWRO WATER                 9.400000     950342.05
15:17:23  INFO        [U4U LOOP]  D M Water                  COMPRESSED AIR             0.049180      25481.32
15:17:23  INFO        [U4U LOOP]  D M Water                  NITROGEN_ASU               0.630000     326417.92
15:17:23  INFO        [U4U LOOP]  D M Water                  Power_Dis                  0.920000     476673.78
15:17:23  INFO        [U4U LOOP]  D M Water                  SWRO WATER                 1.150000     595842.23
15:17:23  INFO        [U4U LOOP]  Effluent Treated           COMPRESSED AIR             2.209302    1306894.54
15:17:23  INFO        [U4U LOOP]  Effluent Treated           Cooling Water              0.000031         18.34
15:17:23  INFO        [U4U LOOP]  Effluent Treated           NITROGEN_ASU               0.005814       3439.22
15:17:23  INFO        [U4U LOOP]  Effluent Treated           Power_Dis                  3.200000    1892933.85
15:17:23  INFO        [U4U LOOP]  Effluent Treated           Utility Water              0.029070      17196.12
15:17:23  INFO        [U4U LOOP]  HP Steam PRDS              Boiler Feed Water          0.064000       1208.24
15:17:23  INFO        [U4U LOOP]  HP Steam PRDS              SHP Steam_Dis              0.936000      17670.57
15:17:23  INFO        [U4U LOOP]  LP Steam PRDS              Boiler Feed Water          0.055000       1214.58
15:17:23  INFO        [U4U LOOP]  LP Steam PRDS              MP Steam_Dis               0.945000      20868.62
15:17:23  INFO        [U4U LOOP]  MP Steam PRDS SHP          Boiler Feed Water          0.100000       3435.08
15:17:23  INFO        [U4U LOOP]  MP Steam PRDS SHP          HP Steam_Dis               0.900000      30915.72
15:17:23  INFO        [U4U LOOP]  NITROGEN_ASU               MP Steam_Dis               0.000021        278.93
15:17:23  INFO        [U4U LOOP]  NITROGEN_ASU               Power_Dis                  0.474260    6299352.24
15:17:23  INFO        [U4U LOOP]  NITROGEN_ASU               Ret steam condensate       -0.000011       -146.11
15:17:23  INFO        [U4U LOOP]  NITROGEN_ASU               Utility Water              0.001540      20455.03
15:17:23  INFO        [U4U LOOP]  Oxygen                     MP Steam_Dis               0.017000        661.42
15:17:23  INFO        [U4U LOOP]  Oxygen                     Power_Dis                  374.610000   14574951.27
15:17:23  INFO        [U4U LOOP]  Oxygen                     Ret steam condensate       -0.008000       -311.26
15:17:23  INFO        [U4U LOOP]  Oxygen                     Utility Water              1.230000      47855.61
15:17:23  INFO        [U4U LOOP]  PROCESS FEED WATER         D M Water                  0.900000      28539.90
15:17:23  INFO        [U4U LOOP]  PROCESS FEED WATER         LP Steam_Dis               0.100000       3171.10
15:17:23  INFO        [U4U LOOP]  PROCESS FEED WATER         Power_Dis                  0.631000      20009.64
15:17:23  INFO        [U4U LOOP]  Utility Water              COMPRESSED AIR             0.217390     351556.17
15:17:23  INFO        [U4U LOOP]  Utility Water              SWRO WATER                 1.100000    1778884.90
15:17:23  INFO        [U4U LOOP]  HP Steam_Dis               HP Steam PRDS              1.000000      18881.07
15:17:23  INFO        [U4U LOOP]  LP Steam_Dis               HRSG1_C2_LP STEAM          0.387271      23274.28
15:17:23  INFO        [U4U LOOP]  LP Steam_Dis               HRSG2_C2_LP STEAM          0.245271      14740.34
15:17:23  INFO        [U4U LOOP]  LP Steam_Dis               LP Steam PRDS              0.367458      22083.56
15:17:23  INFO        [U4U LOOP]  MP Steam_Dis               MP Steam PRDS SHP          1.000000      34351.21
15:17:23  INFO        [U4U LOOP]  SHP Steam_Dis              AUXBOIL7_SHP STEAM         0.226682      85526.23
15:17:23  INFO        [U4U LOOP]  SHP Steam_Dis              HRSG1_C2_SHP STEAM         0.473460     178634.59
15:17:23  INFO        [U4U LOOP]  SHP Steam_Dis              HRSG2_C2_SHP STEAM         0.299858     113135.24
15:17:23  INFO      
15:17:23  INFO        [U4U LOOP]  Not yet converged: 3 materials
15:17:23  INFO        [U4U LOOP]    HP Steam PRDS                   change=0.0120%
15:17:23  INFO        [U4U LOOP]    HP Steam_Dis                    change=0.0668%
15:17:23  INFO        [U4U LOOP]    SHP Steam_Dis                   change=0.2688%
15:17:23  INFO      
15:17:24  INFO        ==============================================================================
15:17:24  INFO        POWER DISPATCH  (April 2026)
15:17:24  INFO        ==============================================================================
15:17:24  INFO        Demand:  Process = 62526.31 MWh  |  Fixed = 62150.31 MWh  |  Total = 124676.62 MWh
15:17:24  INFO      
15:17:24  INFO        Step 1: Mandatory assets at MIN load, then optional if needed
15:17:24  INFO        Asset                      Priority   Man    Min MW    Max MW     Hours       Min MWh
15:17:24  INFO        -------------------------  --------  ----  --------  --------  --------  ------------
15:17:24  INFO        JMD - C2-GTG 1                    1     Y    104.00    105.00    720.00      74880.00
15:17:24  INFO        JMD - C2-GTG 2                    1     Y     64.00     67.00    720.00      46080.00
15:17:24  INFO        TOTAL MIN GENERATION                                                        120960.00
15:17:24  INFO      
15:17:24  INFO        ⚠ DEFICIT: MAX generation (123840.00 MWh) BELOW demand (124676.62 MWh)
15:17:24  INFO          Deficit = 836.62 MWh
15:17:24  INFO      
15:17:24  INFO        FINAL DISPATCH
15:17:24  INFO        Asset                      Priority   Dispatched MW  Dispatched MWh    Load %   Avg Load MW  FreeStm Factor   Free Steam MT       Heat Rate   Aux Power MWh
15:17:24  INFO        -------------------------  --------  --------------  --------------  --------  ------------  ------------  --------------  --------------  --------------
15:17:24  INFO        JMD - C2-GTG 1                    1          105.00        75600.00    100.0%        105.00        1.5700       118692.00         2643.00          102.06
15:17:24  INFO        JMD - C2-GTG 2                    1           67.00        48240.00    100.0%         67.00        1.8300        88279.20         3120.84           65.12
15:17:24  INFO        TOTAL                                                     123840.00                                             206971.20                          167.18
15:17:24  INFO        ==============================================================================
15:17:25  INFO      
15:17:25  INFO        SPINNING MARGIN CONFIG
15:17:25  INFO        Required margin: 250.00 TPH
15:17:25  INFO        Asset                         Max TPH     Eff Max     Reserve
15:17:25  INFO        -------------------------  ----------  ----------  ----------
15:17:25  INFO        AUXBOIL7_SHP STEAM             220.00      143.61       76.39
15:17:25  INFO        HRSG1_C2_SHP STEAM             250.00      163.19       86.81
15:17:25  INFO        HRSG2_C2_SHP STEAM             250.00      163.19       86.81
15:17:25  INFO        TOTAL RESERVED                                         250.00
15:17:25  INFO        → Margin of 250.00 TPH successfully reserved
15:17:25  INFO      
15:17:25  INFO        ==============================================================================
15:17:25  INFO        STEAM DISPATCH  (April 2026)
15:17:25  INFO        ==============================================================================
15:17:25  INFO        Grade      Process/Fixed MT  Letdown MT  Byproduct MT     Net Demand MT
15:17:25  INFO        ---------  ----------------  ----------  ------------  ----------------
15:17:25  INFO        LP                 60098.24     5762.83     -54000.00           6098.24
15:17:25  INFO        MP                 34350.97    36102.42          0.00          40113.80
15:17:25  INFO        HP                 18901.72    51483.88          0.00          55004.15
15:17:25  INFO        SHP               377343.57        0.00          0.00         428827.45
15:17:25  INFO      
15:17:25  INFO        Total Free Steam available: 206971.20 MT
15:17:25  INFO      
15:17:25  INFO        FINAL SUPPLEMENTARY FIRING DISPATCH
15:17:25  INFO        Asset                      Priority   Man     Min TPH     Max TPH     Hours  Dispatched TPH   Dispatched MT    Load %
15:17:25  INFO        -------------------------  --------  ----  ----------  ----------  --------  --------------  --------------  --------
15:17:25  INFO        AUXBOIL7_SHP STEAM                1     Y       90.00      220.00    698.00          220.00       153560.00    100.0%
15:17:25  INFO        AUXBOIL8_SHP STEAM                1     Y       90.00      220.00      0.00            0.00            0.00      0.0%
15:17:25  INFO        HRSG1_C2_SHP STEAM                1     Y        0.00       85.15    720.00           85.15        61308.00    100.0%
15:17:25  INFO        HRSG2_C2_SHP STEAM                1     Y       37.39      127.39    720.00          127.39        91720.80    100.0%
15:17:25  INFO        TOTAL SUPPLEMENTARY                                                                         306588.80          
15:17:25  INFO        TOTAL STEAM GENERATED                                                                       513560.00          
15:17:25  INFO        ✓ Steam demand fully met with surplus of 84732.55 MT
15:17:25  INFO      
15:17:25  INFO        ✓ STEAM SPINNING MARGIN OK: 287.46 TPH reserved (required: 250.00 TPH)
15:17:25  INFO        ==============================================================================
15:17:25  INFO      
15:17:25  INFO        [U4U LOOP] ==============================================================================
15:17:25  INFO        [U4U LOOP]  ITERATION 14
15:17:25  INFO        [U4U LOOP] ==============================================================================
15:17:25  INFO        [U4U LOOP]  Power:  demand=     133280.16 MWh   gen=     123840.00 MWh
15:17:25  INFO        [U4U LOOP]  Steam:  gen=     513560.00 MT
15:17:25  INFO      
15:17:25  INFO        [U4U LOOP]  Utility (ODS Material)            Old Demand    New Demand    U4U Demand    Change %
15:17:25  INFO        [U4U LOOP]  ------------------------------  ------------  ------------  ------------  ----------
15:17:25  INFO        [U4U LOOP]  AUXBOIL7_SHP STEAM                  85525.42      85526.23      85536.99     0.0009%
15:17:25  INFO        [U4U LOOP]  Boiler Feed Water                  338461.38     338466.91     338467.11     0.0016%
15:17:25  INFO        [U4U LOOP]  COMPRESED AIR_ASU                  744599.67     744599.66     744599.68     0.0000%
15:17:25  INFO        [U4U LOOP]  COMPRESSED AIR                   14599993.30   14599993.75    1979975.77     0.0000%
15:17:25  INFO        [U4U LOOP]  Cooling Water                      101100.22     101100.22        885.22     0.0000%
15:17:25  INFO        [U4U LOOP]  D M Water                          518123.68     518124.14     333160.12     0.0001%
15:17:25  INFO        [U4U LOOP]  Effluent Treated                   591541.83     591541.83     384180.83     0.0000%
15:17:25  INFO        [U4U LOOP]  HP Steam PRDS                       18878.81      18881.07      18901.72     0.0120%
15:17:25  INFO        [U4U LOOP]  HP Steam_Dis                        18881.07      18901.72      30916.09     0.1092%
15:17:25  INFO        [U4U LOOP]  HRSG1_C2_SHP STEAM                 178632.92     178634.59     178657.08     0.0009%
15:17:25  INFO        [U4U LOOP]  HRSG2_C2_SHP STEAM                 113134.18     113135.24     113149.49     0.0009%
15:17:25  INFO        [U4U LOOP]  LP Steam PRDS                       22083.19      22083.56      22083.58     0.0017%
15:17:25  INFO        [U4U LOOP]  LP Steam_Dis                        60098.19      60098.24      37017.79     0.0001%
15:17:25  INFO        [U4U LOOP]  MP Steam PRDS SHP                   34350.80      34351.21      34350.97     0.0012%
15:17:25  INFO        [U4U LOOP]  MP Steam_Dis                        34351.21      34350.97      21809.31     0.0007%
15:17:25  INFO        [U4U LOOP]  NITROGEN_ASU                     13282486.90   13282492.54     535431.83     0.0000%
15:17:25  INFO        [U4U LOOP]  Oxygen                              38907.00      38907.00          0.00     0.0000%
15:17:25  INFO        [U4U LOOP]  PROCESS FEED WATER                  31711.00      31711.00          0.00     0.0000%
15:17:25  INFO        [U4U LOOP]  Power_Dis                          133280.15     133280.16      50412.62     0.0000%
15:17:25  INFO        [U4U LOOP]  SHP Steam_Dis                      377296.06     377343.57      17672.68     0.0126%
15:17:25  INFO        [U4U LOOP]  Utility Water                     1617168.09    1617168.08      88355.09     0.0000%
15:17:25  INFO      
15:17:25  INFO        [U4U LOOP]  U4U CONSUMPTION BREAKDOWN (per producer per material):
15:17:25  INFO        [U4U LOOP]  Producer                   Material Consumed              Norm      Quantity
15:17:25  INFO        [U4U LOOP]  -------------------------  -------------------------  --------  ------------
15:17:25  INFO        [U4U LOOP]  JMD - C2-GTG 1             SynGas(Unshift)            0.004368     330220.80
15:17:25  INFO        [U4U LOOP]  JMD - C2-GTG 1             COMPRESSED AIR             0.001280      96768.00
15:17:25  INFO        [U4U LOOP]  JMD - C2-GTG 1             Cooling Water              0.000007        529.20
15:17:25  INFO        [U4U LOOP]  JMD - C2-GTG 1             NITROGEN_ASU               0.001660     125496.00
15:17:25  INFO        [U4U LOOP]  JMD - C2-GTG 1             Power_Dis                  0.001350     102060.00
15:17:25  INFO        [U4U LOOP]  JMD - C2-GTG 1             Utility Water              0.000023       1738.80
15:17:25  INFO        [U4U LOOP]  JMD - C2-GTG 2             SynGas(Unshift)            0.004485     216356.40
15:17:25  INFO        [U4U LOOP]  JMD - C2-GTG 2             COMPRESSED AIR             0.001280      61747.20
15:17:25  INFO        [U4U LOOP]  JMD - C2-GTG 2             Cooling Water              0.000007        337.68
15:17:25  INFO        [U4U LOOP]  JMD - C2-GTG 2             NITROGEN_ASU               0.001660      80078.40
15:17:25  INFO        [U4U LOOP]  JMD - C2-GTG 2             Power_Dis                  0.001350      65124.00
15:17:25  INFO        [U4U LOOP]  JMD - C2-GTG 2             Utility Water              0.000023       1109.52
15:17:25  INFO        [U4U LOOP]  AUXBOIL7_SHP STEAM         SynGas(Unshift)            2.876221     441672.50
15:17:25  INFO        [U4U LOOP]  AUXBOIL7_SHP STEAM         Boiler Feed Water          1.010000     155095.60
15:17:25  INFO        [U4U LOOP]  AUXBOIL7_SHP STEAM         Power_Dis                  3.850000     591206.00
15:17:25  INFO        [U4U LOOP]  HRSG1_C2_SHP STEAM         SynGas(Unshift)            3.376244     206990.77
15:17:25  INFO        [U4U LOOP]  HRSG1_C2_SHP STEAM         Boiler Feed Water          1.160000      71117.28
15:17:25  INFO        [U4U LOOP]  HRSG1_C2_SHP STEAM         Power_Dis                  0.285000      17472.78
15:17:25  INFO        [U4U LOOP]  HRSG2_C2_SHP STEAM         SynGas(Unshift)            3.357468     307949.65
15:17:25  INFO        [U4U LOOP]  HRSG2_C2_SHP STEAM         Boiler Feed Water          1.160000     106396.13
15:17:25  INFO        [U4U LOOP]  HRSG2_C2_SHP STEAM         Power_Dis                  0.285000      26140.43
15:17:25  INFO        [U4U LOOP]  Boiler Feed Water          D M Water                  0.900000     304620.22
15:17:25  INFO        [U4U LOOP]  Boiler Feed Water          LP Steam_Dis               0.100000      33846.69
15:17:25  INFO        [U4U LOOP]  Boiler Feed Water          Power_Dis                  8.100000    2741581.95
15:17:25  INFO        [U4U LOOP]  COMPRESED AIR_ASU          Power_Dis                  0.125000      93074.96
15:17:25  INFO        [U4U LOOP]  COMPRESSED AIR             COMPRESED AIR_ASU          0.051000     744599.68
15:17:25  INFO        [U4U LOOP]  COMPRESSED AIR             COMPRESSED AIR             0.002670      38981.98
15:17:25  INFO        [U4U LOOP]  COMPRESSED AIR             Power_Dis                  0.150000    2189999.06
15:17:25  INFO        [U4U LOOP]  Cooling Water              COMPRESSED AIR             0.974741      98546.53
15:17:25  INFO        [U4U LOOP]  Cooling Water              Effluent Treated           3.800000     384180.83
15:17:25  INFO        [U4U LOOP]  Cooling Water              Power_Dis                  210.900000   21322035.93
15:17:25  INFO        [U4U LOOP]  Cooling Water              SWRO WATER                 9.400000     950342.05
15:17:25  INFO        [U4U LOOP]  D M Water                  COMPRESSED AIR             0.049180      25481.35
15:17:25  INFO        [U4U LOOP]  D M Water                  NITROGEN_ASU               0.630000     326418.21
15:17:25  INFO        [U4U LOOP]  D M Water                  Power_Dis                  0.920000     476674.21
15:17:25  INFO        [U4U LOOP]  D M Water                  SWRO WATER                 1.150000     595842.76
15:17:25  INFO        [U4U LOOP]  Effluent Treated           COMPRESSED AIR             2.209302    1306894.54
15:17:25  INFO        [U4U LOOP]  Effluent Treated           Cooling Water              0.000031         18.34
15:17:25  INFO        [U4U LOOP]  Effluent Treated           NITROGEN_ASU               0.005814       3439.22
15:17:25  INFO        [U4U LOOP]  Effluent Treated           Power_Dis                  3.200000    1892933.85
15:17:25  INFO        [U4U LOOP]  Effluent Treated           Utility Water              0.029070      17196.12
15:17:25  INFO        [U4U LOOP]  HP Steam PRDS              Boiler Feed Water          0.064000       1208.39
15:17:25  INFO        [U4U LOOP]  HP Steam PRDS              SHP Steam_Dis              0.936000      17672.68
15:17:25  INFO        [U4U LOOP]  LP Steam PRDS              Boiler Feed Water          0.055000       1214.60
15:17:25  INFO        [U4U LOOP]  LP Steam PRDS              MP Steam_Dis               0.945000      20868.96
15:17:25  INFO        [U4U LOOP]  MP Steam PRDS SHP          Boiler Feed Water          0.100000       3435.12
15:17:25  INFO        [U4U LOOP]  MP Steam PRDS SHP          HP Steam_Dis               0.900000      30916.09
15:17:25  INFO        [U4U LOOP]  NITROGEN_ASU               MP Steam_Dis               0.000021        278.93
15:17:25  INFO        [U4U LOOP]  NITROGEN_ASU               Power_Dis                  0.474260    6299354.91
15:17:25  INFO        [U4U LOOP]  NITROGEN_ASU               Ret steam condensate       -0.000011       -146.11
15:17:25  INFO        [U4U LOOP]  NITROGEN_ASU               Utility Water              0.001540      20455.04
15:17:25  INFO        [U4U LOOP]  Oxygen                     MP Steam_Dis               0.017000        661.42
15:17:25  INFO        [U4U LOOP]  Oxygen                     Power_Dis                  374.610000   14574951.27
15:17:25  INFO        [U4U LOOP]  Oxygen                     Ret steam condensate       -0.008000       -311.26
15:17:25  INFO        [U4U LOOP]  Oxygen                     Utility Water              1.230000      47855.61
15:17:25  INFO        [U4U LOOP]  PROCESS FEED WATER         D M Water                  0.900000      28539.90
15:17:25  INFO        [U4U LOOP]  PROCESS FEED WATER         LP Steam_Dis               0.100000       3171.10
15:17:25  INFO        [U4U LOOP]  PROCESS FEED WATER         Power_Dis                  0.631000      20009.64
15:17:25  INFO        [U4U LOOP]  Utility Water              COMPRESSED AIR             0.217390     351556.17
15:17:25  INFO        [U4U LOOP]  Utility Water              SWRO WATER                 1.100000    1778884.89
15:17:25  INFO        [U4U LOOP]  HP Steam_Dis               HP Steam PRDS              1.000000      18901.72
15:17:25  INFO        [U4U LOOP]  LP Steam_Dis               HRSG1_C2_LP STEAM          0.387271      23274.30
15:17:25  INFO        [U4U LOOP]  LP Steam_Dis               HRSG2_C2_LP STEAM          0.245271      14740.35
15:17:25  INFO        [U4U LOOP]  LP Steam_Dis               LP Steam PRDS              0.367458      22083.58
15:17:25  INFO        [U4U LOOP]  MP Steam_Dis               MP Steam PRDS SHP          1.000000      34350.97
15:17:25  INFO        [U4U LOOP]  SHP Steam_Dis              AUXBOIL7_SHP STEAM         0.226682      85536.99
15:17:25  INFO        [U4U LOOP]  SHP Steam_Dis              HRSG1_C2_SHP STEAM         0.473460     178657.08
15:17:25  INFO        [U4U LOOP]  SHP Steam_Dis              HRSG2_C2_SHP STEAM         0.299858     113149.49
15:17:25  INFO      
15:17:25  INFO        [U4U LOOP]  Not yet converged: 5 materials
15:17:25  INFO        [U4U LOOP]    AUXBOIL7_SHP STEAM              change=0.0126%
15:17:25  INFO        [U4U LOOP]    HP Steam PRDS                   change=0.1092%
15:17:25  INFO        [U4U LOOP]    HRSG1_C2_SHP STEAM              change=0.0126%
15:17:25  INFO        [U4U LOOP]    HRSG2_C2_SHP STEAM              change=0.0126%
15:17:25  INFO        [U4U LOOP]    SHP Steam_Dis                   change=0.0120%
15:17:25  INFO      
15:17:26  INFO        ==============================================================================
15:17:26  INFO        POWER DISPATCH  (April 2026)
15:17:26  INFO        ==============================================================================
15:17:26  INFO        Demand:  Process = 62526.31 MWh  |  Fixed = 62150.36 MWh  |  Total = 124676.67 MWh
15:17:26  INFO      
15:17:26  INFO        Step 1: Mandatory assets at MIN load, then optional if needed
15:17:26  INFO        Asset                      Priority   Man    Min MW    Max MW     Hours       Min MWh
15:17:26  INFO        -------------------------  --------  ----  --------  --------  --------  ------------
15:17:26  INFO        JMD - C2-GTG 1                    1     Y    104.00    105.00    720.00      74880.00
15:17:26  INFO        JMD - C2-GTG 2                    1     Y     64.00     67.00    720.00      46080.00
15:17:26  INFO        TOTAL MIN GENERATION                                                        120960.00
15:17:26  INFO      
15:17:26  INFO        ⚠ DEFICIT: MAX generation (123840.00 MWh) BELOW demand (124676.67 MWh)
15:17:26  INFO          Deficit = 836.67 MWh
15:17:26  INFO      
15:17:26  INFO        FINAL DISPATCH
15:17:26  INFO        Asset                      Priority   Dispatched MW  Dispatched MWh    Load %   Avg Load MW  FreeStm Factor   Free Steam MT       Heat Rate   Aux Power MWh
15:17:26  INFO        -------------------------  --------  --------------  --------------  --------  ------------  ------------  --------------  --------------  --------------
15:17:26  INFO        JMD - C2-GTG 1                    1          105.00        75600.00    100.0%        105.00        1.5700       118692.00         2643.00          102.06
15:17:26  INFO        JMD - C2-GTG 2                    1           67.00        48240.00    100.0%         67.00        1.8300        88279.20         3120.84           65.12
15:17:26  INFO        TOTAL                                                     123840.00                                             206971.20                          167.18
15:17:26  INFO        ==============================================================================
15:17:27  INFO      
15:17:27  INFO        SPINNING MARGIN CONFIG
15:17:27  INFO        Required margin: 250.00 TPH
15:17:27  INFO        Asset                         Max TPH     Eff Max     Reserve
15:17:27  INFO        -------------------------  ----------  ----------  ----------
15:17:27  INFO        AUXBOIL7_SHP STEAM             220.00      143.61       76.39
15:17:27  INFO        HRSG1_C2_SHP STEAM             250.00      163.19       86.81
15:17:27  INFO        HRSG2_C2_SHP STEAM             250.00      163.19       86.81
15:17:27  INFO        TOTAL RESERVED                                         250.00
15:17:27  INFO        → Margin of 250.00 TPH successfully reserved
15:17:27  INFO      
15:17:27  INFO        ==============================================================================
15:17:27  INFO        STEAM DISPATCH  (April 2026)
15:17:27  INFO        ==============================================================================
15:17:27  INFO        Grade      Process/Fixed MT  Letdown MT  Byproduct MT     Net Demand MT
15:17:27  INFO        ---------  ----------------  ----------  ------------  ----------------
15:17:27  INFO        LP                 60098.79     5763.36     -54000.00           6098.79
15:17:27  INFO        MP                 34351.31    36103.20          0.00          40114.67
15:17:27  INFO        HP                 18902.09    51484.96          0.00          55005.30
15:17:27  INFO        SHP               377345.68        0.00          0.00         428830.64
15:17:27  INFO      
15:17:27  INFO        Total Free Steam available: 206971.20 MT
15:17:27  INFO      
15:17:27  INFO        FINAL SUPPLEMENTARY FIRING DISPATCH
15:17:27  INFO        Asset                      Priority   Man     Min TPH     Max TPH     Hours  Dispatched TPH   Dispatched MT    Load %
15:17:27  INFO        -------------------------  --------  ----  ----------  ----------  --------  --------------  --------------  --------
15:17:27  INFO        AUXBOIL7_SHP STEAM                1     Y       90.00      220.00    698.00          220.00       153560.00    100.0%
15:17:27  INFO        AUXBOIL8_SHP STEAM                1     Y       90.00      220.00      0.00            0.00            0.00      0.0%
15:17:27  INFO        HRSG1_C2_SHP STEAM                1     Y        0.00       85.15    720.00           85.15        61308.00    100.0%
15:17:27  INFO        HRSG2_C2_SHP STEAM                1     Y       37.39      127.39    720.00          127.39        91720.80    100.0%
15:17:27  INFO        TOTAL SUPPLEMENTARY                                                                         306588.80          
15:17:27  INFO        TOTAL STEAM GENERATED                                                                       513560.00          
15:17:27  INFO        ✓ Steam demand fully met with surplus of 84729.36 MT
15:17:27  INFO      
15:17:27  INFO        ✓ STEAM SPINNING MARGIN OK: 287.46 TPH reserved (required: 250.00 TPH)
15:17:27  INFO        ==============================================================================
15:17:27  INFO      
15:17:27  INFO        [U4U LOOP] ==============================================================================
15:17:27  INFO        [U4U LOOP]  ITERATION 15
15:17:27  INFO        [U4U LOOP] ==============================================================================
15:17:27  INFO        [U4U LOOP]  Power:  demand=     133280.21 MWh   gen=     123840.00 MWh
15:17:27  INFO        [U4U LOOP]  Steam:  gen=     513560.00 MT
15:17:27  INFO      
15:17:27  INFO        [U4U LOOP]  Utility (ODS Material)            Old Demand    New Demand    U4U Demand    Change %
15:17:27  INFO        [U4U LOOP]  ------------------------------  ------------  ------------  ------------  ----------
15:17:27  INFO        [U4U LOOP]  AUXBOIL7_SHP STEAM                  85526.23      85536.99      85537.47     0.0126%
15:17:27  INFO        [U4U LOOP]  Boiler Feed Water                  338466.91     338467.11     338468.41     0.0001%
15:17:27  INFO        [U4U LOOP]  COMPRESED AIR_ASU                  744599.66     744599.68     744599.68     0.0000%
15:17:27  INFO        [U4U LOOP]  COMPRESSED AIR                   14599993.75   14599993.77    1979976.01     0.0000%
15:17:27  INFO        [U4U LOOP]  Cooling Water                      101100.22     101100.22        885.22     0.0000%
15:17:27  INFO        [U4U LOOP]  D M Water                          518124.14     518129.12     333160.30     0.0010%
15:17:27  INFO        [U4U LOOP]  Effluent Treated                   591541.83     591541.83     384180.83     0.0000%
15:17:27  INFO        [U4U LOOP]  HP Steam PRDS                       18881.07      18901.72      18902.09     0.1092%
15:17:27  INFO        [U4U LOOP]  HP Steam_Dis                        18901.72      18902.09      30915.87     0.0020%
15:17:27  INFO        [U4U LOOP]  HRSG1_C2_SHP STEAM                 178634.59     178657.08     178658.09     0.0126%
15:17:27  INFO        [U4U LOOP]  HRSG2_C2_SHP STEAM                 113135.24     113149.49     113150.12     0.0126%
15:17:27  INFO        [U4U LOOP]  LP Steam PRDS                       22083.56      22083.58      22083.78     0.0001%
15:17:27  INFO        [U4U LOOP]  LP Steam_Dis                        60098.24      60098.79      37017.81     0.0009%
15:17:27  INFO        [U4U LOOP]  MP Steam PRDS SHP                   34351.21      34350.97      34351.31     0.0007%
15:17:27  INFO        [U4U LOOP]  MP Steam_Dis                        34350.97      34351.31      21809.33     0.0010%
15:17:27  INFO        [U4U LOOP]  NITROGEN_ASU                     13282492.54   13282492.83     535434.97     0.0000%
15:17:27  INFO        [U4U LOOP]  Oxygen                              38907.00      38907.00          0.00     0.0000%
15:17:27  INFO        [U4U LOOP]  PROCESS FEED WATER                  31711.00      31711.00          0.00     0.0000%
15:17:27  INFO        [U4U LOOP]  Power_Dis                          133280.16     133280.21      50412.63     0.0000%
15:17:27  INFO        [U4U LOOP]  SHP Steam_Dis                      377343.57     377345.68      17692.01     0.0006%
15:17:27  INFO        [U4U LOOP]  Utility Water                     1617168.08    1617168.09      88355.09     0.0000%
15:17:27  INFO      
15:17:27  INFO        [U4U LOOP]  U4U CONSUMPTION BREAKDOWN (per producer per material):
15:17:27  INFO        [U4U LOOP]  Producer                   Material Consumed              Norm      Quantity
15:17:27  INFO        [U4U LOOP]  -------------------------  -------------------------  --------  ------------
15:17:27  INFO        [U4U LOOP]  JMD - C2-GTG 1             SynGas(Unshift)            0.004368     330220.80
15:17:27  INFO        [U4U LOOP]  JMD - C2-GTG 1             COMPRESSED AIR             0.001280      96768.00
15:17:27  INFO        [U4U LOOP]  JMD - C2-GTG 1             Cooling Water              0.000007        529.20
15:17:27  INFO        [U4U LOOP]  JMD - C2-GTG 1             NITROGEN_ASU               0.001660     125496.00
15:17:27  INFO        [U4U LOOP]  JMD - C2-GTG 1             Power_Dis                  0.001350     102060.00
15:17:27  INFO        [U4U LOOP]  JMD - C2-GTG 1             Utility Water              0.000023       1738.80
15:17:27  INFO        [U4U LOOP]  JMD - C2-GTG 2             SynGas(Unshift)            0.004485     216356.40
15:17:27  INFO        [U4U LOOP]  JMD - C2-GTG 2             COMPRESSED AIR             0.001280      61747.20
15:17:27  INFO        [U4U LOOP]  JMD - C2-GTG 2             Cooling Water              0.000007        337.68
15:17:27  INFO        [U4U LOOP]  JMD - C2-GTG 2             NITROGEN_ASU               0.001660      80078.40
15:17:27  INFO        [U4U LOOP]  JMD - C2-GTG 2             Power_Dis                  0.001350      65124.00
15:17:27  INFO        [U4U LOOP]  JMD - C2-GTG 2             Utility Water              0.000023       1109.52
15:17:27  INFO        [U4U LOOP]  AUXBOIL7_SHP STEAM         SynGas(Unshift)            2.876221     441672.50
15:17:27  INFO        [U4U LOOP]  AUXBOIL7_SHP STEAM         Boiler Feed Water          1.010000     155095.60
15:17:27  INFO        [U4U LOOP]  AUXBOIL7_SHP STEAM         Power_Dis                  3.850000     591206.00
15:17:27  INFO        [U4U LOOP]  HRSG1_C2_SHP STEAM         SynGas(Unshift)            3.376244     206990.77
15:17:27  INFO        [U4U LOOP]  HRSG1_C2_SHP STEAM         Boiler Feed Water          1.160000      71117.28
15:17:27  INFO        [U4U LOOP]  HRSG1_C2_SHP STEAM         Power_Dis                  0.285000      17472.78
15:17:27  INFO        [U4U LOOP]  HRSG2_C2_SHP STEAM         SynGas(Unshift)            3.357468     307949.65
15:17:27  INFO        [U4U LOOP]  HRSG2_C2_SHP STEAM         Boiler Feed Water          1.160000     106396.13
15:17:27  INFO        [U4U LOOP]  HRSG2_C2_SHP STEAM         Power_Dis                  0.285000      26140.43
15:17:27  INFO        [U4U LOOP]  Boiler Feed Water          D M Water                  0.900000     304620.40
15:17:27  INFO        [U4U LOOP]  Boiler Feed Water          LP Steam_Dis               0.100000      33846.71
15:17:27  INFO        [U4U LOOP]  Boiler Feed Water          Power_Dis                  8.100000    2741583.62
15:17:27  INFO        [U4U LOOP]  COMPRESED AIR_ASU          Power_Dis                  0.125000      93074.96
15:17:27  INFO        [U4U LOOP]  COMPRESSED AIR             COMPRESED AIR_ASU          0.051000     744599.68
15:17:27  INFO        [U4U LOOP]  COMPRESSED AIR             COMPRESSED AIR             0.002670      38981.98
15:17:27  INFO        [U4U LOOP]  COMPRESSED AIR             Power_Dis                  0.150000    2189999.07
15:17:27  INFO        [U4U LOOP]  Cooling Water              COMPRESSED AIR             0.974741      98546.53
15:17:27  INFO        [U4U LOOP]  Cooling Water              Effluent Treated           3.800000     384180.83
15:17:27  INFO        [U4U LOOP]  Cooling Water              Power_Dis                  210.900000   21322035.93
15:17:27  INFO        [U4U LOOP]  Cooling Water              SWRO WATER                 9.400000     950342.05
15:17:27  INFO        [U4U LOOP]  D M Water                  COMPRESSED AIR             0.049180      25481.59
15:17:27  INFO        [U4U LOOP]  D M Water                  NITROGEN_ASU               0.630000     326421.34
15:17:27  INFO        [U4U LOOP]  D M Water                  Power_Dis                  0.920000     476678.79
15:17:27  INFO        [U4U LOOP]  D M Water                  SWRO WATER                 1.150000     595848.48
15:17:27  INFO        [U4U LOOP]  Effluent Treated           COMPRESSED AIR             2.209302    1306894.54
15:17:27  INFO        [U4U LOOP]  Effluent Treated           Cooling Water              0.000031         18.34
15:17:27  INFO        [U4U LOOP]  Effluent Treated           NITROGEN_ASU               0.005814       3439.22
15:17:27  INFO        [U4U LOOP]  Effluent Treated           Power_Dis                  3.200000    1892933.85
15:17:27  INFO        [U4U LOOP]  Effluent Treated           Utility Water              0.029070      17196.12
15:17:27  INFO        [U4U LOOP]  HP Steam PRDS              Boiler Feed Water          0.064000       1209.71
15:17:27  INFO        [U4U LOOP]  HP Steam PRDS              SHP Steam_Dis              0.936000      17692.01
15:17:27  INFO        [U4U LOOP]  LP Steam PRDS              Boiler Feed Water          0.055000       1214.60
15:17:27  INFO        [U4U LOOP]  LP Steam PRDS              MP Steam_Dis               0.945000      20868.98
15:17:27  INFO        [U4U LOOP]  MP Steam PRDS SHP          Boiler Feed Water          0.100000       3435.10
15:17:27  INFO        [U4U LOOP]  MP Steam PRDS SHP          HP Steam_Dis               0.900000      30915.87
15:17:27  INFO        [U4U LOOP]  NITROGEN_ASU               MP Steam_Dis               0.000021        278.93
15:17:27  INFO        [U4U LOOP]  NITROGEN_ASU               Power_Dis                  0.474260    6299355.05
15:17:27  INFO        [U4U LOOP]  NITROGEN_ASU               Ret steam condensate       -0.000011       -146.11
15:17:27  INFO        [U4U LOOP]  NITROGEN_ASU               Utility Water              0.001540      20455.04
15:17:27  INFO        [U4U LOOP]  Oxygen                     MP Steam_Dis               0.017000        661.42
15:17:27  INFO        [U4U LOOP]  Oxygen                     Power_Dis                  374.610000   14574951.27
15:17:27  INFO        [U4U LOOP]  Oxygen                     Ret steam condensate       -0.008000       -311.26
15:17:27  INFO        [U4U LOOP]  Oxygen                     Utility Water              1.230000      47855.61
15:17:27  INFO        [U4U LOOP]  PROCESS FEED WATER         D M Water                  0.900000      28539.90
15:17:27  INFO        [U4U LOOP]  PROCESS FEED WATER         LP Steam_Dis               0.100000       3171.10
15:17:27  INFO        [U4U LOOP]  PROCESS FEED WATER         Power_Dis                  0.631000      20009.64
15:17:27  INFO        [U4U LOOP]  Utility Water              COMPRESSED AIR             0.217390     351556.17
15:17:27  INFO        [U4U LOOP]  Utility Water              SWRO WATER                 1.100000    1778884.90
15:17:27  INFO        [U4U LOOP]  HP Steam_Dis               HP Steam PRDS              1.000000      18902.09
15:17:27  INFO        [U4U LOOP]  LP Steam_Dis               HRSG1_C2_LP STEAM          0.387271      23274.52
15:17:27  INFO        [U4U LOOP]  LP Steam_Dis               HRSG2_C2_LP STEAM          0.245271      14740.49
15:17:27  INFO        [U4U LOOP]  LP Steam_Dis               LP Steam PRDS              0.367458      22083.78
15:17:27  INFO        [U4U LOOP]  MP Steam_Dis               MP Steam PRDS SHP          1.000000      34351.31
15:17:27  INFO        [U4U LOOP]  SHP Steam_Dis              AUXBOIL7_SHP STEAM         0.226682      85537.47
15:17:27  INFO        [U4U LOOP]  SHP Steam_Dis              HRSG1_C2_SHP STEAM         0.473460     178658.09
15:17:27  INFO        [U4U LOOP]  SHP Steam_Dis              HRSG2_C2_SHP STEAM         0.299858     113150.12
15:17:27  INFO      
15:17:27  INFO        [U4U LOOP]  Not yet converged: 1 materials
15:17:27  INFO        [U4U LOOP]    SHP Steam_Dis                   change=0.1092%
15:17:27  INFO      
15:17:28  INFO        ==============================================================================
15:17:28  INFO        POWER DISPATCH  (April 2026)
15:17:28  INFO        ==============================================================================
15:17:28  INFO        Demand:  Process = 62526.31 MWh  |  Fixed = 62150.37 MWh  |  Total = 124676.68 MWh
15:17:28  INFO      
15:17:28  INFO        Step 1: Mandatory assets at MIN load, then optional if needed
15:17:28  INFO        Asset                      Priority   Man    Min MW    Max MW     Hours       Min MWh
15:17:28  INFO        -------------------------  --------  ----  --------  --------  --------  ------------
15:17:28  INFO        JMD - C2-GTG 1                    1     Y    104.00    105.00    720.00      74880.00
15:17:28  INFO        JMD - C2-GTG 2                    1     Y     64.00     67.00    720.00      46080.00
15:17:28  INFO        TOTAL MIN GENERATION                                                        120960.00
15:17:28  INFO      
15:17:28  INFO        ⚠ DEFICIT: MAX generation (123840.00 MWh) BELOW demand (124676.68 MWh)
15:17:28  INFO          Deficit = 836.68 MWh
15:17:28  INFO      
15:17:28  INFO        FINAL DISPATCH
15:17:28  INFO        Asset                      Priority   Dispatched MW  Dispatched MWh    Load %   Avg Load MW  FreeStm Factor   Free Steam MT       Heat Rate   Aux Power MWh
15:17:28  INFO        -------------------------  --------  --------------  --------------  --------  ------------  ------------  --------------  --------------  --------------
15:17:28  INFO        JMD - C2-GTG 1                    1          105.00        75600.00    100.0%        105.00        1.5700       118692.00         2643.00          102.06
15:17:28  INFO        JMD - C2-GTG 2                    1           67.00        48240.00    100.0%         67.00        1.8300        88279.20         3120.84           65.12
15:17:28  INFO        TOTAL                                                     123840.00                                             206971.20                          167.18
15:17:28  INFO        ==============================================================================
15:17:28  INFO      
15:17:28  INFO        SPINNING MARGIN CONFIG
15:17:28  INFO        Required margin: 250.00 TPH
15:17:28  INFO        Asset                         Max TPH     Eff Max     Reserve
15:17:28  INFO        -------------------------  ----------  ----------  ----------
15:17:28  INFO        AUXBOIL7_SHP STEAM             220.00      143.61       76.39
15:17:28  INFO        HRSG1_C2_SHP STEAM             250.00      163.19       86.81
15:17:28  INFO        HRSG2_C2_SHP STEAM             250.00      163.19       86.81
15:17:28  INFO        TOTAL RESERVED                                         250.00
15:17:28  INFO        → Margin of 250.00 TPH successfully reserved
15:17:28  INFO      
15:17:28  INFO        ==============================================================================
15:17:28  INFO        STEAM DISPATCH  (April 2026)
15:17:28  INFO        ==============================================================================
15:17:28  INFO        Grade      Process/Fixed MT  Letdown MT  Byproduct MT     Net Demand MT
15:17:28  INFO        ---------  ----------------  ----------  ------------  ----------------
15:17:28  INFO        LP                 60098.81     5763.38     -54000.00           6098.81
15:17:28  INFO        MP                 34351.33    36103.24          0.00          40114.71
15:17:28  INFO        HP                 18901.87    51484.78          0.00          55005.11
15:17:28  INFO        SHP               377365.01        0.00          0.00         428849.80
15:17:28  INFO      
15:17:28  INFO        Total Free Steam available: 206971.20 MT
15:17:28  INFO      
15:17:28  INFO        FINAL SUPPLEMENTARY FIRING DISPATCH
15:17:28  INFO        Asset                      Priority   Man     Min TPH     Max TPH     Hours  Dispatched TPH   Dispatched MT    Load %
15:17:28  INFO        -------------------------  --------  ----  ----------  ----------  --------  --------------  --------------  --------
15:17:28  INFO        AUXBOIL7_SHP STEAM                1     Y       90.00      220.00    698.00          220.00       153560.00    100.0%
15:17:28  INFO        AUXBOIL8_SHP STEAM                1     Y       90.00      220.00      0.00            0.00            0.00      0.0%
15:17:28  INFO        HRSG1_C2_SHP STEAM                1     Y        0.00       85.15    720.00           85.15        61308.00    100.0%
15:17:28  INFO        HRSG2_C2_SHP STEAM                1     Y       37.39      127.39    720.00          127.39        91720.80    100.0%
15:17:28  INFO        TOTAL SUPPLEMENTARY                                                                         306588.80          
15:17:28  INFO        TOTAL STEAM GENERATED                                                                       513560.00          
15:17:28  INFO        ✓ Steam demand fully met with surplus of 84710.20 MT
15:17:28  INFO      
15:17:28  INFO        ✓ STEAM SPINNING MARGIN OK: 287.46 TPH reserved (required: 250.00 TPH)
15:17:28  INFO        ==============================================================================
15:17:28  INFO      
15:17:28  INFO        [U4U LOOP] ==============================================================================
15:17:28  INFO        [U4U LOOP]  ITERATION 16
15:17:28  INFO        [U4U LOOP] ==============================================================================
15:17:28  INFO        [U4U LOOP]  Power:  demand=     133280.22 MWh   gen=     123840.00 MWh
15:17:28  INFO        [U4U LOOP]  Steam:  gen=     513560.00 MT
15:17:28  INFO      
15:17:28  INFO        [U4U LOOP]  Utility (ODS Material)            Old Demand    New Demand    U4U Demand    Change %
15:17:28  INFO        [U4U LOOP]  ------------------------------  ------------  ------------  ------------  ----------
15:17:28  INFO        [U4U LOOP]  AUXBOIL7_SHP STEAM                  85536.99      85537.47      85541.86     0.0006%
15:17:28  INFO        [U4U LOOP]  Boiler Feed Water                  338467.11     338468.41     338468.48     0.0004%
15:17:28  INFO        [U4U LOOP]  COMPRESED AIR_ASU                  744599.68     744599.68     744599.69     0.0000%
15:17:28  INFO        [U4U LOOP]  COMPRESSED AIR                   14599993.77   14599994.01    1979976.02     0.0000%
15:17:28  INFO        [U4U LOOP]  Cooling Water                      101100.22     101100.22        885.22     0.0000%
15:17:28  INFO        [U4U LOOP]  D M Water                          518129.12     518129.30     333161.47     0.0000%
15:17:28  INFO        [U4U LOOP]  Effluent Treated                   591541.83     591541.83     384180.83     0.0000%
15:17:28  INFO        [U4U LOOP]  HP Steam PRDS                       18901.72      18902.09      18901.87     0.0020%
15:17:28  INFO        [U4U LOOP]  HP Steam_Dis                        18902.09      18901.87      30916.18     0.0012%
15:17:28  INFO        [U4U LOOP]  HRSG1_C2_SHP STEAM                 178657.08     178658.09     178667.24     0.0006%
15:17:28  INFO        [U4U LOOP]  HRSG2_C2_SHP STEAM                 113149.49     113150.12     113155.92     0.0006%
15:17:28  INFO        [U4U LOOP]  LP Steam PRDS                       22083.58      22083.78      22083.79     0.0009%
15:17:28  INFO        [U4U LOOP]  LP Steam_Dis                        60098.79      60098.81      37017.94     0.0000%
15:17:28  INFO        [U4U LOOP]  MP Steam PRDS SHP                   34350.97      34351.31      34351.33     0.0010%
15:17:28  INFO        [U4U LOOP]  MP Steam_Dis                        34351.31      34351.33      21809.52     0.0001%
15:17:28  INFO        [U4U LOOP]  NITROGEN_ASU                     13282492.83   13282495.97     535435.08     0.0000%
15:17:28  INFO        [U4U LOOP]  Oxygen                              38907.00      38907.00          0.00     0.0000%
15:17:28  INFO        [U4U LOOP]  PROCESS FEED WATER                  31711.00      31711.00          0.00     0.0000%
15:17:28  INFO        [U4U LOOP]  Power_Dis                          133280.21     133280.22      50412.64     0.0000%
15:17:28  INFO        [U4U LOOP]  SHP Steam_Dis                      377345.68     377365.01      17692.36     0.0051%
15:17:28  INFO        [U4U LOOP]  Utility Water                     1617168.09    1617168.09      88355.09     0.0000%
15:17:28  INFO      
15:17:28  INFO        [U4U LOOP]  U4U CONSUMPTION BREAKDOWN (per producer per material):
15:17:28  INFO        [U4U LOOP]  Producer                   Material Consumed              Norm      Quantity
15:17:28  INFO        [U4U LOOP]  -------------------------  -------------------------  --------  ------------
15:17:28  INFO        [U4U LOOP]  JMD - C2-GTG 1             SynGas(Unshift)            0.004368     330220.80
15:17:28  INFO        [U4U LOOP]  JMD - C2-GTG 1             COMPRESSED AIR             0.001280      96768.00
15:17:28  INFO        [U4U LOOP]  JMD - C2-GTG 1             Cooling Water              0.000007        529.20
15:17:28  INFO        [U4U LOOP]  JMD - C2-GTG 1             NITROGEN_ASU               0.001660     125496.00
15:17:28  INFO        [U4U LOOP]  JMD - C2-GTG 1             Power_Dis                  0.001350     102060.00
15:17:28  INFO        [U4U LOOP]  JMD - C2-GTG 1             Utility Water              0.000023       1738.80
15:17:28  INFO        [U4U LOOP]  JMD - C2-GTG 2             SynGas(Unshift)            0.004485     216356.40
15:17:28  INFO        [U4U LOOP]  JMD - C2-GTG 2             COMPRESSED AIR             0.001280      61747.20
15:17:28  INFO        [U4U LOOP]  JMD - C2-GTG 2             Cooling Water              0.000007        337.68
15:17:28  INFO        [U4U LOOP]  JMD - C2-GTG 2             NITROGEN_ASU               0.001660      80078.40
15:17:28  INFO        [U4U LOOP]  JMD - C2-GTG 2             Power_Dis                  0.001350      65124.00
15:17:28  INFO        [U4U LOOP]  JMD - C2-GTG 2             Utility Water              0.000023       1109.52
15:17:28  INFO        [U4U LOOP]  AUXBOIL7_SHP STEAM         SynGas(Unshift)            2.876221     441672.50
15:17:28  INFO        [U4U LOOP]  AUXBOIL7_SHP STEAM         Boiler Feed Water          1.010000     155095.60
15:17:28  INFO        [U4U LOOP]  AUXBOIL7_SHP STEAM         Power_Dis                  3.850000     591206.00
15:17:28  INFO        [U4U LOOP]  HRSG1_C2_SHP STEAM         SynGas(Unshift)            3.376244     206990.77
15:17:28  INFO        [U4U LOOP]  HRSG1_C2_SHP STEAM         Boiler Feed Water          1.160000      71117.28
15:17:28  INFO        [U4U LOOP]  HRSG1_C2_SHP STEAM         Power_Dis                  0.285000      17472.78
15:17:28  INFO        [U4U LOOP]  HRSG2_C2_SHP STEAM         SynGas(Unshift)            3.357468     307949.65
15:17:28  INFO        [U4U LOOP]  HRSG2_C2_SHP STEAM         Boiler Feed Water          1.160000     106396.13
15:17:28  INFO        [U4U LOOP]  HRSG2_C2_SHP STEAM         Power_Dis                  0.285000      26140.43
15:17:28  INFO        [U4U LOOP]  Boiler Feed Water          D M Water                  0.900000     304621.57
15:17:28  INFO        [U4U LOOP]  Boiler Feed Water          LP Steam_Dis               0.100000      33846.84
15:17:28  INFO        [U4U LOOP]  Boiler Feed Water          Power_Dis                  8.100000    2741594.14
15:17:28  INFO        [U4U LOOP]  COMPRESED AIR_ASU          Power_Dis                  0.125000      93074.96
15:17:28  INFO        [U4U LOOP]  COMPRESSED AIR             COMPRESED AIR_ASU          0.051000     744599.69
15:17:28  INFO        [U4U LOOP]  COMPRESSED AIR             COMPRESSED AIR             0.002670      38981.98
15:17:28  INFO        [U4U LOOP]  COMPRESSED AIR             Power_Dis                  0.150000    2189999.10
15:17:28  INFO        [U4U LOOP]  Cooling Water              COMPRESSED AIR             0.974741      98546.53
15:17:28  INFO        [U4U LOOP]  Cooling Water              Effluent Treated           3.800000     384180.83
15:17:28  INFO        [U4U LOOP]  Cooling Water              Power_Dis                  210.900000   21322035.93
15:17:28  INFO        [U4U LOOP]  Cooling Water              SWRO WATER                 9.400000     950342.05
15:17:28  INFO        [U4U LOOP]  D M Water                  COMPRESSED AIR             0.049180      25481.60
15:17:28  INFO        [U4U LOOP]  D M Water                  NITROGEN_ASU               0.630000     326421.46
15:17:28  INFO        [U4U LOOP]  D M Water                  Power_Dis                  0.920000     476678.96
15:17:28  INFO        [U4U LOOP]  D M Water                  SWRO WATER                 1.150000     595848.70
15:17:28  INFO        [U4U LOOP]  Effluent Treated           COMPRESSED AIR             2.209302    1306894.54
15:17:28  INFO        [U4U LOOP]  Effluent Treated           Cooling Water              0.000031         18.34
15:17:28  INFO        [U4U LOOP]  Effluent Treated           NITROGEN_ASU               0.005814       3439.22
15:17:28  INFO        [U4U LOOP]  Effluent Treated           Power_Dis                  3.200000    1892933.85
15:17:28  INFO        [U4U LOOP]  Effluent Treated           Utility Water              0.029070      17196.12
15:17:28  INFO        [U4U LOOP]  HP Steam PRDS              Boiler Feed Water          0.064000       1209.73
15:17:28  INFO        [U4U LOOP]  HP Steam PRDS              SHP Steam_Dis              0.936000      17692.36
15:17:28  INFO        [U4U LOOP]  LP Steam PRDS              Boiler Feed Water          0.055000       1214.61
15:17:28  INFO        [U4U LOOP]  LP Steam PRDS              MP Steam_Dis               0.945000      20869.17
15:17:28  INFO        [U4U LOOP]  MP Steam PRDS SHP          Boiler Feed Water          0.100000       3435.13
15:17:28  INFO        [U4U LOOP]  MP Steam PRDS SHP          HP Steam_Dis               0.900000      30916.18
15:17:28  INFO        [U4U LOOP]  NITROGEN_ASU               MP Steam_Dis               0.000021        278.93
15:17:28  INFO        [U4U LOOP]  NITROGEN_ASU               Power_Dis                  0.474260    6299356.54
15:17:28  INFO        [U4U LOOP]  NITROGEN_ASU               Ret steam condensate       -0.000011       -146.11
15:17:28  INFO        [U4U LOOP]  NITROGEN_ASU               Utility Water              0.001540      20455.04
15:17:28  INFO        [U4U LOOP]  Oxygen                     MP Steam_Dis               0.017000        661.42
15:17:28  INFO        [U4U LOOP]  Oxygen                     Power_Dis                  374.610000   14574951.27
15:17:28  INFO        [U4U LOOP]  Oxygen                     Ret steam condensate       -0.008000       -311.26
15:17:28  INFO        [U4U LOOP]  Oxygen                     Utility Water              1.230000      47855.61
15:17:28  INFO        [U4U LOOP]  PROCESS FEED WATER         D M Water                  0.900000      28539.90
15:17:28  INFO        [U4U LOOP]  PROCESS FEED WATER         LP Steam_Dis               0.100000       3171.10
15:17:28  INFO        [U4U LOOP]  PROCESS FEED WATER         Power_Dis                  0.631000      20009.64
15:17:28  INFO        [U4U LOOP]  Utility Water              COMPRESSED AIR             0.217390     351556.17
15:17:28  INFO        [U4U LOOP]  Utility Water              SWRO WATER                 1.100000    1778884.90
15:17:28  INFO        [U4U LOOP]  HP Steam_Dis               HP Steam PRDS              1.000000      18901.87
15:17:28  INFO        [U4U LOOP]  LP Steam_Dis               HRSG1_C2_LP STEAM          0.387271      23274.53
15:17:28  INFO        [U4U LOOP]  LP Steam_Dis               HRSG2_C2_LP STEAM          0.245271      14740.50
15:17:28  INFO        [U4U LOOP]  LP Steam_Dis               LP Steam PRDS              0.367458      22083.79
15:17:28  INFO        [U4U LOOP]  MP Steam_Dis               MP Steam PRDS SHP          1.000000      34351.33
15:17:28  INFO        [U4U LOOP]  SHP Steam_Dis              AUXBOIL7_SHP STEAM         0.226682      85541.86
15:17:28  INFO        [U4U LOOP]  SHP Steam_Dis              HRSG1_C2_SHP STEAM         0.473460     178667.24
15:17:28  INFO        [U4U LOOP]  SHP Steam_Dis              HRSG2_C2_SHP STEAM         0.299858     113155.92
15:17:28  INFO      
15:17:28  INFO        [U4U LOOP]  All materials converged within tolerance
15:17:28  INFO      
15:17:28  INFO      
15:17:28  INFO        [U4U LOOP] ✓ CONVERGED in 16 iterations
15:17:28  INFO      
15:17:28  INFO        ==============================================================================
15:17:28  INFO        U4U ITERATION LOOP — FINAL SUMMARY
15:17:28  INFO        ==============================================================================
15:17:28  INFO        Converged: ✓ YES  |  Iterations: 16
15:17:28  INFO      
15:17:28  INFO        ==============================================================================
15:17:28  INFO        EXCESS POWER & STEAM AVAILABILITY (for export)
15:17:28  INFO        ==============================================================================
15:17:28  INFO      
15:17:28  INFO        POWER BALANCE
15:17:28  INFO        Total Demand (incl U4U)              124676.68  MWh
15:17:28  INFO        GT/STG Generation                    123840.00  MWh
15:17:28  INFO        External Import Power                  8603.54  MWh
15:17:28  INFO        Total Supply (Gen+Import)            132443.54  MWh
15:17:28  INFO        Auxiliary Consumption                   167.18  MWh
15:17:28  INFO      
15:17:28  INFO        ⚠ POWER DEFICIT: 836.68 MWh (generation insufficient)
15:17:28  INFO      
15:17:28  INFO        Power Asset Dispatch Summary:
15:17:28  INFO        Asset                       Gross MWh     Aux MWh     Net MWh      Status
15:17:28  INFO        -------------------------  ----------  ----------  ----------  ----------
15:17:28  INFO        JMD - C2-GTG 1               75600.00      102.06    75497.94      AT MAX
15:17:28  INFO        JMD - C2-GTG 2               48240.00       65.12    48174.88      AT MAX
15:17:28  INFO      
15:17:28  INFO        Total Plant Capacity (max)   123840.00  MWh
15:17:28  INFO        Total Plant Min             120960.00  MWh
15:17:28  INFO        Current Generation          123840.00  MWh
15:17:28  INFO      
15:17:28  INFO        STEAM BALANCE (SHP)
15:17:28  INFO        Total SHP Demand (incl U4U)          428849.80  MT
15:17:28  INFO        Free Steam (from GT exhaust)         206971.20  MT
15:17:28  INFO        Supplementary Firing                 306588.80  MT
15:17:28  INFO        Total Steam Generation               513560.00  MT
15:17:28  INFO      
15:17:28  INFO        ╔════════════════════════════════════════════════════════════╗
15:17:28  INFO        ║  ★ EXCESS STEAM AVAILABLE FOR EXPORT:       84710.20 MT       ║
15:17:28  INFO        ║    (117.65 TPH for 720 hrs @ 100% utilization factor)        ║
15:17:28  INFO        ╚════════════════════════════════════════════════════════════╝
15:17:28  INFO      
15:17:28  INFO        Steam Asset Dispatch Summary:
15:17:28  INFO        Asset                      Dispatched MT        Max MT        Min MT      Status
15:17:28  INFO        -------------------------  ------------  ------------  ------------  ----------
15:17:28  INFO        AUXBOIL7_SHP STEAM            153560.00        220.00         90.00      AT MAX
15:17:28  INFO        AUXBOIL8_SHP STEAM                 0.00        220.00         90.00      AT MIN
15:17:28  INFO        HRSG1_C2_SHP STEAM             61308.00         85.15          0.00      AT MAX
15:17:28  INFO        HRSG2_C2_SHP STEAM             91720.80        127.39         37.39      AT MAX
15:17:28  INFO      
15:17:28  INFO        Total Steam Capacity (max)        652.54  MT
15:17:28  INFO        Total Steam Min                  217.39  MT
15:17:28  INFO        Current Supp. Generation      306588.80  MT
15:17:28  INFO      
15:17:28  INFO        ==============================================================================
15:17:28  INFO      
15:17:28  INFO        ==============================================================================
15:17:28  INFO        DEMAND vs GENERATION BALANCE TABLE
15:17:28  INFO        ==============================================================================
15:17:28  INFO        Utility                         Process         Fixed           U4U       Letdown    Total Demand      Generation         Balance
15:17:28  INFO        -------------------------  ------------  ------------  ------------  ------------  --------------  --------------  --------------
15:17:28  INFO        AUXBOIL7_SHP STEAM                 0.00          0.00      85541.86          0.00        85537.47        85537.47            0.00
15:17:28  INFO        Boiler Feed Water                  0.00          0.00     338468.48          0.00       338468.41       338468.41            0.00
15:17:28  INFO        COMPRESED AIR_ASU                  0.00          0.00     744599.69          0.00       744599.68       744599.68            0.00
15:17:28  INFO        COMPRESSED AIR              11292305.00    1327713.00    1979976.02          0.00     14599994.01     14599994.01            0.00
15:17:28  INFO        Cooling Water                  89343.00      10872.00        885.22          0.00       101100.22       101100.22            0.00
15:17:28  INFO        D M Water                     129256.00      55713.00     333161.47          0.00       518129.30       518129.30            0.00
15:17:28  INFO        Effluent Treated               75601.00     131760.00     384180.83          0.00       591541.83       591541.83            0.00
15:17:28  INFO        HP Steam_Dis                  -12252.00        238.00      30916.18      51484.78        55005.11        55005.11            0.00
15:17:28  INFO        HRSG1_C2_SHP STEAM                 0.00          0.00     178667.24          0.00       178658.09       178658.09            0.00
15:17:28  INFO        HRSG2_C2_SHP STEAM                 0.00          0.00     113155.92          0.00       113150.12       113150.12            0.00
15:17:28  INFO        LP Steam_Dis                   18336.00       4745.00      37017.94       5763.38        60098.81        60098.81            0.00
15:17:28  INFO        MP Steam_Dis                    4617.00       7925.00      21809.52      36103.24        40114.71        40114.71            0.00
15:17:28  INFO        NITROGEN_ASU                10794261.00    1952800.00     535435.08          0.00     13282495.97     13282495.97            0.00
15:17:28  INFO        Oxygen                         38907.00          0.00          0.00          0.00        38907.00        38907.00            0.00
15:17:28  INFO        PROCESS FEED WATER             31711.00          0.00          0.00          0.00        31711.00        31711.00            0.00
15:17:28  INFO        Power_Dis                      62526.31      20341.28      50412.64          0.00       133280.22       132443.54         -836.68
15:17:28  INFO        Ret steam condensate         -154158.00       1512.00          0.00          0.00      -152646.00            0.00       152646.00
15:17:28  INFO        SHP Steam_Dis                 265383.00      94290.00      17692.36          0.00       428849.80       513560.00        84710.20
15:17:28  INFO        SWRO WATER                         0.00      87646.00          0.00          0.00        87646.00            0.00       -87646.00
15:17:28  INFO        Utility Water                   5163.00    1523650.00      88355.09          0.00      1617168.09      1617168.09            0.00
15:17:28  INFO        ==============================================================================
15:17:28  INFO      
15:17:28  INFO        Utility (ODS Material)              U4U Demand    Total Demand
15:17:28  INFO        ------------------------------  --------------  --------------
15:17:28  INFO        AUXBOIL7_SHP STEAM                    85541.86        85537.47
15:17:28  INFO        Boiler Feed Water                    338468.48       338468.41
15:17:28  INFO        COMPRESED AIR_ASU                    744599.69       744599.68
15:17:28  INFO        COMPRESSED AIR                      1979976.02     14599994.01
15:17:28  INFO        Cooling Water                           885.22       101100.22
15:17:28  INFO        D M Water                            333161.47       518129.30
15:17:28  INFO        Effluent Treated                     384180.83       591541.83
15:17:28  INFO        HP Steam PRDS                         18901.87        18902.09
15:17:28  INFO        HP Steam_Dis                          30916.18        18901.87
15:17:28  INFO        HRSG1_C2_SHP STEAM                   178667.24       178658.09
15:17:28  INFO        HRSG2_C2_SHP STEAM                   113155.92       113150.12
15:17:28  INFO        LP Steam PRDS                         22083.79        22083.78
15:17:28  INFO        LP Steam_Dis                          37017.94        60098.81
15:17:28  INFO        MP Steam PRDS SHP                     34351.33        34351.31
15:17:28  INFO        MP Steam_Dis                          21809.52        34351.33
15:17:28  INFO        NITROGEN_ASU                         535435.08     13282495.97
15:17:28  INFO        Power_Dis                             50412.64       133280.22
15:17:28  INFO        SHP Steam_Dis                         17692.36       377365.01
15:17:28  INFO        Utility Water                         88355.09      1617168.09
15:17:28  INFO      
15:17:28  INFO        U4U CONSUMPTION TABLE (final iteration)
15:17:28  INFO        Utility Plant              Utility                    UOM            Gen Qty     BPC Gen Qty  Gen Diff %  Account       Material                   UOM             Norm        Quantity    BPC Quantity  Qty Diff %
15:17:28  INFO        -------------------------  -------------------------  ------  --------------  --------------  ----------  ------------  -------------------------  ------  ------------  --------------  --------------  ----------
15:17:28  INFO        JMD - C2-GTG 1             POWERGEN                   KWH        75600000.00     75215499.08       0.51%  Raw Material  SynGas(Unshift)            MMBTU       0.004368       330220.80       328541.30       0.51%
15:17:28  INFO        JMD - C2-GTG 1             POWERGEN                   KWH        75600000.00     75215499.08       0.51%  Utilities     COMPRESSED AIR             NM3         0.001280        96768.00        96268.87       0.52%
15:17:28  INFO        JMD - C2-GTG 1             POWERGEN                   KWH        75600000.00     75215499.08       0.51%  Utilities     Cooling Water              KM3         0.000007          529.20          496.39       6.61%
15:17:28  INFO        JMD - C2-GTG 1             POWERGEN                   KWH        75600000.00     75215499.08       0.51%  Utilities     NITROGEN_ASU               NM3         0.001660       125496.00       124848.69       0.52%
15:17:28  INFO        JMD - C2-GTG 1             POWERGEN                   KWH        75600000.00     75215499.08       0.51%  Utilities     Power_Dis                  KWH         0.001350       102060.00       101533.57       0.52%
15:17:28  INFO        JMD - C2-GTG 1             POWERGEN                   KWH        75600000.00     75215499.08       0.51%  Utilities     Utility Water              M3          0.000023         1738.80         1744.87      -0.35%
15:17:28  INFO        JMD - C2-GTG 2             POWERGEN                   KWH        48240000.00     47632624.30       1.28%  Raw Material  SynGas(Unshift)            MMBTU       0.004485       216356.40       213632.32       1.28%
15:17:28  INFO        JMD - C2-GTG 2             POWERGEN                   KWH        48240000.00     47632624.30       1.28%  Utilities     COMPRESSED AIR             NM3         0.001280        61747.20        60970.28       1.27%
15:17:28  INFO        JMD - C2-GTG 2             POWERGEN                   KWH        48240000.00     47632624.30       1.28%  Utilities     Cooling Water              KM3         0.000007          337.68          314.38       7.41%
15:17:28  INFO        JMD - C2-GTG 2             POWERGEN                   KWH        48240000.00     47632624.30       1.28%  Utilities     NITROGEN_ASU               NM3         0.001660        80078.40        79070.84       1.27%
15:17:28  INFO        JMD - C2-GTG 2             POWERGEN                   KWH        48240000.00     47632624.30       1.28%  Utilities     Power_Dis                  KWH         0.001350        65124.00        64304.60       1.27%
15:17:28  INFO        JMD - C2-GTG 2             POWERGEN                   KWH        48240000.00     47632624.30       1.28%  Utilities     Utility Water              M3          0.000023         1109.52         1105.09       0.40%
15:17:28  INFO        AUXBOIL7_SHP STEAM         AUXBOIL7_SHP STEAM         MT           153560.00        86180.05      78.19%  Raw Material  SynGas(Unshift)            MMBTU       2.876221       441672.50       247872.88      78.19%
15:17:28  INFO        AUXBOIL7_SHP STEAM         AUXBOIL7_SHP STEAM         MT           153560.00        86180.05      78.19%  Utilities     Boiler Feed Water          M3          1.010000       155095.60        87041.85      78.19%
15:17:28  INFO        AUXBOIL7_SHP STEAM         AUXBOIL7_SHP STEAM         MT           153560.00        86180.05      78.19%  Utilities     Power_Dis                  KWH         3.850000       591206.00       331793.20      78.19%
15:17:28  INFO        HRSG1_C2_SHP STEAM         HRSG1_C2_SHP STEAM         MT            61308.00       180000.10     -65.94%  Raw Material  SynGas(Unshift)            MMBTU       3.376244       206990.77       607724.26     -65.94%
15:17:28  INFO        HRSG1_C2_SHP STEAM         HRSG1_C2_SHP STEAM         MT            61308.00       180000.10     -65.94%  Utilities     Boiler Feed Water          M3          1.160000        71117.28       208800.13     -65.94%
15:17:28  INFO        HRSG1_C2_SHP STEAM         HRSG1_C2_SHP STEAM         MT            61308.00       180000.10     -65.94%  Utilities     Power_Dis                  KWH         0.285000        17472.78        51300.03     -65.94%
15:17:28  INFO        HRSG2_C2_SHP STEAM         HRSG2_C2_SHP STEAM         MT            91720.80       113999.85     -19.54%  Raw Material  SynGas(Unshift)            MMBTU       3.357468       307949.65       382750.85     -19.54%
15:17:28  INFO        HRSG2_C2_SHP STEAM         HRSG2_C2_SHP STEAM         MT            91720.80       113999.85     -19.54%  Utilities     Boiler Feed Water          M3          1.160000       106396.13       132239.82     -19.54%
15:17:28  INFO        HRSG2_C2_SHP STEAM         HRSG2_C2_SHP STEAM         MT            91720.80       113999.85     -19.54%  Utilities     Power_Dis                  KWH         0.285000        26140.43        32489.96     -19.54%
15:17:28  INFO        Boiler Feed Water          Boiler Feed Water          M3           338468.41       434662.43     -22.13%  Utilities     D M Water                  M3          0.900000       304621.57       391196.19     -22.13%
15:17:28  INFO        Boiler Feed Water          Boiler Feed Water          M3           338468.41       434662.43     -22.13%  Utilities     LP Steam_Dis               MT          0.100000        33846.84        43466.24     -22.13%
15:17:28  INFO        Boiler Feed Water          Boiler Feed Water          M3           338468.41       434662.43     -22.13%  Utilities     Power_Dis                  KWH         8.100000      2741594.14      3520765.68     -22.13%
15:17:28  INFO        COMPRESED AIR_ASU          COMPRESED AIR_ASU          NM3          744599.68       731759.52       1.75%  Utilities     Power_Dis                  KWH         0.125000        93074.96        91469.94       1.75%
15:17:28  INFO        COMPRESSED AIR             COMPRESSED AIR             NM3        14599994.01     14348225.29       1.75%  Utilities     COMPRESED AIR_ASU          NM3         0.051000       744599.69       731759.49       1.75%
15:17:28  INFO        COMPRESSED AIR             COMPRESSED AIR             NM3        14599994.01     14348225.29       1.75%  Utilities     COMPRESSED AIR             NM3         0.002670        38981.98        38309.76       1.75%
15:17:28  INFO        COMPRESSED AIR             COMPRESSED AIR             NM3        14599994.01     14348225.29       1.75%  Utilities     Power_Dis                  KWH         0.150000      2189999.10      2152233.79       1.75%
15:17:28  INFO        Cooling Water              Cooling Water              KM3          101100.22       105543.15      -4.21%  Utilities     COMPRESSED AIR             NM3         0.974741        98546.53       102877.24      -4.21%
15:17:28  INFO        Cooling Water              Cooling Water              KM3          101100.22       105543.15      -4.21%  Utilities     Effluent Treated           M3          3.800000       384180.83       401063.99      -4.21%
15:17:28  INFO        Cooling Water              Cooling Water              KM3          101100.22       105543.15      -4.21%  Utilities     Power_Dis                  KWH       210.900000     21322035.93     22259051.62      -4.21%
15:17:28  INFO        Cooling Water              Cooling Water              KM3          101100.22       105543.15      -4.21%  Utilities     SWRO WATER                 M3          9.400000       950342.05       992105.67      -4.21%
15:17:28  INFO        D M Water                  D M Water                  M3           518129.30       604780.60     -14.33%  Utilities     COMPRESSED AIR             NM3         0.049180        25481.60        29743.11     -14.33%
15:17:28  INFO        D M Water                  D M Water                  M3           518129.30       604780.60     -14.33%  Utilities     NITROGEN_ASU               NM3         0.630000       326421.46       381011.83     -14.33%
15:17:28  INFO        D M Water                  D M Water                  M3           518129.30       604780.60     -14.33%  Utilities     Power_Dis                  KWH         0.920000       476678.96       556398.22     -14.33%
15:17:28  INFO        D M Water                  D M Water                  M3           518129.30       604780.60     -14.33%  Utilities     SWRO WATER                 M3          1.150000       595848.70       695497.78     -14.33%
15:17:28  INFO        Effluent Treated           Effluent Treated           M3           591541.83       608424.78      -2.77%  Utilities     COMPRESSED AIR             NM3         2.209302      1306894.54      1344194.09      -2.77%
15:17:28  INFO        Effluent Treated           Effluent Treated           M3           591541.83       608424.78      -2.77%  Utilities     Cooling Water              KM3         0.000031           18.34           19.10      -3.99%
15:17:28  INFO        Effluent Treated           Effluent Treated           M3           591541.83       608424.78      -2.77%  Utilities     NITROGEN_ASU               NM3         0.005814         3439.22         3537.38      -2.77%
15:17:28  INFO        Effluent Treated           Effluent Treated           M3           591541.83       608424.78      -2.77%  Utilities     Power_Dis                  KWH         3.200000      1892933.85      1946959.31      -2.77%
15:17:28  INFO        Effluent Treated           Effluent Treated           M3           591541.83       608424.78      -2.77%  Utilities     Utility Water              M3          0.029070        17196.12        17686.91      -2.77%
15:17:28  INFO        HP Steam PRDS              HP Steam PRDS              MT            18902.09        21910.00     -13.73%  Utilities     Boiler Feed Water          M3          0.064000         1209.73         1402.24     -13.73%
15:17:28  INFO        HP Steam PRDS              HP Steam PRDS              MT            18902.09        21910.00     -13.73%  Utilities     SHP Steam_Dis              MT          0.936000        17692.36        20507.71     -13.73%
15:17:28  INFO        LP Steam PRDS              LP Steam PRDS              MT            22083.78        25618.73     -13.80%  Utilities     Boiler Feed Water          M3          0.055000         1214.61         1409.03     -13.80%
15:17:28  INFO        LP Steam PRDS              LP Steam PRDS              MT            22083.78        25618.73     -13.80%  Utilities     MP Steam_Dis               MT          0.945000        20869.17        24209.64     -13.80%
15:17:28  INFO        MP Steam PRDS SHP          MP Steam PRDS SHP          MT            34351.31        37693.60      -8.87%  Utilities     Boiler Feed Water          M3          0.100000         3435.13         3769.36      -8.87%
15:17:28  INFO        MP Steam PRDS SHP          MP Steam PRDS SHP          MT            34351.31        37693.60      -8.87%  Utilities     HP Steam_Dis               MT          0.900000        30916.18        33924.20      -8.87%
15:17:28  INFO        NITROGEN_ASU               NITROGEN_ASU               NM3        13282495.97     13335714.29      -0.40%  Utilities     MP Steam_Dis               MT          0.000021          278.93          280.05      -0.40%
15:17:28  INFO        NITROGEN_ASU               NITROGEN_ASU               NM3        13282495.97     13335714.29      -0.40%  Utilities     Power_Dis                  KWH         0.474260      6299356.54      6324508.53      -0.40%
15:17:28  INFO        NITROGEN_ASU               NITROGEN_ASU               NM3        13282495.97     13335714.29      -0.40%  Utilities     Ret steam condensate       M3         -0.000011         -146.11         -146.69      -0.40%
15:17:28  INFO        NITROGEN_ASU               NITROGEN_ASU               NM3        13282495.97     13335714.29      -0.40%  Utilities     Utility Water              M3          0.001540        20455.04        20536.72      -0.40%
15:17:28  INFO        Oxygen                     Oxygen                     MT            38907.00        38907.65      -0.00%  Utilities     MP Steam_Dis               MT          0.017000          661.42          661.43      -0.00%
15:17:28  INFO        Oxygen                     Oxygen                     MT            38907.00        38907.65      -0.00%  Utilities     Power_Dis                  KWH       374.610000     14574951.27     14575100.97      -0.00%
15:17:28  INFO        Oxygen                     Oxygen                     MT            38907.00        38907.65      -0.00%  Utilities     Ret steam condensate       M3         -0.008000         -311.26         -311.26      -0.00%
15:17:28  INFO        Oxygen                     Oxygen                     MT            38907.00        38907.65      -0.00%  Utilities     Utility Water              M3          1.230000        47855.61        47856.10      -0.00%
15:17:28  INFO        PROCESS FEED WATER         PROCESS FEED WATER         M3            31711.00        31711.18      -0.00%  Utilities     D M Water                  M3          0.900000        28539.90        28540.06      -0.00%
15:17:28  INFO        PROCESS FEED WATER         PROCESS FEED WATER         M3            31711.00        31711.18      -0.00%  Utilities     LP Steam_Dis               MT          0.100000         3171.10         3171.12      -0.00%
15:17:28  INFO        PROCESS FEED WATER         PROCESS FEED WATER         M3            31711.00        31711.18      -0.00%  Utilities     Power_Dis                  KWH         0.631000        20009.64        20009.75      -0.00%
15:17:28  INFO        Utility Water              Utility Water              M3          1617168.09       256859.88     529.59%  Utilities     COMPRESSED AIR             NM3         0.217390       351556.17        55838.77     529.59%
15:17:28  INFO        Utility Water              Utility Water              M3          1617168.09       256859.88     529.59%  Utilities     SWRO WATER                 M3          1.100000      1778884.90       282545.86     529.59%
15:17:28  INFO        HP Steam_Dis               HP Steam_Dis               MT            18901.87        21909.94     -13.73%  Utilities     HP Steam PRDS              MT          1.000000        18901.87        21909.94     -13.73%
15:17:28  INFO        LP Steam_Dis               LP Steam_Dis               MT            60098.81        69718.67     -13.80%  Utilities     HRSG1_C2_LP STEAM          MT          0.387271        23274.53        27000.02     -13.80%
15:17:28  INFO        LP Steam_Dis               LP Steam_Dis               MT            60098.81        69718.67     -13.80%  Utilities     HRSG2_C2_LP STEAM          MT          0.245271        14740.50        17099.98     -13.80%
15:17:28  INFO        LP Steam_Dis               LP Steam_Dis               MT            60098.81        69718.67     -13.80%  Utilities     LP Steam PRDS              MT          0.367458        22083.79        25618.67     -13.80%
15:17:28  INFO        MP Steam_Dis               MP Steam_Dis               MT            34351.33        37693.55      -8.87%  Utilities     MP Steam PRDS SHP          MT          1.000000        34351.33        37693.55      -8.87%
15:17:28  INFO        SHP Steam_Dis              SHP Steam_Dis              MT           377365.01       380180.38      -0.74%  Utilities     AUXBOIL7_SHP STEAM         MT          0.226682        85541.86        86180.05      -0.74%
15:17:28  INFO        SHP Steam_Dis              SHP Steam_Dis              MT           377365.01       380180.38      -0.74%  Utilities     HRSG1_C2_SHP STEAM         MT          0.473460       178667.24       180000.12      -0.74%
15:17:28  INFO        SHP Steam_Dis              SHP Steam_Dis              MT           377365.01       380180.38      -0.74%  Utilities     HRSG2_C2_SHP STEAM         MT          0.299858       113155.92       113999.85      -0.74%
15:17:28  INFO      
15:17:28  INFO        TOTAL U4U CONSUMPTION BY MATERIAL:
15:17:28  INFO        Material                             Total Qty  UOM   
15:17:28  INFO        ------------------------------  --------------  ------
15:17:28  INFO        AUXBOIL7_SHP STEAM                    85541.86  MT    
15:17:28  INFO        Boiler Feed Water                    338468.48  M3    
15:17:28  INFO        COMPRESED AIR_ASU                    744599.69  NM3   
15:17:28  INFO        COMPRESSED AIR                      1979976.02  NM3   
15:17:28  INFO        Cooling Water                           885.22  KM3   
15:17:28  INFO        D M Water                            333161.47  M3    
15:17:28  INFO        Effluent Treated                     384180.83  M3    
15:17:28  INFO        HP Steam PRDS                         18901.87  MT    
15:17:28  INFO        HP Steam_Dis                          30916.18  MT    
15:17:28  INFO        HRSG1_C2_LP STEAM                     23274.53  MT    
15:17:28  INFO        HRSG1_C2_SHP STEAM                   178667.24  MT    
15:17:28  INFO        HRSG2_C2_LP STEAM                     14740.50  MT    
15:17:28  INFO        HRSG2_C2_SHP STEAM                   113155.92  MT    
15:17:28  INFO        LP Steam PRDS                         22083.79  MT    
15:17:28  INFO        LP Steam_Dis                          37017.94  MT    
15:17:28  INFO        MP Steam PRDS SHP                     34351.33  MT    
15:17:28  INFO        MP Steam_Dis                          21809.52  MT    
15:17:28  INFO        NITROGEN_ASU                         535435.08  NM3   
15:17:28  INFO        Power_Dis                          50412637.60  KWH   
15:17:28  INFO        Ret steam condensate                   -457.36  M3    
15:17:28  INFO        SHP Steam_Dis                         17692.36  MT    
15:17:28  INFO        SWRO WATER                          3325075.64  M3    
15:17:28  INFO        SynGas(Unshift)                     1503190.11  MMBTU 
15:17:28  INFO        Utility Water                         88355.09  M3    
15:17:28  INFO      
15:17:28  INFO        GENERATION UTILITY COMPARISON SUMMARY
15:17:28  INFO        Utility Plant              UOM            Gen Qty     BPC Gen Qty  Gen Diff %     # Mat
15:17:28  INFO        -------------------------  ------  --------------  --------------  ----------  --------
15:17:28  INFO        AUXBOIL7_SHP STEAM         MT           153560.00        86180.05      78.19%         3
15:17:28  INFO        Boiler Feed Water          M3           338468.41       434662.43     -22.13%         3
15:17:28  INFO        COMPRESED AIR_ASU          NM3          744599.68       731759.52       1.75%         1
15:17:28  INFO        COMPRESSED AIR             NM3        14599994.01     14348225.29       1.75%         3
15:17:28  INFO        Cooling Water              KM3          101100.22       105543.15      -4.21%         4
15:17:28  INFO        D M Water                  M3           518129.30       604780.60     -14.33%         4
15:17:28  INFO        Effluent Treated           M3           591541.83       608424.78      -2.77%         5
15:17:28  INFO        HP Steam PRDS              MT            18902.09        21910.00     -13.73%         2
15:17:28  INFO        HP Steam_Dis               MT            18901.87        21909.94     -13.73%         1
15:17:28  INFO        HRSG1_C2_SHP STEAM         MT            61308.00       180000.10     -65.94%         3
15:17:28  INFO        HRSG2_C2_SHP STEAM         MT            91720.80       113999.85     -19.54%         3
15:17:28  INFO        JMD - C2-GTG 1             KWH        75600000.00     75215499.08       0.51%         6
15:17:28  INFO        JMD - C2-GTG 2             KWH        48240000.00     47632624.30       1.28%         6
15:17:28  INFO        LP Steam PRDS              MT            22083.78        25618.73     -13.80%         2
15:17:28  INFO        LP Steam_Dis               MT            60098.81        69718.67     -13.80%         3
15:17:28  INFO        MP Steam PRDS SHP          MT            34351.31        37693.60      -8.87%         2
15:17:28  INFO        MP Steam_Dis               MT            34351.33        37693.55      -8.87%         1
15:17:28  INFO        NITROGEN_ASU               NM3        13282495.97     13335714.29      -0.40%         4
15:17:28  INFO        Oxygen                     MT            38907.00        38907.65      -0.00%         4
15:17:28  INFO        PROCESS FEED WATER         M3            31711.00        31711.18      -0.00%         3
15:17:28  INFO        SHP Steam_Dis              MT           377365.01       380180.38      -0.74%         3
15:17:28  INFO        Utility Water              M3          1617168.09       256859.88     529.59%         2
15:17:28  INFO        ==============================================================================
15:17:28  INFO      
15:17:28  INFO        ==============================================================================
15:17:28  INFO        FINAL ASSET DISPATCH SUMMARY
15:17:28  INFO        ==============================================================================
15:17:28  INFO        POWER ASSETS
15:17:28  INFO        Asset                           Pri       Man     Hours     Load MW     Gross MWh       Aux MWh   Free Stm MT     Load %
15:17:28  INFO        -------------------------  --------  --------  --------  ----------  ------------  ------------  ------------  ---------
15:17:28  INFO        JMD - C2-GTG 1                    1         Y    720.00      105.00      75600.00        102.06     118692.00      100.0%
15:17:28  INFO        JMD - C2-GTG 2                    1         Y    720.00       67.00      48240.00         65.12      88279.20      100.0%
15:17:28  INFO        TOTAL                                                                   123840.00        167.18     206971.20           
15:17:28  INFO      
15:17:28  INFO        STEAM ASSETS  (SHP)
15:17:28  INFO        Asset                           Pri       Man     Hours     Min TPH     Max TPH      Supp. MT   Free Stm MT      Total MT      Load %
15:17:28  INFO        -------------------------  --------  --------  --------  ----------  ----------  ------------  ------------  ------------  ----------
15:17:28  INFO        AUXBOIL7_SHP STEAM                1         Y    698.00       90.00      220.00     153560.00          0.00     153560.00      100.0%
15:17:28  INFO        AUXBOIL8_SHP STEAM                1         Y      0.00       90.00      220.00          0.00          0.00          0.00        0.0%
15:17:28  INFO        HRSG1_C2_SHP STEAM                1         Y    720.00      160.00      250.00      61308.00     118692.00     180000.00      100.0%
15:17:28  INFO        HRSG2_C2_SHP STEAM                1         Y    720.00      160.00      250.00      91720.80      88279.20     180000.00      100.0%
15:17:28  INFO        TOTAL                                                                               306588.80     206971.20     513560.00            
15:17:28  INFO        Net SHP Demand: 428849.80 MT  |  Generation: 513560.00 MT  |  Balance: 84710.20 MT
15:17:28  INFO        ==============================================================================
15:17:28  INFO      
15:17:28  INFO        [CALC] Done  4/2026  (40.2s)  assets=3  norms=0
