JMD Plant Run Log
Plant:     C2 CPP
Period:    4/2026
Generated: 2026-07-02 17:04:20
================================================================================


======================================================================
  NEW SCHEMA ASSET SNAPSHOT  (April 2026)
======================================================================
  Plant:    C2-CPP
  AOP Year: 2026-27

  POWER ASSETS
  Asset                      Type           Hours    Min MW    Max MW     Gen MWh   Prio
  -------------------------  ----------  --------  --------  --------  ----------  -----
  JMD - C2-GTG 1             GT            720.00    104.00    105.00    75600.00      1
  JMD - C2-GTG 2             GT            720.00     64.00     67.00    48240.00      1
  JMD - C2-STG 1             STG             0.00      0.00     93.00        0.00      1
  TOTAL                                                                 123840.00       

  STEAM ASSETS
  Asset                      Type        SteamType      Hours   Min TPH   Max TPH      Gen MT   Prio
  -------------------------  ----------  ----------  --------  --------  --------  ----------  -----
  AUXBOIL7_SHP STEAM         AUXBOILER   SHP Steam_Dis    698.00     50.00    220.00   153560.00      2
  AUXBOIL8_SHP STEAM         AUXBOILER   SHP Steam_Dis      0.00     90.00    220.00        0.00      1
  HP Steam PRDS              PRDS        HP Steam_Dis    720.00      0.00    568.00   408960.00      1
  HRSG1_C2_LP STEAM          HRSG        LP Steam_Dis    720.00     32.00     42.00    30240.00      1
  HRSG1_C2_SHP STEAM         HRSG        SHP Steam_Dis    720.00     50.00    250.00   180000.00      1
  HRSG2_C2_LP STEAM          HRSG        LP Steam_Dis    720.00     32.00     42.00    30240.00      1
  HRSG2_C2_SHP STEAM         HRSG        SHP Steam_Dis    720.00     50.00    160.00   115200.00      1
  LP Steam PRDS              PRDS        LP Steam_Dis    720.00      0.00     68.00    48960.00      1
  MP Steam PRDS SHP          PRDS        MP Steam_Dis    720.00      0.00    498.00   358560.00      1
  TOTAL                                                                            1325720.00       

  MONTHLY GENERATION SUMMARY
  Category                  Generation  Unit    
  --------------------  --------------  --------
  Power                     123,840.00  MWh
  Steam                   1,325,720.00  MT
17:03:13  INFO        [CALC] C2 CPP  4/2026  (2026-27)
17:03:13  INFO        [DEMAND] ==================================================
17:03:13  INFO        [DEMAND] Utility-wise demand rollup  (4/2026)
17:03:13  INFO        [DEMAND] Utility                            Process         Fixed         Total
17:03:13  INFO        [DEMAND] ----------------------------  ------------  ------------  ------------
17:03:13  INFO        [DEMAND] COMPRESSED AIR                 11292305.00    1327713.00   12620018.00
17:03:13  INFO        [DEMAND] Cooling Water                     89343.00      10872.00     100215.00
17:03:13  INFO        [DEMAND] D M Water                        129256.00      55713.00     184969.00
17:03:13  INFO        [DEMAND] Effluent Treated                  75601.00     131760.00     207361.00
17:03:13  INFO        [DEMAND] HP Steam_Dis                     -12252.00        238.00     -12014.00
17:03:13  INFO        [DEMAND] LP Steam_Dis                      18336.00       4745.00      23081.00
17:03:13  INFO        [DEMAND] MP Steam_Dis                       4617.00       7925.00      12542.00
17:03:13  INFO        [DEMAND] NITROGEN_ASU                   10794261.00    1952800.00   12747061.00
17:03:13  INFO        [DEMAND] Oxygen                            38907.00          0.00      38907.00
17:03:13  INFO        [DEMAND] PROCESS FEED WATER                31711.00          0.00      31711.00
17:03:13  INFO        [DEMAND] Power_Dis                         62526.31      20341.28      82867.59
17:03:13  INFO        [DEMAND] Ret steam condensate            -154158.00       1512.00    -152646.00
17:03:13  INFO        [DEMAND] SHP Steam_Dis                    265383.00      94290.00     359673.00
17:03:13  INFO        [DEMAND] SWRO WATER                            0.00      87646.00      87646.00
17:03:13  INFO        [DEMAND] Utility Water                      5163.00    1523650.00    1528813.00
17:03:13  INFO        [DEMAND] ==================================================
17:03:16  INFO        [DC] ==================================================
17:03:16  INFO        [DC] Power Demand vs Capacity Check:
17:03:16  INFO        [DC] Demand: 0.00 MWh, Available Capacity: 123840.00 MWh
17:03:16  INFO        [DC] -> Power demand CAN be achieved with available assets.
17:03:16  INFO        [DC] Steam (SHP) Demand vs Capacity Check:
17:03:16  INFO        [DC] Demand: 0.00 MT, Available Capacity: 1488960.00 MT
17:03:16  INFO        [DC] -> Steam demand CAN be achieved with available assets.
17:03:16  INFO        [DC] ==================================================
17:03:18  INFO        [ODS] Loaded C2_JMD.ods (187 rows, 83 cols) — month 4/2026 at col 11
17:03:18  INFO        [ODS] ===== NORMS SUMMARY (C2_JMD.ods 4/2026) =====
17:03:18  INFO        [ODS] Powergen aux power norms:
17:03:18  INFO        [ODS]   JMD - C2-GTG 1             aux_norm=0.001350
17:03:18  INFO        [ODS]   JMD - C2-GTG 2             aux_norm=0.001350
17:03:18  INFO        [ODS]   JMD - C2-STG 1             aux_norm=0.007050
17:03:18  INFO        [ODS] Steam letdown norms (PRDS cascade):
17:03:18  INFO        [ODS]   LP→MP: 0.9450  (1 MT LP needs this much MP)
17:03:18  INFO        [ODS]   MP→HP: 0.9000  (1 MT MP needs this much HP)
17:03:18  INFO        [ODS]   HP→SHP: 0.9360 (1 MT HP needs this much SHP)
17:03:18  INFO        [ODS] HRSG byproduct (LP steam credit):
17:03:18  INFO        [ODS]   HRSG1_C2_SHP STEAM         byproduct_norm=-0.1500 MT LP / MT SHP
17:03:18  INFO        [ODS]   HRSG2_C2_SHP STEAM         byproduct_norm=-0.1500 MT LP / MT SHP
17:03:18  INFO        [ODS] STG steam consumption:
17:03:18  INFO        [ODS]   JMD - C2-STG 1             shp_norm=0.003640 MT/KWH
17:03:18  INFO        [ODS] Steam distribution factors:
17:03:18  INFO        [ODS]   HP Steam_Dis → HP Steam PRDS: 1.0000
17:03:18  INFO        [ODS]   LP Steam_Dis → HRSG1_C2_LP STEAM: 0.3873, HRSG2_C2_LP STEAM: 0.2453, LP Steam PRDS: 0.3675
17:03:18  INFO        [ODS]   MP Steam_Dis → MP Steam PRDS SHP: 1.0000
17:03:18  INFO        [ODS]   SHP Steam_Dis → AUXBOIL7_SHP STEAM: 0.2267, HRSG1_C2_SHP STEAM: 0.4735, HRSG2_C2_SHP STEAM: 0.2999
17:03:18  INFO      
17:03:18  INFO        [ODS] ╔══════════════════════════════════════════════════════════════════╗
17:03:18  INFO        [ODS] ║  CONSUMPTION NORMS — Who consumes what to produce what          ║
17:03:18  INFO        [ODS] ║  (Each block = one producer. Shows what it needs to make 1 unit)║
17:03:18  INFO        [ODS] ╚══════════════════════════════════════════════════════════════════╝
17:03:18  INFO        [ODS]
17:03:18  INFO        [ODS]  Think of it like a recipe card:
17:03:18  INFO        [ODS]  - The PRODUCER is what the plant makes (like a cake)
17:03:18  INFO        [ODS]  - The INGREDIENTS are what it needs to make it (flour, eggs, etc.)
17:03:18  INFO        [ODS]  - The NORM is how much of each ingredient is needed for 1 unit of output
17:03:18  INFO        [ODS]  - A negative norm means it's a BYPRODUCT (you get it for free while making something else)
17:03:18  INFO        [ODS]
17:03:18  INFO        [ODS]  ┌──────────────────────────────────────────────────────────────
17:03:18  INFO        [ODS]  │ PRODUCER: AUXBOIL7_SHP STEAM                 
17:03:18  INFO        [ODS]  │ SAP Code: 310028384             Plant Code: 36H1
17:03:18  INFO        [ODS]  │ Makes: 1 MT of AUXBOIL7_SHP STEAM
17:03:18  INFO        [ODS]  │
17:03:18  INFO        [ODS]  │  Needs these ingredients (to make 1 MT):
17:03:18  INFO        [ODS]  │
17:03:18  INFO        [ODS]  │  Type    Ingredient (Material)             Material SAP Code  Norm          UOM       
17:03:18  INFO        [ODS]  │  ------  --------------------------------  ---------------  ------------  ----------
17:03:18  INFO        [ODS]  │  Raw Mat.  SynGas(Unshift)                   SYNGASN_UNSHIFT      2.876221  MMBTU     
17:03:18  INFO        [ODS]  │  Utility  Boiler Feed Water                 310027927            1.010000  M3        
17:03:18  INFO        [ODS]  │  Utility  Power_Dis                         310027910            3.850000  KWH       
17:03:18  INFO        [ODS]  │
17:03:18  INFO        [ODS]  │  In simple words: To make 1 MT of AUXBOIL7_SHP STEAM, you need:
17:03:18  INFO        [ODS]  │    → 2.876221 MMBTU of SynGas(Unshift)
17:03:18  INFO        [ODS]  │    → 1.010000 M3 of Boiler Feed Water
17:03:18  INFO        [ODS]  │    → 3.850000 KWH of Power_Dis
17:03:18  INFO        [ODS]  └──────────────────────────────────────────────────────────────
17:03:18  INFO        [ODS]
17:03:18  INFO        [ODS]  ┌──────────────────────────────────────────────────────────────
17:03:18  INFO        [ODS]  │ PRODUCER: AUXBOIL8_SHP STEAM                 
17:03:18  INFO        [ODS]  │ SAP Code: 310028411             Plant Code: 36H1
17:03:18  INFO        [ODS]  │ Makes: 1 MT of AUXBOIL8_SHP STEAM
17:03:18  INFO        [ODS]  │
17:03:18  INFO        [ODS]  │  Needs these ingredients (to make 1 MT):
17:03:18  INFO        [ODS]  │
17:03:18  INFO        [ODS]  │  Type    Ingredient (Material)             Material SAP Code  Norm          UOM       
17:03:18  INFO        [ODS]  │  ------  --------------------------------  ---------------  ------------  ----------
17:03:18  INFO        [ODS]  │  Raw Mat.  SynGas(Unshift)                   SYNGASN_UNSHIFT             0  MMBTU     
17:03:18  INFO        [ODS]  │  Utility  Boiler Feed Water                 310027927            1.010000  M3        
17:03:18  INFO        [ODS]  │  Utility  Power_Dis                         310027910            3.850000  KWH       
17:03:18  INFO        [ODS]  │
17:03:18  INFO        [ODS]  │  In simple words: To make 1 MT of AUXBOIL8_SHP STEAM, you need:
17:03:18  INFO        [ODS]  │    → 1.010000 M3 of Boiler Feed Water
17:03:18  INFO        [ODS]  │    → 3.850000 KWH of Power_Dis
17:03:18  INFO        [ODS]  └──────────────────────────────────────────────────────────────
17:03:18  INFO        [ODS]
17:03:18  INFO        [ODS]  ┌──────────────────────────────────────────────────────────────
17:03:18  INFO        [ODS]  │ PRODUCER: Boiler Feed Water                  
17:03:18  INFO        [ODS]  │ SAP Code: 310027927             Plant Code: 36H1
17:03:18  INFO        [ODS]  │ Makes: 1 M3 of Boiler Feed Water
17:03:18  INFO        [ODS]  │
17:03:18  INFO        [ODS]  │  Needs these ingredients (to make 1 M3):
17:03:18  INFO        [ODS]  │
17:03:18  INFO        [ODS]  │  Type    Ingredient (Material)             Material SAP Code  Norm          UOM       
17:03:18  INFO        [ODS]  │  ------  --------------------------------  ---------------  ------------  ----------
17:03:18  INFO        [ODS]  │  Utility  D M Water                         310027966            0.900000  M3        
17:03:18  INFO        [ODS]  │  Utility  LP Steam_Dis                      310027965            0.100000  MT        
17:03:18  INFO        [ODS]  │  Utility  Power_Dis                         310027910            8.100000  KWH       
17:03:18  INFO        [ODS]  │
17:03:18  INFO        [ODS]  │  In simple words: To make 1 M3 of Boiler Feed Water, you need:
17:03:18  INFO        [ODS]  │    → 0.900000 M3 of D M Water
17:03:18  INFO        [ODS]  │    → 0.100000 MT of LP Steam_Dis
17:03:18  INFO        [ODS]  │    → 8.100000 KWH of Power_Dis
17:03:18  INFO        [ODS]  └──────────────────────────────────────────────────────────────
17:03:18  INFO        [ODS]
17:03:18  INFO        [ODS]  ┌──────────────────────────────────────────────────────────────
17:03:18  INFO        [ODS]  │ PRODUCER: COMPRESED AIR_ASU                  
17:03:18  INFO        [ODS]  │ SAP Code: 310028433             Plant Code: 36H1
17:03:18  INFO        [ODS]  │ Makes: 1 NM3 of COMPRESED AIR_ASU
17:03:18  INFO        [ODS]  │
17:03:18  INFO        [ODS]  │  Needs these ingredients (to make 1 NM3):
17:03:18  INFO        [ODS]  │
17:03:18  INFO        [ODS]  │  Type    Ingredient (Material)             Material SAP Code  Norm          UOM       
17:03:18  INFO        [ODS]  │  ------  --------------------------------  ---------------  ------------  ----------
17:03:18  INFO        [ODS]  │  Utility  Power_Dis                         310027910            0.125000  KWH       
17:03:18  INFO        [ODS]  │
17:03:18  INFO        [ODS]  │  In simple words: To make 1 NM3 of COMPRESED AIR_ASU, you need:
17:03:18  INFO        [ODS]  │    → 0.125000 KWH of Power_Dis
17:03:18  INFO        [ODS]  └──────────────────────────────────────────────────────────────
17:03:18  INFO        [ODS]
17:03:18  INFO        [ODS]  ┌──────────────────────────────────────────────────────────────
17:03:18  INFO        [ODS]  │ PRODUCER: COMPRESSED AIR                     
17:03:18  INFO        [ODS]  │ SAP Code: 310027904             Plant Code: 36H1
17:03:18  INFO        [ODS]  │ Makes: 1 NM3 of COMPRESSED AIR
17:03:18  INFO        [ODS]  │
17:03:18  INFO        [ODS]  │  Needs these ingredients (to make 1 NM3):
17:03:18  INFO        [ODS]  │
17:03:18  INFO        [ODS]  │  Type    Ingredient (Material)             Material SAP Code  Norm          UOM       
17:03:18  INFO        [ODS]  │  ------  --------------------------------  ---------------  ------------  ----------
17:03:18  INFO        [ODS]  │  Utility  COMPRESED AIR_ASU                 310028433            0.051000  NM3       
17:03:18  INFO        [ODS]  │  Utility  COMPRESSED AIR                    310027904            0.002670  NM3       
17:03:18  INFO        [ODS]  │  Utility  Cooling Water                     310027912                   0  KM3       
17:03:18  INFO        [ODS]  │  Utility  Power_Dis                         310027910            0.150000  KWH       
17:03:18  INFO        [ODS]  │
17:03:18  INFO        [ODS]  │  In simple words: To make 1 NM3 of COMPRESSED AIR, you need:
17:03:18  INFO        [ODS]  │    → 0.051000 NM3 of COMPRESED AIR_ASU
17:03:18  INFO        [ODS]  │    → 0.002670 NM3 of COMPRESSED AIR
17:03:18  INFO        [ODS]  │    → 0.150000 KWH of Power_Dis
17:03:18  INFO        [ODS]  └──────────────────────────────────────────────────────────────
17:03:18  INFO        [ODS]
17:03:18  INFO        [ODS]  ┌──────────────────────────────────────────────────────────────
17:03:18  INFO        [ODS]  │ PRODUCER: Condensate                         
17:03:18  INFO        [ODS]  │ SAP Code: 310027968             Plant Code: 36H1
17:03:18  INFO        [ODS]  │ Makes: 1 M3 of Condensate
17:03:18  INFO        [ODS]  │
17:03:18  INFO        [ODS]  │  Needs these ingredients (to make 1 M3):
17:03:18  INFO        [ODS]  │
17:03:18  INFO        [ODS]  │  Type    Ingredient (Material)             Material SAP Code  Norm          UOM       
17:03:18  INFO        [ODS]  │  ------  --------------------------------  ---------------  ------------  ----------
17:03:18  INFO        [ODS]  │  Utility  COMPRESSED AIR                    310027904            0.080000  NM3       
17:03:18  INFO        [ODS]  │  Utility  Cooling Water                     310027912            0.017360  KM3       
17:03:18  INFO        [ODS]  │  Utility  NITROGEN_ASU                      310028432            0.360000  NM3       
17:03:18  INFO        [ODS]  │  Utility  Power_Dis                         310027910            1.460000  KWH       
17:03:18  INFO        [ODS]  │  Utility  Ret steam condensate              310027923            1.090000  M3        
17:03:18  INFO        [ODS]  │
17:03:18  INFO        [ODS]  │  In simple words: To make 1 M3 of Condensate, you need:
17:03:18  INFO        [ODS]  │    → 0.080000 NM3 of COMPRESSED AIR
17:03:18  INFO        [ODS]  │    → 0.017360 KM3 of Cooling Water
17:03:18  INFO        [ODS]  │    → 0.360000 NM3 of NITROGEN_ASU
17:03:18  INFO        [ODS]  │    → 1.460000 KWH of Power_Dis
17:03:18  INFO        [ODS]  │    → 1.090000 M3 of Ret steam condensate
17:03:18  INFO        [ODS]  └──────────────────────────────────────────────────────────────
17:03:18  INFO        [ODS]
17:03:18  INFO        [ODS]  ┌──────────────────────────────────────────────────────────────
17:03:18  INFO        [ODS]  │ PRODUCER: Cooling Water                      
17:03:18  INFO        [ODS]  │ SAP Code: 310027912             Plant Code: 36H1
17:03:18  INFO        [ODS]  │ Makes: 1 KM3 of Cooling Water
17:03:18  INFO        [ODS]  │
17:03:18  INFO        [ODS]  │  Needs these ingredients (to make 1 KM3):
17:03:18  INFO        [ODS]  │
17:03:18  INFO        [ODS]  │  Type    Ingredient (Material)             Material SAP Code  Norm          UOM       
17:03:18  INFO        [ODS]  │  ------  --------------------------------  ---------------  ------------  ----------
17:03:18  INFO        [ODS]  │  Utility  COMPRESSED AIR                    310027904            0.974741  NM3       
17:03:18  INFO        [ODS]  │  Utility  Effluent Treated                  310027994            3.800000  M3        
17:03:18  INFO        [ODS]  │  Utility  Power_Dis                         310027910          210.900000  KWH       
17:03:18  INFO        [ODS]  │  Utility  SWRO WATER                        310028356            9.400000  M3        
17:03:18  INFO        [ODS]  │
17:03:18  INFO        [ODS]  │  In simple words: To make 1 KM3 of Cooling Water, you need:
17:03:18  INFO        [ODS]  │    → 0.974741 NM3 of COMPRESSED AIR
17:03:18  INFO        [ODS]  │    → 3.800000 M3 of Effluent Treated
17:03:18  INFO        [ODS]  │    → 210.900000 KWH of Power_Dis
17:03:18  INFO        [ODS]  │    → 9.400000 M3 of SWRO WATER
17:03:18  INFO        [ODS]  └──────────────────────────────────────────────────────────────
17:03:18  INFO        [ODS]
17:03:18  INFO        [ODS]  ┌──────────────────────────────────────────────────────────────
17:03:18  INFO        [ODS]  │ PRODUCER: D M Water                          
17:03:18  INFO        [ODS]  │ SAP Code: 310027966             Plant Code: 36H1
17:03:18  INFO        [ODS]  │ Makes: 1 M3 of D M Water
17:03:18  INFO        [ODS]  │
17:03:18  INFO        [ODS]  │  Needs these ingredients (to make 1 M3):
17:03:18  INFO        [ODS]  │
17:03:18  INFO        [ODS]  │  Type    Ingredient (Material)             Material SAP Code  Norm          UOM       
17:03:18  INFO        [ODS]  │  ------  --------------------------------  ---------------  ------------  ----------
17:03:18  INFO        [ODS]  │  Utility  COMPRESSED AIR                    310027904            0.049180  NM3       
17:03:18  INFO        [ODS]  │  Utility  NITROGEN_ASU                      310028432            0.630000  NM3       
17:03:18  INFO        [ODS]  │  Utility  Power_Dis                         310027910            0.920000  KWH       
17:03:18  INFO        [ODS]  │  Utility  SWRO WATER                        310028356            1.150000  M3        
17:03:18  INFO        [ODS]  │
17:03:18  INFO        [ODS]  │  In simple words: To make 1 M3 of D M Water, you need:
17:03:18  INFO        [ODS]  │    → 0.049180 NM3 of COMPRESSED AIR
17:03:18  INFO        [ODS]  │    → 0.630000 NM3 of NITROGEN_ASU
17:03:18  INFO        [ODS]  │    → 0.920000 KWH of Power_Dis
17:03:18  INFO        [ODS]  │    → 1.150000 M3 of SWRO WATER
17:03:18  INFO        [ODS]  └──────────────────────────────────────────────────────────────
17:03:18  INFO        [ODS]
17:03:18  INFO        [ODS]  ┌──────────────────────────────────────────────────────────────
17:03:18  INFO        [ODS]  │ PRODUCER: Effluent Treated                   
17:03:18  INFO        [ODS]  │ SAP Code: 310027994             Plant Code: 36H1
17:03:18  INFO        [ODS]  │ Makes: 1 M3 of Effluent Treated
17:03:18  INFO        [ODS]  │
17:03:18  INFO        [ODS]  │  Needs these ingredients (to make 1 M3):
17:03:18  INFO        [ODS]  │
17:03:18  INFO        [ODS]  │  Type    Ingredient (Material)             Material SAP Code  Norm          UOM       
17:03:18  INFO        [ODS]  │  ------  --------------------------------  ---------------  ------------  ----------
17:03:18  INFO        [ODS]  │  Utility  COMPRESSED AIR                    310027904            2.209302  NM3       
17:03:18  INFO        [ODS]  │  Utility  Cooling Water                     310027912            0.000031  KM3       
17:03:18  INFO        [ODS]  │  Utility  NITROGEN_ASU                      310028432            0.005814  NM3       
17:03:18  INFO        [ODS]  │  Utility  Power_Dis                         310027910            3.200000  KWH       
17:03:18  INFO        [ODS]  │  Utility  Utility Water                     310027928            0.029070  M3        
17:03:18  INFO        [ODS]  │
17:03:18  INFO        [ODS]  │  In simple words: To make 1 M3 of Effluent Treated, you need:
17:03:18  INFO        [ODS]  │    → 2.209302 NM3 of COMPRESSED AIR
17:03:18  INFO        [ODS]  │    → 0.000031 KM3 of Cooling Water
17:03:18  INFO        [ODS]  │    → 0.005814 NM3 of NITROGEN_ASU
17:03:18  INFO        [ODS]  │    → 3.200000 KWH of Power_Dis
17:03:18  INFO        [ODS]  │    → 0.029070 M3 of Utility Water
17:03:18  INFO        [ODS]  └──────────────────────────────────────────────────────────────
17:03:18  INFO        [ODS]
17:03:18  INFO        [ODS]  ┌──────────────────────────────────────────────────────────────
17:03:18  INFO        [ODS]  │ PRODUCER: HP Steam PRDS                      
17:03:18  INFO        [ODS]  │ SAP Code: 310028161             Plant Code: 36H1
17:03:18  INFO        [ODS]  │ Makes: 1 MT of HP Steam PRDS
17:03:18  INFO        [ODS]  │
17:03:18  INFO        [ODS]  │  Needs these ingredients (to make 1 MT):
17:03:18  INFO        [ODS]  │
17:03:18  INFO        [ODS]  │  Type    Ingredient (Material)             Material SAP Code  Norm          UOM       
17:03:18  INFO        [ODS]  │  ------  --------------------------------  ---------------  ------------  ----------
17:03:18  INFO        [ODS]  │  Utility  Boiler Feed Water                 310027927            0.064000  M3        
17:03:18  INFO        [ODS]  │  Utility  SHP Steam_Dis                     310027924            0.936000  MT        
17:03:18  INFO        [ODS]  │
17:03:18  INFO        [ODS]  │  In simple words: To make 1 MT of HP Steam PRDS, you need:
17:03:18  INFO        [ODS]  │    → 0.064000 M3 of Boiler Feed Water
17:03:18  INFO        [ODS]  │    → 0.936000 MT of SHP Steam_Dis
17:03:18  INFO        [ODS]  └──────────────────────────────────────────────────────────────
17:03:18  INFO        [ODS]
17:03:18  INFO        [ODS]  ┌──────────────────────────────────────────────────────────────
17:03:18  INFO        [ODS]  │ PRODUCER: HP Steam_Dis                       
17:03:18  INFO        [ODS]  │ SAP Code: 310027939             Plant Code: 36H2
17:03:18  INFO        [ODS]  │ Makes: 1 MT of HP Steam_Dis
17:03:18  INFO        [ODS]  │
17:03:18  INFO        [ODS]  │  Needs these ingredients (to make 1 MT):
17:03:18  INFO        [ODS]  │
17:03:18  INFO        [ODS]  │  Type    Ingredient (Material)             Material SAP Code  Norm          UOM       
17:03:18  INFO        [ODS]  │  ------  --------------------------------  ---------------  ------------  ----------
17:03:18  INFO        [ODS]  │  Utility  HP Steam PRDS                     310028161            1.000000  MT        
17:03:18  INFO        [ODS]  │
17:03:18  INFO        [ODS]  │  In simple words: To make 1 MT of HP Steam_Dis, you need:
17:03:18  INFO        [ODS]  │    → 1.000000 MT of HP Steam PRDS
17:03:18  INFO        [ODS]  └──────────────────────────────────────────────────────────────
17:03:18  INFO        [ODS]
17:03:18  INFO        [ODS]  ┌──────────────────────────────────────────────────────────────
17:03:18  INFO        [ODS]  │ PRODUCER: HRSG1_C2_SHP STEAM                 
17:03:18  INFO        [ODS]  │ SAP Code: 310028383             Plant Code: 36H1
17:03:18  INFO        [ODS]  │ Makes: 1 MT of HRSG1_C2_SHP STEAM
17:03:18  INFO        [ODS]  │
17:03:18  INFO        [ODS]  │  Needs these ingredients (to make 1 MT):
17:03:18  INFO        [ODS]  │
17:03:18  INFO        [ODS]  │  Type    Ingredient (Material)             Material SAP Code  Norm          UOM       
17:03:18  INFO        [ODS]  │  ------  --------------------------------  ---------------  ------------  ----------
17:03:18  INFO        [ODS]  │  Raw Mat.  SynGas(Unshift)                   SYNGASN_UNSHIFT      3.376244  MMBTU     
17:03:18  INFO        [ODS]  │  Utility  Boiler Feed Water                 310027927            1.160000  M3        
17:03:18  INFO        [ODS]  │  Utility  HRSG1_C2_LP STEAM                 310028385           -0.150000  MT        
17:03:18  INFO        [ODS]  │  Utility  Power_Dis                         310027910            0.285000  KWH       
17:03:18  INFO        [ODS]  │
17:03:18  INFO        [ODS]  │  In simple words: To make 1 MT of HRSG1_C2_SHP STEAM, you need:
17:03:18  INFO        [ODS]  │    → 3.376244 MMBTU of SynGas(Unshift)
17:03:18  INFO        [ODS]  │    → 1.160000 M3 of Boiler Feed Water
17:03:18  INFO        [ODS]  │    → 0.285000 KWH of Power_Dis
17:03:18  INFO        [ODS]  │  And as a bonus (byproduct), you also GET:
17:03:18  INFO        [ODS]  │    → 0.150000 MT of HRSG1_C2_LP STEAM (this is extra output, not input!)
17:03:18  INFO        [ODS]  └──────────────────────────────────────────────────────────────
17:03:18  INFO        [ODS]
17:03:18  INFO        [ODS]  ┌──────────────────────────────────────────────────────────────
17:03:18  INFO        [ODS]  │ PRODUCER: HRSG2_C2_SHP STEAM                 
17:03:18  INFO        [ODS]  │ SAP Code: 310028410             Plant Code: 36H1
17:03:18  INFO        [ODS]  │ Makes: 1 MT of HRSG2_C2_SHP STEAM
17:03:18  INFO        [ODS]  │
17:03:18  INFO        [ODS]  │  Needs these ingredients (to make 1 MT):
17:03:18  INFO        [ODS]  │
17:03:18  INFO        [ODS]  │  Type    Ingredient (Material)             Material SAP Code  Norm          UOM       
17:03:18  INFO        [ODS]  │  ------  --------------------------------  ---------------  ------------  ----------
17:03:18  INFO        [ODS]  │  Raw Mat.  SynGas(Unshift)                   SYNGASN_UNSHIFT      3.357468  MMBTU     
17:03:18  INFO        [ODS]  │  Utility  Boiler Feed Water                 310027927            1.160000  M3        
17:03:18  INFO        [ODS]  │  Utility  HRSG2_C2_LP STEAM                 310028409           -0.150000  MT        
17:03:18  INFO        [ODS]  │  Utility  Power_Dis                         310027910            0.285000  KWH       
17:03:18  INFO        [ODS]  │
17:03:18  INFO        [ODS]  │  In simple words: To make 1 MT of HRSG2_C2_SHP STEAM, you need:
17:03:18  INFO        [ODS]  │    → 3.357468 MMBTU of SynGas(Unshift)
17:03:18  INFO        [ODS]  │    → 1.160000 M3 of Boiler Feed Water
17:03:18  INFO        [ODS]  │    → 0.285000 KWH of Power_Dis
17:03:18  INFO        [ODS]  │  And as a bonus (byproduct), you also GET:
17:03:18  INFO        [ODS]  │    → 0.150000 MT of HRSG2_C2_LP STEAM (this is extra output, not input!)
17:03:18  INFO        [ODS]  └──────────────────────────────────────────────────────────────
17:03:18  INFO        [ODS]
17:03:18  INFO        [ODS]  ┌──────────────────────────────────────────────────────────────
17:03:18  INFO        [ODS]  │ PRODUCER: LP Steam PRDS                      
17:03:18  INFO        [ODS]  │ SAP Code: 310028013             Plant Code: 36H1
17:03:18  INFO        [ODS]  │ Makes: 1 MT of LP Steam PRDS
17:03:18  INFO        [ODS]  │
17:03:18  INFO        [ODS]  │  Needs these ingredients (to make 1 MT):
17:03:18  INFO        [ODS]  │
17:03:18  INFO        [ODS]  │  Type    Ingredient (Material)             Material SAP Code  Norm          UOM       
17:03:18  INFO        [ODS]  │  ------  --------------------------------  ---------------  ------------  ----------
17:03:18  INFO        [ODS]  │  Utility  Boiler Feed Water                 310027927            0.055000  M3        
17:03:18  INFO        [ODS]  │  Utility  MP Steam_Dis                      310027940            0.945000  MT        
17:03:18  INFO        [ODS]  │
17:03:18  INFO        [ODS]  │  In simple words: To make 1 MT of LP Steam PRDS, you need:
17:03:18  INFO        [ODS]  │    → 0.055000 M3 of Boiler Feed Water
17:03:18  INFO        [ODS]  │    → 0.945000 MT of MP Steam_Dis
17:03:18  INFO        [ODS]  └──────────────────────────────────────────────────────────────
17:03:18  INFO        [ODS]
17:03:18  INFO        [ODS]  ┌──────────────────────────────────────────────────────────────
17:03:18  INFO        [ODS]  │ PRODUCER: LP Steam_Dis                       
17:03:18  INFO        [ODS]  │ SAP Code: 310027965             Plant Code: 36H2
17:03:18  INFO        [ODS]  │ Makes: 1 MT of LP Steam_Dis
17:03:18  INFO        [ODS]  │
17:03:18  INFO        [ODS]  │  Needs these ingredients (to make 1 MT):
17:03:18  INFO        [ODS]  │
17:03:18  INFO        [ODS]  │  Type    Ingredient (Material)             Material SAP Code  Norm          UOM       
17:03:18  INFO        [ODS]  │  ------  --------------------------------  ---------------  ------------  ----------
17:03:18  INFO        [ODS]  │  Utility  HRSG1_C2_LP STEAM                 310028385            0.387271  MT        
17:03:18  INFO        [ODS]  │  Utility  HRSG2_C2_LP STEAM                 310028409            0.245271  MT        
17:03:18  INFO        [ODS]  │  Utility  LP Steam PRDS                     310028013            0.367458  MT        
17:03:18  INFO        [ODS]  │
17:03:18  INFO        [ODS]  │  In simple words: To make 1 MT of LP Steam_Dis, you need:
17:03:18  INFO        [ODS]  │    → 0.387271 MT of HRSG1_C2_LP STEAM
17:03:18  INFO        [ODS]  │    → 0.245271 MT of HRSG2_C2_LP STEAM
17:03:18  INFO        [ODS]  │    → 0.367458 MT of LP Steam PRDS
17:03:18  INFO        [ODS]  └──────────────────────────────────────────────────────────────
17:03:18  INFO        [ODS]
17:03:18  INFO        [ODS]  ┌──────────────────────────────────────────────────────────────
17:03:18  INFO        [ODS]  │ PRODUCER: MP Steam PRDS SHP                  
17:03:18  INFO        [ODS]  │ SAP Code: 310028012             Plant Code: 36H1
17:03:18  INFO        [ODS]  │ Makes: 1 MT of MP Steam PRDS SHP
17:03:18  INFO        [ODS]  │
17:03:18  INFO        [ODS]  │  Needs these ingredients (to make 1 MT):
17:03:18  INFO        [ODS]  │
17:03:18  INFO        [ODS]  │  Type    Ingredient (Material)             Material SAP Code  Norm          UOM       
17:03:18  INFO        [ODS]  │  ------  --------------------------------  ---------------  ------------  ----------
17:03:18  INFO        [ODS]  │  Utility  Boiler Feed Water                 310027927            0.100000  M3        
17:03:18  INFO        [ODS]  │  Utility  HP Steam_Dis                      310027939            0.900000  MT        
17:03:18  INFO        [ODS]  │
17:03:18  INFO        [ODS]  │  In simple words: To make 1 MT of MP Steam PRDS SHP, you need:
17:03:18  INFO        [ODS]  │    → 0.100000 M3 of Boiler Feed Water
17:03:18  INFO        [ODS]  │    → 0.900000 MT of HP Steam_Dis
17:03:18  INFO        [ODS]  └──────────────────────────────────────────────────────────────
17:03:18  INFO        [ODS]
17:03:18  INFO        [ODS]  ┌──────────────────────────────────────────────────────────────
17:03:18  INFO        [ODS]  │ PRODUCER: MP Steam_Dis                       
17:03:18  INFO        [ODS]  │ SAP Code: 310027940             Plant Code: 36H2
17:03:18  INFO        [ODS]  │ Makes: 1 MT of MP Steam_Dis
17:03:18  INFO        [ODS]  │
17:03:18  INFO        [ODS]  │  Needs these ingredients (to make 1 MT):
17:03:18  INFO        [ODS]  │
17:03:18  INFO        [ODS]  │  Type    Ingredient (Material)             Material SAP Code  Norm          UOM       
17:03:18  INFO        [ODS]  │  ------  --------------------------------  ---------------  ------------  ----------
17:03:18  INFO        [ODS]  │  Utility  MP Steam PRDS SHP                 310028012            1.000000  MT        
17:03:18  INFO        [ODS]  │
17:03:18  INFO        [ODS]  │  In simple words: To make 1 MT of MP Steam_Dis, you need:
17:03:18  INFO        [ODS]  │    → 1.000000 MT of MP Steam PRDS SHP
17:03:18  INFO        [ODS]  └──────────────────────────────────────────────────────────────
17:03:18  INFO        [ODS]
17:03:18  INFO        [ODS]  ┌──────────────────────────────────────────────────────────────
17:03:18  INFO        [ODS]  │ PRODUCER: NITROGEN_ASU                       
17:03:18  INFO        [ODS]  │ SAP Code: 310028432             Plant Code: 36H1
17:03:18  INFO        [ODS]  │ Makes: 1 NM3 of NITROGEN_ASU
17:03:18  INFO        [ODS]  │
17:03:18  INFO        [ODS]  │  Needs these ingredients (to make 1 NM3):
17:03:18  INFO        [ODS]  │
17:03:18  INFO        [ODS]  │  Type    Ingredient (Material)             Material SAP Code  Norm          UOM       
17:03:18  INFO        [ODS]  │  ------  --------------------------------  ---------------  ------------  ----------
17:03:18  INFO        [ODS]  │  Utility  Cooling Water                     310027912                   0  KM3       
17:03:18  INFO        [ODS]  │  Utility  MP Steam_Dis                      310027940            0.000021  MT        
17:03:18  INFO        [ODS]  │  Utility  Power_Dis                         310027910            0.474260  KWH       
17:03:18  INFO        [ODS]  │  Utility  Ret steam condensate              310027923           -0.000011  M3        
17:03:18  INFO        [ODS]  │  Utility  Utility Water                     310027928            0.001540  M3        
17:03:18  INFO        [ODS]  │
17:03:18  INFO        [ODS]  │  In simple words: To make 1 NM3 of NITROGEN_ASU, you need:
17:03:18  INFO        [ODS]  │    → 0.000021 MT of MP Steam_Dis
17:03:18  INFO        [ODS]  │    → 0.474260 KWH of Power_Dis
17:03:18  INFO        [ODS]  │    → 0.001540 M3 of Utility Water
17:03:18  INFO        [ODS]  │  And as a bonus (byproduct), you also GET:
17:03:18  INFO        [ODS]  │    → 0.000011 M3 of Ret steam condensate (this is extra output, not input!)
17:03:18  INFO        [ODS]  └──────────────────────────────────────────────────────────────
17:03:18  INFO        [ODS]
17:03:18  INFO        [ODS]  ┌──────────────────────────────────────────────────────────────
17:03:18  INFO        [ODS]  │ PRODUCER: Oxygen                             
17:03:18  INFO        [ODS]  │ SAP Code: 310028126             Plant Code: 36H1
17:03:18  INFO        [ODS]  │ Makes: 1 MT of Oxygen
17:03:18  INFO        [ODS]  │
17:03:18  INFO        [ODS]  │  Needs these ingredients (to make 1 MT):
17:03:18  INFO        [ODS]  │
17:03:18  INFO        [ODS]  │  Type    Ingredient (Material)             Material SAP Code  Norm          UOM       
17:03:18  INFO        [ODS]  │  ------  --------------------------------  ---------------  ------------  ----------
17:03:18  INFO        [ODS]  │  Utility  Cooling Water                     310027912                   0  KM3       
17:03:18  INFO        [ODS]  │  Utility  MP Steam_Dis                      310027940            0.017000  MT        
17:03:18  INFO        [ODS]  │  Utility  Power_Dis                         310027910          374.610000  KWH       
17:03:18  INFO        [ODS]  │  Utility  Ret steam condensate              310027923           -0.008000  M3        
17:03:18  INFO        [ODS]  │  Utility  Utility Water                     310027928            1.230000  M3        
17:03:18  INFO        [ODS]  │
17:03:18  INFO        [ODS]  │  In simple words: To make 1 MT of Oxygen, you need:
17:03:18  INFO        [ODS]  │    → 0.017000 MT of MP Steam_Dis
17:03:18  INFO        [ODS]  │    → 374.610000 KWH of Power_Dis
17:03:18  INFO        [ODS]  │    → 1.230000 M3 of Utility Water
17:03:18  INFO        [ODS]  │  And as a bonus (byproduct), you also GET:
17:03:18  INFO        [ODS]  │    → 0.008000 M3 of Ret steam condensate (this is extra output, not input!)
17:03:18  INFO        [ODS]  └──────────────────────────────────────────────────────────────
17:03:18  INFO        [ODS]
17:03:18  INFO        [ODS]  ┌──────────────────────────────────────────────────────────────
17:03:18  INFO        [ODS]  │ PRODUCER: POWERGEN                           
17:03:18  INFO        [ODS]  │ SAP Code: 310027907             Plant Code: 36H0
17:03:18  INFO        [ODS]  │ Makes: 1 KWH of POWERGEN
17:03:18  INFO        [ODS]  │
17:03:18  INFO        [ODS]  │  This producer has 3 sub-assets (different machines):
17:03:18  INFO        [ODS]  │    • JMD - C2-GTG 1                  (Plant ID: 36H0)
17:03:18  INFO        [ODS]  │    • JMD - C2-GTG 2                  (Plant ID: 36GX)
17:03:18  INFO        [ODS]  │    • JMD - C2-STG 1                  (Plant ID: 36HM)
17:03:18  INFO        [ODS]  │
17:03:18  INFO        [ODS]  │  Needs these ingredients (to make 1 KWH):
17:03:18  INFO        [ODS]  │
17:03:18  INFO        [ODS]  │  ▸ Sub-asset: JMD - C2-GTG 1 (Plant ID: 36H0)
17:03:18  INFO        [ODS]  │    Type    Ingredient (Material)             Material SAP Code  Norm          UOM       
17:03:18  INFO        [ODS]  │    ------  --------------------------------  ---------------  ------------  ----------
17:03:18  INFO        [ODS]  │    Raw Mat.  SynGas(Unshift)                   SYNGASN_UNSHIFT      0.004368  MMBTU     
17:03:18  INFO        [ODS]  │    Utility  COMPRESSED AIR                    310027904            0.001280  NM3       
17:03:18  INFO        [ODS]  │    Utility  Cooling Water                     310027912            0.000007  KM3       
17:03:18  INFO        [ODS]  │    Utility  NITROGEN_ASU                      310028432            0.001660  NM3       
17:03:18  INFO        [ODS]  │    Utility  Power_Dis                         310027910            0.001350  KWH       
17:03:18  INFO        [ODS]  │    Utility  Utility Water                     310027928            0.000023  M3        
17:03:18  INFO        [ODS]  │    In simple words: To make 1 KWH from JMD - C2-GTG 1, you need:
17:03:18  INFO        [ODS]  │      → 0.004368 MMBTU of SynGas(Unshift)
17:03:18  INFO        [ODS]  │      → 0.001280 NM3 of COMPRESSED AIR
17:03:18  INFO        [ODS]  │      → 0.000007 KM3 of Cooling Water
17:03:18  INFO        [ODS]  │      → 0.001660 NM3 of NITROGEN_ASU
17:03:18  INFO        [ODS]  │      → 0.001350 KWH of Power_Dis
17:03:18  INFO        [ODS]  │      → 0.000023 M3 of Utility Water
17:03:18  INFO        [ODS]  │
17:03:18  INFO        [ODS]  │  ▸ Sub-asset: JMD - C2-GTG 2 (Plant ID: 36GX)
17:03:18  INFO        [ODS]  │    Type    Ingredient (Material)             Material SAP Code  Norm          UOM       
17:03:18  INFO        [ODS]  │    ------  --------------------------------  ---------------  ------------  ----------
17:03:18  INFO        [ODS]  │    Raw Mat.  SynGas(Unshift)                   SYNGASN_UNSHIFT      0.004485  MMBTU     
17:03:18  INFO        [ODS]  │    Utility  COMPRESSED AIR                    310027904            0.001280  NM3       
17:03:18  INFO        [ODS]  │    Utility  Cooling Water                     310027912            0.000007  KM3       
17:03:18  INFO        [ODS]  │    Utility  NITROGEN_ASU                      310028432            0.001660  NM3       
17:03:18  INFO        [ODS]  │    Utility  Power_Dis                         310027910            0.001350  KWH       
17:03:18  INFO        [ODS]  │    Utility  Utility Water                     310027928            0.000023  M3        
17:03:18  INFO        [ODS]  │    In simple words: To make 1 KWH from JMD - C2-GTG 2, you need:
17:03:18  INFO        [ODS]  │      → 0.004485 MMBTU of SynGas(Unshift)
17:03:18  INFO        [ODS]  │      → 0.001280 NM3 of COMPRESSED AIR
17:03:18  INFO        [ODS]  │      → 0.000007 KM3 of Cooling Water
17:03:18  INFO        [ODS]  │      → 0.001660 NM3 of NITROGEN_ASU
17:03:18  INFO        [ODS]  │      → 0.001350 KWH of Power_Dis
17:03:18  INFO        [ODS]  │      → 0.000023 M3 of Utility Water
17:03:18  INFO        [ODS]  │
17:03:18  INFO        [ODS]  │  ▸ Sub-asset: JMD - C2-STG 1 (Plant ID: 36HM)
17:03:18  INFO        [ODS]  │    Type    Ingredient (Material)             Material SAP Code  Norm          UOM       
17:03:18  INFO        [ODS]  │    ------  --------------------------------  ---------------  ------------  ----------
17:03:18  INFO        [ODS]  │    Utility  Cooling Water                     310027912            0.000400  KM3       
17:03:18  INFO        [ODS]  │    Utility  NITROGEN_ASU                      310028432            0.001030  NM3       
17:03:18  INFO        [ODS]  │    Utility  Power_Dis                         310027910            0.007050  KWH       
17:03:18  INFO        [ODS]  │    Utility  SHP Steam_Dis                     310027924            0.003640  MT        
17:03:18  INFO        [ODS]  │    In simple words: To make 1 KWH from JMD - C2-STG 1, you need:
17:03:18  INFO        [ODS]  │      → 0.000400 KM3 of Cooling Water
17:03:18  INFO        [ODS]  │      → 0.001030 NM3 of NITROGEN_ASU
17:03:18  INFO        [ODS]  │      → 0.007050 KWH of Power_Dis
17:03:18  INFO        [ODS]  │      → 0.003640 MT of SHP Steam_Dis
17:03:18  INFO        [ODS]  │
17:03:18  INFO        [ODS]  └──────────────────────────────────────────────────────────────
17:03:18  INFO        [ODS]
17:03:18  INFO        [ODS]  ┌──────────────────────────────────────────────────────────────
17:03:18  INFO        [ODS]  │ PRODUCER: PROCESS FEED WATER                 
17:03:18  INFO        [ODS]  │ SAP Code: 310027972             Plant Code: 36H1
17:03:18  INFO        [ODS]  │ Makes: 1 M3 of PROCESS FEED WATER
17:03:18  INFO        [ODS]  │
17:03:18  INFO        [ODS]  │  Needs these ingredients (to make 1 M3):
17:03:18  INFO        [ODS]  │
17:03:18  INFO        [ODS]  │  Type    Ingredient (Material)             Material SAP Code  Norm          UOM       
17:03:18  INFO        [ODS]  │  ------  --------------------------------  ---------------  ------------  ----------
17:03:18  INFO        [ODS]  │  Utility  D M Water                         310027966            0.900000  M3        
17:03:18  INFO        [ODS]  │  Utility  LP Steam_Dis                      310027965            0.100000  MT        
17:03:18  INFO        [ODS]  │  Utility  Power_Dis                         310027910            0.631000  KWH       
17:03:18  INFO        [ODS]  │
17:03:18  INFO        [ODS]  │  In simple words: To make 1 M3 of PROCESS FEED WATER, you need:
17:03:18  INFO        [ODS]  │    → 0.900000 M3 of D M Water
17:03:18  INFO        [ODS]  │    → 0.100000 MT of LP Steam_Dis
17:03:18  INFO        [ODS]  │    → 0.631000 KWH of Power_Dis
17:03:18  INFO        [ODS]  └──────────────────────────────────────────────────────────────
17:03:18  INFO        [ODS]
17:03:18  INFO        [ODS]  ┌──────────────────────────────────────────────────────────────
17:03:18  INFO        [ODS]  │ PRODUCER: Power_Dis                          
17:03:18  INFO        [ODS]  │ SAP Code: 310027910             Plant Code: 36H2
17:03:18  INFO        [ODS]  │ Makes: 1 KWH of Power_Dis
17:03:18  INFO        [ODS]  │
17:03:18  INFO        [ODS]  │  Needs these ingredients (to make 1 KWH):
17:03:18  INFO        [ODS]  │
17:03:18  INFO        [ODS]  │  Type    Ingredient (Material)             Material SAP Code  Norm          UOM       
17:03:18  INFO        [ODS]  │  ------  --------------------------------  ---------------  ------------  ----------
17:03:18  INFO        [ODS]  │  Utility  Power                             POWER                0.065453  KWH       
17:03:18  INFO        [ODS]  │  Utility  POWERGEN                          310027907            0.572172  KWH       
17:03:18  INFO        [ODS]  │  Utility  POWERGEN                          310027907            0.362375  KWH       
17:03:18  INFO        [ODS]  │
17:03:18  INFO        [ODS]  │  In simple words: To make 1 KWH of Power_Dis, you need:
17:03:18  INFO        [ODS]  │    → 0.065453 KWH of Power
17:03:18  INFO        [ODS]  │    → 0.572172 KWH of POWERGEN
17:03:18  INFO        [ODS]  │    → 0.362375 KWH of POWERGEN
17:03:18  INFO        [ODS]  └──────────────────────────────────────────────────────────────
17:03:18  INFO        [ODS]
17:03:18  INFO        [ODS]  ┌──────────────────────────────────────────────────────────────
17:03:18  INFO        [ODS]  │ PRODUCER: SHP Steam_Dis                      
17:03:18  INFO        [ODS]  │ SAP Code: 310027924             Plant Code: 36H2
17:03:18  INFO        [ODS]  │ Makes: 1 MT of SHP Steam_Dis
17:03:18  INFO        [ODS]  │
17:03:18  INFO        [ODS]  │  Needs these ingredients (to make 1 MT):
17:03:18  INFO        [ODS]  │
17:03:18  INFO        [ODS]  │  Type    Ingredient (Material)             Material SAP Code  Norm          UOM       
17:03:18  INFO        [ODS]  │  ------  --------------------------------  ---------------  ------------  ----------
17:03:18  INFO        [ODS]  │  Utility  AUXBOIL7_SHP STEAM                310028384            0.226682  MT        
17:03:18  INFO        [ODS]  │  Utility  AUXBOIL8_SHP STEAM                310028411                   0  MT        
17:03:18  INFO        [ODS]  │  Utility  HRSG1_C2_SHP STEAM                310028383            0.473460  MT        
17:03:18  INFO        [ODS]  │  Utility  HRSG2_C2_SHP STEAM                310028410            0.299858  MT        
17:03:18  INFO        [ODS]  │
17:03:18  INFO        [ODS]  │  In simple words: To make 1 MT of SHP Steam_Dis, you need:
17:03:18  INFO        [ODS]  │    → 0.226682 MT of AUXBOIL7_SHP STEAM
17:03:18  INFO        [ODS]  │    → 0.473460 MT of HRSG1_C2_SHP STEAM
17:03:18  INFO        [ODS]  │    → 0.299858 MT of HRSG2_C2_SHP STEAM
17:03:18  INFO        [ODS]  └──────────────────────────────────────────────────────────────
17:03:18  INFO        [ODS]
17:03:18  INFO        [ODS]  ┌──────────────────────────────────────────────────────────────
17:03:18  INFO        [ODS]  │ PRODUCER: Utility Water                      
17:03:18  INFO        [ODS]  │ SAP Code: 310027928             Plant Code: 36H1
17:03:18  INFO        [ODS]  │ Makes: 1 M3 of Utility Water
17:03:18  INFO        [ODS]  │
17:03:18  INFO        [ODS]  │  Needs these ingredients (to make 1 M3):
17:03:18  INFO        [ODS]  │
17:03:18  INFO        [ODS]  │  Type    Ingredient (Material)             Material SAP Code  Norm          UOM       
17:03:18  INFO        [ODS]  │  ------  --------------------------------  ---------------  ------------  ----------
17:03:18  INFO        [ODS]  │  Utility  COMPRESSED AIR                    310027904            0.217390  NM3       
17:03:18  INFO        [ODS]  │  Utility  Power_Dis                         310027910                   0  KWH       
17:03:18  INFO        [ODS]  │  Utility  SWRO WATER                        310028356            1.100000  M3        
17:03:18  INFO        [ODS]  │
17:03:18  INFO        [ODS]  │  In simple words: To make 1 M3 of Utility Water, you need:
17:03:18  INFO        [ODS]  │    → 0.217390 NM3 of COMPRESSED AIR
17:03:18  INFO        [ODS]  │    → 1.100000 M3 of SWRO WATER
17:03:18  INFO        [ODS]  └──────────────────────────────────────────────────────────────
17:03:18  INFO        [ODS]
17:03:18  INFO        [ODS]  Total producers with consumption norms: 24
17:03:18  INFO        [ODS] ===================================
17:03:18  WARNING     [U4U LOOP] 2 DB utilities not matched to any ODS producer: ['SWRO WATER', 'Ret steam condensate']
17:03:18  INFO      
17:03:18  INFO        ==============================================================================
17:03:18  INFO        U4U ITERATION LOOP  (April 2026)
17:03:18  INFO        ==============================================================================
17:03:18  INFO        Tolerance: 0.0100%  |  Max iterations: 50
17:03:18  INFO        Allowed accounts: Raw Material, Utilities
17:03:18  INFO        ODS producers: 24
17:03:18  INFO      
17:03:20  INFO        ==============================================================================
17:03:20  INFO        POWER DISPATCH  (April 2026)
17:03:20  INFO        ==============================================================================
17:03:20  INFO        Demand:  Process = 62526.31 MWh  |  Fixed = 11737.74 MWh  |  Total = 74264.05 MWh
17:03:20  INFO      
17:03:20  INFO        Step 1: Mandatory assets at MIN load, then optional if needed
17:03:20  INFO        Asset                      Priority   Man    Min MW    Max MW     Hours       Min MWh
17:03:20  INFO        -------------------------  --------  ----  --------  --------  --------  ------------
17:03:20  INFO        JMD - C2-GTG 1                    1     Y    104.00    105.00    720.00      74880.00
17:03:20  INFO        JMD - C2-GTG 2                    1     Y     64.00     67.00    720.00      46080.00
17:03:20  INFO        TOTAL MIN GENERATION                                                        120960.00
17:03:20  INFO      
17:03:20  INFO        ⚠ SURPLUS: MIN generation (120960.00 MWh) EXCEEDS demand (74264.05 MWh)
17:03:20  INFO          Surplus = 46695.95 MWh  (will be handled via export power in future)
17:03:20  INFO      
17:03:20  INFO        FINAL DISPATCH
17:03:20  INFO        Asset                      Priority   Dispatched MW  Dispatched MWh    Load %   Avg Load MW  FreeStm Factor   Free Steam MT       Heat Rate   Aux Power MWh
17:03:20  INFO        -------------------------  --------  --------------  --------------  --------  ------------  ------------  --------------  --------------  --------------
17:03:20  INFO        JMD - C2-GTG 1                    1          104.00        74880.00     99.0%        104.00        1.5800       118310.40         2654.90          101.09
17:03:20  INFO        JMD - C2-GTG 2                    1           64.00        46080.00     95.5%         64.00        1.8500        85248.00         3170.44           62.21
17:03:20  INFO        TOTAL                                                     120960.00                                             203558.40                          163.30
17:03:20  INFO        ==============================================================================
17:03:21  INFO      
17:03:21  INFO        SPINNING MARGIN CONFIG
17:03:21  INFO        Required margin: 250.00 TPH
17:03:21  INFO        Asset                         Max TPH     Eff Max     Reserve
17:03:21  INFO        -------------------------  ----------  ----------  ----------
17:03:21  INFO        AUXBOIL7_SHP STEAM             220.00      132.70       87.30
17:03:21  INFO        HRSG1_C2_SHP STEAM             250.00      150.79       99.21
17:03:21  INFO        HRSG2_C2_SHP STEAM             160.00       96.51       63.49
17:03:21  INFO        TOTAL RESERVED                                         250.00
17:03:21  INFO        → Margin of 250.00 TPH successfully reserved
17:03:21  INFO      
17:03:21  INFO        ==============================================================================
17:03:21  INFO        STEAM DISPATCH  (April 2026)
17:03:21  INFO        ==============================================================================
17:03:21  INFO        Grade      Process/Fixed MT  Letdown MT  Byproduct MT     Net Demand MT
17:03:21  INFO        ---------  ----------------  ----------  ------------  ----------------
17:03:21  INFO        LP                 23081.00        0.00     -44280.00         -21199.00
17:03:21  INFO        MP                 12542.00    11287.80          0.00          12542.00
17:03:21  INFO        HP                -12014.00        0.00          0.00           -726.20
17:03:21  INFO        SHP               359673.00        0.00          0.00         359673.00
17:03:21  INFO      
17:03:21  INFO        Total Free Steam available: 203558.40 MT
17:03:21  INFO      
17:03:21  INFO        FINAL SUPPLEMENTARY FIRING DISPATCH
17:03:21  INFO        Asset                      Priority   Man     Min TPH     Max TPH     Hours  Dispatched TPH   Dispatched MT    Load %
17:03:21  INFO        -------------------------  --------  ----  ----------  ----------  --------  --------------  --------------  --------
17:03:21  INFO        AUXBOIL7_SHP STEAM                2     Y       50.00      220.00    698.00           92.37        64473.00     42.0%
17:03:21  INFO        AUXBOIL8_SHP STEAM                1     Y       90.00      220.00      0.00            0.00            0.00      0.0%
17:03:21  INFO        HRSG1_C2_SHP STEAM                1     Y        0.00       85.68    720.00           85.68        61689.60    100.0%
17:03:21  INFO        HRSG2_C2_SHP STEAM                1     Y        0.00       41.60    720.00           41.60        29952.00    100.0%
17:03:21  INFO        TOTAL SUPPLEMENTARY                                                                         156114.60          
17:03:21  INFO        TOTAL STEAM GENERATED                                                                       359673.00          
17:03:21  INFO        ✓ Steam demand met exactly
17:03:21  INFO      
17:03:21  INFO        ✓ STEAM SPINNING MARGIN OK: 410.35 TPH reserved (required: 250.00 TPH)
17:03:21  INFO        ==============================================================================
17:03:21  INFO      
17:03:21  INFO        [U4U LOOP] ==============================================================================
17:03:21  INFO        [U4U LOOP]  ITERATION 1
17:03:21  INFO        [U4U LOOP] ==============================================================================
17:03:21  INFO        [U4U LOOP]  Power:  demand=      82867.59 MWh   gen=     120960.00 MWh
17:03:21  INFO        [U4U LOOP]  Steam:  gen=     359673.00 MT
17:03:21  INFO      
17:03:21  INFO        [U4U LOOP]  Utility (ODS Material)            Old Demand    New Demand    U4U Demand    Change %
17:03:21  INFO        [U4U LOOP]  ------------------------------  ------------  ------------  ------------  ----------
17:03:21  INFO        [U4U LOOP]  AUXBOIL7_SHP STEAM                      0.00          0.00      81531.39     0.0000%
17:03:21  INFO        [U4U LOOP]  Boiler Feed Water                       0.00          0.00     407549.73     0.0000%
17:03:21  INFO        [U4U LOOP]  COMPRESED AIR_ASU                       0.00          0.00     643620.92     0.0000%
17:03:21  INFO        [U4U LOOP]  COMPRESSED AIR                          0.00   12620018.00    1085776.42   100.0000%
17:03:21  INFO        [U4U LOOP]  Cooling Water                           0.00     100215.00        853.15   100.0000%
17:03:21  INFO        [U4U LOOP]  D M Water                               0.00     184969.00      28539.90   100.0000%
17:03:21  INFO        [U4U LOOP]  Effluent Treated                        0.00     207361.00     380817.00   100.0000%
17:03:21  INFO        [U4U LOOP]  HP Steam_Dis                            0.00     -12014.00      11287.80   100.0000%
17:03:21  INFO        [U4U LOOP]  HRSG1_C2_SHP STEAM                      0.00          0.00     170290.78     0.0000%
17:03:21  INFO        [U4U LOOP]  HRSG2_C2_SHP STEAM                      0.00          0.00     107850.83     0.0000%
17:03:21  INFO        [U4U LOOP]  LP Steam PRDS                           0.00          0.00       8481.30     0.0000%
17:03:21  INFO        [U4U LOOP]  LP Steam_Dis                            0.00      23081.00       3171.10   100.0000%
17:03:21  INFO        [U4U LOOP]  MP Steam PRDS SHP                       0.00          0.00      12542.00     0.0000%
17:03:21  INFO        [U4U LOOP]  MP Steam_Dis                            0.00      12542.00        929.11   100.0000%
17:03:21  INFO        [U4U LOOP]  NITROGEN_ASU                            0.00   12747061.00     318529.67   100.0000%
17:03:21  INFO        [U4U LOOP]  Oxygen                                  0.00      38907.00          0.00   100.0000%
17:03:21  INFO        [U4U LOOP]  PROCESS FEED WATER                      0.00      31711.00          0.00   100.0000%
17:03:21  INFO        [U4U LOOP]  Power_Dis                               0.00      82867.59      44998.10   100.0000%
17:03:21  INFO        [U4U LOOP]  SHP Steam_Dis                           0.00     359673.00          0.00   100.0000%
17:03:21  INFO        [U4U LOOP]  Utility Water                           0.00    1528813.00      76296.15   100.0000%
17:03:21  INFO      
17:03:21  INFO        [U4U LOOP]  U4U CONSUMPTION BREAKDOWN (per producer per material):
17:03:21  INFO        [U4U LOOP]  Producer                   Material Consumed              Norm      Quantity
17:03:21  INFO        [U4U LOOP]  -------------------------  -------------------------  --------  ------------
17:03:21  INFO        [U4U LOOP]  JMD - C2-GTG 1             SynGas(Unshift)            0.004368     327075.84
17:03:21  INFO        [U4U LOOP]  JMD - C2-GTG 1             COMPRESSED AIR             0.001280      95846.40
17:03:21  INFO        [U4U LOOP]  JMD - C2-GTG 1             Cooling Water              0.000007        524.16
17:03:21  INFO        [U4U LOOP]  JMD - C2-GTG 1             NITROGEN_ASU               0.001660     124300.80
17:03:21  INFO        [U4U LOOP]  JMD - C2-GTG 1             Power_Dis                  0.001350     101088.00
17:03:21  INFO        [U4U LOOP]  JMD - C2-GTG 1             Utility Water              0.000023       1722.24
17:03:21  INFO        [U4U LOOP]  JMD - C2-GTG 2             SynGas(Unshift)            0.004485     206668.80
17:03:21  INFO        [U4U LOOP]  JMD - C2-GTG 2             COMPRESSED AIR             0.001280      58982.40
17:03:21  INFO        [U4U LOOP]  JMD - C2-GTG 2             Cooling Water              0.000007        322.56
17:03:21  INFO        [U4U LOOP]  JMD - C2-GTG 2             NITROGEN_ASU               0.001660      76492.80
17:03:21  INFO        [U4U LOOP]  JMD - C2-GTG 2             Power_Dis                  0.001350      62208.00
17:03:21  INFO        [U4U LOOP]  JMD - C2-GTG 2             Utility Water              0.000023       1059.84
17:03:21  INFO        [U4U LOOP]  AUXBOIL7_SHP STEAM         SynGas(Unshift)            2.876221     185438.60
17:03:21  INFO        [U4U LOOP]  AUXBOIL7_SHP STEAM         Boiler Feed Water          1.010000      65117.73
17:03:21  INFO        [U4U LOOP]  AUXBOIL7_SHP STEAM         Power_Dis                  3.850000     248221.05
17:03:21  INFO        [U4U LOOP]  HRSG1_C2_SHP STEAM         SynGas(Unshift)            3.376244     607723.92
17:03:21  INFO        [U4U LOOP]  HRSG1_C2_SHP STEAM         Boiler Feed Water          1.160000     208800.00
17:03:21  INFO        [U4U LOOP]  HRSG1_C2_SHP STEAM         HRSG1_C2_LP STEAM          -0.150000     -27000.00
17:03:21  INFO        [U4U LOOP]  HRSG1_C2_SHP STEAM         Power_Dis                  0.285000      51300.00
17:03:21  INFO        [U4U LOOP]  HRSG2_C2_SHP STEAM         SynGas(Unshift)            3.357468     386780.31
17:03:21  INFO        [U4U LOOP]  HRSG2_C2_SHP STEAM         Boiler Feed Water          1.160000     133632.00
17:03:21  INFO        [U4U LOOP]  HRSG2_C2_SHP STEAM         HRSG2_C2_LP STEAM          -0.150000     -17280.00
17:03:21  INFO        [U4U LOOP]  HRSG2_C2_SHP STEAM         Power_Dis                  0.285000      32832.00
17:03:21  INFO        [U4U LOOP]  COMPRESSED AIR             COMPRESED AIR_ASU          0.051000     643620.92
17:03:21  INFO        [U4U LOOP]  COMPRESSED AIR             COMPRESSED AIR             0.002670      33695.45
17:03:21  INFO        [U4U LOOP]  COMPRESSED AIR             Power_Dis                  0.150000    1893002.70
17:03:21  INFO        [U4U LOOP]  Cooling Water              COMPRESSED AIR             0.974741      97683.67
17:03:21  INFO        [U4U LOOP]  Cooling Water              Effluent Treated           3.800000     380817.00
17:03:21  INFO        [U4U LOOP]  Cooling Water              Power_Dis                  210.900000   21135343.50
17:03:21  INFO        [U4U LOOP]  Cooling Water              SWRO WATER                 9.400000     942021.00
17:03:21  INFO        [U4U LOOP]  D M Water                  COMPRESSED AIR             0.049180       9096.78
17:03:21  INFO        [U4U LOOP]  D M Water                  NITROGEN_ASU               0.630000     116530.47
17:03:21  INFO        [U4U LOOP]  D M Water                  Power_Dis                  0.920000     170171.48
17:03:21  INFO        [U4U LOOP]  D M Water                  SWRO WATER                 1.150000     212714.35
17:03:21  INFO        [U4U LOOP]  Effluent Treated           COMPRESSED AIR             2.209302     458123.07
17:03:21  INFO        [U4U LOOP]  Effluent Treated           Cooling Water              0.000031          6.43
17:03:21  INFO        [U4U LOOP]  Effluent Treated           NITROGEN_ASU               0.005814       1205.60
17:03:21  INFO        [U4U LOOP]  Effluent Treated           Power_Dis                  3.200000     663555.20
17:03:21  INFO        [U4U LOOP]  Effluent Treated           Utility Water              0.029070       6027.98
17:03:21  INFO        [U4U LOOP]  NITROGEN_ASU               MP Steam_Dis               0.000021        267.69
17:03:21  INFO        [U4U LOOP]  NITROGEN_ASU               Power_Dis                  0.474260    6045421.15
17:03:21  INFO        [U4U LOOP]  NITROGEN_ASU               Ret steam condensate       -0.000011       -140.22
17:03:21  INFO        [U4U LOOP]  NITROGEN_ASU               Utility Water              0.001540      19630.47
17:03:21  INFO        [U4U LOOP]  Oxygen                     MP Steam_Dis               0.017000        661.42
17:03:21  INFO        [U4U LOOP]  Oxygen                     Power_Dis                  374.610000   14574951.27
17:03:21  INFO        [U4U LOOP]  Oxygen                     Ret steam condensate       -0.008000       -311.26
17:03:21  INFO        [U4U LOOP]  Oxygen                     Utility Water              1.230000      47855.61
17:03:21  INFO        [U4U LOOP]  PROCESS FEED WATER         D M Water                  0.900000      28539.90
17:03:21  INFO        [U4U LOOP]  PROCESS FEED WATER         LP Steam_Dis               0.100000       3171.10
17:03:21  INFO        [U4U LOOP]  PROCESS FEED WATER         Power_Dis                  0.631000      20009.64
17:03:21  INFO        [U4U LOOP]  Utility Water              COMPRESSED AIR             0.217390     332348.66
17:03:21  INFO        [U4U LOOP]  Utility Water              SWRO WATER                 1.100000    1681694.30
17:03:21  INFO        [U4U LOOP]  LP Steam_Dis               HRSG1_C2_LP STEAM          0.387271       8938.60
17:03:21  INFO        [U4U LOOP]  LP Steam_Dis               HRSG2_C2_LP STEAM          0.245271       5661.10
17:03:21  INFO        [U4U LOOP]  LP Steam_Dis               LP Steam PRDS              0.367458       8481.30
17:03:21  INFO        [U4U LOOP]  MP Steam_Dis               MP Steam PRDS SHP          1.000000      12542.00
17:03:21  INFO        [U4U LOOP]  SHP Steam_Dis              AUXBOIL7_SHP STEAM         0.226682      81531.39
17:03:21  INFO        [U4U LOOP]  SHP Steam_Dis              HRSG1_C2_SHP STEAM         0.473460     170290.78
17:03:21  INFO        [U4U LOOP]  SHP Steam_Dis              HRSG2_C2_SHP STEAM         0.299858     107850.83
17:03:21  INFO        [U4U LOOP]  LP Steam PRDS              MP Steam_Dis               0.945000          0.00
17:03:21  INFO        [U4U LOOP]  MP Steam PRDS SHP          HP Steam_Dis               0.900000      11287.80
17:03:21  INFO        [U4U LOOP]  HP Steam PRDS              SHP Steam_Dis              0.936000          0.00
17:03:21  INFO      
17:03:21  INFO        [U4U LOOP]  Not yet converged: 17 materials
17:03:21  INFO        [U4U LOOP]    AUXBOIL7_SHP STEAM              change=100.0000%
17:03:21  INFO        [U4U LOOP]    Boiler Feed Water               change=100.0000%
17:03:21  INFO        [U4U LOOP]    COMPRESED AIR_ASU               change=100.0000%
17:03:21  INFO        [U4U LOOP]    COMPRESSED AIR                  change=100.0000%
17:03:21  INFO        [U4U LOOP]    Cooling Water                   change=100.0000%
17:03:21  INFO        [U4U LOOP]    D M Water                       change=100.0000%
17:03:21  INFO        [U4U LOOP]    Effluent Treated                change=100.0000%
17:03:21  INFO        [U4U LOOP]    HP Steam_Dis                    change=100.0000%
17:03:21  INFO        [U4U LOOP]    HRSG1_C2_SHP STEAM              change=100.0000%
17:03:21  INFO        [U4U LOOP]    HRSG2_C2_SHP STEAM              change=100.0000%
17:03:21  INFO        [U4U LOOP]    LP Steam PRDS                   change=100.0000%
17:03:21  INFO        [U4U LOOP]    LP Steam_Dis                    change=100.0000%
17:03:21  INFO        [U4U LOOP]    MP Steam PRDS SHP               change=100.0000%
17:03:21  INFO        [U4U LOOP]    MP Steam_Dis                    change=100.0000%
17:03:21  INFO        [U4U LOOP]    NITROGEN_ASU                    change=100.0000%
17:03:21  INFO        [U4U LOOP]    Power_Dis                       change=100.0000%
17:03:21  INFO        [U4U LOOP]    Utility Water                   change=100.0000%
17:03:21  INFO      
17:03:22  INFO        ==============================================================================
17:03:22  INFO        POWER DISPATCH  (April 2026)
17:03:22  INFO        ==============================================================================
17:03:22  INFO        Demand:  Process = 62526.31 MWh  |  Fixed = 56735.85 MWh  |  Total = 119262.16 MWh
17:03:22  INFO      
17:03:22  INFO        Step 1: Mandatory assets at MIN load, then optional if needed
17:03:22  INFO        Asset                      Priority   Man    Min MW    Max MW     Hours       Min MWh
17:03:22  INFO        -------------------------  --------  ----  --------  --------  --------  ------------
17:03:22  INFO        JMD - C2-GTG 1                    1     Y    104.00    105.00    720.00      74880.00
17:03:22  INFO        JMD - C2-GTG 2                    1     Y     64.00     67.00    720.00      46080.00
17:03:22  INFO        TOTAL MIN GENERATION                                                        120960.00
17:03:22  INFO      
17:03:22  INFO        ⚠ SURPLUS: MIN generation (120960.00 MWh) EXCEEDS demand (119262.16 MWh)
17:03:22  INFO          Surplus = 1697.84 MWh  (will be handled via export power in future)
17:03:22  INFO      
17:03:22  INFO        FINAL DISPATCH
17:03:22  INFO        Asset                      Priority   Dispatched MW  Dispatched MWh    Load %   Avg Load MW  FreeStm Factor   Free Steam MT       Heat Rate   Aux Power MWh
17:03:22  INFO        -------------------------  --------  --------------  --------------  --------  ------------  ------------  --------------  --------------  --------------
17:03:22  INFO        JMD - C2-GTG 1                    1          104.00        74880.00     99.0%        104.00        1.5800       118310.40         2654.90          101.09
17:03:22  INFO        JMD - C2-GTG 2                    1           64.00        46080.00     95.5%         64.00        1.8500        85248.00         3170.44           62.21
17:03:22  INFO        TOTAL                                                     120960.00                                             203558.40                          163.30
17:03:22  INFO        ==============================================================================
17:03:24  INFO      
17:03:24  INFO        SPINNING MARGIN CONFIG
17:03:24  INFO        Required margin: 250.00 TPH
17:03:24  INFO        Asset                         Max TPH     Eff Max     Reserve
17:03:24  INFO        -------------------------  ----------  ----------  ----------
17:03:24  INFO        AUXBOIL7_SHP STEAM             220.00      132.70       87.30
17:03:24  INFO        HRSG1_C2_SHP STEAM             250.00      150.79       99.21
17:03:24  INFO        HRSG2_C2_SHP STEAM             160.00       96.51       63.49
17:03:24  INFO        TOTAL RESERVED                                         250.00
17:03:24  INFO        → Margin of 250.00 TPH successfully reserved
17:03:24  INFO      
17:03:24  INFO        ==============================================================================
17:03:24  INFO        STEAM DISPATCH  (April 2026)
17:03:24  INFO        ==============================================================================
17:03:24  INFO        Grade      Process/Fixed MT  Letdown MT  Byproduct MT     Net Demand MT
17:03:24  INFO        ---------  ----------------  ----------  ------------  ----------------
17:03:24  INFO        LP                 26252.10        0.00     -44280.00         -18027.90
17:03:24  INFO        MP                 13471.11    12124.00          0.00          13471.11
17:03:24  INFO        HP                  -726.20    10668.34          0.00          11397.80
17:03:24  INFO        SHP               359673.00        0.00          0.00         359673.00
17:03:24  INFO      
17:03:24  INFO        Total Free Steam available: 203558.40 MT
17:03:24  INFO      
17:03:24  INFO        FINAL SUPPLEMENTARY FIRING DISPATCH
17:03:24  INFO        Asset                      Priority   Man     Min TPH     Max TPH     Hours  Dispatched TPH   Dispatched MT    Load %
17:03:24  INFO        -------------------------  --------  ----  ----------  ----------  --------  --------------  --------------  --------
17:03:24  INFO        AUXBOIL7_SHP STEAM                2     Y       50.00      220.00    698.00           92.37        64473.00     42.0%
17:03:24  INFO        AUXBOIL8_SHP STEAM                1     Y       90.00      220.00      0.00            0.00            0.00      0.0%
17:03:24  INFO        HRSG1_C2_SHP STEAM                1     Y        0.00       85.68    720.00           85.68        61689.60    100.0%
17:03:24  INFO        HRSG2_C2_SHP STEAM                1     Y        0.00       41.60    720.00           41.60        29952.00    100.0%
17:03:24  INFO        TOTAL SUPPLEMENTARY                                                                         156114.60          
17:03:24  INFO        TOTAL STEAM GENERATED                                                                       359673.00          
17:03:24  INFO        ✓ Steam demand met exactly
17:03:24  INFO      
17:03:24  INFO        ✓ STEAM SPINNING MARGIN OK: 410.35 TPH reserved (required: 250.00 TPH)
17:03:24  INFO        ==============================================================================
17:03:24  INFO      
17:03:24  INFO        [U4U LOOP] ==============================================================================
17:03:24  INFO        [U4U LOOP]  ITERATION 2
17:03:24  INFO        [U4U LOOP] ==============================================================================
17:03:24  INFO        [U4U LOOP]  Power:  demand=     127865.70 MWh   gen=     120960.00 MWh
17:03:24  INFO        [U4U LOOP]  Steam:  gen=     359673.00 MT
17:03:24  INFO      
17:03:24  INFO        [U4U LOOP]  Utility (ODS Material)            Old Demand    New Demand    U4U Demand    Change %
17:03:24  INFO        [U4U LOOP]  ------------------------------  ------------  ------------  ------------  ----------
17:03:24  INFO        [U4U LOOP]  AUXBOIL7_SHP STEAM                      0.00      81531.39      81531.39   100.0000%
17:03:24  INFO        [U4U LOOP]  Boiler Feed Water                       0.00     407549.73     407549.73   100.0000%
17:03:24  INFO        [U4U LOOP]  COMPRESED AIR_ASU                       0.00     643620.92     698995.52   100.0000%
17:03:24  INFO        [U4U LOOP]  COMPRESSED AIR                   12620018.00   13705794.42    1948836.42     7.9220%
17:03:24  INFO        [U4U LOOP]  Cooling Water                      100215.00     101068.15        864.95     0.8441%
17:03:24  INFO        [U4U LOOP]  D M Water                          184969.00     213508.90     395334.66    13.3671%
17:03:24  INFO        [U4U LOOP]  Effluent Treated                   207361.00     588178.00     384058.96    64.7452%
17:03:24  INFO        [U4U LOOP]  HP Steam_Dis                       -12014.00       -726.20      12124.00  1554.3652%
17:03:24  INFO        [U4U LOOP]  HRSG1_C2_SHP STEAM                      0.00     170290.78     170290.78   100.0000%
17:03:24  INFO        [U4U LOOP]  HRSG2_C2_SHP STEAM                      0.00     107850.83     107850.83   100.0000%
17:03:24  INFO        [U4U LOOP]  LP Steam PRDS                           0.00       8481.30       9646.54   100.0000%
17:03:24  INFO        [U4U LOOP]  LP Steam_Dis                        23081.00      26252.10      43926.07    12.0794%
17:03:24  INFO        [U4U LOOP]  MP Steam PRDS SHP                       0.00      12542.00      13471.11   100.0000%
17:03:24  INFO        [U4U LOOP]  MP Steam_Dis                        12542.00      13471.11        935.80     6.8970%
17:03:24  INFO        [U4U LOOP]  NITROGEN_ASU                     12747061.00   13065590.67     338723.87     2.4379%
17:03:24  INFO        [U4U LOOP]  Oxygen                              38907.00      38907.00          0.00     0.0000%
17:03:24  INFO        [U4U LOOP]  PROCESS FEED WATER                  31711.00      31711.00          0.00     0.0000%
17:03:24  INFO        [U4U LOOP]  Power_Dis                           82867.59     127865.70      50118.44    35.1917%
17:03:24  INFO        [U4U LOOP]  SHP Steam_Dis                      359673.00     359673.00          0.00     0.0000%
17:03:24  INFO        [U4U LOOP]  Utility Water                     1528813.00    1605109.15      87857.03     4.7533%
17:03:24  INFO      
17:03:24  INFO        [U4U LOOP]  U4U CONSUMPTION BREAKDOWN (per producer per material):
17:03:24  INFO        [U4U LOOP]  Producer                   Material Consumed              Norm      Quantity
17:03:24  INFO        [U4U LOOP]  -------------------------  -------------------------  --------  ------------
17:03:24  INFO        [U4U LOOP]  JMD - C2-GTG 1             SynGas(Unshift)            0.004368     327075.84
17:03:24  INFO        [U4U LOOP]  JMD - C2-GTG 1             COMPRESSED AIR             0.001280      95846.40
17:03:24  INFO        [U4U LOOP]  JMD - C2-GTG 1             Cooling Water              0.000007        524.16
17:03:24  INFO        [U4U LOOP]  JMD - C2-GTG 1             NITROGEN_ASU               0.001660     124300.80
17:03:24  INFO        [U4U LOOP]  JMD - C2-GTG 1             Power_Dis                  0.001350     101088.00
17:03:24  INFO        [U4U LOOP]  JMD - C2-GTG 1             Utility Water              0.000023       1722.24
17:03:24  INFO        [U4U LOOP]  JMD - C2-GTG 2             SynGas(Unshift)            0.004485     206668.80
17:03:24  INFO        [U4U LOOP]  JMD - C2-GTG 2             COMPRESSED AIR             0.001280      58982.40
17:03:24  INFO        [U4U LOOP]  JMD - C2-GTG 2             Cooling Water              0.000007        322.56
17:03:24  INFO        [U4U LOOP]  JMD - C2-GTG 2             NITROGEN_ASU               0.001660      76492.80
17:03:24  INFO        [U4U LOOP]  JMD - C2-GTG 2             Power_Dis                  0.001350      62208.00
17:03:24  INFO        [U4U LOOP]  JMD - C2-GTG 2             Utility Water              0.000023       1059.84
17:03:24  INFO        [U4U LOOP]  AUXBOIL7_SHP STEAM         SynGas(Unshift)            2.876221     185438.60
17:03:24  INFO        [U4U LOOP]  AUXBOIL7_SHP STEAM         Boiler Feed Water          1.010000      65117.73
17:03:24  INFO        [U4U LOOP]  AUXBOIL7_SHP STEAM         Power_Dis                  3.850000     248221.05
17:03:24  INFO        [U4U LOOP]  HRSG1_C2_SHP STEAM         SynGas(Unshift)            3.376244     607723.92
17:03:24  INFO        [U4U LOOP]  HRSG1_C2_SHP STEAM         Boiler Feed Water          1.160000     208800.00
17:03:24  INFO        [U4U LOOP]  HRSG1_C2_SHP STEAM         HRSG1_C2_LP STEAM          -0.150000     -27000.00
17:03:24  INFO        [U4U LOOP]  HRSG1_C2_SHP STEAM         Power_Dis                  0.285000      51300.00
17:03:24  INFO        [U4U LOOP]  HRSG2_C2_SHP STEAM         SynGas(Unshift)            3.357468     386780.31
17:03:24  INFO        [U4U LOOP]  HRSG2_C2_SHP STEAM         Boiler Feed Water          1.160000     133632.00
17:03:24  INFO        [U4U LOOP]  HRSG2_C2_SHP STEAM         HRSG2_C2_LP STEAM          -0.150000     -17280.00
17:03:24  INFO        [U4U LOOP]  HRSG2_C2_SHP STEAM         Power_Dis                  0.285000      32832.00
17:03:24  INFO        [U4U LOOP]  Boiler Feed Water          D M Water                  0.900000     366794.76
17:03:24  INFO        [U4U LOOP]  Boiler Feed Water          LP Steam_Dis               0.100000      40754.97
17:03:24  INFO        [U4U LOOP]  Boiler Feed Water          Power_Dis                  8.100000    3301152.81
17:03:24  INFO        [U4U LOOP]  COMPRESED AIR_ASU          Power_Dis                  0.125000      80452.61
17:03:24  INFO        [U4U LOOP]  COMPRESSED AIR             COMPRESED AIR_ASU          0.051000     698995.52
17:03:24  INFO        [U4U LOOP]  COMPRESSED AIR             COMPRESSED AIR             0.002670      36594.47
17:03:24  INFO        [U4U LOOP]  COMPRESSED AIR             Power_Dis                  0.150000    2055869.16
17:03:24  INFO        [U4U LOOP]  Cooling Water              COMPRESSED AIR             0.974741      98515.27
17:03:24  INFO        [U4U LOOP]  Cooling Water              Effluent Treated           3.800000     384058.96
17:03:24  INFO        [U4U LOOP]  Cooling Water              Power_Dis                  210.900000   21315272.45
17:03:24  INFO        [U4U LOOP]  Cooling Water              SWRO WATER                 9.400000     950040.59
17:03:24  INFO        [U4U LOOP]  D M Water                  COMPRESSED AIR             0.049180      10500.37
17:03:24  INFO        [U4U LOOP]  D M Water                  NITROGEN_ASU               0.630000     134510.61
17:03:24  INFO        [U4U LOOP]  D M Water                  Power_Dis                  0.920000     196428.19
17:03:24  INFO        [U4U LOOP]  D M Water                  SWRO WATER                 1.150000     245535.23
17:03:24  INFO        [U4U LOOP]  Effluent Treated           COMPRESSED AIR             2.209302    1299462.83
17:03:24  INFO        [U4U LOOP]  Effluent Treated           Cooling Water              0.000031         18.23
17:03:24  INFO        [U4U LOOP]  Effluent Treated           NITROGEN_ASU               0.005814       3419.67
17:03:24  INFO        [U4U LOOP]  Effluent Treated           Power_Dis                  3.200000    1882169.60
17:03:24  INFO        [U4U LOOP]  Effluent Treated           Utility Water              0.029070      17098.33
17:03:24  INFO        [U4U LOOP]  NITROGEN_ASU               MP Steam_Dis               0.000021        274.38
17:03:24  INFO        [U4U LOOP]  NITROGEN_ASU               Power_Dis                  0.474260    6196487.03
17:03:24  INFO        [U4U LOOP]  NITROGEN_ASU               Ret steam condensate       -0.000011       -143.72
17:03:24  INFO        [U4U LOOP]  NITROGEN_ASU               Utility Water              0.001540      20121.01
17:03:24  INFO        [U4U LOOP]  Oxygen                     MP Steam_Dis               0.017000        661.42
17:03:24  INFO        [U4U LOOP]  Oxygen                     Power_Dis                  374.610000   14574951.27
17:03:24  INFO        [U4U LOOP]  Oxygen                     Ret steam condensate       -0.008000       -311.26
17:03:24  INFO        [U4U LOOP]  Oxygen                     Utility Water              1.230000      47855.61
17:03:24  INFO        [U4U LOOP]  PROCESS FEED WATER         D M Water                  0.900000      28539.90
17:03:24  INFO        [U4U LOOP]  PROCESS FEED WATER         LP Steam_Dis               0.100000       3171.10
17:03:24  INFO        [U4U LOOP]  PROCESS FEED WATER         Power_Dis                  0.631000      20009.64
17:03:24  INFO        [U4U LOOP]  Utility Water              COMPRESSED AIR             0.217390     348934.68
17:03:24  INFO        [U4U LOOP]  Utility Water              SWRO WATER                 1.100000    1765620.06
17:03:24  INFO        [U4U LOOP]  LP Steam_Dis               HRSG1_C2_LP STEAM          0.387271      10166.68
17:03:24  INFO        [U4U LOOP]  LP Steam_Dis               HRSG2_C2_LP STEAM          0.245271       6438.88
17:03:24  INFO        [U4U LOOP]  LP Steam_Dis               LP Steam PRDS              0.367458       9646.54
17:03:24  INFO        [U4U LOOP]  MP Steam_Dis               MP Steam PRDS SHP          1.000000      13471.11
17:03:24  INFO        [U4U LOOP]  SHP Steam_Dis              AUXBOIL7_SHP STEAM         0.226682      81531.39
17:03:24  INFO        [U4U LOOP]  SHP Steam_Dis              HRSG1_C2_SHP STEAM         0.473460     170290.78
17:03:24  INFO        [U4U LOOP]  SHP Steam_Dis              HRSG2_C2_SHP STEAM         0.299858     107850.83
17:03:24  INFO        [U4U LOOP]  LP Steam PRDS              MP Steam_Dis               0.945000          0.00
17:03:24  INFO        [U4U LOOP]  MP Steam PRDS SHP          HP Steam_Dis               0.900000      12124.00
17:03:24  INFO        [U4U LOOP]  HP Steam PRDS              SHP Steam_Dis              0.936000          0.00
17:03:24  INFO      
17:03:24  INFO        [U4U LOOP]  Not yet converged: 13 materials
17:03:24  INFO        [U4U LOOP]    COMPRESED AIR_ASU               change=7.9220%
17:03:24  INFO        [U4U LOOP]    COMPRESSED AIR                  change=44.2859%
17:03:24  INFO        [U4U LOOP]    Cooling Water                   change=1.3649%
17:03:24  INFO        [U4U LOOP]    D M Water                       change=92.7808%
17:03:24  INFO        [U4U LOOP]    Effluent Treated                change=0.8441%
17:03:24  INFO        [U4U LOOP]    HP Steam_Dis                    change=6.8970%
17:03:24  INFO        [U4U LOOP]    LP Steam PRDS                   change=12.0794%
17:03:24  INFO        [U4U LOOP]    LP Steam_Dis                    change=92.7808%
17:03:24  INFO        [U4U LOOP]    MP Steam PRDS SHP               change=6.8970%
17:03:24  INFO        [U4U LOOP]    MP Steam_Dis                    change=0.7148%
17:03:24  INFO        [U4U LOOP]    NITROGEN_ASU                    change=5.9618%
17:03:24  INFO        [U4U LOOP]    Power_Dis                       change=10.2165%
17:03:24  INFO        [U4U LOOP]    Utility Water                   change=13.1587%
17:03:24  INFO      
17:03:25  INFO        ==============================================================================
17:03:25  INFO        POWER DISPATCH  (April 2026)
17:03:25  INFO        ==============================================================================
17:03:25  INFO        Demand:  Process = 62526.31 MWh  |  Fixed = 61856.18 MWh  |  Total = 124382.49 MWh
17:03:25  INFO      
17:03:25  INFO        Step 1: Mandatory assets at MIN load, then optional if needed
17:03:25  INFO        Asset                      Priority   Man    Min MW    Max MW     Hours       Min MWh
17:03:25  INFO        -------------------------  --------  ----  --------  --------  --------  ------------
17:03:25  INFO        JMD - C2-GTG 1                    1     Y    104.00    105.00    720.00      74880.00
17:03:25  INFO        JMD - C2-GTG 2                    1     Y     64.00     67.00    720.00      46080.00
17:03:25  INFO        TOTAL MIN GENERATION                                                        120960.00
17:03:25  INFO      
17:03:25  INFO        ⚠ DEFICIT: MAX generation (123840.00 MWh) BELOW demand (124382.49 MWh)
17:03:25  INFO          Deficit = 542.49 MWh
17:03:25  INFO      
17:03:25  INFO        FINAL DISPATCH
17:03:25  INFO        Asset                      Priority   Dispatched MW  Dispatched MWh    Load %   Avg Load MW  FreeStm Factor   Free Steam MT       Heat Rate   Aux Power MWh
17:03:25  INFO        -------------------------  --------  --------------  --------------  --------  ------------  ------------  --------------  --------------  --------------
17:03:25  INFO        JMD - C2-GTG 1                    1          105.00        75600.00    100.0%        105.00        1.5700       118692.00         2643.00          102.06
17:03:25  INFO        JMD - C2-GTG 2                    1           67.00        48240.00    100.0%         67.00        1.8300        88279.20         3120.84           65.12
17:03:25  INFO        TOTAL                                                     123840.00                                             206971.20                          167.18
17:03:25  INFO        ==============================================================================
17:03:26  INFO      
17:03:26  INFO        SPINNING MARGIN CONFIG
17:03:26  INFO        Required margin: 250.00 TPH
17:03:26  INFO        Asset                         Max TPH     Eff Max     Reserve
17:03:26  INFO        -------------------------  ----------  ----------  ----------
17:03:26  INFO        AUXBOIL7_SHP STEAM             220.00      132.70       87.30
17:03:26  INFO        HRSG1_C2_SHP STEAM             250.00      150.79       99.21
17:03:26  INFO        HRSG2_C2_SHP STEAM             160.00       96.51       63.49
17:03:26  INFO        TOTAL RESERVED                                         250.00
17:03:26  INFO        → Margin of 250.00 TPH successfully reserved
17:03:26  INFO      
17:03:26  INFO        ==============================================================================
17:03:26  INFO        STEAM DISPATCH  (April 2026)
17:03:26  INFO        ==============================================================================
17:03:26  INFO        Grade      Process/Fixed MT  Letdown MT  Byproduct MT     Net Demand MT
17:03:26  INFO        ---------  ----------------  ----------  ------------  ----------------
17:03:26  INFO        LP                 67007.07    21477.08     -44280.00          22727.07
17:03:26  INFO        MP                 13477.80    31459.39          0.00          34954.88
17:03:26  INFO        HP                   110.00    29548.95          0.00          31569.39
17:03:26  INFO        SHP               359673.00        0.00          0.00         359673.00
17:03:26  INFO      
17:03:26  INFO        Total Free Steam available: 206971.20 MT
17:03:26  INFO      
17:03:26  INFO        FINAL SUPPLEMENTARY FIRING DISPATCH
17:03:26  INFO        Asset                      Priority   Man     Min TPH     Max TPH     Hours  Dispatched TPH   Dispatched MT    Load %
17:03:26  INFO        -------------------------  --------  ----  ----------  ----------  --------  --------------  --------------  --------
17:03:26  INFO        AUXBOIL7_SHP STEAM                2     Y       50.00      220.00    698.00           92.37        64473.00     42.0%
17:03:26  INFO        AUXBOIL8_SHP STEAM                1     Y       90.00      220.00      0.00            0.00            0.00      0.0%
17:03:26  INFO        HRSG1_C2_SHP STEAM                1     Y        0.00       85.15    720.00           85.15        61308.00    100.0%
17:03:26  INFO        HRSG2_C2_SHP STEAM                1     Y        0.00       37.39    720.00           37.39        26920.80    100.0%
17:03:26  INFO        TOTAL SUPPLEMENTARY                                                                         152701.80          
17:03:26  INFO        TOTAL STEAM GENERATED                                                                       359673.00          
17:03:26  INFO        ✓ Steam demand met exactly
17:03:26  INFO      
17:03:26  INFO        ✓ STEAM SPINNING MARGIN OK: 415.09 TPH reserved (required: 250.00 TPH)
17:03:26  INFO        ==============================================================================
17:03:26  INFO      
17:03:26  INFO        [U4U LOOP] ==============================================================================
17:03:26  INFO        [U4U LOOP]  ITERATION 3
17:03:26  INFO        [U4U LOOP] ==============================================================================
17:03:26  INFO        [U4U LOOP]  Power:  demand=     132986.03 MWh   gen=     123840.00 MWh
17:03:26  INFO        [U4U LOOP]  Steam:  gen=     359673.00 MT
17:03:26  INFO      
17:03:26  INFO        [U4U LOOP]  Utility (ODS Material)            Old Demand    New Demand    U4U Demand    Change %
17:03:26  INFO        [U4U LOOP]  ------------------------------  ------------  ------------  ------------  ----------
17:03:26  INFO        [U4U LOOP]  AUXBOIL7_SHP STEAM                  81531.39      81531.39      81531.39     0.0000%
17:03:26  INFO        [U4U LOOP]  Boiler Feed Water                  407549.73     407549.73     407549.73     0.0000%
17:03:26  INFO        [U4U LOOP]  COMPRESED AIR_ASU                  643620.92     698995.52     743011.58     7.9220%
17:03:26  INFO        [U4U LOOP]  COMPRESSED AIR                   13705794.42   14568854.42    1982553.36     5.9240%
17:03:26  INFO        [U4U LOOP]  Cooling Water                      101068.15     101079.95        885.21     0.0117%
17:03:26  INFO        [U4U LOOP]  D M Water                          213508.90     580303.66     395334.66    63.2074%
17:03:26  INFO        [U4U LOOP]  Effluent Treated                   588178.00     591419.96     384103.82     0.5482%
17:03:26  INFO        [U4U LOOP]  HP Steam PRDS                           0.00          0.00        110.00     0.0000%
17:03:26  INFO        [U4U LOOP]  HP Steam_Dis                         -726.20        110.00      12130.02   760.2025%
17:03:26  INFO        [U4U LOOP]  HRSG1_C2_SHP STEAM                 170290.78     170290.78     170290.78     0.0000%
17:03:26  INFO        [U4U LOOP]  HRSG2_C2_SHP STEAM                 107850.83     107850.83     107850.83     0.0000%
17:03:26  INFO        [U4U LOOP]  LP Steam PRDS                        8481.30       9646.54      24622.29    12.0794%
17:03:26  INFO        [U4U LOOP]  LP Steam_Dis                        26252.10      67007.07      43926.07    60.8219%
17:03:26  INFO        [U4U LOOP]  MP Steam PRDS SHP                   12542.00      13471.11      13477.80     6.8970%
17:03:26  INFO        [U4U LOOP]  MP Steam_Dis                        13471.11      13477.80      22413.30     0.0496%
17:03:26  INFO        [U4U LOOP]  NITROGEN_ASU                     13065590.67   13085784.87     574604.22     0.1543%
17:03:26  INFO        [U4U LOOP]  Oxygen                              38907.00      38907.00          0.00     0.0000%
17:03:26  INFO        [U4U LOOP]  PROCESS FEED WATER                  31711.00      31711.00          0.00     0.0000%
17:03:26  INFO        [U4U LOOP]  Power_Dis                          127865.70     132986.03      50618.60     3.8503%
17:03:26  INFO        [U4U LOOP]  SHP Steam_Dis                      359673.00     359673.00        102.96     0.0000%
17:03:26  INFO        [U4U LOOP]  Utility Water                     1605109.15    1616670.03      88048.62     0.7151%
17:03:26  INFO      
17:03:26  INFO        [U4U LOOP]  U4U CONSUMPTION BREAKDOWN (per producer per material):
17:03:26  INFO        [U4U LOOP]  Producer                   Material Consumed              Norm      Quantity
17:03:26  INFO        [U4U LOOP]  -------------------------  -------------------------  --------  ------------
17:03:26  INFO        [U4U LOOP]  JMD - C2-GTG 1             SynGas(Unshift)            0.004368     330220.80
17:03:26  INFO        [U4U LOOP]  JMD - C2-GTG 1             COMPRESSED AIR             0.001280      96768.00
17:03:26  INFO        [U4U LOOP]  JMD - C2-GTG 1             Cooling Water              0.000007        529.20
17:03:26  INFO        [U4U LOOP]  JMD - C2-GTG 1             NITROGEN_ASU               0.001660     125496.00
17:03:26  INFO        [U4U LOOP]  JMD - C2-GTG 1             Power_Dis                  0.001350     102060.00
17:03:26  INFO        [U4U LOOP]  JMD - C2-GTG 1             Utility Water              0.000023       1738.80
17:03:26  INFO        [U4U LOOP]  JMD - C2-GTG 2             SynGas(Unshift)            0.004485     216356.40
17:03:26  INFO        [U4U LOOP]  JMD - C2-GTG 2             COMPRESSED AIR             0.001280      61747.20
17:03:26  INFO        [U4U LOOP]  JMD - C2-GTG 2             Cooling Water              0.000007        337.68
17:03:26  INFO        [U4U LOOP]  JMD - C2-GTG 2             NITROGEN_ASU               0.001660      80078.40
17:03:26  INFO        [U4U LOOP]  JMD - C2-GTG 2             Power_Dis                  0.001350      65124.00
17:03:26  INFO        [U4U LOOP]  JMD - C2-GTG 2             Utility Water              0.000023       1109.52
17:03:26  INFO        [U4U LOOP]  AUXBOIL7_SHP STEAM         SynGas(Unshift)            2.876221     185438.60
17:03:26  INFO        [U4U LOOP]  AUXBOIL7_SHP STEAM         Boiler Feed Water          1.010000      65117.73
17:03:26  INFO        [U4U LOOP]  AUXBOIL7_SHP STEAM         Power_Dis                  3.850000     248221.05
17:03:26  INFO        [U4U LOOP]  HRSG1_C2_SHP STEAM         SynGas(Unshift)            3.376244     607723.92
17:03:26  INFO        [U4U LOOP]  HRSG1_C2_SHP STEAM         Boiler Feed Water          1.160000     208800.00
17:03:26  INFO        [U4U LOOP]  HRSG1_C2_SHP STEAM         HRSG1_C2_LP STEAM          -0.150000     -27000.00
17:03:26  INFO        [U4U LOOP]  HRSG1_C2_SHP STEAM         Power_Dis                  0.285000      51300.00
17:03:26  INFO        [U4U LOOP]  HRSG2_C2_SHP STEAM         SynGas(Unshift)            3.357468     386780.31
17:03:26  INFO        [U4U LOOP]  HRSG2_C2_SHP STEAM         Boiler Feed Water          1.160000     133632.00
17:03:26  INFO        [U4U LOOP]  HRSG2_C2_SHP STEAM         HRSG2_C2_LP STEAM          -0.150000     -17280.00
17:03:26  INFO        [U4U LOOP]  HRSG2_C2_SHP STEAM         Power_Dis                  0.285000      32832.00
17:03:26  INFO        [U4U LOOP]  Boiler Feed Water          D M Water                  0.900000     366794.76
17:03:26  INFO        [U4U LOOP]  Boiler Feed Water          LP Steam_Dis               0.100000      40754.97
17:03:26  INFO        [U4U LOOP]  Boiler Feed Water          Power_Dis                  8.100000    3301152.81
17:03:26  INFO        [U4U LOOP]  COMPRESED AIR_ASU          Power_Dis                  0.125000      87374.44
17:03:26  INFO        [U4U LOOP]  COMPRESSED AIR             COMPRESED AIR_ASU          0.051000     743011.58
17:03:26  INFO        [U4U LOOP]  COMPRESSED AIR             COMPRESSED AIR             0.002670      38898.84
17:03:26  INFO        [U4U LOOP]  COMPRESSED AIR             Power_Dis                  0.150000    2185328.16
17:03:26  INFO        [U4U LOOP]  Cooling Water              COMPRESSED AIR             0.974741      98526.77
17:03:26  INFO        [U4U LOOP]  Cooling Water              Effluent Treated           3.800000     384103.82
17:03:26  INFO        [U4U LOOP]  Cooling Water              Power_Dis                  210.900000   21317762.20
17:03:26  INFO        [U4U LOOP]  Cooling Water              SWRO WATER                 9.400000     950151.56
17:03:26  INFO        [U4U LOOP]  D M Water                  COMPRESSED AIR             0.049180      28539.33
17:03:26  INFO        [U4U LOOP]  D M Water                  NITROGEN_ASU               0.630000     365591.30
17:03:26  INFO        [U4U LOOP]  D M Water                  Power_Dis                  0.920000     533879.36
17:03:26  INFO        [U4U LOOP]  D M Water                  SWRO WATER                 1.150000     667349.21
17:03:26  INFO        [U4U LOOP]  Effluent Treated           COMPRESSED AIR             2.209302    1306625.31
17:03:26  INFO        [U4U LOOP]  Effluent Treated           Cooling Water              0.000031         18.33
17:03:26  INFO        [U4U LOOP]  Effluent Treated           NITROGEN_ASU               0.005814       3438.52
17:03:26  INFO        [U4U LOOP]  Effluent Treated           Power_Dis                  3.200000    1892543.88
17:03:26  INFO        [U4U LOOP]  Effluent Treated           Utility Water              0.029070      17192.58
17:03:26  INFO        [U4U LOOP]  NITROGEN_ASU               MP Steam_Dis               0.000021        274.80
17:03:26  INFO        [U4U LOOP]  NITROGEN_ASU               Power_Dis                  0.474260    6206064.33
17:03:26  INFO        [U4U LOOP]  NITROGEN_ASU               Ret steam condensate       -0.000011       -143.94
17:03:26  INFO        [U4U LOOP]  NITROGEN_ASU               Utility Water              0.001540      20152.11
17:03:26  INFO        [U4U LOOP]  Oxygen                     MP Steam_Dis               0.017000        661.42
17:03:26  INFO        [U4U LOOP]  Oxygen                     Power_Dis                  374.610000   14574951.27
17:03:26  INFO        [U4U LOOP]  Oxygen                     Ret steam condensate       -0.008000       -311.26
17:03:26  INFO        [U4U LOOP]  Oxygen                     Utility Water              1.230000      47855.61
17:03:26  INFO        [U4U LOOP]  PROCESS FEED WATER         D M Water                  0.900000      28539.90
17:03:26  INFO        [U4U LOOP]  PROCESS FEED WATER         LP Steam_Dis               0.100000       3171.10
17:03:26  INFO        [U4U LOOP]  PROCESS FEED WATER         Power_Dis                  0.631000      20009.64
17:03:26  INFO        [U4U LOOP]  Utility Water              COMPRESSED AIR             0.217390     351447.90
17:03:26  INFO        [U4U LOOP]  Utility Water              SWRO WATER                 1.100000    1778337.04
17:03:26  INFO        [U4U LOOP]  HP Steam_Dis               HP Steam PRDS              1.000000        110.00
17:03:26  INFO        [U4U LOOP]  LP Steam_Dis               HRSG1_C2_LP STEAM          0.387271      25949.90
17:03:26  INFO        [U4U LOOP]  LP Steam_Dis               HRSG2_C2_LP STEAM          0.245271      16434.89
17:03:26  INFO        [U4U LOOP]  LP Steam_Dis               LP Steam PRDS              0.367458      24622.29
17:03:26  INFO        [U4U LOOP]  MP Steam_Dis               MP Steam PRDS SHP          1.000000      13477.80
17:03:26  INFO        [U4U LOOP]  SHP Steam_Dis              AUXBOIL7_SHP STEAM         0.226682      81531.39
17:03:26  INFO        [U4U LOOP]  SHP Steam_Dis              HRSG1_C2_SHP STEAM         0.473460     170290.78
17:03:26  INFO        [U4U LOOP]  SHP Steam_Dis              HRSG2_C2_SHP STEAM         0.299858     107850.83
17:03:26  INFO        [U4U LOOP]  LP Steam PRDS              MP Steam_Dis               0.945000      21477.08
17:03:26  INFO        [U4U LOOP]  MP Steam PRDS SHP          HP Steam_Dis               0.900000      12130.02
17:03:26  INFO        [U4U LOOP]  HP Steam PRDS              SHP Steam_Dis              0.936000        102.96
17:03:26  INFO      
17:03:26  INFO        [U4U LOOP]  Not yet converged: 13 materials
17:03:26  INFO        [U4U LOOP]    COMPRESED AIR_ASU               change=5.9240%
17:03:26  INFO        [U4U LOOP]    COMPRESSED AIR                  change=1.7007%
17:03:26  INFO        [U4U LOOP]    Cooling Water                   change=2.2888%
17:03:26  INFO        [U4U LOOP]    Effluent Treated                change=0.0117%
17:03:26  INFO        [U4U LOOP]    HP Steam PRDS                   change=100.0000%
17:03:26  INFO        [U4U LOOP]    HP Steam_Dis                    change=0.0496%
17:03:26  INFO        [U4U LOOP]    LP Steam PRDS                   change=60.8219%
17:03:26  INFO        [U4U LOOP]    MP Steam PRDS SHP               change=0.0496%
17:03:26  INFO        [U4U LOOP]    MP Steam_Dis                    change=95.8248%
17:03:26  INFO        [U4U LOOP]    NITROGEN_ASU                    change=41.0509%
17:03:26  INFO        [U4U LOOP]    Power_Dis                       change=0.9881%
17:03:26  INFO        [U4U LOOP]    SHP Steam_Dis                   change=100.0000%
17:03:26  INFO        [U4U LOOP]    Utility Water                   change=0.2176%
17:03:26  INFO      
17:03:28  INFO        ==============================================================================
17:03:28  INFO        POWER DISPATCH  (April 2026)
17:03:28  INFO        ==============================================================================
17:03:28  INFO        Demand:  Process = 62526.31 MWh  |  Fixed = 62356.35 MWh  |  Total = 124882.66 MWh
17:03:28  INFO      
17:03:28  INFO        Step 1: Mandatory assets at MIN load, then optional if needed
17:03:28  INFO        Asset                      Priority   Man    Min MW    Max MW     Hours       Min MWh
17:03:28  INFO        -------------------------  --------  ----  --------  --------  --------  ------------
17:03:28  INFO        JMD - C2-GTG 1                    1     Y    104.00    105.00    720.00      74880.00
17:03:28  INFO        JMD - C2-GTG 2                    1     Y     64.00     67.00    720.00      46080.00
17:03:28  INFO        TOTAL MIN GENERATION                                                        120960.00
17:03:28  INFO      
17:03:28  INFO        ⚠ DEFICIT: MAX generation (123840.00 MWh) BELOW demand (124882.66 MWh)
17:03:28  INFO          Deficit = 1042.66 MWh
17:03:28  INFO      
17:03:28  INFO        FINAL DISPATCH
17:03:28  INFO        Asset                      Priority   Dispatched MW  Dispatched MWh    Load %   Avg Load MW  FreeStm Factor   Free Steam MT       Heat Rate   Aux Power MWh
17:03:28  INFO        -------------------------  --------  --------------  --------------  --------  ------------  ------------  --------------  --------------  --------------
17:03:28  INFO        JMD - C2-GTG 1                    1          105.00        75600.00    100.0%        105.00        1.5700       118692.00         2643.00          102.06
17:03:28  INFO        JMD - C2-GTG 2                    1           67.00        48240.00    100.0%         67.00        1.8300        88279.20         3120.84           65.12
17:03:28  INFO        TOTAL                                                     123840.00                                             206971.20                          167.18
17:03:28  INFO        ==============================================================================
17:03:29  INFO      
17:03:29  INFO        SPINNING MARGIN CONFIG
17:03:29  INFO        Required margin: 250.00 TPH
17:03:29  INFO        Asset                         Max TPH     Eff Max     Reserve
17:03:29  INFO        -------------------------  ----------  ----------  ----------
17:03:29  INFO        AUXBOIL7_SHP STEAM             220.00      132.70       87.30
17:03:29  INFO        HRSG1_C2_SHP STEAM             250.00      150.79       99.21
17:03:29  INFO        HRSG2_C2_SHP STEAM             160.00       96.51       63.49
17:03:29  INFO        TOTAL RESERVED                                         250.00
17:03:29  INFO        → Margin of 250.00 TPH successfully reserved
17:03:29  INFO      
17:03:29  INFO        ==============================================================================
17:03:29  INFO        STEAM DISPATCH  (April 2026)
17:03:29  INFO        ==============================================================================
17:03:29  INFO        Grade      Process/Fixed MT  Letdown MT  Byproduct MT     Net Demand MT
17:03:29  INFO        ---------  ----------------  ----------  ------------  ----------------
17:03:29  INFO        LP                 67007.07    21477.08     -44280.00          22727.07
17:03:29  INFO        MP                 34955.30    50789.15          0.00          56432.39
17:03:29  INFO        HP                   116.02    47647.24          0.00          50905.17
17:03:29  INFO        SHP               359775.96        0.00          0.00         359775.96
17:03:29  INFO      
17:03:29  INFO        Total Free Steam available: 206971.20 MT
17:03:29  INFO      
17:03:29  INFO        FINAL SUPPLEMENTARY FIRING DISPATCH
17:03:29  INFO        Asset                      Priority   Man     Min TPH     Max TPH     Hours  Dispatched TPH   Dispatched MT    Load %
17:03:29  INFO        -------------------------  --------  ----  ----------  ----------  --------  --------------  --------------  --------
17:03:29  INFO        AUXBOIL7_SHP STEAM                2     Y       50.00      220.00    698.00           92.52        64575.96     42.1%
17:03:29  INFO        AUXBOIL8_SHP STEAM                1     Y       90.00      220.00      0.00            0.00            0.00      0.0%
17:03:29  INFO        HRSG1_C2_SHP STEAM                1     Y        0.00       85.15    720.00           85.15        61308.00    100.0%
17:03:29  INFO        HRSG2_C2_SHP STEAM                1     Y        0.00       37.39    720.00           37.39        26920.80    100.0%
17:03:29  INFO        TOTAL SUPPLEMENTARY                                                                         152804.76          
17:03:29  INFO        TOTAL STEAM GENERATED                                                                       359775.96          
17:03:29  INFO        ⚠ DEFICIT: Steam generation deficit of 0.00 MT
17:03:29  INFO      
17:03:29  INFO        ✓ STEAM SPINNING MARGIN OK: 414.94 TPH reserved (required: 250.00 TPH)
17:03:29  INFO        ==============================================================================
17:03:29  INFO      
17:03:29  INFO        [U4U LOOP] ==============================================================================
17:03:29  INFO        [U4U LOOP]  ITERATION 4
17:03:29  INFO        [U4U LOOP] ==============================================================================
17:03:29  INFO        [U4U LOOP]  Power:  demand=     133486.20 MWh   gen=     123840.00 MWh
17:03:29  INFO        [U4U LOOP]  Steam:  gen=     359775.96 MT
17:03:29  INFO      
17:03:29  INFO        [U4U LOOP]  Utility (ODS Material)            Old Demand    New Demand    U4U Demand    Change %
17:03:29  INFO        [U4U LOOP]  ------------------------------  ------------  ------------  ------------  ----------
17:03:29  INFO        [U4U LOOP]  AUXBOIL7_SHP STEAM                  81531.39      81531.39      81554.73     0.0000%
17:03:29  INFO        [U4U LOOP]  Boiler Feed Water                  407549.73     407549.73     407653.72     0.0000%
17:03:29  INFO        [U4U LOOP]  COMPRESED AIR_ASU                  698995.52     743011.58     744731.14     5.9240%
17:03:29  INFO        [U4U LOOP]  COMPRESSED AIR                   14568854.42   14602571.36    1982803.89     0.2309%
17:03:29  INFO        [U4U LOOP]  Cooling Water                      101079.95     101100.21        885.22     0.0200%
17:03:29  INFO        [U4U LOOP]  D M Water                          580303.66     580303.66     395334.66     0.0000%
17:03:29  INFO        [U4U LOOP]  Effluent Treated                   591419.96     591464.82     384180.81     0.0076%
17:03:29  INFO        [U4U LOOP]  HP Steam PRDS                           0.00        110.00        116.02   100.0000%
17:03:29  INFO        [U4U LOOP]  HP Steam_Dis                          110.00        116.02      31459.77     5.1891%
17:03:29  INFO        [U4U LOOP]  HRSG1_C2_SHP STEAM                 170290.78     170290.78     170339.52     0.0000%
17:03:29  INFO        [U4U LOOP]  HRSG2_C2_SHP STEAM                 107850.83     107850.83     107881.70     0.0000%
17:03:29  INFO        [U4U LOOP]  LP Steam PRDS                        9646.54      24622.29      24622.29    60.8219%
17:03:29  INFO        [U4U LOOP]  LP Steam_Dis                        67007.07      67007.07      43926.07     0.0000%
17:03:29  INFO        [U4U LOOP]  MP Steam PRDS SHP                   13471.11      13477.80      34955.30     0.0496%
17:03:29  INFO        [U4U LOOP]  MP Steam_Dis                        13477.80      34955.30      22418.26    61.4428%
17:03:29  INFO        [U4U LOOP]  NITROGEN_ASU                     13085784.87   13321665.22     574604.48     1.7707%
17:03:29  INFO        [U4U LOOP]  Oxygen                              38907.00      38907.00          0.00     0.0000%
17:03:29  INFO        [U4U LOOP]  PROCESS FEED WATER                  31711.00      31711.00          0.00     0.0000%
17:03:29  INFO        [U4U LOOP]  Power_Dis                          132986.03     133486.20      50745.84     0.3747%
17:03:29  INFO        [U4U LOOP]  SHP Steam_Dis                      359673.00     359775.96        108.59     0.0286%
17:03:29  INFO        [U4U LOOP]  Utility Water                     1616670.03    1616861.62      88413.18     0.0118%
17:03:29  INFO      
17:03:29  INFO        [U4U LOOP]  U4U CONSUMPTION BREAKDOWN (per producer per material):
17:03:29  INFO        [U4U LOOP]  Producer                   Material Consumed              Norm      Quantity
17:03:29  INFO        [U4U LOOP]  -------------------------  -------------------------  --------  ------------
17:03:29  INFO        [U4U LOOP]  JMD - C2-GTG 1             SynGas(Unshift)            0.004368     330220.80
17:03:29  INFO        [U4U LOOP]  JMD - C2-GTG 1             COMPRESSED AIR             0.001280      96768.00
17:03:29  INFO        [U4U LOOP]  JMD - C2-GTG 1             Cooling Water              0.000007        529.20
17:03:29  INFO        [U4U LOOP]  JMD - C2-GTG 1             NITROGEN_ASU               0.001660     125496.00
17:03:29  INFO        [U4U LOOP]  JMD - C2-GTG 1             Power_Dis                  0.001350     102060.00
17:03:29  INFO        [U4U LOOP]  JMD - C2-GTG 1             Utility Water              0.000023       1738.80
17:03:29  INFO        [U4U LOOP]  JMD - C2-GTG 2             SynGas(Unshift)            0.004485     216356.40
17:03:29  INFO        [U4U LOOP]  JMD - C2-GTG 2             COMPRESSED AIR             0.001280      61747.20
17:03:29  INFO        [U4U LOOP]  JMD - C2-GTG 2             Cooling Water              0.000007        337.68
17:03:29  INFO        [U4U LOOP]  JMD - C2-GTG 2             NITROGEN_ASU               0.001660      80078.40
17:03:29  INFO        [U4U LOOP]  JMD - C2-GTG 2             Power_Dis                  0.001350      65124.00
17:03:29  INFO        [U4U LOOP]  JMD - C2-GTG 2             Utility Water              0.000023       1109.52
17:03:29  INFO        [U4U LOOP]  AUXBOIL7_SHP STEAM         SynGas(Unshift)            2.876221     185734.73
17:03:29  INFO        [U4U LOOP]  AUXBOIL7_SHP STEAM         Boiler Feed Water          1.010000      65221.72
17:03:29  INFO        [U4U LOOP]  AUXBOIL7_SHP STEAM         Power_Dis                  3.850000     248617.45
17:03:29  INFO        [U4U LOOP]  HRSG1_C2_SHP STEAM         SynGas(Unshift)            3.376244     607723.92
17:03:29  INFO        [U4U LOOP]  HRSG1_C2_SHP STEAM         Boiler Feed Water          1.160000     208800.00
17:03:29  INFO        [U4U LOOP]  HRSG1_C2_SHP STEAM         HRSG1_C2_LP STEAM          -0.150000     -27000.00
17:03:29  INFO        [U4U LOOP]  HRSG1_C2_SHP STEAM         Power_Dis                  0.285000      51300.00
17:03:29  INFO        [U4U LOOP]  HRSG2_C2_SHP STEAM         SynGas(Unshift)            3.357468     386780.31
17:03:29  INFO        [U4U LOOP]  HRSG2_C2_SHP STEAM         Boiler Feed Water          1.160000     133632.00
17:03:29  INFO        [U4U LOOP]  HRSG2_C2_SHP STEAM         HRSG2_C2_LP STEAM          -0.150000     -17280.00
17:03:29  INFO        [U4U LOOP]  HRSG2_C2_SHP STEAM         Power_Dis                  0.285000      32832.00
17:03:29  INFO        [U4U LOOP]  Boiler Feed Water          D M Water                  0.900000     366794.76
17:03:29  INFO        [U4U LOOP]  Boiler Feed Water          LP Steam_Dis               0.100000      40754.97
17:03:29  INFO        [U4U LOOP]  Boiler Feed Water          Power_Dis                  8.100000    3301152.81
17:03:29  INFO        [U4U LOOP]  COMPRESED AIR_ASU          Power_Dis                  0.125000      92876.45
17:03:29  INFO        [U4U LOOP]  COMPRESSED AIR             COMPRESED AIR_ASU          0.051000     744731.14
17:03:29  INFO        [U4U LOOP]  COMPRESSED AIR             COMPRESSED AIR             0.002670      38988.87
17:03:29  INFO        [U4U LOOP]  COMPRESSED AIR             Power_Dis                  0.150000    2190385.70
17:03:29  INFO        [U4U LOOP]  Cooling Water              COMPRESSED AIR             0.974741      98546.52
17:03:29  INFO        [U4U LOOP]  Cooling Water              Effluent Treated           3.800000     384180.81
17:03:29  INFO        [U4U LOOP]  Cooling Water              Power_Dis                  210.900000   21322035.14
17:03:29  INFO        [U4U LOOP]  Cooling Water              SWRO WATER                 9.400000     950342.01
17:03:29  INFO        [U4U LOOP]  D M Water                  COMPRESSED AIR             0.049180      28539.33
17:03:29  INFO        [U4U LOOP]  D M Water                  NITROGEN_ASU               0.630000     365591.30
17:03:29  INFO        [U4U LOOP]  D M Water                  Power_Dis                  0.920000     533879.36
17:03:29  INFO        [U4U LOOP]  D M Water                  SWRO WATER                 1.150000     667349.21
17:03:29  INFO        [U4U LOOP]  Effluent Treated           COMPRESSED AIR             2.209302    1306724.42
17:03:29  INFO        [U4U LOOP]  Effluent Treated           Cooling Water              0.000031         18.34
17:03:29  INFO        [U4U LOOP]  Effluent Treated           NITROGEN_ASU               0.005814       3438.78
17:03:29  INFO        [U4U LOOP]  Effluent Treated           Power_Dis                  3.200000    1892687.43
17:03:29  INFO        [U4U LOOP]  Effluent Treated           Utility Water              0.029070      17193.88
17:03:29  INFO        [U4U LOOP]  NITROGEN_ASU               MP Steam_Dis               0.000021        279.75
17:03:29  INFO        [U4U LOOP]  NITROGEN_ASU               Power_Dis                  0.474260    6317932.95
17:03:29  INFO        [U4U LOOP]  NITROGEN_ASU               Ret steam condensate       -0.000011       -146.54
17:03:29  INFO        [U4U LOOP]  NITROGEN_ASU               Utility Water              0.001540      20515.36
17:03:29  INFO        [U4U LOOP]  Oxygen                     MP Steam_Dis               0.017000        661.42
17:03:29  INFO        [U4U LOOP]  Oxygen                     Power_Dis                  374.610000   14574951.27
17:03:29  INFO        [U4U LOOP]  Oxygen                     Ret steam condensate       -0.008000       -311.26
17:03:29  INFO        [U4U LOOP]  Oxygen                     Utility Water              1.230000      47855.61
17:03:29  INFO        [U4U LOOP]  PROCESS FEED WATER         D M Water                  0.900000      28539.90
17:03:29  INFO        [U4U LOOP]  PROCESS FEED WATER         LP Steam_Dis               0.100000       3171.10
17:03:29  INFO        [U4U LOOP]  PROCESS FEED WATER         Power_Dis                  0.631000      20009.64
17:03:29  INFO        [U4U LOOP]  Utility Water              COMPRESSED AIR             0.217390     351489.55
17:03:29  INFO        [U4U LOOP]  Utility Water              SWRO WATER                 1.100000    1778547.78
17:03:29  INFO        [U4U LOOP]  HP Steam_Dis               HP Steam PRDS              1.000000        116.02
17:03:29  INFO        [U4U LOOP]  LP Steam_Dis               HRSG1_C2_LP STEAM          0.387271      25949.90
17:03:29  INFO        [U4U LOOP]  LP Steam_Dis               HRSG2_C2_LP STEAM          0.245271      16434.89
17:03:29  INFO        [U4U LOOP]  LP Steam_Dis               LP Steam PRDS              0.367458      24622.29
17:03:29  INFO        [U4U LOOP]  MP Steam_Dis               MP Steam PRDS SHP          1.000000      34955.30
17:03:29  INFO        [U4U LOOP]  SHP Steam_Dis              AUXBOIL7_SHP STEAM         0.226682      81554.73
17:03:29  INFO        [U4U LOOP]  SHP Steam_Dis              HRSG1_C2_SHP STEAM         0.473460     170339.52
17:03:29  INFO        [U4U LOOP]  SHP Steam_Dis              HRSG2_C2_SHP STEAM         0.299858     107881.70
17:03:29  INFO        [U4U LOOP]  LP Steam PRDS              MP Steam_Dis               0.945000      21477.08
17:03:29  INFO        [U4U LOOP]  MP Steam PRDS SHP          HP Steam_Dis               0.900000      31459.77
17:03:29  INFO        [U4U LOOP]  HP Steam PRDS              SHP Steam_Dis              0.936000        108.59
17:03:29  INFO      
17:03:29  INFO        [U4U LOOP]  Not yet converged: 14 materials
17:03:29  INFO        [U4U LOOP]    AUXBOIL7_SHP STEAM              change=0.0286%
17:03:29  INFO        [U4U LOOP]    Boiler Feed Water               change=0.0255%
17:03:29  INFO        [U4U LOOP]    COMPRESED AIR_ASU               change=0.2309%
17:03:29  INFO        [U4U LOOP]    COMPRESSED AIR                  change=0.0126%
17:03:29  INFO        [U4U LOOP]    Effluent Treated                change=0.0200%
17:03:29  INFO        [U4U LOOP]    HP Steam PRDS                   change=5.1891%
17:03:29  INFO        [U4U LOOP]    HP Steam_Dis                    change=61.4428%
17:03:29  INFO        [U4U LOOP]    HRSG1_C2_SHP STEAM              change=0.0286%
17:03:29  INFO        [U4U LOOP]    HRSG2_C2_SHP STEAM              change=0.0286%
17:03:29  INFO        [U4U LOOP]    MP Steam PRDS SHP               change=61.4428%
17:03:29  INFO        [U4U LOOP]    MP Steam_Dis                    change=0.0221%
17:03:29  INFO        [U4U LOOP]    Power_Dis                       change=0.2507%
17:03:29  INFO        [U4U LOOP]    SHP Steam_Dis                   change=5.1891%
17:03:29  INFO        [U4U LOOP]    Utility Water                   change=0.4123%
17:03:29  INFO      
17:03:31  INFO        ==============================================================================
17:03:31  INFO        POWER DISPATCH  (April 2026)
17:03:31  INFO        ==============================================================================
17:03:31  INFO        Demand:  Process = 62526.31 MWh  |  Fixed = 62483.59 MWh  |  Total = 125009.90 MWh
17:03:31  INFO      
17:03:31  INFO        Step 1: Mandatory assets at MIN load, then optional if needed
17:03:31  INFO        Asset                      Priority   Man    Min MW    Max MW     Hours       Min MWh
17:03:31  INFO        -------------------------  --------  ----  --------  --------  --------  ------------
17:03:31  INFO        JMD - C2-GTG 1                    1     Y    104.00    105.00    720.00      74880.00
17:03:31  INFO        JMD - C2-GTG 2                    1     Y     64.00     67.00    720.00      46080.00
17:03:31  INFO        TOTAL MIN GENERATION                                                        120960.00
17:03:31  INFO      
17:03:31  INFO        ⚠ DEFICIT: MAX generation (123840.00 MWh) BELOW demand (125009.90 MWh)
17:03:31  INFO          Deficit = 1169.90 MWh
17:03:31  INFO      
17:03:31  INFO        FINAL DISPATCH
17:03:31  INFO        Asset                      Priority   Dispatched MW  Dispatched MWh    Load %   Avg Load MW  FreeStm Factor   Free Steam MT       Heat Rate   Aux Power MWh
17:03:31  INFO        -------------------------  --------  --------------  --------------  --------  ------------  ------------  --------------  --------------  --------------
17:03:31  INFO        JMD - C2-GTG 1                    1          105.00        75600.00    100.0%        105.00        1.5700       118692.00         2643.00          102.06
17:03:31  INFO        JMD - C2-GTG 2                    1           67.00        48240.00    100.0%         67.00        1.8300        88279.20         3120.84           65.12
17:03:31  INFO        TOTAL                                                     123840.00                                             206971.20                          167.18
17:03:31  INFO        ==============================================================================
17:03:32  INFO      
17:03:32  INFO        SPINNING MARGIN CONFIG
17:03:32  INFO        Required margin: 250.00 TPH
17:03:32  INFO        Asset                         Max TPH     Eff Max     Reserve
17:03:32  INFO        -------------------------  ----------  ----------  ----------
17:03:32  INFO        AUXBOIL7_SHP STEAM             220.00      132.70       87.30
17:03:32  INFO        HRSG1_C2_SHP STEAM             250.00      150.79       99.21
17:03:32  INFO        HRSG2_C2_SHP STEAM             160.00       96.51       63.49
17:03:32  INFO        TOTAL RESERVED                                         250.00
17:03:32  INFO        → Margin of 250.00 TPH successfully reserved
17:03:32  INFO      
17:03:32  INFO        ==============================================================================
17:03:32  INFO        STEAM DISPATCH  (April 2026)
17:03:32  INFO        ==============================================================================
17:03:32  INFO        Grade      Process/Fixed MT  Letdown MT  Byproduct MT     Net Demand MT
17:03:32  INFO        ---------  ----------------  ----------  ------------  ----------------
17:03:32  INFO        LP                 67007.07    21477.08     -44280.00          22727.07
17:03:32  INFO        MP                 34960.26    50793.61          0.00          56437.34
17:03:32  INFO        HP                 19445.77    65744.06          0.00          70239.38
17:03:32  INFO        SHP               359781.59        0.00          0.00         359781.59
17:03:32  INFO      
17:03:32  INFO        Total Free Steam available: 206971.20 MT
17:03:32  INFO      
17:03:32  INFO        FINAL SUPPLEMENTARY FIRING DISPATCH
17:03:32  INFO        Asset                      Priority   Man     Min TPH     Max TPH     Hours  Dispatched TPH   Dispatched MT    Load %
17:03:32  INFO        -------------------------  --------  ----  ----------  ----------  --------  --------------  --------------  --------
17:03:32  INFO        AUXBOIL7_SHP STEAM                2     Y       50.00      220.00    698.00           92.52        64581.59     42.1%
17:03:32  INFO        AUXBOIL8_SHP STEAM                1     Y       90.00      220.00      0.00            0.00            0.00      0.0%
17:03:32  INFO        HRSG1_C2_SHP STEAM                1     Y        0.00       85.15    720.00           85.15        61308.00    100.0%
17:03:32  INFO        HRSG2_C2_SHP STEAM                1     Y        0.00       37.39    720.00           37.39        26920.80    100.0%
17:03:32  INFO        TOTAL SUPPLEMENTARY                                                                         152810.39          
17:03:32  INFO        TOTAL STEAM GENERATED                                                                       359781.59          
17:03:32  INFO        ⚠ DEFICIT: Steam generation deficit of 0.00 MT
17:03:32  INFO      
17:03:32  INFO        ✓ STEAM SPINNING MARGIN OK: 414.94 TPH reserved (required: 250.00 TPH)
17:03:32  INFO        ==============================================================================
17:03:32  INFO      
17:03:32  INFO        [U4U LOOP] ==============================================================================
17:03:32  INFO        [U4U LOOP]  ITERATION 5
17:03:32  INFO        [U4U LOOP] ==============================================================================
17:03:32  INFO        [U4U LOOP]  Power:  demand=     133613.44 MWh   gen=     123840.00 MWh
17:03:32  INFO        [U4U LOOP]  Steam:  gen=     359781.59 MT
17:03:32  INFO      
17:03:32  INFO        [U4U LOOP]  Utility (ODS Material)            Old Demand    New Demand    U4U Demand    Change %
17:03:32  INFO        [U4U LOOP]  ------------------------------  ------------  ------------  ------------  ----------
17:03:32  INFO        [U4U LOOP]  AUXBOIL7_SHP STEAM                  81531.39      81554.73      81556.01     0.0286%
17:03:32  INFO        [U4U LOOP]  Boiler Feed Water                  407549.73     407653.72     407659.41     0.0255%
17:03:32  INFO        [U4U LOOP]  COMPRESED AIR_ASU                  743011.58     744731.14     744743.92     0.2309%
17:03:32  INFO        [U4U LOOP]  COMPRESSED AIR                   14602571.36   14602821.89    1983053.90     0.0017%
17:03:32  INFO        [U4U LOOP]  Cooling Water                      101100.21     101100.22        885.22     0.0000%
17:03:32  INFO        [U4U LOOP]  D M Water                          580303.66     580303.66     395428.25     0.0000%
17:03:32  INFO        [U4U LOOP]  Effluent Treated                   591464.82     591541.81     384180.82     0.0130%
17:03:32  INFO        [U4U LOOP]  HP Steam PRDS                         110.00        116.02      19445.77     5.1891%
17:03:32  INFO        [U4U LOOP]  HP Steam_Dis                          116.02      19445.77      31464.23    99.4034%
17:03:32  INFO        [U4U LOOP]  HRSG1_C2_SHP STEAM                 170290.78     170339.52     170342.19     0.0286%
17:03:32  INFO        [U4U LOOP]  HRSG2_C2_SHP STEAM                 107850.83     107881.70     107883.39     0.0286%
17:03:32  INFO        [U4U LOOP]  LP Steam PRDS                       24622.29      24622.29      24622.29     0.0000%
17:03:32  INFO        [U4U LOOP]  LP Steam_Dis                        67007.07      67007.07      43936.47     0.0000%
17:03:32  INFO        [U4U LOOP]  MP Steam PRDS SHP                   13477.80      34955.30      34960.26    61.4428%
17:03:32  INFO        [U4U LOOP]  MP Steam_Dis                        34955.30      34960.26      22418.26     0.0142%
17:03:32  INFO        [U4U LOOP]  NITROGEN_ASU                     13321665.22   13321665.48     574604.93     0.0000%
17:03:32  INFO        [U4U LOOP]  Oxygen                              38907.00      38907.00          0.00     0.0000%
17:03:32  INFO        [U4U LOOP]  PROCESS FEED WATER                  31711.00      31711.00          0.00     0.0000%
17:03:32  INFO        [U4U LOOP]  Power_Dis                          133486.20     133613.44      50747.21     0.0952%
17:03:32  INFO        [U4U LOOP]  SHP Steam_Dis                      359775.96     359781.59      18201.24     0.0016%
17:03:32  INFO        [U4U LOOP]  Utility Water                     1616861.62    1617226.18      88415.42     0.0225%
17:03:32  INFO      
17:03:32  INFO        [U4U LOOP]  U4U CONSUMPTION BREAKDOWN (per producer per material):
17:03:32  INFO        [U4U LOOP]  Producer                   Material Consumed              Norm      Quantity
17:03:32  INFO        [U4U LOOP]  -------------------------  -------------------------  --------  ------------
17:03:32  INFO        [U4U LOOP]  JMD - C2-GTG 1             SynGas(Unshift)            0.004368     330220.80
17:03:32  INFO        [U4U LOOP]  JMD - C2-GTG 1             COMPRESSED AIR             0.001280      96768.00
17:03:32  INFO        [U4U LOOP]  JMD - C2-GTG 1             Cooling Water              0.000007        529.20
17:03:32  INFO        [U4U LOOP]  JMD - C2-GTG 1             NITROGEN_ASU               0.001660     125496.00
17:03:32  INFO        [U4U LOOP]  JMD - C2-GTG 1             Power_Dis                  0.001350     102060.00
17:03:32  INFO        [U4U LOOP]  JMD - C2-GTG 1             Utility Water              0.000023       1738.80
17:03:32  INFO        [U4U LOOP]  JMD - C2-GTG 2             SynGas(Unshift)            0.004485     216356.40
17:03:32  INFO        [U4U LOOP]  JMD - C2-GTG 2             COMPRESSED AIR             0.001280      61747.20
17:03:32  INFO        [U4U LOOP]  JMD - C2-GTG 2             Cooling Water              0.000007        337.68
17:03:32  INFO        [U4U LOOP]  JMD - C2-GTG 2             NITROGEN_ASU               0.001660      80078.40
17:03:32  INFO        [U4U LOOP]  JMD - C2-GTG 2             Power_Dis                  0.001350      65124.00
17:03:32  INFO        [U4U LOOP]  JMD - C2-GTG 2             Utility Water              0.000023       1109.52
17:03:32  INFO        [U4U LOOP]  AUXBOIL7_SHP STEAM         SynGas(Unshift)            2.876221     185750.93
17:03:32  INFO        [U4U LOOP]  AUXBOIL7_SHP STEAM         Boiler Feed Water          1.010000      65227.41
17:03:32  INFO        [U4U LOOP]  AUXBOIL7_SHP STEAM         Power_Dis                  3.850000     248639.12
17:03:32  INFO        [U4U LOOP]  HRSG1_C2_SHP STEAM         SynGas(Unshift)            3.376244     607723.92
17:03:32  INFO        [U4U LOOP]  HRSG1_C2_SHP STEAM         Boiler Feed Water          1.160000     208800.00
17:03:32  INFO        [U4U LOOP]  HRSG1_C2_SHP STEAM         HRSG1_C2_LP STEAM          -0.150000     -27000.00
17:03:32  INFO        [U4U LOOP]  HRSG1_C2_SHP STEAM         Power_Dis                  0.285000      51300.00
17:03:32  INFO        [U4U LOOP]  HRSG2_C2_SHP STEAM         SynGas(Unshift)            3.357468     386780.31
17:03:32  INFO        [U4U LOOP]  HRSG2_C2_SHP STEAM         Boiler Feed Water          1.160000     133632.00
17:03:32  INFO        [U4U LOOP]  HRSG2_C2_SHP STEAM         HRSG2_C2_LP STEAM          -0.150000     -17280.00
17:03:32  INFO        [U4U LOOP]  HRSG2_C2_SHP STEAM         Power_Dis                  0.285000      32832.00
17:03:32  INFO        [U4U LOOP]  Boiler Feed Water          D M Water                  0.900000     366888.35
17:03:32  INFO        [U4U LOOP]  Boiler Feed Water          LP Steam_Dis               0.100000      40765.37
17:03:32  INFO        [U4U LOOP]  Boiler Feed Water          Power_Dis                  8.100000    3301995.13
17:03:32  INFO        [U4U LOOP]  COMPRESED AIR_ASU          Power_Dis                  0.125000      93091.39
17:03:32  INFO        [U4U LOOP]  COMPRESSED AIR             COMPRESED AIR_ASU          0.051000     744743.92
17:03:32  INFO        [U4U LOOP]  COMPRESSED AIR             COMPRESSED AIR             0.002670      38989.53
17:03:32  INFO        [U4U LOOP]  COMPRESSED AIR             Power_Dis                  0.150000    2190423.28
17:03:32  INFO        [U4U LOOP]  Cooling Water              COMPRESSED AIR             0.974741      98546.53
17:03:32  INFO        [U4U LOOP]  Cooling Water              Effluent Treated           3.800000     384180.82
17:03:32  INFO        [U4U LOOP]  Cooling Water              Power_Dis                  210.900000   21322035.43
17:03:32  INFO        [U4U LOOP]  Cooling Water              SWRO WATER                 9.400000     950342.02
17:03:32  INFO        [U4U LOOP]  D M Water                  COMPRESSED AIR             0.049180      28539.33
17:03:32  INFO        [U4U LOOP]  D M Water                  NITROGEN_ASU               0.630000     365591.30
17:03:32  INFO        [U4U LOOP]  D M Water                  Power_Dis                  0.920000     533879.36
17:03:32  INFO        [U4U LOOP]  D M Water                  SWRO WATER                 1.150000     667349.21
17:03:32  INFO        [U4U LOOP]  Effluent Treated           COMPRESSED AIR             2.209302    1306894.51
17:03:32  INFO        [U4U LOOP]  Effluent Treated           Cooling Water              0.000031         18.34
17:03:32  INFO        [U4U LOOP]  Effluent Treated           NITROGEN_ASU               0.005814       3439.22
17:03:32  INFO        [U4U LOOP]  Effluent Treated           Power_Dis                  3.200000    1892933.80
17:03:32  INFO        [U4U LOOP]  Effluent Treated           Utility Water              0.029070      17196.12
17:03:32  INFO        [U4U LOOP]  NITROGEN_ASU               MP Steam_Dis               0.000021        279.75
17:03:32  INFO        [U4U LOOP]  NITROGEN_ASU               Power_Dis                  0.474260    6317933.07
17:03:32  INFO        [U4U LOOP]  NITROGEN_ASU               Ret steam condensate       -0.000011       -146.54
17:03:32  INFO        [U4U LOOP]  NITROGEN_ASU               Utility Water              0.001540      20515.36
17:03:32  INFO        [U4U LOOP]  Oxygen                     MP Steam_Dis               0.017000        661.42
17:03:32  INFO        [U4U LOOP]  Oxygen                     Power_Dis                  374.610000   14574951.27
17:03:32  INFO        [U4U LOOP]  Oxygen                     Ret steam condensate       -0.008000       -311.26
17:03:32  INFO        [U4U LOOP]  Oxygen                     Utility Water              1.230000      47855.61
17:03:32  INFO        [U4U LOOP]  PROCESS FEED WATER         D M Water                  0.900000      28539.90
17:03:32  INFO        [U4U LOOP]  PROCESS FEED WATER         LP Steam_Dis               0.100000       3171.10
17:03:32  INFO        [U4U LOOP]  PROCESS FEED WATER         Power_Dis                  0.631000      20009.64
17:03:32  INFO        [U4U LOOP]  Utility Water              COMPRESSED AIR             0.217390     351568.80
17:03:32  INFO        [U4U LOOP]  Utility Water              SWRO WATER                 1.100000    1778948.79
17:03:32  INFO        [U4U LOOP]  HP Steam_Dis               HP Steam PRDS              1.000000      19445.77
17:03:32  INFO        [U4U LOOP]  LP Steam_Dis               HRSG1_C2_LP STEAM          0.387271      25949.90
17:03:32  INFO        [U4U LOOP]  LP Steam_Dis               HRSG2_C2_LP STEAM          0.245271      16434.89
17:03:32  INFO        [U4U LOOP]  LP Steam_Dis               LP Steam PRDS              0.367458      24622.29
17:03:32  INFO        [U4U LOOP]  MP Steam_Dis               MP Steam PRDS SHP          1.000000      34960.26
17:03:32  INFO        [U4U LOOP]  SHP Steam_Dis              AUXBOIL7_SHP STEAM         0.226682      81556.01
17:03:32  INFO        [U4U LOOP]  SHP Steam_Dis              HRSG1_C2_SHP STEAM         0.473460     170342.19
17:03:32  INFO        [U4U LOOP]  SHP Steam_Dis              HRSG2_C2_SHP STEAM         0.299858     107883.39
17:03:32  INFO        [U4U LOOP]  LP Steam PRDS              MP Steam_Dis               0.945000      21477.08
17:03:32  INFO        [U4U LOOP]  MP Steam PRDS SHP          HP Steam_Dis               0.900000      31464.23
17:03:32  INFO        [U4U LOOP]  HP Steam PRDS              SHP Steam_Dis              0.936000      18201.24
17:03:32  INFO      
17:03:32  INFO        [U4U LOOP]  Not yet converged: 7 materials
17:03:32  INFO        [U4U LOOP]    COMPRESSED AIR                  change=0.0126%
17:03:32  INFO        [U4U LOOP]    D M Water                       change=0.0237%
17:03:32  INFO        [U4U LOOP]    HP Steam PRDS                   change=99.4034%
17:03:32  INFO        [U4U LOOP]    HP Steam_Dis                    change=0.0142%
17:03:32  INFO        [U4U LOOP]    LP Steam_Dis                    change=0.0237%
17:03:32  INFO        [U4U LOOP]    MP Steam PRDS SHP               change=0.0142%
17:03:32  INFO        [U4U LOOP]    SHP Steam_Dis                   change=99.4034%
17:03:32  INFO      
17:03:33  INFO        ==============================================================================
17:03:33  INFO        POWER DISPATCH  (April 2026)
17:03:33  INFO        ==============================================================================
17:03:33  INFO        Demand:  Process = 62526.31 MWh  |  Fixed = 62484.95 MWh  |  Total = 125011.26 MWh
17:03:33  INFO      
17:03:33  INFO        Step 1: Mandatory assets at MIN load, then optional if needed
17:03:33  INFO        Asset                      Priority   Man    Min MW    Max MW     Hours       Min MWh
17:03:33  INFO        -------------------------  --------  ----  --------  --------  --------  ------------
17:03:33  INFO        JMD - C2-GTG 1                    1     Y    104.00    105.00    720.00      74880.00
17:03:33  INFO        JMD - C2-GTG 2                    1     Y     64.00     67.00    720.00      46080.00
17:03:33  INFO        TOTAL MIN GENERATION                                                        120960.00
17:03:33  INFO      
17:03:33  INFO        ⚠ DEFICIT: MAX generation (123840.00 MWh) BELOW demand (125011.26 MWh)
17:03:33  INFO          Deficit = 1171.26 MWh
17:03:33  INFO      
17:03:33  INFO        FINAL DISPATCH
17:03:33  INFO        Asset                      Priority   Dispatched MW  Dispatched MWh    Load %   Avg Load MW  FreeStm Factor   Free Steam MT       Heat Rate   Aux Power MWh
17:03:33  INFO        -------------------------  --------  --------------  --------------  --------  ------------  ------------  --------------  --------------  --------------
17:03:33  INFO        JMD - C2-GTG 1                    1          105.00        75600.00    100.0%        105.00        1.5700       118692.00         2643.00          102.06
17:03:33  INFO        JMD - C2-GTG 2                    1           67.00        48240.00    100.0%         67.00        1.8300        88279.20         3120.84           65.12
17:03:33  INFO        TOTAL                                                     123840.00                                             206971.20                          167.18
17:03:33  INFO        ==============================================================================
17:03:34  INFO      
17:03:34  INFO        SPINNING MARGIN CONFIG
17:03:34  INFO        Required margin: 250.00 TPH
17:03:34  INFO        Asset                         Max TPH     Eff Max     Reserve
17:03:34  INFO        -------------------------  ----------  ----------  ----------
17:03:34  INFO        AUXBOIL7_SHP STEAM             220.00      132.70       87.30
17:03:34  INFO        HRSG1_C2_SHP STEAM             250.00      150.79       99.21
17:03:34  INFO        HRSG2_C2_SHP STEAM             160.00       96.51       63.49
17:03:34  INFO        TOTAL RESERVED                                         250.00
17:03:34  INFO        → Margin of 250.00 TPH successfully reserved
17:03:34  INFO      
17:03:34  INFO        ==============================================================================
17:03:34  INFO        STEAM DISPATCH  (April 2026)
17:03:34  INFO        ==============================================================================
17:03:34  INFO        Grade      Process/Fixed MT  Letdown MT  Byproduct MT     Net Demand MT
17:03:34  INFO        ---------  ----------------  ----------  ------------  ----------------
17:03:34  INFO        LP                 67017.47    21486.91     -44280.00          22737.47
17:03:34  INFO        MP                 34960.26    50802.45          0.00          56447.17
17:03:34  INFO        HP                 19450.23    65756.51          0.00          70252.68
17:03:34  INFO        SHP               377874.24        0.00          0.00         377874.24
17:03:34  INFO      
17:03:34  INFO        Total Free Steam available: 206971.20 MT
17:03:34  INFO      
17:03:34  INFO        FINAL SUPPLEMENTARY FIRING DISPATCH
17:03:34  INFO        Asset                      Priority   Man     Min TPH     Max TPH     Hours  Dispatched TPH   Dispatched MT    Load %
17:03:34  INFO        -------------------------  --------  ----  ----------  ----------  --------  --------------  --------------  --------
17:03:34  INFO        AUXBOIL7_SHP STEAM                2     Y       50.00      220.00    698.00          118.44        82674.24     53.8%
17:03:34  INFO        AUXBOIL8_SHP STEAM                1     Y       90.00      220.00      0.00            0.00            0.00      0.0%
17:03:34  INFO        HRSG1_C2_SHP STEAM                1     Y        0.00       85.15    720.00           85.15        61308.00    100.0%
17:03:34  INFO        HRSG2_C2_SHP STEAM                1     Y        0.00       37.39    720.00           37.39        26920.80    100.0%
17:03:34  INFO        TOTAL SUPPLEMENTARY                                                                         170903.04          
17:03:34  INFO        TOTAL STEAM GENERATED                                                                       377874.24          
17:03:34  INFO        ✓ Steam demand met exactly
17:03:34  INFO      
17:03:34  INFO        ✓ STEAM SPINNING MARGIN OK: 389.02 TPH reserved (required: 250.00 TPH)
17:03:34  INFO        ==============================================================================
17:03:34  INFO      
17:03:34  INFO        [U4U LOOP] ==============================================================================
17:03:34  INFO        [U4U LOOP]  ITERATION 6
17:03:34  INFO        [U4U LOOP] ==============================================================================
17:03:34  INFO        [U4U LOOP]  Power:  demand=     133614.80 MWh   gen=     123840.00 MWh
17:03:34  INFO        [U4U LOOP]  Steam:  gen=     377874.24 MT
17:03:34  INFO      
17:03:34  INFO        [U4U LOOP]  Utility (ODS Material)            Old Demand    New Demand    U4U Demand    Change %
17:03:34  INFO        [U4U LOOP]  ------------------------------  ------------  ------------  ------------  ----------
17:03:34  INFO        [U4U LOOP]  AUXBOIL7_SHP STEAM                  81554.73      81556.01      85657.29     0.0016%
17:03:34  INFO        [U4U LOOP]  Boiler Feed Water                  407653.72     407659.41     425932.98     0.0014%
17:03:34  INFO        [U4U LOOP]  COMPRESED AIR_ASU                  744731.14     744743.92     744756.67     0.0017%
17:03:34  INFO        [U4U LOOP]  COMPRESSED AIR                   14602821.89   14603071.90    1983059.67     0.0017%
17:03:34  INFO        [U4U LOOP]  Cooling Water                      101100.22     101100.22        885.22     0.0000%
17:03:34  INFO        [U4U LOOP]  D M Water                          580303.66     580397.25     395433.37     0.0161%
17:03:34  INFO        [U4U LOOP]  Effluent Treated                   591541.81     591541.82     384180.83     0.0000%
17:03:34  INFO        [U4U LOOP]  HP Steam PRDS                         116.02      19445.77      19450.23    99.4034%
17:03:34  INFO        [U4U LOOP]  HP Steam_Dis                        19445.77      19450.23      31464.23     0.0229%
17:03:34  INFO        [U4U LOOP]  HRSG1_C2_SHP STEAM                 170339.52     170342.19     178908.34     0.0016%
17:03:34  INFO        [U4U LOOP]  HRSG2_C2_SHP STEAM                 107881.70     107883.39     113308.62     0.0016%
17:03:34  INFO        [U4U LOOP]  LP Steam PRDS                       24622.29      24622.29      24626.11     0.0000%
17:03:34  INFO        [U4U LOOP]  LP Steam_Dis                        67007.07      67017.47      43937.04     0.0155%
17:03:34  INFO        [U4U LOOP]  MP Steam PRDS SHP                   34955.30      34960.26      34960.26     0.0142%
17:03:34  INFO        [U4U LOOP]  MP Steam_Dis                        34960.26      34960.26      22428.08     0.0000%
17:03:34  INFO        [U4U LOOP]  NITROGEN_ASU                     13321665.48   13321665.93     574663.89     0.0000%
17:03:34  INFO        [U4U LOOP]  Oxygen                              38907.00      38907.00          0.00     0.0000%
17:03:34  INFO        [U4U LOOP]  PROCESS FEED WATER                  31711.00      31711.00          0.00     0.0000%
17:03:34  INFO        [U4U LOOP]  Power_Dis                          133613.44     133614.80      50817.04     0.0010%
17:03:34  INFO        [U4U LOOP]  SHP Steam_Dis                      359781.59     377874.24      18205.42     4.7880%
17:03:34  INFO        [U4U LOOP]  Utility Water                     1617226.18    1617228.42      88415.42     0.0001%
17:03:34  INFO      
17:03:34  INFO        [U4U LOOP]  U4U CONSUMPTION BREAKDOWN (per producer per material):
17:03:34  INFO        [U4U LOOP]  Producer                   Material Consumed              Norm      Quantity
17:03:34  INFO        [U4U LOOP]  -------------------------  -------------------------  --------  ------------
17:03:34  INFO        [U4U LOOP]  JMD - C2-GTG 1             SynGas(Unshift)            0.004368     330220.80
17:03:34  INFO        [U4U LOOP]  JMD - C2-GTG 1             COMPRESSED AIR             0.001280      96768.00
17:03:34  INFO        [U4U LOOP]  JMD - C2-GTG 1             Cooling Water              0.000007        529.20
17:03:34  INFO        [U4U LOOP]  JMD - C2-GTG 1             NITROGEN_ASU               0.001660     125496.00
17:03:34  INFO        [U4U LOOP]  JMD - C2-GTG 1             Power_Dis                  0.001350     102060.00
17:03:34  INFO        [U4U LOOP]  JMD - C2-GTG 1             Utility Water              0.000023       1738.80
17:03:34  INFO        [U4U LOOP]  JMD - C2-GTG 2             SynGas(Unshift)            0.004485     216356.40
17:03:34  INFO        [U4U LOOP]  JMD - C2-GTG 2             COMPRESSED AIR             0.001280      61747.20
17:03:34  INFO        [U4U LOOP]  JMD - C2-GTG 2             Cooling Water              0.000007        337.68
17:03:34  INFO        [U4U LOOP]  JMD - C2-GTG 2             NITROGEN_ASU               0.001660      80078.40
17:03:34  INFO        [U4U LOOP]  JMD - C2-GTG 2             Power_Dis                  0.001350      65124.00
17:03:34  INFO        [U4U LOOP]  JMD - C2-GTG 2             Utility Water              0.000023       1109.52
17:03:34  INFO        [U4U LOOP]  AUXBOIL7_SHP STEAM         SynGas(Unshift)            2.876221     237789.39
17:03:34  INFO        [U4U LOOP]  AUXBOIL7_SHP STEAM         Boiler Feed Water          1.010000      83500.98
17:03:34  INFO        [U4U LOOP]  AUXBOIL7_SHP STEAM         Power_Dis                  3.850000     318295.82
17:03:34  INFO        [U4U LOOP]  HRSG1_C2_SHP STEAM         SynGas(Unshift)            3.376244     607723.92
17:03:34  INFO        [U4U LOOP]  HRSG1_C2_SHP STEAM         Boiler Feed Water          1.160000     208800.00
17:03:34  INFO        [U4U LOOP]  HRSG1_C2_SHP STEAM         HRSG1_C2_LP STEAM          -0.150000     -27000.00
17:03:34  INFO        [U4U LOOP]  HRSG1_C2_SHP STEAM         Power_Dis                  0.285000      51300.00
17:03:34  INFO        [U4U LOOP]  HRSG2_C2_SHP STEAM         SynGas(Unshift)            3.357468     386780.31
17:03:34  INFO        [U4U LOOP]  HRSG2_C2_SHP STEAM         Boiler Feed Water          1.160000     133632.00
17:03:34  INFO        [U4U LOOP]  HRSG2_C2_SHP STEAM         HRSG2_C2_LP STEAM          -0.150000     -17280.00
17:03:34  INFO        [U4U LOOP]  HRSG2_C2_SHP STEAM         Power_Dis                  0.285000      32832.00
17:03:34  INFO        [U4U LOOP]  Boiler Feed Water          D M Water                  0.900000     366893.47
17:03:34  INFO        [U4U LOOP]  Boiler Feed Water          LP Steam_Dis               0.100000      40765.94
17:03:34  INFO        [U4U LOOP]  Boiler Feed Water          Power_Dis                  8.100000    3302041.19
17:03:34  INFO        [U4U LOOP]  COMPRESED AIR_ASU          Power_Dis                  0.125000      93092.99
17:03:34  INFO        [U4U LOOP]  COMPRESSED AIR             COMPRESED AIR_ASU          0.051000     744756.67
17:03:34  INFO        [U4U LOOP]  COMPRESSED AIR             COMPRESSED AIR             0.002670      38990.20
17:03:34  INFO        [U4U LOOP]  COMPRESSED AIR             Power_Dis                  0.150000    2190460.79
17:03:34  INFO        [U4U LOOP]  Cooling Water              COMPRESSED AIR             0.974741      98546.53
17:03:34  INFO        [U4U LOOP]  Cooling Water              Effluent Treated           3.800000     384180.83
17:03:34  INFO        [U4U LOOP]  Cooling Water              Power_Dis                  210.900000   21322035.93
17:03:34  INFO        [U4U LOOP]  Cooling Water              SWRO WATER                 9.400000     950342.05
17:03:34  INFO        [U4U LOOP]  D M Water                  COMPRESSED AIR             0.049180      28543.94
17:03:34  INFO        [U4U LOOP]  D M Water                  NITROGEN_ASU               0.630000     365650.27
17:03:34  INFO        [U4U LOOP]  D M Water                  Power_Dis                  0.920000     533965.47
17:03:34  INFO        [U4U LOOP]  D M Water                  SWRO WATER                 1.150000     667456.83
17:03:34  INFO        [U4U LOOP]  Effluent Treated           COMPRESSED AIR             2.209302    1306894.52
17:03:34  INFO        [U4U LOOP]  Effluent Treated           Cooling Water              0.000031         18.34
17:03:34  INFO        [U4U LOOP]  Effluent Treated           NITROGEN_ASU               0.005814       3439.22
17:03:34  INFO        [U4U LOOP]  Effluent Treated           Power_Dis                  3.200000    1892933.82
17:03:34  INFO        [U4U LOOP]  Effluent Treated           Utility Water              0.029070      17196.12
17:03:34  INFO        [U4U LOOP]  NITROGEN_ASU               MP Steam_Dis               0.000021        279.75
17:03:34  INFO        [U4U LOOP]  NITROGEN_ASU               Power_Dis                  0.474260    6317933.28
17:03:34  INFO        [U4U LOOP]  NITROGEN_ASU               Ret steam condensate       -0.000011       -146.54
17:03:34  INFO        [U4U LOOP]  NITROGEN_ASU               Utility Water              0.001540      20515.37
17:03:34  INFO        [U4U LOOP]  Oxygen                     MP Steam_Dis               0.017000        661.42
17:03:34  INFO        [U4U LOOP]  Oxygen                     Power_Dis                  374.610000   14574951.27
17:03:34  INFO        [U4U LOOP]  Oxygen                     Ret steam condensate       -0.008000       -311.26
17:03:34  INFO        [U4U LOOP]  Oxygen                     Utility Water              1.230000      47855.61
17:03:34  INFO        [U4U LOOP]  PROCESS FEED WATER         D M Water                  0.900000      28539.90
17:03:34  INFO        [U4U LOOP]  PROCESS FEED WATER         LP Steam_Dis               0.100000       3171.10
17:03:34  INFO        [U4U LOOP]  PROCESS FEED WATER         Power_Dis                  0.631000      20009.64
17:03:34  INFO        [U4U LOOP]  Utility Water              COMPRESSED AIR             0.217390     351569.29
17:03:34  INFO        [U4U LOOP]  Utility Water              SWRO WATER                 1.100000    1778951.26
17:03:34  INFO        [U4U LOOP]  HP Steam_Dis               HP Steam PRDS              1.000000      19450.23
17:03:34  INFO        [U4U LOOP]  LP Steam_Dis               HRSG1_C2_LP STEAM          0.387271      25953.92
17:03:34  INFO        [U4U LOOP]  LP Steam_Dis               HRSG2_C2_LP STEAM          0.245271      16437.44
17:03:34  INFO        [U4U LOOP]  LP Steam_Dis               LP Steam PRDS              0.367458      24626.11
17:03:34  INFO        [U4U LOOP]  MP Steam_Dis               MP Steam PRDS SHP          1.000000      34960.26
17:03:34  INFO        [U4U LOOP]  SHP Steam_Dis              AUXBOIL7_SHP STEAM         0.226682      85657.29
17:03:34  INFO        [U4U LOOP]  SHP Steam_Dis              HRSG1_C2_SHP STEAM         0.473460     178908.34
17:03:34  INFO        [U4U LOOP]  SHP Steam_Dis              HRSG2_C2_SHP STEAM         0.299858     113308.62
17:03:34  INFO        [U4U LOOP]  LP Steam PRDS              MP Steam_Dis               0.945000      21486.91
17:03:34  INFO        [U4U LOOP]  MP Steam PRDS SHP          HP Steam_Dis               0.900000      31464.23
17:03:34  INFO        [U4U LOOP]  HP Steam PRDS              SHP Steam_Dis              0.936000      18205.42
17:03:34  INFO      
17:03:34  INFO        [U4U LOOP]  Not yet converged: 10 materials
17:03:34  INFO        [U4U LOOP]    AUXBOIL7_SHP STEAM              change=4.7880%
17:03:34  INFO        [U4U LOOP]    Boiler Feed Water               change=4.2902%
17:03:34  INFO        [U4U LOOP]    HP Steam PRDS                   change=0.0229%
17:03:34  INFO        [U4U LOOP]    HRSG1_C2_SHP STEAM              change=4.7880%
17:03:34  INFO        [U4U LOOP]    HRSG2_C2_SHP STEAM              change=4.7880%
17:03:34  INFO        [U4U LOOP]    LP Steam PRDS                   change=0.0155%
17:03:34  INFO        [U4U LOOP]    MP Steam_Dis                    change=0.0438%
17:03:34  INFO        [U4U LOOP]    NITROGEN_ASU                    change=0.0103%
17:03:34  INFO        [U4U LOOP]    Power_Dis                       change=0.1374%
17:03:34  INFO        [U4U LOOP]    SHP Steam_Dis                   change=0.0229%
17:03:34  INFO      
17:03:36  INFO        ==============================================================================
17:03:36  INFO        POWER DISPATCH  (April 2026)
17:03:36  INFO        ==============================================================================
17:03:36  INFO        Demand:  Process = 62526.31 MWh  |  Fixed = 62554.78 MWh  |  Total = 125081.09 MWh
17:03:36  INFO      
17:03:36  INFO        Step 1: Mandatory assets at MIN load, then optional if needed
17:03:36  INFO        Asset                      Priority   Man    Min MW    Max MW     Hours       Min MWh
17:03:36  INFO        -------------------------  --------  ----  --------  --------  --------  ------------
17:03:36  INFO        JMD - C2-GTG 1                    1     Y    104.00    105.00    720.00      74880.00
17:03:36  INFO        JMD - C2-GTG 2                    1     Y     64.00     67.00    720.00      46080.00
17:03:36  INFO        TOTAL MIN GENERATION                                                        120960.00
17:03:36  INFO      
17:03:36  INFO        ⚠ DEFICIT: MAX generation (123840.00 MWh) BELOW demand (125081.09 MWh)
17:03:36  INFO          Deficit = 1241.09 MWh
17:03:36  INFO      
17:03:36  INFO        FINAL DISPATCH
17:03:36  INFO        Asset                      Priority   Dispatched MW  Dispatched MWh    Load %   Avg Load MW  FreeStm Factor   Free Steam MT       Heat Rate   Aux Power MWh
17:03:36  INFO        -------------------------  --------  --------------  --------------  --------  ------------  ------------  --------------  --------------  --------------
17:03:36  INFO        JMD - C2-GTG 1                    1          105.00        75600.00    100.0%        105.00        1.5700       118692.00         2643.00          102.06
17:03:36  INFO        JMD - C2-GTG 2                    1           67.00        48240.00    100.0%         67.00        1.8300        88279.20         3120.84           65.12
17:03:36  INFO        TOTAL                                                     123840.00                                             206971.20                          167.18
17:03:36  INFO        ==============================================================================
17:03:37  INFO      
17:03:37  INFO        SPINNING MARGIN CONFIG
17:03:37  INFO        Required margin: 250.00 TPH
17:03:37  INFO        Asset                         Max TPH     Eff Max     Reserve
17:03:37  INFO        -------------------------  ----------  ----------  ----------
17:03:37  INFO        AUXBOIL7_SHP STEAM             220.00      132.70       87.30
17:03:37  INFO        HRSG1_C2_SHP STEAM             250.00      150.79       99.21
17:03:37  INFO        HRSG2_C2_SHP STEAM             160.00       96.51       63.49
17:03:37  INFO        TOTAL RESERVED                                         250.00
17:03:37  INFO        → Margin of 250.00 TPH successfully reserved
17:03:37  INFO      
17:03:37  INFO        ==============================================================================
17:03:37  INFO        STEAM DISPATCH  (April 2026)
17:03:37  INFO        ==============================================================================
17:03:37  INFO        Grade      Process/Fixed MT  Letdown MT  Byproduct MT     Net Demand MT
17:03:37  INFO        ---------  ----------------  ----------  ------------  ----------------
17:03:37  INFO        LP                 67018.04    21487.45     -44280.00          22738.04
17:03:37  INFO        MP                 34970.08    50811.78          0.00          56457.53
17:03:37  INFO        HP                 19450.23    65765.24          0.00          70262.01
17:03:37  INFO        SHP               377878.42        0.00          0.00         377878.42
17:03:37  INFO      
17:03:37  INFO        Total Free Steam available: 206971.20 MT
17:03:37  INFO      
17:03:37  INFO        FINAL SUPPLEMENTARY FIRING DISPATCH
17:03:37  INFO        Asset                      Priority   Man     Min TPH     Max TPH     Hours  Dispatched TPH   Dispatched MT    Load %
17:03:37  INFO        -------------------------  --------  ----  ----------  ----------  --------  --------------  --------------  --------
17:03:37  INFO        AUXBOIL7_SHP STEAM                2     Y       50.00      220.00    698.00          118.45        82678.42     53.8%
17:03:37  INFO        AUXBOIL8_SHP STEAM                1     Y       90.00      220.00      0.00            0.00            0.00      0.0%
17:03:37  INFO        HRSG1_C2_SHP STEAM                1     Y        0.00       85.15    720.00           85.15        61308.00    100.0%
17:03:37  INFO        HRSG2_C2_SHP STEAM                1     Y        0.00       37.39    720.00           37.39        26920.80    100.0%
17:03:37  INFO        TOTAL SUPPLEMENTARY                                                                         170907.22          
17:03:37  INFO        TOTAL STEAM GENERATED                                                                       377878.42          
17:03:37  INFO        ✓ Steam demand met exactly
17:03:37  INFO      
17:03:37  INFO        ✓ STEAM SPINNING MARGIN OK: 389.01 TPH reserved (required: 250.00 TPH)
17:03:37  INFO        ==============================================================================
17:03:37  INFO      
17:03:37  INFO        [U4U LOOP] ==============================================================================
17:03:37  INFO        [U4U LOOP]  ITERATION 7
17:03:37  INFO        [U4U LOOP] ==============================================================================
17:03:37  INFO        [U4U LOOP]  Power:  demand=     133684.63 MWh   gen=     123840.00 MWh
17:03:37  INFO        [U4U LOOP]  Steam:  gen=     377878.42 MT
17:03:37  INFO      
17:03:37  INFO        [U4U LOOP]  Utility (ODS Material)            Old Demand    New Demand    U4U Demand    Change %
17:03:37  INFO        [U4U LOOP]  ------------------------------  ------------  ------------  ------------  ----------
17:03:37  INFO        [U4U LOOP]  AUXBOIL7_SHP STEAM                  81556.01      85657.29      85658.24     4.7880%
17:03:37  INFO        [U4U LOOP]  Boiler Feed Water                  407659.41     425932.98     425937.20     4.2902%
17:03:37  INFO        [U4U LOOP]  COMPRESED AIR_ASU                  744743.92     744756.67     744756.96     0.0017%
17:03:37  INFO        [U4U LOOP]  COMPRESSED AIR                   14603071.90   14603077.67    1983059.96     0.0000%
17:03:37  INFO        [U4U LOOP]  Cooling Water                      101100.22     101100.22        885.22     0.0000%
17:03:37  INFO        [U4U LOOP]  D M Water                          580397.25     580402.37     411879.58     0.0009%
17:03:37  INFO        [U4U LOOP]  Effluent Treated                   591541.82     591541.83     384180.83     0.0000%
17:03:37  INFO        [U4U LOOP]  HP Steam PRDS                       19445.77      19450.23      19450.23     0.0229%
17:03:37  INFO        [U4U LOOP]  HP Steam_Dis                        19450.23      19450.23      31473.08     0.0000%
17:03:37  INFO        [U4U LOOP]  HRSG1_C2_SHP STEAM                 170342.19     178908.34     178910.32     4.7880%
17:03:37  INFO        [U4U LOOP]  HRSG2_C2_SHP STEAM                 107883.39     113308.62     113309.87     4.7880%
17:03:37  INFO        [U4U LOOP]  LP Steam PRDS                       24622.29      24626.11      24626.32     0.0155%
17:03:37  INFO        [U4U LOOP]  LP Steam_Dis                        67017.47      67018.04      45764.40     0.0008%
17:03:37  INFO        [U4U LOOP]  MP Steam PRDS SHP                   34960.26      34960.26      34970.08     0.0000%
17:03:37  INFO        [U4U LOOP]  MP Steam_Dis                        34960.26      34970.08      22428.62     0.0281%
17:03:37  INFO        [U4U LOOP]  NITROGEN_ASU                     13321665.93   13321724.89     574667.11     0.0004%
17:03:37  INFO        [U4U LOOP]  Oxygen                              38907.00      38907.00          0.00     0.0000%
17:03:37  INFO        [U4U LOOP]  PROCESS FEED WATER                  31711.00      31711.00          0.00     0.0000%
17:03:37  INFO        [U4U LOOP]  Power_Dis                          133614.80     133684.63      50965.10     0.0522%
17:03:37  INFO        [U4U LOOP]  SHP Steam_Dis                      377874.24     377878.42      18205.42     0.0011%
17:03:37  INFO        [U4U LOOP]  Utility Water                     1617228.42    1617228.42      88415.51     0.0000%
17:03:37  INFO      
17:03:37  INFO        [U4U LOOP]  U4U CONSUMPTION BREAKDOWN (per producer per material):
17:03:37  INFO        [U4U LOOP]  Producer                   Material Consumed              Norm      Quantity
17:03:37  INFO        [U4U LOOP]  -------------------------  -------------------------  --------  ------------
17:03:37  INFO        [U4U LOOP]  JMD - C2-GTG 1             SynGas(Unshift)            0.004368     330220.80
17:03:37  INFO        [U4U LOOP]  JMD - C2-GTG 1             COMPRESSED AIR             0.001280      96768.00
17:03:37  INFO        [U4U LOOP]  JMD - C2-GTG 1             Cooling Water              0.000007        529.20
17:03:37  INFO        [U4U LOOP]  JMD - C2-GTG 1             NITROGEN_ASU               0.001660     125496.00
17:03:37  INFO        [U4U LOOP]  JMD - C2-GTG 1             Power_Dis                  0.001350     102060.00
17:03:37  INFO        [U4U LOOP]  JMD - C2-GTG 1             Utility Water              0.000023       1738.80
17:03:37  INFO        [U4U LOOP]  JMD - C2-GTG 2             SynGas(Unshift)            0.004485     216356.40
17:03:37  INFO        [U4U LOOP]  JMD - C2-GTG 2             COMPRESSED AIR             0.001280      61747.20
17:03:37  INFO        [U4U LOOP]  JMD - C2-GTG 2             Cooling Water              0.000007        337.68
17:03:37  INFO        [U4U LOOP]  JMD - C2-GTG 2             NITROGEN_ASU               0.001660      80078.40
17:03:37  INFO        [U4U LOOP]  JMD - C2-GTG 2             Power_Dis                  0.001350      65124.00
17:03:37  INFO        [U4U LOOP]  JMD - C2-GTG 2             Utility Water              0.000023       1109.52
17:03:37  INFO        [U4U LOOP]  AUXBOIL7_SHP STEAM         SynGas(Unshift)            2.876221     237801.41
17:03:37  INFO        [U4U LOOP]  AUXBOIL7_SHP STEAM         Boiler Feed Water          1.010000      83505.20
17:03:37  INFO        [U4U LOOP]  AUXBOIL7_SHP STEAM         Power_Dis                  3.850000     318311.92
17:03:37  INFO        [U4U LOOP]  HRSG1_C2_SHP STEAM         SynGas(Unshift)            3.376244     607723.92
17:03:37  INFO        [U4U LOOP]  HRSG1_C2_SHP STEAM         Boiler Feed Water          1.160000     208800.00
17:03:37  INFO        [U4U LOOP]  HRSG1_C2_SHP STEAM         HRSG1_C2_LP STEAM          -0.150000     -27000.00
17:03:37  INFO        [U4U LOOP]  HRSG1_C2_SHP STEAM         Power_Dis                  0.285000      51300.00
17:03:37  INFO        [U4U LOOP]  HRSG2_C2_SHP STEAM         SynGas(Unshift)            3.357468     386780.31
17:03:37  INFO        [U4U LOOP]  HRSG2_C2_SHP STEAM         Boiler Feed Water          1.160000     133632.00
17:03:37  INFO        [U4U LOOP]  HRSG2_C2_SHP STEAM         HRSG2_C2_LP STEAM          -0.150000     -17280.00
17:03:37  INFO        [U4U LOOP]  HRSG2_C2_SHP STEAM         Power_Dis                  0.285000      32832.00
17:03:37  INFO        [U4U LOOP]  Boiler Feed Water          D M Water                  0.900000     383339.68
17:03:37  INFO        [U4U LOOP]  Boiler Feed Water          LP Steam_Dis               0.100000      42593.30
17:03:37  INFO        [U4U LOOP]  Boiler Feed Water          Power_Dis                  8.100000    3450057.16
17:03:37  INFO        [U4U LOOP]  COMPRESED AIR_ASU          Power_Dis                  0.125000      93094.58
17:03:37  INFO        [U4U LOOP]  COMPRESSED AIR             COMPRESED AIR_ASU          0.051000     744756.96
17:03:37  INFO        [U4U LOOP]  COMPRESSED AIR             COMPRESSED AIR             0.002670      38990.22
17:03:37  INFO        [U4U LOOP]  COMPRESSED AIR             Power_Dis                  0.150000    2190461.65
17:03:37  INFO        [U4U LOOP]  Cooling Water              COMPRESSED AIR             0.974741      98546.53
17:03:37  INFO        [U4U LOOP]  Cooling Water              Effluent Treated           3.800000     384180.83
17:03:37  INFO        [U4U LOOP]  Cooling Water              Power_Dis                  210.900000   21322035.93
17:03:37  INFO        [U4U LOOP]  Cooling Water              SWRO WATER                 9.400000     950342.05
17:03:37  INFO        [U4U LOOP]  D M Water                  COMPRESSED AIR             0.049180      28544.19
17:03:37  INFO        [U4U LOOP]  D M Water                  NITROGEN_ASU               0.630000     365653.49
17:03:37  INFO        [U4U LOOP]  D M Water                  Power_Dis                  0.920000     533970.18
17:03:37  INFO        [U4U LOOP]  D M Water                  SWRO WATER                 1.150000     667462.72
17:03:37  INFO        [U4U LOOP]  Effluent Treated           COMPRESSED AIR             2.209302    1306894.54
17:03:37  INFO        [U4U LOOP]  Effluent Treated           Cooling Water              0.000031         18.34
17:03:37  INFO        [U4U LOOP]  Effluent Treated           NITROGEN_ASU               0.005814       3439.22
17:03:37  INFO        [U4U LOOP]  Effluent Treated           Power_Dis                  3.200000    1892933.85
17:03:37  INFO        [U4U LOOP]  Effluent Treated           Utility Water              0.029070      17196.12
17:03:37  INFO        [U4U LOOP]  NITROGEN_ASU               MP Steam_Dis               0.000021        279.76
17:03:37  INFO        [U4U LOOP]  NITROGEN_ASU               Power_Dis                  0.474260    6317961.25
17:03:37  INFO        [U4U LOOP]  NITROGEN_ASU               Ret steam condensate       -0.000011       -146.54
17:03:37  INFO        [U4U LOOP]  NITROGEN_ASU               Utility Water              0.001540      20515.46
17:03:37  INFO        [U4U LOOP]  Oxygen                     MP Steam_Dis               0.017000        661.42
17:03:37  INFO        [U4U LOOP]  Oxygen                     Power_Dis                  374.610000   14574951.27
17:03:37  INFO        [U4U LOOP]  Oxygen                     Ret steam condensate       -0.008000       -311.26
17:03:37  INFO        [U4U LOOP]  Oxygen                     Utility Water              1.230000      47855.61
17:03:37  INFO        [U4U LOOP]  PROCESS FEED WATER         D M Water                  0.900000      28539.90
17:03:37  INFO        [U4U LOOP]  PROCESS FEED WATER         LP Steam_Dis               0.100000       3171.10
17:03:37  INFO        [U4U LOOP]  PROCESS FEED WATER         Power_Dis                  0.631000      20009.64
17:03:37  INFO        [U4U LOOP]  Utility Water              COMPRESSED AIR             0.217390     351569.29
17:03:37  INFO        [U4U LOOP]  Utility Water              SWRO WATER                 1.100000    1778951.26
17:03:37  INFO        [U4U LOOP]  HP Steam_Dis               HP Steam PRDS              1.000000      19450.23
17:03:37  INFO        [U4U LOOP]  LP Steam_Dis               HRSG1_C2_LP STEAM          0.387271      25954.14
17:03:37  INFO        [U4U LOOP]  LP Steam_Dis               HRSG2_C2_LP STEAM          0.245271      16437.58
17:03:37  INFO        [U4U LOOP]  LP Steam_Dis               LP Steam PRDS              0.367458      24626.32
17:03:37  INFO        [U4U LOOP]  MP Steam_Dis               MP Steam PRDS SHP          1.000000      34970.08
17:03:37  INFO        [U4U LOOP]  SHP Steam_Dis              AUXBOIL7_SHP STEAM         0.226682      85658.24
17:03:37  INFO        [U4U LOOP]  SHP Steam_Dis              HRSG1_C2_SHP STEAM         0.473460     178910.32
17:03:37  INFO        [U4U LOOP]  SHP Steam_Dis              HRSG2_C2_SHP STEAM         0.299858     113309.87
17:03:37  INFO        [U4U LOOP]  LP Steam PRDS              MP Steam_Dis               0.945000      21487.45
17:03:37  INFO        [U4U LOOP]  MP Steam PRDS SHP          HP Steam_Dis               0.900000      31473.08
17:03:37  INFO        [U4U LOOP]  HP Steam PRDS              SHP Steam_Dis              0.936000      18205.42
17:03:37  INFO      
17:03:37  INFO        [U4U LOOP]  Not yet converged: 5 materials
17:03:37  INFO        [U4U LOOP]    D M Water                       change=3.9930%
17:03:37  INFO        [U4U LOOP]    HP Steam_Dis                    change=0.0281%
17:03:37  INFO        [U4U LOOP]    LP Steam_Dis                    change=3.9930%
17:03:37  INFO        [U4U LOOP]    MP Steam PRDS SHP               change=0.0281%
17:03:37  INFO        [U4U LOOP]    Power_Dis                       change=0.2905%
17:03:37  INFO      
17:03:39  INFO        ==============================================================================
17:03:39  INFO        POWER DISPATCH  (April 2026)
17:03:39  INFO        ==============================================================================
17:03:39  INFO        Demand:  Process = 62526.31 MWh  |  Fixed = 62702.85 MWh  |  Total = 125229.16 MWh
17:03:39  INFO      
17:03:39  INFO        Step 1: Mandatory assets at MIN load, then optional if needed
17:03:39  INFO        Asset                      Priority   Man    Min MW    Max MW     Hours       Min MWh
17:03:39  INFO        -------------------------  --------  ----  --------  --------  --------  ------------
17:03:39  INFO        JMD - C2-GTG 1                    1     Y    104.00    105.00    720.00      74880.00
17:03:39  INFO        JMD - C2-GTG 2                    1     Y     64.00     67.00    720.00      46080.00
17:03:39  INFO        TOTAL MIN GENERATION                                                        120960.00
17:03:39  INFO      
17:03:39  INFO        ⚠ DEFICIT: MAX generation (123840.00 MWh) BELOW demand (125229.16 MWh)
17:03:39  INFO          Deficit = 1389.16 MWh
17:03:39  INFO      
17:03:39  INFO        FINAL DISPATCH
17:03:39  INFO        Asset                      Priority   Dispatched MW  Dispatched MWh    Load %   Avg Load MW  FreeStm Factor   Free Steam MT       Heat Rate   Aux Power MWh
17:03:39  INFO        -------------------------  --------  --------------  --------------  --------  ------------  ------------  --------------  --------------  --------------
17:03:39  INFO        JMD - C2-GTG 1                    1          105.00        75600.00    100.0%        105.00        1.5700       118692.00         2643.00          102.06
17:03:39  INFO        JMD - C2-GTG 2                    1           67.00        48240.00    100.0%         67.00        1.8300        88279.20         3120.84           65.12
17:03:39  INFO        TOTAL                                                     123840.00                                             206971.20                          167.18
17:03:39  INFO        ==============================================================================
17:03:40  INFO      
17:03:40  INFO        SPINNING MARGIN CONFIG
17:03:40  INFO        Required margin: 250.00 TPH
17:03:40  INFO        Asset                         Max TPH     Eff Max     Reserve
17:03:40  INFO        -------------------------  ----------  ----------  ----------
17:03:40  INFO        AUXBOIL7_SHP STEAM             220.00      132.70       87.30
17:03:40  INFO        HRSG1_C2_SHP STEAM             250.00      150.79       99.21
17:03:40  INFO        HRSG2_C2_SHP STEAM             160.00       96.51       63.49
17:03:40  INFO        TOTAL RESERVED                                         250.00
17:03:40  INFO        → Margin of 250.00 TPH successfully reserved
17:03:40  INFO      
17:03:40  INFO        ==============================================================================
17:03:40  INFO        STEAM DISPATCH  (April 2026)
17:03:40  INFO        ==============================================================================
17:03:40  INFO        Grade      Process/Fixed MT  Letdown MT  Byproduct MT     Net Demand MT
17:03:40  INFO        ---------  ----------------  ----------  ------------  ----------------
17:03:40  INFO        LP                 68845.40    23214.30     -44280.00          24565.40
17:03:40  INFO        MP                 34970.62    52366.43          0.00          58184.92
17:03:40  INFO        HP                 19459.08    67228.68          0.00          71825.51
17:03:40  INFO        SHP               377878.42        0.00          0.00         377878.42
17:03:40  INFO      
17:03:40  INFO        Total Free Steam available: 206971.20 MT
17:03:40  INFO      
17:03:40  INFO        FINAL SUPPLEMENTARY FIRING DISPATCH
17:03:40  INFO        Asset                      Priority   Man     Min TPH     Max TPH     Hours  Dispatched TPH   Dispatched MT    Load %
17:03:40  INFO        -------------------------  --------  ----  ----------  ----------  --------  --------------  --------------  --------
17:03:40  INFO        AUXBOIL7_SHP STEAM                2     Y       50.00      220.00    698.00          118.45        82678.42     53.8%
17:03:40  INFO        AUXBOIL8_SHP STEAM                1     Y       90.00      220.00      0.00            0.00            0.00      0.0%
17:03:40  INFO        HRSG1_C2_SHP STEAM                1     Y        0.00       85.15    720.00           85.15        61308.00    100.0%
17:03:40  INFO        HRSG2_C2_SHP STEAM                1     Y        0.00       37.39    720.00           37.39        26920.80    100.0%
17:03:40  INFO        TOTAL SUPPLEMENTARY                                                                         170907.22          
17:03:40  INFO        TOTAL STEAM GENERATED                                                                       377878.42          
17:03:40  INFO        ✓ Steam demand met exactly
17:03:40  INFO      
17:03:40  INFO        ✓ STEAM SPINNING MARGIN OK: 389.01 TPH reserved (required: 250.00 TPH)
17:03:40  INFO        ==============================================================================
17:03:40  INFO      
17:03:40  INFO        [U4U LOOP] ==============================================================================
17:03:40  INFO        [U4U LOOP]  ITERATION 8
17:03:40  INFO        [U4U LOOP] ==============================================================================
17:03:40  INFO        [U4U LOOP]  Power:  demand=     133832.70 MWh   gen=     123840.00 MWh
17:03:40  INFO        [U4U LOOP]  Steam:  gen=     377878.42 MT
17:03:40  INFO      
17:03:40  INFO        [U4U LOOP]  Utility (ODS Material)            Old Demand    New Demand    U4U Demand    Change %
17:03:40  INFO        [U4U LOOP]  ------------------------------  ------------  ------------  ------------  ----------
17:03:40  INFO        [U4U LOOP]  AUXBOIL7_SHP STEAM                  85657.29      85658.24      85658.24     0.0011%
17:03:40  INFO        [U4U LOOP]  Boiler Feed Water                  425932.98     425937.20     425937.20     0.0010%
17:03:40  INFO        [U4U LOOP]  COMPRESED AIR_ASU                  744756.67     744756.96     744756.98     0.0000%
17:03:40  INFO        [U4U LOOP]  COMPRESSED AIR                   14603077.67   14603077.96    1983868.81     0.0000%
17:03:40  INFO        [U4U LOOP]  Cooling Water                      101100.22     101100.22        885.22     0.0000%
17:03:40  INFO        [U4U LOOP]  D M Water                          580402.37     596848.58     411883.38     2.7555%
17:03:40  INFO        [U4U LOOP]  Effluent Treated                   591541.83     591541.83     384180.83     0.0000%
17:03:40  INFO        [U4U LOOP]  HP Steam PRDS                       19450.23      19450.23      19459.08     0.0000%
17:03:40  INFO        [U4U LOOP]  HP Steam_Dis                        19450.23      19459.08      31473.56     0.0455%
17:03:40  INFO        [U4U LOOP]  HRSG1_C2_SHP STEAM                 178908.34     178910.32     178910.32     0.0011%
17:03:40  INFO        [U4U LOOP]  HRSG2_C2_SHP STEAM                 113308.62     113309.87     113309.87     0.0011%
17:03:40  INFO        [U4U LOOP]  LP Steam PRDS                       24626.11      24626.32      25297.79     0.0008%
17:03:40  INFO        [U4U LOOP]  LP Steam_Dis                        67018.04      68845.40      45764.82     2.6543%
17:03:40  INFO        [U4U LOOP]  MP Steam PRDS SHP                   34960.26      34970.08      34970.62     0.0281%
17:03:40  INFO        [U4U LOOP]  MP Steam_Dis                        34970.08      34970.62      24155.48     0.0015%
17:03:40  INFO        [U4U LOOP]  NITROGEN_ASU                     13321724.89   13321728.11     585028.23     0.0000%
17:03:40  INFO        [U4U LOOP]  Oxygen                              38907.00      38907.00          0.00     0.0000%
17:03:40  INFO        [U4U LOOP]  PROCESS FEED WATER                  31711.00      31711.00          0.00     0.0000%
17:03:40  INFO        [U4U LOOP]  Power_Dis                          133684.63     133832.70      50980.27     0.1106%
17:03:40  INFO        [U4U LOOP]  SHP Steam_Dis                      377878.42     377878.42      18213.70     0.0000%
17:03:40  INFO        [U4U LOOP]  Utility Water                     1617228.42    1617228.51      88415.51     0.0000%
17:03:40  INFO      
17:03:40  INFO        [U4U LOOP]  U4U CONSUMPTION BREAKDOWN (per producer per material):
17:03:40  INFO        [U4U LOOP]  Producer                   Material Consumed              Norm      Quantity
17:03:40  INFO        [U4U LOOP]  -------------------------  -------------------------  --------  ------------
17:03:40  INFO        [U4U LOOP]  JMD - C2-GTG 1             SynGas(Unshift)            0.004368     330220.80
17:03:40  INFO        [U4U LOOP]  JMD - C2-GTG 1             COMPRESSED AIR             0.001280      96768.00
17:03:40  INFO        [U4U LOOP]  JMD - C2-GTG 1             Cooling Water              0.000007        529.20
17:03:40  INFO        [U4U LOOP]  JMD - C2-GTG 1             NITROGEN_ASU               0.001660     125496.00
17:03:40  INFO        [U4U LOOP]  JMD - C2-GTG 1             Power_Dis                  0.001350     102060.00
17:03:40  INFO        [U4U LOOP]  JMD - C2-GTG 1             Utility Water              0.000023       1738.80
17:03:40  INFO        [U4U LOOP]  JMD - C2-GTG 2             SynGas(Unshift)            0.004485     216356.40
17:03:40  INFO        [U4U LOOP]  JMD - C2-GTG 2             COMPRESSED AIR             0.001280      61747.20
17:03:40  INFO        [U4U LOOP]  JMD - C2-GTG 2             Cooling Water              0.000007        337.68
17:03:40  INFO        [U4U LOOP]  JMD - C2-GTG 2             NITROGEN_ASU               0.001660      80078.40
17:03:40  INFO        [U4U LOOP]  JMD - C2-GTG 2             Power_Dis                  0.001350      65124.00
17:03:40  INFO        [U4U LOOP]  JMD - C2-GTG 2             Utility Water              0.000023       1109.52
17:03:40  INFO        [U4U LOOP]  AUXBOIL7_SHP STEAM         SynGas(Unshift)            2.876221     237801.41
17:03:40  INFO        [U4U LOOP]  AUXBOIL7_SHP STEAM         Boiler Feed Water          1.010000      83505.20
17:03:40  INFO        [U4U LOOP]  AUXBOIL7_SHP STEAM         Power_Dis                  3.850000     318311.92
17:03:40  INFO        [U4U LOOP]  HRSG1_C2_SHP STEAM         SynGas(Unshift)            3.376244     607723.92
17:03:40  INFO        [U4U LOOP]  HRSG1_C2_SHP STEAM         Boiler Feed Water          1.160000     208800.00
17:03:40  INFO        [U4U LOOP]  HRSG1_C2_SHP STEAM         HRSG1_C2_LP STEAM          -0.150000     -27000.00
17:03:40  INFO        [U4U LOOP]  HRSG1_C2_SHP STEAM         Power_Dis                  0.285000      51300.00
17:03:40  INFO        [U4U LOOP]  HRSG2_C2_SHP STEAM         SynGas(Unshift)            3.357468     386780.31
17:03:40  INFO        [U4U LOOP]  HRSG2_C2_SHP STEAM         Boiler Feed Water          1.160000     133632.00
17:03:40  INFO        [U4U LOOP]  HRSG2_C2_SHP STEAM         HRSG2_C2_LP STEAM          -0.150000     -17280.00
17:03:40  INFO        [U4U LOOP]  HRSG2_C2_SHP STEAM         Power_Dis                  0.285000      32832.00
17:03:40  INFO        [U4U LOOP]  Boiler Feed Water          D M Water                  0.900000     383343.48
17:03:40  INFO        [U4U LOOP]  Boiler Feed Water          LP Steam_Dis               0.100000      42593.72
17:03:40  INFO        [U4U LOOP]  Boiler Feed Water          Power_Dis                  8.100000    3450091.35
17:03:40  INFO        [U4U LOOP]  COMPRESED AIR_ASU          Power_Dis                  0.125000      93094.62
17:03:40  INFO        [U4U LOOP]  COMPRESSED AIR             COMPRESED AIR_ASU          0.051000     744756.98
17:03:40  INFO        [U4U LOOP]  COMPRESSED AIR             COMPRESSED AIR             0.002670      38990.22
17:03:40  INFO        [U4U LOOP]  COMPRESSED AIR             Power_Dis                  0.150000    2190461.69
17:03:40  INFO        [U4U LOOP]  Cooling Water              COMPRESSED AIR             0.974741      98546.53
17:03:40  INFO        [U4U LOOP]  Cooling Water              Effluent Treated           3.800000     384180.83
17:03:40  INFO        [U4U LOOP]  Cooling Water              Power_Dis                  210.900000   21322035.93
17:03:40  INFO        [U4U LOOP]  Cooling Water              SWRO WATER                 9.400000     950342.05
17:03:40  INFO        [U4U LOOP]  D M Water                  COMPRESSED AIR             0.049180      29353.01
17:03:40  INFO        [U4U LOOP]  D M Water                  NITROGEN_ASU               0.630000     376014.61
17:03:40  INFO        [U4U LOOP]  D M Water                  Power_Dis                  0.920000     549100.70
17:03:40  INFO        [U4U LOOP]  D M Water                  SWRO WATER                 1.150000     686375.87
17:03:40  INFO        [U4U LOOP]  Effluent Treated           COMPRESSED AIR             2.209302    1306894.54
17:03:40  INFO        [U4U LOOP]  Effluent Treated           Cooling Water              0.000031         18.34
17:03:40  INFO        [U4U LOOP]  Effluent Treated           NITROGEN_ASU               0.005814       3439.22
17:03:40  INFO        [U4U LOOP]  Effluent Treated           Power_Dis                  3.200000    1892933.85
17:03:40  INFO        [U4U LOOP]  Effluent Treated           Utility Water              0.029070      17196.12
17:03:40  INFO        [U4U LOOP]  NITROGEN_ASU               MP Steam_Dis               0.000021        279.76
17:03:40  INFO        [U4U LOOP]  NITROGEN_ASU               Power_Dis                  0.474260    6317962.78
17:03:40  INFO        [U4U LOOP]  NITROGEN_ASU               Ret steam condensate       -0.000011       -146.54
17:03:40  INFO        [U4U LOOP]  NITROGEN_ASU               Utility Water              0.001540      20515.46
17:03:40  INFO        [U4U LOOP]  Oxygen                     MP Steam_Dis               0.017000        661.42
17:03:40  INFO        [U4U LOOP]  Oxygen                     Power_Dis                  374.610000   14574951.27
17:03:40  INFO        [U4U LOOP]  Oxygen                     Ret steam condensate       -0.008000       -311.26
17:03:40  INFO        [U4U LOOP]  Oxygen                     Utility Water              1.230000      47855.61
17:03:40  INFO        [U4U LOOP]  PROCESS FEED WATER         D M Water                  0.900000      28539.90
17:03:40  INFO        [U4U LOOP]  PROCESS FEED WATER         LP Steam_Dis               0.100000       3171.10
17:03:40  INFO        [U4U LOOP]  PROCESS FEED WATER         Power_Dis                  0.631000      20009.64
17:03:40  INFO        [U4U LOOP]  Utility Water              COMPRESSED AIR             0.217390     351569.31
17:03:40  INFO        [U4U LOOP]  Utility Water              SWRO WATER                 1.100000    1778951.36
17:03:40  INFO        [U4U LOOP]  HP Steam_Dis               HP Steam PRDS              1.000000      19459.08
17:03:40  INFO        [U4U LOOP]  LP Steam_Dis               HRSG1_C2_LP STEAM          0.387271      26661.83
17:03:40  INFO        [U4U LOOP]  LP Steam_Dis               HRSG2_C2_LP STEAM          0.245271      16885.78
17:03:40  INFO        [U4U LOOP]  LP Steam_Dis               LP Steam PRDS              0.367458      25297.79
17:03:40  INFO        [U4U LOOP]  MP Steam_Dis               MP Steam PRDS SHP          1.000000      34970.62
17:03:40  INFO        [U4U LOOP]  SHP Steam_Dis              AUXBOIL7_SHP STEAM         0.226682      85658.24
17:03:40  INFO        [U4U LOOP]  SHP Steam_Dis              HRSG1_C2_SHP STEAM         0.473460     178910.32
17:03:40  INFO        [U4U LOOP]  SHP Steam_Dis              HRSG2_C2_SHP STEAM         0.299858     113309.87
17:03:40  INFO        [U4U LOOP]  LP Steam PRDS              MP Steam_Dis               0.945000      23214.30
17:03:40  INFO        [U4U LOOP]  MP Steam PRDS SHP          HP Steam_Dis               0.900000      31473.56
17:03:40  INFO        [U4U LOOP]  HP Steam PRDS              SHP Steam_Dis              0.936000      18213.70
17:03:40  INFO      
17:03:40  INFO        [U4U LOOP]  Not yet converged: 7 materials
17:03:40  INFO        [U4U LOOP]    COMPRESSED AIR                  change=0.0408%
17:03:40  INFO        [U4U LOOP]    HP Steam PRDS                   change=0.0455%
17:03:40  INFO        [U4U LOOP]    LP Steam PRDS                   change=2.6543%
17:03:40  INFO        [U4U LOOP]    MP Steam_Dis                    change=7.1489%
17:03:40  INFO        [U4U LOOP]    NITROGEN_ASU                    change=1.7710%
17:03:40  INFO        [U4U LOOP]    Power_Dis                       change=0.0297%
17:03:40  INFO        [U4U LOOP]    SHP Steam_Dis                   change=0.0455%
17:03:40  INFO      
17:03:41  INFO        ==============================================================================
17:03:41  INFO        POWER DISPATCH  (April 2026)
17:03:41  INFO        ==============================================================================
17:03:41  INFO        Demand:  Process = 62526.31 MWh  |  Fixed = 62718.01 MWh  |  Total = 125244.32 MWh
17:03:41  INFO      
17:03:41  INFO        Step 1: Mandatory assets at MIN load, then optional if needed
17:03:41  INFO        Asset                      Priority   Man    Min MW    Max MW     Hours       Min MWh
17:03:41  INFO        -------------------------  --------  ----  --------  --------  --------  ------------
17:03:41  INFO        JMD - C2-GTG 1                    1     Y    104.00    105.00    720.00      74880.00
17:03:41  INFO        JMD - C2-GTG 2                    1     Y     64.00     67.00    720.00      46080.00
17:03:41  INFO        TOTAL MIN GENERATION                                                        120960.00
17:03:41  INFO      
17:03:41  INFO        ⚠ DEFICIT: MAX generation (123840.00 MWh) BELOW demand (125244.32 MWh)
17:03:41  INFO          Deficit = 1404.32 MWh
17:03:41  INFO      
17:03:41  INFO        FINAL DISPATCH
17:03:41  INFO        Asset                      Priority   Dispatched MW  Dispatched MWh    Load %   Avg Load MW  FreeStm Factor   Free Steam MT       Heat Rate   Aux Power MWh
17:03:41  INFO        -------------------------  --------  --------------  --------------  --------  ------------  ------------  --------------  --------------  --------------
17:03:41  INFO        JMD - C2-GTG 1                    1          105.00        75600.00    100.0%        105.00        1.5700       118692.00         2643.00          102.06
17:03:41  INFO        JMD - C2-GTG 2                    1           67.00        48240.00    100.0%         67.00        1.8300        88279.20         3120.84           65.12
17:03:41  INFO        TOTAL                                                     123840.00                                             206971.20                          167.18
17:03:41  INFO        ==============================================================================
17:03:43  INFO      
17:03:43  INFO        SPINNING MARGIN CONFIG
17:03:43  INFO        Required margin: 250.00 TPH
17:03:43  INFO        Asset                         Max TPH     Eff Max     Reserve
17:03:43  INFO        -------------------------  ----------  ----------  ----------
17:03:43  INFO        AUXBOIL7_SHP STEAM             220.00      132.70       87.30
17:03:43  INFO        HRSG1_C2_SHP STEAM             250.00      150.79       99.21
17:03:43  INFO        HRSG2_C2_SHP STEAM             160.00       96.51       63.49
17:03:43  INFO        TOTAL RESERVED                                         250.00
17:03:43  INFO        → Margin of 250.00 TPH successfully reserved
17:03:43  INFO      
17:03:43  INFO        ==============================================================================
17:03:43  INFO        STEAM DISPATCH  (April 2026)
17:03:43  INFO        ==============================================================================
17:03:43  INFO        Grade      Process/Fixed MT  Letdown MT  Byproduct MT     Net Demand MT
17:03:43  INFO        ---------  ----------------  ----------  ------------  ----------------
17:03:43  INFO        LP                 68845.82    23214.70     -44280.00          24565.82
17:03:43  INFO        MP                 36697.48    53920.96          0.00          59912.18
17:03:43  INFO        HP                 19459.56    68684.17          0.00          73380.52
17:03:43  INFO        SHP               377886.70        0.00          0.00         377886.70
17:03:43  INFO      
17:03:43  INFO        Total Free Steam available: 206971.20 MT
17:03:43  INFO      
17:03:43  INFO        FINAL SUPPLEMENTARY FIRING DISPATCH
17:03:43  INFO        Asset                      Priority   Man     Min TPH     Max TPH     Hours  Dispatched TPH   Dispatched MT    Load %
17:03:43  INFO        -------------------------  --------  ----  ----------  ----------  --------  --------------  --------------  --------
17:03:43  INFO        AUXBOIL7_SHP STEAM                2     Y       50.00      220.00    698.00          118.46        82686.70     53.8%
17:03:43  INFO        AUXBOIL8_SHP STEAM                1     Y       90.00      220.00      0.00            0.00            0.00      0.0%
17:03:43  INFO        HRSG1_C2_SHP STEAM                1     Y        0.00       85.15    720.00           85.15        61308.00    100.0%
17:03:43  INFO        HRSG2_C2_SHP STEAM                1     Y        0.00       37.39    720.00           37.39        26920.80    100.0%
17:03:43  INFO        TOTAL SUPPLEMENTARY                                                                         170915.50          
17:03:43  INFO        TOTAL STEAM GENERATED                                                                       377886.70          
17:03:43  INFO        ✓ Steam demand met exactly
17:03:43  INFO      
17:03:43  INFO        ✓ STEAM SPINNING MARGIN OK: 389.00 TPH reserved (required: 250.00 TPH)
17:03:43  INFO        ==============================================================================
17:03:43  INFO      
17:03:43  INFO        [U4U LOOP] ==============================================================================
17:03:43  INFO        [U4U LOOP]  ITERATION 9
17:03:43  INFO        [U4U LOOP] ==============================================================================
17:03:43  INFO        [U4U LOOP]  Power:  demand=     133847.86 MWh   gen=     123840.00 MWh
17:03:43  INFO        [U4U LOOP]  Steam:  gen=     377886.70 MT
17:03:43  INFO      
17:03:43  INFO        [U4U LOOP]  Utility (ODS Material)            Old Demand    New Demand    U4U Demand    Change %
17:03:43  INFO        [U4U LOOP]  ------------------------------  ------------  ------------  ------------  ----------
17:03:43  INFO        [U4U LOOP]  AUXBOIL7_SHP STEAM                  85658.24      85658.24      85660.11     0.0000%
17:03:43  INFO        [U4U LOOP]  Boiler Feed Water                  425937.20     425937.20     425945.57     0.0000%
17:03:43  INFO        [U4U LOOP]  COMPRESED AIR_ASU                  744756.96     744756.98     744798.23     0.0000%
17:03:43  INFO        [U4U LOOP]  COMPRESSED AIR                   14603077.96   14603886.81    1983871.15     0.0055%
17:03:43  INFO        [U4U LOOP]  Cooling Water                      101100.22     101100.22        885.22     0.0000%
17:03:43  INFO        [U4U LOOP]  D M Water                          596848.58     596852.38     411883.38     0.0006%
17:03:43  INFO        [U4U LOOP]  Effluent Treated                   591541.83     591541.83     384180.83     0.0000%
17:03:43  INFO        [U4U LOOP]  HP Steam PRDS                       19450.23      19459.08      19459.56     0.0455%
17:03:43  INFO        [U4U LOOP]  HP Steam_Dis                        19459.08      19459.56      33027.73     0.0025%
17:03:43  INFO        [U4U LOOP]  HRSG1_C2_SHP STEAM                 178910.32     178910.32     178914.23     0.0000%
17:03:43  INFO        [U4U LOOP]  HRSG2_C2_SHP STEAM                 113309.87     113309.87     113312.35     0.0000%
17:03:43  INFO        [U4U LOOP]  LP Steam PRDS                       24626.32      25297.79      25297.95     2.6543%
17:03:43  INFO        [U4U LOOP]  LP Steam_Dis                        68845.40      68845.82      45764.82     0.0006%
17:03:43  INFO        [U4U LOOP]  MP Steam PRDS SHP                   34970.08      34970.62      36697.48     0.0015%
17:03:43  INFO        [U4U LOOP]  MP Steam_Dis                        34970.62      36697.48      24156.09     4.7056%
17:03:43  INFO        [U4U LOOP]  NITROGEN_ASU                     13321728.11   13332089.23     585030.63     0.0777%
17:03:43  INFO        [U4U LOOP]  Oxygen                              38907.00      38907.00          0.00     0.0000%
17:03:43  INFO        [U4U LOOP]  PROCESS FEED WATER                  31711.00      31711.00          0.00     0.0000%
17:03:43  INFO        [U4U LOOP]  Power_Dis                          133832.70     133847.86      50985.34     0.0113%
17:03:43  INFO        [U4U LOOP]  SHP Steam_Dis                      377878.42     377886.70      18214.15     0.0022%
17:03:43  INFO        [U4U LOOP]  Utility Water                     1617228.51    1617228.51      88431.47     0.0000%
17:03:43  INFO      
17:03:43  INFO        [U4U LOOP]  U4U CONSUMPTION BREAKDOWN (per producer per material):
17:03:43  INFO        [U4U LOOP]  Producer                   Material Consumed              Norm      Quantity
17:03:43  INFO        [U4U LOOP]  -------------------------  -------------------------  --------  ------------
17:03:43  INFO        [U4U LOOP]  JMD - C2-GTG 1             SynGas(Unshift)            0.004368     330220.80
17:03:43  INFO        [U4U LOOP]  JMD - C2-GTG 1             COMPRESSED AIR             0.001280      96768.00
17:03:43  INFO        [U4U LOOP]  JMD - C2-GTG 1             Cooling Water              0.000007        529.20
17:03:43  INFO        [U4U LOOP]  JMD - C2-GTG 1             NITROGEN_ASU               0.001660     125496.00
17:03:43  INFO        [U4U LOOP]  JMD - C2-GTG 1             Power_Dis                  0.001350     102060.00
17:03:43  INFO        [U4U LOOP]  JMD - C2-GTG 1             Utility Water              0.000023       1738.80
17:03:43  INFO        [U4U LOOP]  JMD - C2-GTG 2             SynGas(Unshift)            0.004485     216356.40
17:03:43  INFO        [U4U LOOP]  JMD - C2-GTG 2             COMPRESSED AIR             0.001280      61747.20
17:03:43  INFO        [U4U LOOP]  JMD - C2-GTG 2             Cooling Water              0.000007        337.68
17:03:43  INFO        [U4U LOOP]  JMD - C2-GTG 2             NITROGEN_ASU               0.001660      80078.40
17:03:43  INFO        [U4U LOOP]  JMD - C2-GTG 2             Power_Dis                  0.001350      65124.00
17:03:43  INFO        [U4U LOOP]  JMD - C2-GTG 2             Utility Water              0.000023       1109.52
17:03:43  INFO        [U4U LOOP]  AUXBOIL7_SHP STEAM         SynGas(Unshift)            2.876221     237825.22
17:03:43  INFO        [U4U LOOP]  AUXBOIL7_SHP STEAM         Boiler Feed Water          1.010000      83513.57
17:03:43  INFO        [U4U LOOP]  AUXBOIL7_SHP STEAM         Power_Dis                  3.850000     318343.79
17:03:43  INFO        [U4U LOOP]  HRSG1_C2_SHP STEAM         SynGas(Unshift)            3.376244     607723.92
17:03:43  INFO        [U4U LOOP]  HRSG1_C2_SHP STEAM         Boiler Feed Water          1.160000     208800.00
17:03:43  INFO        [U4U LOOP]  HRSG1_C2_SHP STEAM         HRSG1_C2_LP STEAM          -0.150000     -27000.00
17:03:43  INFO        [U4U LOOP]  HRSG1_C2_SHP STEAM         Power_Dis                  0.285000      51300.00
17:03:43  INFO        [U4U LOOP]  HRSG2_C2_SHP STEAM         SynGas(Unshift)            3.357468     386780.31
17:03:43  INFO        [U4U LOOP]  HRSG2_C2_SHP STEAM         Boiler Feed Water          1.160000     133632.00
17:03:43  INFO        [U4U LOOP]  HRSG2_C2_SHP STEAM         HRSG2_C2_LP STEAM          -0.150000     -17280.00
17:03:43  INFO        [U4U LOOP]  HRSG2_C2_SHP STEAM         Power_Dis                  0.285000      32832.00
17:03:43  INFO        [U4U LOOP]  Boiler Feed Water          D M Water                  0.900000     383343.48
17:03:43  INFO        [U4U LOOP]  Boiler Feed Water          LP Steam_Dis               0.100000      42593.72
17:03:43  INFO        [U4U LOOP]  Boiler Feed Water          Power_Dis                  8.100000    3450091.35
17:03:43  INFO        [U4U LOOP]  COMPRESED AIR_ASU          Power_Dis                  0.125000      93094.62
17:03:43  INFO        [U4U LOOP]  COMPRESSED AIR             COMPRESED AIR_ASU          0.051000     744798.23
17:03:43  INFO        [U4U LOOP]  COMPRESSED AIR             COMPRESSED AIR             0.002670      38992.38
17:03:43  INFO        [U4U LOOP]  COMPRESSED AIR             Power_Dis                  0.150000    2190583.02
17:03:43  INFO        [U4U LOOP]  Cooling Water              COMPRESSED AIR             0.974741      98546.53
17:03:43  INFO        [U4U LOOP]  Cooling Water              Effluent Treated           3.800000     384180.83
17:03:43  INFO        [U4U LOOP]  Cooling Water              Power_Dis                  210.900000   21322035.93
17:03:43  INFO        [U4U LOOP]  Cooling Water              SWRO WATER                 9.400000     950342.05
17:03:43  INFO        [U4U LOOP]  D M Water                  COMPRESSED AIR             0.049180      29353.20
17:03:43  INFO        [U4U LOOP]  D M Water                  NITROGEN_ASU               0.630000     376017.00
17:03:43  INFO        [U4U LOOP]  D M Water                  Power_Dis                  0.920000     549104.19
17:03:43  INFO        [U4U LOOP]  D M Water                  SWRO WATER                 1.150000     686380.24
17:03:43  INFO        [U4U LOOP]  Effluent Treated           COMPRESSED AIR             2.209302    1306894.54
17:03:43  INFO        [U4U LOOP]  Effluent Treated           Cooling Water              0.000031         18.34
17:03:43  INFO        [U4U LOOP]  Effluent Treated           NITROGEN_ASU               0.005814       3439.22
17:03:43  INFO        [U4U LOOP]  Effluent Treated           Power_Dis                  3.200000    1892933.85
17:03:43  INFO        [U4U LOOP]  Effluent Treated           Utility Water              0.029070      17196.12
17:03:43  INFO        [U4U LOOP]  NITROGEN_ASU               MP Steam_Dis               0.000021        279.97
17:03:43  INFO        [U4U LOOP]  NITROGEN_ASU               Power_Dis                  0.474260    6322876.64
17:03:43  INFO        [U4U LOOP]  NITROGEN_ASU               Ret steam condensate       -0.000011       -146.65
17:03:43  INFO        [U4U LOOP]  NITROGEN_ASU               Utility Water              0.001540      20531.42
17:03:43  INFO        [U4U LOOP]  Oxygen                     MP Steam_Dis               0.017000        661.42
17:03:43  INFO        [U4U LOOP]  Oxygen                     Power_Dis                  374.610000   14574951.27
17:03:43  INFO        [U4U LOOP]  Oxygen                     Ret steam condensate       -0.008000       -311.26
17:03:43  INFO        [U4U LOOP]  Oxygen                     Utility Water              1.230000      47855.61
17:03:43  INFO        [U4U LOOP]  PROCESS FEED WATER         D M Water                  0.900000      28539.90
17:03:43  INFO        [U4U LOOP]  PROCESS FEED WATER         LP Steam_Dis               0.100000       3171.10
17:03:43  INFO        [U4U LOOP]  PROCESS FEED WATER         Power_Dis                  0.631000      20009.64
17:03:43  INFO        [U4U LOOP]  Utility Water              COMPRESSED AIR             0.217390     351569.31
17:03:43  INFO        [U4U LOOP]  Utility Water              SWRO WATER                 1.100000    1778951.36
17:03:43  INFO        [U4U LOOP]  HP Steam_Dis               HP Steam PRDS              1.000000      19459.56
17:03:43  INFO        [U4U LOOP]  LP Steam_Dis               HRSG1_C2_LP STEAM          0.387271      26661.99
17:03:43  INFO        [U4U LOOP]  LP Steam_Dis               HRSG2_C2_LP STEAM          0.245271      16885.88
17:03:43  INFO        [U4U LOOP]  LP Steam_Dis               LP Steam PRDS              0.367458      25297.95
17:03:43  INFO        [U4U LOOP]  MP Steam_Dis               MP Steam PRDS SHP          1.000000      36697.48
17:03:43  INFO        [U4U LOOP]  SHP Steam_Dis              AUXBOIL7_SHP STEAM         0.226682      85660.11
17:03:43  INFO        [U4U LOOP]  SHP Steam_Dis              HRSG1_C2_SHP STEAM         0.473460     178914.23
17:03:43  INFO        [U4U LOOP]  SHP Steam_Dis              HRSG2_C2_SHP STEAM         0.299858     113312.35
17:03:43  INFO        [U4U LOOP]  LP Steam PRDS              MP Steam_Dis               0.945000      23214.70
17:03:43  INFO        [U4U LOOP]  MP Steam PRDS SHP          HP Steam_Dis               0.900000      33027.73
17:03:43  INFO        [U4U LOOP]  HP Steam PRDS              SHP Steam_Dis              0.936000      18214.15
17:03:43  INFO      
17:03:43  INFO        [U4U LOOP]  Not yet converged: 3 materials
17:03:43  INFO        [U4U LOOP]    HP Steam_Dis                    change=4.7056%
17:03:43  INFO        [U4U LOOP]    MP Steam PRDS SHP               change=4.7056%
17:03:43  INFO        [U4U LOOP]    Utility Water                   change=0.0180%
17:03:43  INFO      
17:03:44  INFO        ==============================================================================
17:03:44  INFO        POWER DISPATCH  (April 2026)
17:03:44  INFO        ==============================================================================
17:03:44  INFO        Demand:  Process = 62526.31 MWh  |  Fixed = 62723.08 MWh  |  Total = 125249.39 MWh
17:03:44  INFO      
17:03:44  INFO        Step 1: Mandatory assets at MIN load, then optional if needed
17:03:44  INFO        Asset                      Priority   Man    Min MW    Max MW     Hours       Min MWh
17:03:44  INFO        -------------------------  --------  ----  --------  --------  --------  ------------
17:03:44  INFO        JMD - C2-GTG 1                    1     Y    104.00    105.00    720.00      74880.00
17:03:44  INFO        JMD - C2-GTG 2                    1     Y     64.00     67.00    720.00      46080.00
17:03:44  INFO        TOTAL MIN GENERATION                                                        120960.00
17:03:44  INFO      
17:03:44  INFO        ⚠ DEFICIT: MAX generation (123840.00 MWh) BELOW demand (125249.39 MWh)
17:03:44  INFO          Deficit = 1409.39 MWh
17:03:44  INFO      
17:03:44  INFO        FINAL DISPATCH
17:03:44  INFO        Asset                      Priority   Dispatched MW  Dispatched MWh    Load %   Avg Load MW  FreeStm Factor   Free Steam MT       Heat Rate   Aux Power MWh
17:03:44  INFO        -------------------------  --------  --------------  --------------  --------  ------------  ------------  --------------  --------------  --------------
17:03:44  INFO        JMD - C2-GTG 1                    1          105.00        75600.00    100.0%        105.00        1.5700       118692.00         2643.00          102.06
17:03:44  INFO        JMD - C2-GTG 2                    1           67.00        48240.00    100.0%         67.00        1.8300        88279.20         3120.84           65.12
17:03:44  INFO        TOTAL                                                     123840.00                                             206971.20                          167.18
17:03:44  INFO        ==============================================================================
17:03:45  INFO      
17:03:45  INFO        SPINNING MARGIN CONFIG
17:03:45  INFO        Required margin: 250.00 TPH
17:03:45  INFO        Asset                         Max TPH     Eff Max     Reserve
17:03:45  INFO        -------------------------  ----------  ----------  ----------
17:03:45  INFO        AUXBOIL7_SHP STEAM             220.00      132.70       87.30
17:03:45  INFO        HRSG1_C2_SHP STEAM             250.00      150.79       99.21
17:03:45  INFO        HRSG2_C2_SHP STEAM             160.00       96.51       63.49
17:03:45  INFO        TOTAL RESERVED                                         250.00
17:03:45  INFO        → Margin of 250.00 TPH successfully reserved
17:03:45  INFO      
17:03:45  INFO        ==============================================================================
17:03:45  INFO        STEAM DISPATCH  (April 2026)
17:03:45  INFO        ==============================================================================
17:03:45  INFO        Grade      Process/Fixed MT  Letdown MT  Byproduct MT     Net Demand MT
17:03:45  INFO        ---------  ----------------  ----------  ------------  ----------------
17:03:45  INFO        LP                 68845.82    23214.70     -44280.00          24565.82
17:03:45  INFO        MP                 36698.09    53921.51          0.00          59912.79
17:03:45  INFO        HP                 21013.73    70139.39          0.00          74935.24
17:03:45  INFO        SHP               377887.15        0.00          0.00         377887.15
17:03:45  INFO      
17:03:45  INFO        Total Free Steam available: 206971.20 MT
17:03:45  INFO      
17:03:45  INFO        FINAL SUPPLEMENTARY FIRING DISPATCH
17:03:45  INFO        Asset                      Priority   Man     Min TPH     Max TPH     Hours  Dispatched TPH   Dispatched MT    Load %
17:03:45  INFO        -------------------------  --------  ----  ----------  ----------  --------  --------------  --------------  --------
17:03:45  INFO        AUXBOIL7_SHP STEAM                2     Y       50.00      220.00    698.00          118.46        82687.15     53.8%
17:03:45  INFO        AUXBOIL8_SHP STEAM                1     Y       90.00      220.00      0.00            0.00            0.00      0.0%
17:03:45  INFO        HRSG1_C2_SHP STEAM                1     Y        0.00       85.15    720.00           85.15        61308.00    100.0%
17:03:45  INFO        HRSG2_C2_SHP STEAM                1     Y        0.00       37.39    720.00           37.39        26920.80    100.0%
17:03:45  INFO        TOTAL SUPPLEMENTARY                                                                         170915.95          
17:03:45  INFO        TOTAL STEAM GENERATED                                                                       377887.15          
17:03:45  INFO        ✓ Steam demand met exactly
17:03:45  INFO      
17:03:45  INFO        ✓ STEAM SPINNING MARGIN OK: 389.00 TPH reserved (required: 250.00 TPH)
17:03:45  INFO        ==============================================================================
17:03:45  INFO      
17:03:45  INFO        [U4U LOOP] ==============================================================================
17:03:45  INFO        [U4U LOOP]  ITERATION 10
17:03:45  INFO        [U4U LOOP] ==============================================================================
17:03:45  INFO        [U4U LOOP]  Power:  demand=     133852.93 MWh   gen=     123840.00 MWh
17:03:45  INFO        [U4U LOOP]  Steam:  gen=     377887.15 MT
17:03:45  INFO      
17:03:45  INFO        [U4U LOOP]  Utility (ODS Material)            Old Demand    New Demand    U4U Demand    Change %
17:03:45  INFO        [U4U LOOP]  ------------------------------  ------------  ------------  ------------  ----------
17:03:45  INFO        [U4U LOOP]  AUXBOIL7_SHP STEAM                  85658.24      85660.11      85660.21     0.0022%
17:03:45  INFO        [U4U LOOP]  Boiler Feed Water                  425937.20     425945.57     425946.02     0.0020%
17:03:45  INFO        [U4U LOOP]  COMPRESED AIR_ASU                  744756.98     744798.23     744798.35     0.0055%
17:03:45  INFO        [U4U LOOP]  COMPRESSED AIR                   14603886.81   14603889.15    1983874.63     0.0000%
17:03:45  INFO        [U4U LOOP]  Cooling Water                      101100.22     101100.22        885.22     0.0000%
17:03:45  INFO        [U4U LOOP]  D M Water                          596852.38     596852.38     411890.91     0.0000%
17:03:45  INFO        [U4U LOOP]  Effluent Treated                   591541.83     591541.83     384180.83     0.0000%
17:03:45  INFO        [U4U LOOP]  HP Steam PRDS                       19459.08      19459.56      21013.73     0.0025%
17:03:45  INFO        [U4U LOOP]  HP Steam_Dis                        19459.56      21013.73      33028.28     7.3960%
17:03:45  INFO        [U4U LOOP]  HRSG1_C2_SHP STEAM                 178910.32     178914.23     178914.45     0.0022%
17:03:45  INFO        [U4U LOOP]  HRSG2_C2_SHP STEAM                 113309.87     113312.35     113312.48     0.0022%
17:03:45  INFO        [U4U LOOP]  LP Steam PRDS                       25297.79      25297.95      25297.95     0.0006%
17:03:45  INFO        [U4U LOOP]  LP Steam_Dis                        68845.82      68845.82      45765.66     0.0000%
17:03:45  INFO        [U4U LOOP]  MP Steam PRDS SHP                   34970.62      36697.48      36698.09     4.7056%
17:03:45  INFO        [U4U LOOP]  MP Steam_Dis                        36697.48      36698.09      24156.09     0.0017%
17:03:45  INFO        [U4U LOOP]  NITROGEN_ASU                     13332089.23   13332091.63     585030.63     0.0000%
17:03:45  INFO        [U4U LOOP]  Oxygen                              38907.00      38907.00          0.00     0.0000%
17:03:45  INFO        [U4U LOOP]  PROCESS FEED WATER                  31711.00      31711.00          0.00     0.0000%
17:03:45  INFO        [U4U LOOP]  Power_Dis                          133847.86     133852.93      50985.42     0.0038%
17:03:45  INFO        [U4U LOOP]  SHP Steam_Dis                      377886.70     377887.15      19668.85     0.0001%
17:03:45  INFO        [U4U LOOP]  Utility Water                     1617228.51    1617244.47      88431.47     0.0010%
17:03:45  INFO      
17:03:45  INFO        [U4U LOOP]  U4U CONSUMPTION BREAKDOWN (per producer per material):
17:03:45  INFO        [U4U LOOP]  Producer                   Material Consumed              Norm      Quantity
17:03:45  INFO        [U4U LOOP]  -------------------------  -------------------------  --------  ------------
17:03:45  INFO        [U4U LOOP]  JMD - C2-GTG 1             SynGas(Unshift)            0.004368     330220.80
17:03:45  INFO        [U4U LOOP]  JMD - C2-GTG 1             COMPRESSED AIR             0.001280      96768.00
17:03:45  INFO        [U4U LOOP]  JMD - C2-GTG 1             Cooling Water              0.000007        529.20
17:03:45  INFO        [U4U LOOP]  JMD - C2-GTG 1             NITROGEN_ASU               0.001660     125496.00
17:03:45  INFO        [U4U LOOP]  JMD - C2-GTG 1             Power_Dis                  0.001350     102060.00
17:03:45  INFO        [U4U LOOP]  JMD - C2-GTG 1             Utility Water              0.000023       1738.80
17:03:45  INFO        [U4U LOOP]  JMD - C2-GTG 2             SynGas(Unshift)            0.004485     216356.40
17:03:45  INFO        [U4U LOOP]  JMD - C2-GTG 2             COMPRESSED AIR             0.001280      61747.20
17:03:45  INFO        [U4U LOOP]  JMD - C2-GTG 2             Cooling Water              0.000007        337.68
17:03:45  INFO        [U4U LOOP]  JMD - C2-GTG 2             NITROGEN_ASU               0.001660      80078.40
17:03:45  INFO        [U4U LOOP]  JMD - C2-GTG 2             Power_Dis                  0.001350      65124.00
17:03:45  INFO        [U4U LOOP]  JMD - C2-GTG 2             Utility Water              0.000023       1109.52
17:03:45  INFO        [U4U LOOP]  AUXBOIL7_SHP STEAM         SynGas(Unshift)            2.876221     237826.52
17:03:45  INFO        [U4U LOOP]  AUXBOIL7_SHP STEAM         Boiler Feed Water          1.010000      83514.02
17:03:45  INFO        [U4U LOOP]  AUXBOIL7_SHP STEAM         Power_Dis                  3.850000     318345.53
17:03:45  INFO        [U4U LOOP]  HRSG1_C2_SHP STEAM         SynGas(Unshift)            3.376244     607723.92
17:03:45  INFO        [U4U LOOP]  HRSG1_C2_SHP STEAM         Boiler Feed Water          1.160000     208800.00
17:03:45  INFO        [U4U LOOP]  HRSG1_C2_SHP STEAM         HRSG1_C2_LP STEAM          -0.150000     -27000.00
17:03:45  INFO        [U4U LOOP]  HRSG1_C2_SHP STEAM         Power_Dis                  0.285000      51300.00
17:03:45  INFO        [U4U LOOP]  HRSG2_C2_SHP STEAM         SynGas(Unshift)            3.357468     386780.31
17:03:45  INFO        [U4U LOOP]  HRSG2_C2_SHP STEAM         Boiler Feed Water          1.160000     133632.00
17:03:45  INFO        [U4U LOOP]  HRSG2_C2_SHP STEAM         HRSG2_C2_LP STEAM          -0.150000     -17280.00
17:03:45  INFO        [U4U LOOP]  HRSG2_C2_SHP STEAM         Power_Dis                  0.285000      32832.00
17:03:45  INFO        [U4U LOOP]  Boiler Feed Water          D M Water                  0.900000     383351.01
17:03:45  INFO        [U4U LOOP]  Boiler Feed Water          LP Steam_Dis               0.100000      42594.56
17:03:45  INFO        [U4U LOOP]  Boiler Feed Water          Power_Dis                  8.100000    3450159.09
17:03:45  INFO        [U4U LOOP]  COMPRESED AIR_ASU          Power_Dis                  0.125000      93099.78
17:03:45  INFO        [U4U LOOP]  COMPRESSED AIR             COMPRESED AIR_ASU          0.051000     744798.35
17:03:45  INFO        [U4U LOOP]  COMPRESSED AIR             COMPRESSED AIR             0.002670      38992.38
17:03:45  INFO        [U4U LOOP]  COMPRESSED AIR             Power_Dis                  0.150000    2190583.37
17:03:45  INFO        [U4U LOOP]  Cooling Water              COMPRESSED AIR             0.974741      98546.53
17:03:45  INFO        [U4U LOOP]  Cooling Water              Effluent Treated           3.800000     384180.83
17:03:45  INFO        [U4U LOOP]  Cooling Water              Power_Dis                  210.900000   21322035.93
17:03:45  INFO        [U4U LOOP]  Cooling Water              SWRO WATER                 9.400000     950342.05
17:03:45  INFO        [U4U LOOP]  D M Water                  COMPRESSED AIR             0.049180      29353.20
17:03:45  INFO        [U4U LOOP]  D M Water                  NITROGEN_ASU               0.630000     376017.00
17:03:45  INFO        [U4U LOOP]  D M Water                  Power_Dis                  0.920000     549104.19
17:03:45  INFO        [U4U LOOP]  D M Water                  SWRO WATER                 1.150000     686380.24
17:03:45  INFO        [U4U LOOP]  Effluent Treated           COMPRESSED AIR             2.209302    1306894.54
17:03:45  INFO        [U4U LOOP]  Effluent Treated           Cooling Water              0.000031         18.34
17:03:45  INFO        [U4U LOOP]  Effluent Treated           NITROGEN_ASU               0.005814       3439.22
17:03:45  INFO        [U4U LOOP]  Effluent Treated           Power_Dis                  3.200000    1892933.85
17:03:45  INFO        [U4U LOOP]  Effluent Treated           Utility Water              0.029070      17196.12
17:03:45  INFO        [U4U LOOP]  NITROGEN_ASU               MP Steam_Dis               0.000021        279.97
17:03:45  INFO        [U4U LOOP]  NITROGEN_ASU               Power_Dis                  0.474260    6322877.77
17:03:45  INFO        [U4U LOOP]  NITROGEN_ASU               Ret steam condensate       -0.000011       -146.65
17:03:45  INFO        [U4U LOOP]  NITROGEN_ASU               Utility Water              0.001540      20531.42
17:03:45  INFO        [U4U LOOP]  Oxygen                     MP Steam_Dis               0.017000        661.42
17:03:45  INFO        [U4U LOOP]  Oxygen                     Power_Dis                  374.610000   14574951.27
17:03:45  INFO        [U4U LOOP]  Oxygen                     Ret steam condensate       -0.008000       -311.26
17:03:45  INFO        [U4U LOOP]  Oxygen                     Utility Water              1.230000      47855.61
17:03:45  INFO        [U4U LOOP]  PROCESS FEED WATER         D M Water                  0.900000      28539.90
17:03:45  INFO        [U4U LOOP]  PROCESS FEED WATER         LP Steam_Dis               0.100000       3171.10
17:03:45  INFO        [U4U LOOP]  PROCESS FEED WATER         Power_Dis                  0.631000      20009.64
17:03:45  INFO        [U4U LOOP]  Utility Water              COMPRESSED AIR             0.217390     351572.77
17:03:45  INFO        [U4U LOOP]  Utility Water              SWRO WATER                 1.100000    1778968.92
17:03:45  INFO        [U4U LOOP]  HP Steam_Dis               HP Steam PRDS              1.000000      21013.73
17:03:45  INFO        [U4U LOOP]  LP Steam_Dis               HRSG1_C2_LP STEAM          0.387271      26661.99
17:03:45  INFO        [U4U LOOP]  LP Steam_Dis               HRSG2_C2_LP STEAM          0.245271      16885.88
17:03:45  INFO        [U4U LOOP]  LP Steam_Dis               LP Steam PRDS              0.367458      25297.95
17:03:45  INFO        [U4U LOOP]  MP Steam_Dis               MP Steam PRDS SHP          1.000000      36698.09
17:03:45  INFO        [U4U LOOP]  SHP Steam_Dis              AUXBOIL7_SHP STEAM         0.226682      85660.21
17:03:45  INFO        [U4U LOOP]  SHP Steam_Dis              HRSG1_C2_SHP STEAM         0.473460     178914.45
17:03:45  INFO        [U4U LOOP]  SHP Steam_Dis              HRSG2_C2_SHP STEAM         0.299858     113312.48
17:03:45  INFO        [U4U LOOP]  LP Steam PRDS              MP Steam_Dis               0.945000      23214.70
17:03:45  INFO        [U4U LOOP]  MP Steam PRDS SHP          HP Steam_Dis               0.900000      33028.28
17:03:45  INFO        [U4U LOOP]  HP Steam PRDS              SHP Steam_Dis              0.936000      19668.85
17:03:45  INFO      
17:03:45  INFO        [U4U LOOP]  Not yet converged: 2 materials
17:03:45  INFO        [U4U LOOP]    HP Steam PRDS                   change=7.3960%
17:03:45  INFO        [U4U LOOP]    SHP Steam_Dis                   change=7.3960%
17:03:45  INFO      
17:03:47  INFO        ==============================================================================
17:03:47  INFO        POWER DISPATCH  (April 2026)
17:03:47  INFO        ==============================================================================
17:03:47  INFO        Demand:  Process = 62526.31 MWh  |  Fixed = 62723.16 MWh  |  Total = 125249.47 MWh
17:03:47  INFO      
17:03:47  INFO        Step 1: Mandatory assets at MIN load, then optional if needed
17:03:47  INFO        Asset                      Priority   Man    Min MW    Max MW     Hours       Min MWh
17:03:47  INFO        -------------------------  --------  ----  --------  --------  --------  ------------
17:03:47  INFO        JMD - C2-GTG 1                    1     Y    104.00    105.00    720.00      74880.00
17:03:47  INFO        JMD - C2-GTG 2                    1     Y     64.00     67.00    720.00      46080.00
17:03:47  INFO        TOTAL MIN GENERATION                                                        120960.00
17:03:47  INFO      
17:03:47  INFO        ⚠ DEFICIT: MAX generation (123840.00 MWh) BELOW demand (125249.47 MWh)
17:03:47  INFO          Deficit = 1409.47 MWh
17:03:47  INFO      
17:03:47  INFO        FINAL DISPATCH
17:03:47  INFO        Asset                      Priority   Dispatched MW  Dispatched MWh    Load %   Avg Load MW  FreeStm Factor   Free Steam MT       Heat Rate   Aux Power MWh
17:03:47  INFO        -------------------------  --------  --------------  --------------  --------  ------------  ------------  --------------  --------------  --------------
17:03:47  INFO        JMD - C2-GTG 1                    1          105.00        75600.00    100.0%        105.00        1.5700       118692.00         2643.00          102.06
17:03:47  INFO        JMD - C2-GTG 2                    1           67.00        48240.00    100.0%         67.00        1.8300        88279.20         3120.84           65.12
17:03:47  INFO        TOTAL                                                     123840.00                                             206971.20                          167.18
17:03:47  INFO        ==============================================================================
17:03:48  INFO      
17:03:48  INFO        SPINNING MARGIN CONFIG
17:03:48  INFO        Required margin: 250.00 TPH
17:03:48  INFO        Asset                         Max TPH     Eff Max     Reserve
17:03:48  INFO        -------------------------  ----------  ----------  ----------
17:03:48  INFO        AUXBOIL7_SHP STEAM             220.00      132.70       87.30
17:03:48  INFO        HRSG1_C2_SHP STEAM             250.00      150.79       99.21
17:03:48  INFO        HRSG2_C2_SHP STEAM             160.00       96.51       63.49
17:03:48  INFO        TOTAL RESERVED                                         250.00
17:03:48  INFO        → Margin of 250.00 TPH successfully reserved
17:03:48  INFO      
17:03:48  INFO        ==============================================================================
17:03:48  INFO        STEAM DISPATCH  (April 2026)
17:03:48  INFO        ==============================================================================
17:03:48  INFO        Grade      Process/Fixed MT  Letdown MT  Byproduct MT     Net Demand MT
17:03:48  INFO        ---------  ----------------  ----------  ------------  ----------------
17:03:48  INFO        LP                 68846.66    23215.49     -44280.00          24566.66
17:03:48  INFO        MP                 36698.09    53922.23          0.00          59913.58
17:03:48  INFO        HP                 21014.28    70140.57          0.00          74936.51
17:03:48  INFO        SHP               379341.85        0.00          0.00         379341.85
17:03:48  INFO      
17:03:48  INFO        Total Free Steam available: 206971.20 MT
17:03:48  INFO      
17:03:48  INFO        FINAL SUPPLEMENTARY FIRING DISPATCH
17:03:48  INFO        Asset                      Priority   Man     Min TPH     Max TPH     Hours  Dispatched TPH   Dispatched MT    Load %
17:03:48  INFO        -------------------------  --------  ----  ----------  ----------  --------  --------------  --------------  --------
17:03:48  INFO        AUXBOIL7_SHP STEAM                2     Y       50.00      220.00    698.00          120.55        84141.85     54.8%
17:03:48  INFO        AUXBOIL8_SHP STEAM                1     Y       90.00      220.00      0.00            0.00            0.00      0.0%
17:03:48  INFO        HRSG1_C2_SHP STEAM                1     Y        0.00       85.15    720.00           85.15        61308.00    100.0%
17:03:48  INFO        HRSG2_C2_SHP STEAM                1     Y        0.00       37.39    720.00           37.39        26920.80    100.0%
17:03:49  INFO        TOTAL SUPPLEMENTARY                                                                         172370.65          
17:03:49  INFO        TOTAL STEAM GENERATED                                                                       379341.85          
17:03:49  INFO        ✓ Steam demand met exactly
17:03:49  INFO      
17:03:49  INFO        ✓ STEAM SPINNING MARGIN OK: 386.91 TPH reserved (required: 250.00 TPH)
17:03:49  INFO        ==============================================================================
17:03:49  INFO      
17:03:49  INFO        [U4U LOOP] ==============================================================================
17:03:49  INFO        [U4U LOOP]  ITERATION 11
17:03:49  INFO        [U4U LOOP] ==============================================================================
17:03:49  INFO        [U4U LOOP]  Power:  demand=     133853.01 MWh   gen=     123840.00 MWh
17:03:49  INFO        [U4U LOOP]  Steam:  gen=     379341.85 MT
17:03:49  INFO      
17:03:49  INFO        [U4U LOOP]  Utility (ODS Material)            Old Demand    New Demand    U4U Demand    Change %
17:03:49  INFO        [U4U LOOP]  ------------------------------  ------------  ------------  ------------  ----------
17:03:49  INFO        [U4U LOOP]  AUXBOIL7_SHP STEAM                  85660.11      85660.21      85989.97     0.0001%
17:03:49  INFO        [U4U LOOP]  Boiler Feed Water                  425945.57     425946.02     427415.27     0.0001%
17:03:49  INFO        [U4U LOOP]  COMPRESED AIR_ASU                  744798.23     744798.35     744798.52     0.0000%
17:03:49  INFO        [U4U LOOP]  COMPRESSED AIR                   14603889.15   14603892.63    1983875.01     0.0000%
17:03:49  INFO        [U4U LOOP]  Cooling Water                      101100.22     101100.22        885.22     0.0000%
17:03:49  INFO        [U4U LOOP]  D M Water                          596852.38     596859.91     411891.32     0.0013%
17:03:49  INFO        [U4U LOOP]  Effluent Treated                   591541.83     591541.83     384180.83     0.0000%
17:03:49  INFO        [U4U LOOP]  HP Steam PRDS                       19459.56      21013.73      21014.28     7.3960%
17:03:49  INFO        [U4U LOOP]  HP Steam_Dis                        21013.73      21014.28      33028.28     0.0026%
17:03:49  INFO        [U4U LOOP]  HRSG1_C2_SHP STEAM                 178914.23     178914.45     179603.19     0.0001%
17:03:49  INFO        [U4U LOOP]  HRSG2_C2_SHP STEAM                 113312.35     113312.48     113748.69     0.0001%
17:03:49  INFO        [U4U LOOP]  LP Steam PRDS                       25297.95      25297.95      25298.25     0.0000%
17:03:49  INFO        [U4U LOOP]  LP Steam_Dis                        68845.82      68846.66      45765.70     0.0012%
17:03:49  INFO        [U4U LOOP]  MP Steam PRDS SHP                   36697.48      36698.09      36698.09     0.0017%
17:03:49  INFO        [U4U LOOP]  MP Steam_Dis                        36698.09      36698.09      24156.88     0.0000%
17:03:49  INFO        [U4U LOOP]  NITROGEN_ASU                     13332091.63   13332091.63     585035.37     0.0000%
17:03:49  INFO        [U4U LOOP]  Oxygen                              38907.00      38907.00          0.00     0.0000%
17:03:49  INFO        [U4U LOOP]  PROCESS FEED WATER                  31711.00      31711.00          0.00     0.0000%
17:03:49  INFO        [U4U LOOP]  Power_Dis                          133852.93     133853.01      50991.03     0.0001%
17:03:49  INFO        [U4U LOOP]  SHP Steam_Dis                      377887.15     379341.85      19669.37     0.3835%
17:03:49  INFO        [U4U LOOP]  Utility Water                     1617244.47    1617244.47      88431.47     0.0000%
17:03:49  INFO      
17:03:49  INFO        [U4U LOOP]  U4U CONSUMPTION BREAKDOWN (per producer per material):
17:03:49  INFO        [U4U LOOP]  Producer                   Material Consumed              Norm      Quantity
17:03:49  INFO        [U4U LOOP]  -------------------------  -------------------------  --------  ------------
17:03:49  INFO        [U4U LOOP]  JMD - C2-GTG 1             SynGas(Unshift)            0.004368     330220.80
17:03:49  INFO        [U4U LOOP]  JMD - C2-GTG 1             COMPRESSED AIR             0.001280      96768.00
17:03:49  INFO        [U4U LOOP]  JMD - C2-GTG 1             Cooling Water              0.000007        529.20
17:03:49  INFO        [U4U LOOP]  JMD - C2-GTG 1             NITROGEN_ASU               0.001660     125496.00
17:03:49  INFO        [U4U LOOP]  JMD - C2-GTG 1             Power_Dis                  0.001350     102060.00
17:03:49  INFO        [U4U LOOP]  JMD - C2-GTG 1             Utility Water              0.000023       1738.80
17:03:49  INFO        [U4U LOOP]  JMD - C2-GTG 2             SynGas(Unshift)            0.004485     216356.40
17:03:49  INFO        [U4U LOOP]  JMD - C2-GTG 2             COMPRESSED AIR             0.001280      61747.20
17:03:49  INFO        [U4U LOOP]  JMD - C2-GTG 2             Cooling Water              0.000007        337.68
17:03:49  INFO        [U4U LOOP]  JMD - C2-GTG 2             NITROGEN_ASU               0.001660      80078.40
17:03:49  INFO        [U4U LOOP]  JMD - C2-GTG 2             Power_Dis                  0.001350      65124.00
17:03:49  INFO        [U4U LOOP]  JMD - C2-GTG 2             Utility Water              0.000023       1109.52
17:03:49  INFO        [U4U LOOP]  AUXBOIL7_SHP STEAM         SynGas(Unshift)            2.876221     242010.56
17:03:49  INFO        [U4U LOOP]  AUXBOIL7_SHP STEAM         Boiler Feed Water          1.010000      84983.27
17:03:49  INFO        [U4U LOOP]  AUXBOIL7_SHP STEAM         Power_Dis                  3.850000     323946.12
17:03:49  INFO        [U4U LOOP]  HRSG1_C2_SHP STEAM         SynGas(Unshift)            3.376244     607723.92
17:03:49  INFO        [U4U LOOP]  HRSG1_C2_SHP STEAM         Boiler Feed Water          1.160000     208800.00
17:03:49  INFO        [U4U LOOP]  HRSG1_C2_SHP STEAM         HRSG1_C2_LP STEAM          -0.150000     -27000.00
17:03:49  INFO        [U4U LOOP]  HRSG1_C2_SHP STEAM         Power_Dis                  0.285000      51300.00
17:03:49  INFO        [U4U LOOP]  HRSG2_C2_SHP STEAM         SynGas(Unshift)            3.357468     386780.31
17:03:49  INFO        [U4U LOOP]  HRSG2_C2_SHP STEAM         Boiler Feed Water          1.160000     133632.00
17:03:49  INFO        [U4U LOOP]  HRSG2_C2_SHP STEAM         HRSG2_C2_LP STEAM          -0.150000     -17280.00
17:03:49  INFO        [U4U LOOP]  HRSG2_C2_SHP STEAM         Power_Dis                  0.285000      32832.00
17:03:49  INFO        [U4U LOOP]  Boiler Feed Water          D M Water                  0.900000     383351.42
17:03:49  INFO        [U4U LOOP]  Boiler Feed Water          LP Steam_Dis               0.100000      42594.60
17:03:49  INFO        [U4U LOOP]  Boiler Feed Water          Power_Dis                  8.100000    3450162.77
17:03:49  INFO        [U4U LOOP]  COMPRESED AIR_ASU          Power_Dis                  0.125000      93099.79
17:03:49  INFO        [U4U LOOP]  COMPRESSED AIR             COMPRESED AIR_ASU          0.051000     744798.52
17:03:49  INFO        [U4U LOOP]  COMPRESSED AIR             COMPRESSED AIR             0.002670      38992.39
17:03:49  INFO        [U4U LOOP]  COMPRESSED AIR             Power_Dis                  0.150000    2190583.89
17:03:49  INFO        [U4U LOOP]  Cooling Water              COMPRESSED AIR             0.974741      98546.53
17:03:49  INFO        [U4U LOOP]  Cooling Water              Effluent Treated           3.800000     384180.83
17:03:49  INFO        [U4U LOOP]  Cooling Water              Power_Dis                  210.900000   21322035.93
17:03:49  INFO        [U4U LOOP]  Cooling Water              SWRO WATER                 9.400000     950342.05
17:03:49  INFO        [U4U LOOP]  D M Water                  COMPRESSED AIR             0.049180      29353.57
17:03:49  INFO        [U4U LOOP]  D M Water                  NITROGEN_ASU               0.630000     376021.74
17:03:49  INFO        [U4U LOOP]  D M Water                  Power_Dis                  0.920000     549111.12
17:03:49  INFO        [U4U LOOP]  D M Water                  SWRO WATER                 1.150000     686388.90
17:03:49  INFO        [U4U LOOP]  Effluent Treated           COMPRESSED AIR             2.209302    1306894.54
17:03:49  INFO        [U4U LOOP]  Effluent Treated           Cooling Water              0.000031         18.34
17:03:49  INFO        [U4U LOOP]  Effluent Treated           NITROGEN_ASU               0.005814       3439.22
17:03:49  INFO        [U4U LOOP]  Effluent Treated           Power_Dis                  3.200000    1892933.85
17:03:49  INFO        [U4U LOOP]  Effluent Treated           Utility Water              0.029070      17196.12
17:03:49  INFO        [U4U LOOP]  NITROGEN_ASU               MP Steam_Dis               0.000021        279.97
17:03:49  INFO        [U4U LOOP]  NITROGEN_ASU               Power_Dis                  0.474260    6322877.77
17:03:49  INFO        [U4U LOOP]  NITROGEN_ASU               Ret steam condensate       -0.000011       -146.65
17:03:49  INFO        [U4U LOOP]  NITROGEN_ASU               Utility Water              0.001540      20531.42
17:03:49  INFO        [U4U LOOP]  Oxygen                     MP Steam_Dis               0.017000        661.42
17:03:49  INFO        [U4U LOOP]  Oxygen                     Power_Dis                  374.610000   14574951.27
17:03:49  INFO        [U4U LOOP]  Oxygen                     Ret steam condensate       -0.008000       -311.26
17:03:49  INFO        [U4U LOOP]  Oxygen                     Utility Water              1.230000      47855.61
17:03:49  INFO        [U4U LOOP]  PROCESS FEED WATER         D M Water                  0.900000      28539.90
17:03:49  INFO        [U4U LOOP]  PROCESS FEED WATER         LP Steam_Dis               0.100000       3171.10
17:03:49  INFO        [U4U LOOP]  PROCESS FEED WATER         Power_Dis                  0.631000      20009.64
17:03:49  INFO        [U4U LOOP]  Utility Water              COMPRESSED AIR             0.217390     351572.78
17:03:49  INFO        [U4U LOOP]  Utility Water              SWRO WATER                 1.100000    1778968.92
17:03:49  INFO        [U4U LOOP]  HP Steam_Dis               HP Steam PRDS              1.000000      21014.28
17:03:49  INFO        [U4U LOOP]  LP Steam_Dis               HRSG1_C2_LP STEAM          0.387271      26662.31
17:03:49  INFO        [U4U LOOP]  LP Steam_Dis               HRSG2_C2_LP STEAM          0.245271      16886.09
17:03:49  INFO        [U4U LOOP]  LP Steam_Dis               LP Steam PRDS              0.367458      25298.25
17:03:49  INFO        [U4U LOOP]  MP Steam_Dis               MP Steam PRDS SHP          1.000000      36698.09
17:03:49  INFO        [U4U LOOP]  SHP Steam_Dis              AUXBOIL7_SHP STEAM         0.226682      85989.97
17:03:49  INFO        [U4U LOOP]  SHP Steam_Dis              HRSG1_C2_SHP STEAM         0.473460     179603.19
17:03:49  INFO        [U4U LOOP]  SHP Steam_Dis              HRSG2_C2_SHP STEAM         0.299858     113748.69
17:03:49  INFO        [U4U LOOP]  LP Steam PRDS              MP Steam_Dis               0.945000      23215.49
17:03:49  INFO        [U4U LOOP]  MP Steam PRDS SHP          HP Steam_Dis               0.900000      33028.28
17:03:49  INFO        [U4U LOOP]  HP Steam PRDS              SHP Steam_Dis              0.936000      19669.37
17:03:49  INFO      
17:03:49  INFO        [U4U LOOP]  Not yet converged: 5 materials
17:03:49  INFO        [U4U LOOP]    AUXBOIL7_SHP STEAM              change=0.3835%
17:03:49  INFO        [U4U LOOP]    Boiler Feed Water               change=0.3438%
17:03:49  INFO        [U4U LOOP]    HRSG1_C2_SHP STEAM              change=0.3835%
17:03:49  INFO        [U4U LOOP]    HRSG2_C2_SHP STEAM              change=0.3835%
17:03:49  INFO        [U4U LOOP]    Power_Dis                       change=0.0110%
17:03:49  INFO      
17:03:51  INFO        ==============================================================================
17:03:51  INFO        POWER DISPATCH  (April 2026)
17:03:51  INFO        ==============================================================================
17:03:51  INFO        Demand:  Process = 62526.31 MWh  |  Fixed = 62728.77 MWh  |  Total = 125255.08 MWh
17:03:51  INFO      
17:03:51  INFO        Step 1: Mandatory assets at MIN load, then optional if needed
17:03:51  INFO        Asset                      Priority   Man    Min MW    Max MW     Hours       Min MWh
17:03:51  INFO        -------------------------  --------  ----  --------  --------  --------  ------------
17:03:51  INFO        JMD - C2-GTG 1                    1     Y    104.00    105.00    720.00      74880.00
17:03:51  INFO        JMD - C2-GTG 2                    1     Y     64.00     67.00    720.00      46080.00
17:03:51  INFO        TOTAL MIN GENERATION                                                        120960.00
17:03:51  INFO      
17:03:51  INFO        ⚠ DEFICIT: MAX generation (123840.00 MWh) BELOW demand (125255.08 MWh)
17:03:51  INFO          Deficit = 1415.08 MWh
17:03:51  INFO      
17:03:51  INFO        FINAL DISPATCH
17:03:51  INFO        Asset                      Priority   Dispatched MW  Dispatched MWh    Load %   Avg Load MW  FreeStm Factor   Free Steam MT       Heat Rate   Aux Power MWh
17:03:51  INFO        -------------------------  --------  --------------  --------------  --------  ------------  ------------  --------------  --------------  --------------
17:03:51  INFO        JMD - C2-GTG 1                    1          105.00        75600.00    100.0%        105.00        1.5700       118692.00         2643.00          102.06
17:03:51  INFO        JMD - C2-GTG 2                    1           67.00        48240.00    100.0%         67.00        1.8300        88279.20         3120.84           65.12
17:03:51  INFO        TOTAL                                                     123840.00                                             206971.20                          167.18
17:03:51  INFO        ==============================================================================
17:03:52  INFO      
17:03:52  INFO        SPINNING MARGIN CONFIG
17:03:52  INFO        Required margin: 250.00 TPH
17:03:52  INFO        Asset                         Max TPH     Eff Max     Reserve
17:03:52  INFO        -------------------------  ----------  ----------  ----------
17:03:52  INFO        AUXBOIL7_SHP STEAM             220.00      132.70       87.30
17:03:52  INFO        HRSG1_C2_SHP STEAM             250.00      150.79       99.21
17:03:52  INFO        HRSG2_C2_SHP STEAM             160.00       96.51       63.49
17:03:52  INFO        TOTAL RESERVED                                         250.00
17:03:52  INFO        → Margin of 250.00 TPH successfully reserved
17:03:52  INFO      
17:03:52  INFO        ==============================================================================
17:03:52  INFO        STEAM DISPATCH  (April 2026)
17:03:52  INFO        ==============================================================================
17:03:52  INFO        Grade      Process/Fixed MT  Letdown MT  Byproduct MT     Net Demand MT
17:03:52  INFO        ---------  ----------------  ----------  ------------  ----------------
17:03:52  INFO        LP                 68846.70    23215.53     -44280.00          24566.70
17:03:52  INFO        MP                 36698.88    53922.98          0.00          59914.42
17:03:52  INFO        HP                 21014.28    70141.27          0.00          74937.26
17:03:52  INFO        SHP               379342.37        0.00          0.00         379342.37
17:03:52  INFO      
17:03:52  INFO        Total Free Steam available: 206971.20 MT
17:03:52  INFO      
17:03:52  INFO        FINAL SUPPLEMENTARY FIRING DISPATCH
17:03:52  INFO        Asset                      Priority   Man     Min TPH     Max TPH     Hours  Dispatched TPH   Dispatched MT    Load %
17:03:52  INFO        -------------------------  --------  ----  ----------  ----------  --------  --------------  --------------  --------
17:03:52  INFO        AUXBOIL7_SHP STEAM                2     Y       50.00      220.00    698.00          120.55        84142.37     54.8%
17:03:52  INFO        AUXBOIL8_SHP STEAM                1     Y       90.00      220.00      0.00            0.00            0.00      0.0%
17:03:52  INFO        HRSG1_C2_SHP STEAM                1     Y        0.00       85.15    720.00           85.15        61308.00    100.0%
17:03:52  INFO        HRSG2_C2_SHP STEAM                1     Y        0.00       37.39    720.00           37.39        26920.80    100.0%
17:03:52  INFO        TOTAL SUPPLEMENTARY                                                                         172371.17          
17:03:52  INFO        TOTAL STEAM GENERATED                                                                       379342.37          
17:03:52  INFO        ✓ Steam demand met exactly
17:03:52  INFO      
17:03:52  INFO        ✓ STEAM SPINNING MARGIN OK: 386.91 TPH reserved (required: 250.00 TPH)
17:03:52  INFO        ==============================================================================
17:03:52  INFO      
17:03:52  INFO        [U4U LOOP] ==============================================================================
17:03:52  INFO        [U4U LOOP]  ITERATION 12
17:03:52  INFO        [U4U LOOP] ==============================================================================
17:03:52  INFO        [U4U LOOP]  Power:  demand=     133858.62 MWh   gen=     123840.00 MWh
17:03:52  INFO        [U4U LOOP]  Steam:  gen=     379342.37 MT
17:03:52  INFO      
17:03:52  INFO        [U4U LOOP]  Utility (ODS Material)            Old Demand    New Demand    U4U Demand    Change %
17:03:52  INFO        [U4U LOOP]  ------------------------------  ------------  ------------  ------------  ----------
17:03:52  INFO        [U4U LOOP]  AUXBOIL7_SHP STEAM                  85660.21      85989.97      85990.09     0.3835%
17:03:52  INFO        [U4U LOOP]  Boiler Feed Water                  425946.02     427415.27     427415.79     0.3438%
17:03:52  INFO        [U4U LOOP]  COMPRESED AIR_ASU                  744798.35     744798.52     744798.54     0.0000%
17:03:52  INFO        [U4U LOOP]  COMPRESSED AIR                   14603892.63   14603893.01    1983875.03     0.0000%
17:03:52  INFO        [U4U LOOP]  Cooling Water                      101100.22     101100.22        885.22     0.0000%
17:03:52  INFO        [U4U LOOP]  D M Water                          596859.91     596860.32     413213.64     0.0001%
17:03:52  INFO        [U4U LOOP]  Effluent Treated                   591541.83     591541.83     384180.83     0.0000%
17:03:52  INFO        [U4U LOOP]  HP Steam PRDS                       21013.73      21014.28      21014.28     0.0026%
17:03:52  INFO        [U4U LOOP]  HP Steam_Dis                        21014.28      21014.28      33029.00     0.0000%
17:03:52  INFO        [U4U LOOP]  HRSG1_C2_SHP STEAM                 178914.45     179603.19     179603.44     0.3835%
17:03:52  INFO        [U4U LOOP]  HRSG2_C2_SHP STEAM                 113312.48     113748.69     113748.84     0.3835%
17:03:52  INFO        [U4U LOOP]  LP Steam PRDS                       25297.95      25298.25      25298.27     0.0012%
17:03:52  INFO        [U4U LOOP]  LP Steam_Dis                        68846.66      68846.70      45912.63     0.0001%
17:03:52  INFO        [U4U LOOP]  MP Steam PRDS SHP                   36698.09      36698.09      36698.88     0.0000%
17:03:52  INFO        [U4U LOOP]  MP Steam_Dis                        36698.09      36698.88      24156.93     0.0022%
17:03:52  INFO        [U4U LOOP]  NITROGEN_ASU                     13332091.63   13332096.37     585035.63     0.0000%
17:03:52  INFO        [U4U LOOP]  Oxygen                              38907.00      38907.00          0.00     0.0000%
17:03:52  INFO        [U4U LOOP]  PROCESS FEED WATER                  31711.00      31711.00          0.00     0.0000%
17:03:52  INFO        [U4U LOOP]  Power_Dis                          133853.01     133858.62      51002.93     0.0042%
17:03:52  INFO        [U4U LOOP]  SHP Steam_Dis                      379341.85     379342.37      19669.37     0.0001%
17:03:52  INFO        [U4U LOOP]  Utility Water                     1617244.47    1617244.47      88431.48     0.0000%
17:03:52  INFO      
17:03:52  INFO        [U4U LOOP]  U4U CONSUMPTION BREAKDOWN (per producer per material):
17:03:52  INFO        [U4U LOOP]  Producer                   Material Consumed              Norm      Quantity
17:03:52  INFO        [U4U LOOP]  -------------------------  -------------------------  --------  ------------
17:03:52  INFO        [U4U LOOP]  JMD - C2-GTG 1             SynGas(Unshift)            0.004368     330220.80
17:03:52  INFO        [U4U LOOP]  JMD - C2-GTG 1             COMPRESSED AIR             0.001280      96768.00
17:03:52  INFO        [U4U LOOP]  JMD - C2-GTG 1             Cooling Water              0.000007        529.20
17:03:52  INFO        [U4U LOOP]  JMD - C2-GTG 1             NITROGEN_ASU               0.001660     125496.00
17:03:52  INFO        [U4U LOOP]  JMD - C2-GTG 1             Power_Dis                  0.001350     102060.00
17:03:52  INFO        [U4U LOOP]  JMD - C2-GTG 1             Utility Water              0.000023       1738.80
17:03:52  INFO        [U4U LOOP]  JMD - C2-GTG 2             SynGas(Unshift)            0.004485     216356.40
17:03:52  INFO        [U4U LOOP]  JMD - C2-GTG 2             COMPRESSED AIR             0.001280      61747.20
17:03:52  INFO        [U4U LOOP]  JMD - C2-GTG 2             Cooling Water              0.000007        337.68
17:03:52  INFO        [U4U LOOP]  JMD - C2-GTG 2             NITROGEN_ASU               0.001660      80078.40
17:03:52  INFO        [U4U LOOP]  JMD - C2-GTG 2             Power_Dis                  0.001350      65124.00
17:03:52  INFO        [U4U LOOP]  JMD - C2-GTG 2             Utility Water              0.000023       1109.52
17:03:52  INFO        [U4U LOOP]  AUXBOIL7_SHP STEAM         SynGas(Unshift)            2.876221     242012.05
17:03:52  INFO        [U4U LOOP]  AUXBOIL7_SHP STEAM         Boiler Feed Water          1.010000      84983.79
17:03:52  INFO        [U4U LOOP]  AUXBOIL7_SHP STEAM         Power_Dis                  3.850000     323948.12
17:03:52  INFO        [U4U LOOP]  HRSG1_C2_SHP STEAM         SynGas(Unshift)            3.376244     607723.92
17:03:52  INFO        [U4U LOOP]  HRSG1_C2_SHP STEAM         Boiler Feed Water          1.160000     208800.00
17:03:52  INFO        [U4U LOOP]  HRSG1_C2_SHP STEAM         HRSG1_C2_LP STEAM          -0.150000     -27000.00
17:03:52  INFO        [U4U LOOP]  HRSG1_C2_SHP STEAM         Power_Dis                  0.285000      51300.00
17:03:52  INFO        [U4U LOOP]  HRSG2_C2_SHP STEAM         SynGas(Unshift)            3.357468     386780.31
17:03:52  INFO        [U4U LOOP]  HRSG2_C2_SHP STEAM         Boiler Feed Water          1.160000     133632.00
17:03:52  INFO        [U4U LOOP]  HRSG2_C2_SHP STEAM         HRSG2_C2_LP STEAM          -0.150000     -17280.00
17:03:52  INFO        [U4U LOOP]  HRSG2_C2_SHP STEAM         Power_Dis                  0.285000      32832.00
17:03:52  INFO        [U4U LOOP]  Boiler Feed Water          D M Water                  0.900000     384673.74
17:03:52  INFO        [U4U LOOP]  Boiler Feed Water          LP Steam_Dis               0.100000      42741.53
17:03:52  INFO        [U4U LOOP]  Boiler Feed Water          Power_Dis                  8.100000    3462063.67
17:03:52  INFO        [U4U LOOP]  COMPRESED AIR_ASU          Power_Dis                  0.125000      93099.82
17:03:52  INFO        [U4U LOOP]  COMPRESSED AIR             COMPRESED AIR_ASU          0.051000     744798.54
17:03:52  INFO        [U4U LOOP]  COMPRESSED AIR             COMPRESSED AIR             0.002670      38992.39
17:03:52  INFO        [U4U LOOP]  COMPRESSED AIR             Power_Dis                  0.150000    2190583.95
17:03:52  INFO        [U4U LOOP]  Cooling Water              COMPRESSED AIR             0.974741      98546.53
17:03:52  INFO        [U4U LOOP]  Cooling Water              Effluent Treated           3.800000     384180.83
17:03:52  INFO        [U4U LOOP]  Cooling Water              Power_Dis                  210.900000   21322035.93
17:03:52  INFO        [U4U LOOP]  Cooling Water              SWRO WATER                 9.400000     950342.05
17:03:52  INFO        [U4U LOOP]  D M Water                  COMPRESSED AIR             0.049180      29353.59
17:03:52  INFO        [U4U LOOP]  D M Water                  NITROGEN_ASU               0.630000     376022.00
17:03:52  INFO        [U4U LOOP]  D M Water                  Power_Dis                  0.920000     549111.49
17:03:52  INFO        [U4U LOOP]  D M Water                  SWRO WATER                 1.150000     686389.37
17:03:52  INFO        [U4U LOOP]  Effluent Treated           COMPRESSED AIR             2.209302    1306894.54
17:03:52  INFO        [U4U LOOP]  Effluent Treated           Cooling Water              0.000031         18.34
17:03:52  INFO        [U4U LOOP]  Effluent Treated           NITROGEN_ASU               0.005814       3439.22
17:03:52  INFO        [U4U LOOP]  Effluent Treated           Power_Dis                  3.200000    1892933.85
17:03:52  INFO        [U4U LOOP]  Effluent Treated           Utility Water              0.029070      17196.12
17:03:52  INFO        [U4U LOOP]  NITROGEN_ASU               MP Steam_Dis               0.000021        279.97
17:03:52  INFO        [U4U LOOP]  NITROGEN_ASU               Power_Dis                  0.474260    6322880.02
17:03:52  INFO        [U4U LOOP]  NITROGEN_ASU               Ret steam condensate       -0.000011       -146.65
17:03:52  INFO        [U4U LOOP]  NITROGEN_ASU               Utility Water              0.001540      20531.43
17:03:52  INFO        [U4U LOOP]  Oxygen                     MP Steam_Dis               0.017000        661.42
17:03:52  INFO        [U4U LOOP]  Oxygen                     Power_Dis                  374.610000   14574951.27
17:03:52  INFO        [U4U LOOP]  Oxygen                     Ret steam condensate       -0.008000       -311.26
17:03:52  INFO        [U4U LOOP]  Oxygen                     Utility Water              1.230000      47855.61
17:03:52  INFO        [U4U LOOP]  PROCESS FEED WATER         D M Water                  0.900000      28539.90
17:03:52  INFO        [U4U LOOP]  PROCESS FEED WATER         LP Steam_Dis               0.100000       3171.10
17:03:52  INFO        [U4U LOOP]  PROCESS FEED WATER         Power_Dis                  0.631000      20009.64
17:03:52  INFO        [U4U LOOP]  Utility Water              COMPRESSED AIR             0.217390     351572.78
17:03:52  INFO        [U4U LOOP]  Utility Water              SWRO WATER                 1.100000    1778968.92
17:03:52  INFO        [U4U LOOP]  HP Steam_Dis               HP Steam PRDS              1.000000      21014.28
17:03:52  INFO        [U4U LOOP]  LP Steam_Dis               HRSG1_C2_LP STEAM          0.387271      26662.33
17:03:52  INFO        [U4U LOOP]  LP Steam_Dis               HRSG2_C2_LP STEAM          0.245271      16886.10
17:03:52  INFO        [U4U LOOP]  LP Steam_Dis               LP Steam PRDS              0.367458      25298.27
17:03:52  INFO        [U4U LOOP]  MP Steam_Dis               MP Steam PRDS SHP          1.000000      36698.88
17:03:52  INFO        [U4U LOOP]  SHP Steam_Dis              AUXBOIL7_SHP STEAM         0.226682      85990.09
17:03:52  INFO        [U4U LOOP]  SHP Steam_Dis              HRSG1_C2_SHP STEAM         0.473460     179603.44
17:03:52  INFO        [U4U LOOP]  SHP Steam_Dis              HRSG2_C2_SHP STEAM         0.299858     113748.84
17:03:52  INFO        [U4U LOOP]  LP Steam PRDS              MP Steam_Dis               0.945000      23215.53
17:03:52  INFO        [U4U LOOP]  MP Steam PRDS SHP          HP Steam_Dis               0.900000      33029.00
17:03:52  INFO        [U4U LOOP]  HP Steam PRDS              SHP Steam_Dis              0.936000      19669.37
17:03:52  INFO      
17:03:52  INFO        [U4U LOOP]  Not yet converged: 3 materials
17:03:52  INFO        [U4U LOOP]    D M Water                       change=0.3200%
17:03:52  INFO        [U4U LOOP]    LP Steam_Dis                    change=0.3200%
17:03:52  INFO        [U4U LOOP]    Power_Dis                       change=0.0233%
17:03:52  INFO      
17:03:54  INFO        ==============================================================================
17:03:54  INFO        POWER DISPATCH  (April 2026)
17:03:54  INFO        ==============================================================================
17:03:54  INFO        Demand:  Process = 62526.31 MWh  |  Fixed = 62740.68 MWh  |  Total = 125266.99 MWh
17:03:54  INFO      
17:03:54  INFO        Step 1: Mandatory assets at MIN load, then optional if needed
17:03:54  INFO        Asset                      Priority   Man    Min MW    Max MW     Hours       Min MWh
17:03:54  INFO        -------------------------  --------  ----  --------  --------  --------  ------------
17:03:54  INFO        JMD - C2-GTG 1                    1     Y    104.00    105.00    720.00      74880.00
17:03:54  INFO        JMD - C2-GTG 2                    1     Y     64.00     67.00    720.00      46080.00
17:03:54  INFO        TOTAL MIN GENERATION                                                        120960.00
17:03:54  INFO      
17:03:54  INFO        ⚠ DEFICIT: MAX generation (123840.00 MWh) BELOW demand (125266.99 MWh)
17:03:54  INFO          Deficit = 1426.99 MWh
17:03:54  INFO      
17:03:54  INFO        FINAL DISPATCH
17:03:54  INFO        Asset                      Priority   Dispatched MW  Dispatched MWh    Load %   Avg Load MW  FreeStm Factor   Free Steam MT       Heat Rate   Aux Power MWh
17:03:54  INFO        -------------------------  --------  --------------  --------------  --------  ------------  ------------  --------------  --------------  --------------
17:03:54  INFO        JMD - C2-GTG 1                    1          105.00        75600.00    100.0%        105.00        1.5700       118692.00         2643.00          102.06
17:03:54  INFO        JMD - C2-GTG 2                    1           67.00        48240.00    100.0%         67.00        1.8300        88279.20         3120.84           65.12
17:03:54  INFO        TOTAL                                                     123840.00                                             206971.20                          167.18
17:03:54  INFO        ==============================================================================
17:03:55  INFO      
17:03:55  INFO        SPINNING MARGIN CONFIG
17:03:55  INFO        Required margin: 250.00 TPH
17:03:55  INFO        Asset                         Max TPH     Eff Max     Reserve
17:03:55  INFO        -------------------------  ----------  ----------  ----------
17:03:55  INFO        AUXBOIL7_SHP STEAM             220.00      132.70       87.30
17:03:55  INFO        HRSG1_C2_SHP STEAM             250.00      150.79       99.21
17:03:55  INFO        HRSG2_C2_SHP STEAM             160.00       96.51       63.49
17:03:55  INFO        TOTAL RESERVED                                         250.00
17:03:55  INFO        → Margin of 250.00 TPH successfully reserved
17:03:55  INFO      
17:03:55  INFO        ==============================================================================
17:03:55  INFO        STEAM DISPATCH  (April 2026)
17:03:55  INFO        ==============================================================================
17:03:55  INFO        Grade      Process/Fixed MT  Letdown MT  Byproduct MT     Net Demand MT
17:03:55  INFO        ---------  ----------------  ----------  ------------  ----------------
17:03:55  INFO        LP                 68993.63    23354.38     -44280.00          24713.63
17:03:55  INFO        MP                 36698.93    54047.97          0.00          60053.30
17:03:55  INFO        HP                 21015.00    70258.94          0.00          75062.97
17:03:55  INFO        SHP               379342.37        0.00          0.00         379342.37
17:03:55  INFO      
17:03:55  INFO        Total Free Steam available: 206971.20 MT
17:03:55  INFO      
17:03:55  INFO        FINAL SUPPLEMENTARY FIRING DISPATCH
17:03:55  INFO        Asset                      Priority   Man     Min TPH     Max TPH     Hours  Dispatched TPH   Dispatched MT    Load %
17:03:55  INFO        -------------------------  --------  ----  ----------  ----------  --------  --------------  --------------  --------
17:03:55  INFO        AUXBOIL7_SHP STEAM                2     Y       50.00      220.00    698.00          120.55        84142.37     54.8%
17:03:55  INFO        AUXBOIL8_SHP STEAM                1     Y       90.00      220.00      0.00            0.00            0.00      0.0%
17:03:55  INFO        HRSG1_C2_SHP STEAM                1     Y        0.00       85.15    720.00           85.15        61308.00    100.0%
17:03:55  INFO        HRSG2_C2_SHP STEAM                1     Y        0.00       37.39    720.00           37.39        26920.80    100.0%
17:03:55  INFO        TOTAL SUPPLEMENTARY                                                                         172371.17          
17:03:55  INFO        TOTAL STEAM GENERATED                                                                       379342.37          
17:03:55  INFO        ✓ Steam demand met exactly
17:03:55  INFO      
17:03:55  INFO        ✓ STEAM SPINNING MARGIN OK: 386.91 TPH reserved (required: 250.00 TPH)
17:03:55  INFO        ==============================================================================
17:03:55  INFO      
17:03:55  INFO        [U4U LOOP] ==============================================================================
17:03:55  INFO        [U4U LOOP]  ITERATION 13
17:03:55  INFO        [U4U LOOP] ==============================================================================
17:03:55  INFO        [U4U LOOP]  Power:  demand=     133870.53 MWh   gen=     123840.00 MWh
17:03:55  INFO        [U4U LOOP]  Steam:  gen=     379342.37 MT
17:03:55  INFO      
17:03:55  INFO        [U4U LOOP]  Utility (ODS Material)            Old Demand    New Demand    U4U Demand    Change %
17:03:55  INFO        [U4U LOOP]  ------------------------------  ------------  ------------  ------------  ----------
17:03:55  INFO        [U4U LOOP]  AUXBOIL7_SHP STEAM                  85989.97      85990.09      85990.09     0.0001%
17:03:55  INFO        [U4U LOOP]  Boiler Feed Water                  427415.27     427415.79     427415.79     0.0001%
17:03:55  INFO        [U4U LOOP]  COMPRESED AIR_ASU                  744798.52     744798.54     744798.54     0.0000%
17:03:55  INFO        [U4U LOOP]  COMPRESSED AIR                   14603893.01   14603893.03    1983940.06     0.0000%
17:03:55  INFO        [U4U LOOP]  Cooling Water                      101100.22     101100.22        885.22     0.0000%
17:03:55  INFO        [U4U LOOP]  D M Water                          596860.32     598182.64     413214.11     0.2211%
17:03:55  INFO        [U4U LOOP]  Effluent Treated                   591541.83     591541.83     384180.83     0.0000%
17:03:55  INFO        [U4U LOOP]  HP Steam PRDS                       21014.28      21014.28      21015.00     0.0000%
17:03:55  INFO        [U4U LOOP]  HP Steam_Dis                        21014.28      21015.00      33029.03     0.0034%
17:03:55  INFO        [U4U LOOP]  HRSG1_C2_SHP STEAM                 179603.19     179603.44     179603.44     0.0001%
17:03:55  INFO        [U4U LOOP]  HRSG2_C2_SHP STEAM                 113748.69     113748.84     113748.84     0.0001%
17:03:55  INFO        [U4U LOOP]  LP Steam PRDS                       25298.25      25298.27      25352.26     0.0001%
17:03:55  INFO        [U4U LOOP]  LP Steam_Dis                        68846.70      68993.63      45912.68     0.2130%
17:03:55  INFO        [U4U LOOP]  MP Steam PRDS SHP                   36698.09      36698.88      36698.93     0.0022%
17:03:55  INFO        [U4U LOOP]  MP Steam_Dis                        36698.88      36698.93      24295.77     0.0001%
17:03:55  INFO        [U4U LOOP]  NITROGEN_ASU                     13332096.37   13332096.63     585868.69     0.0000%
17:03:55  INFO        [U4U LOOP]  Oxygen                              38907.00      38907.00          0.00     0.0000%
17:03:55  INFO        [U4U LOOP]  PROCESS FEED WATER                  31711.00      31711.00          0.00     0.0000%
17:03:55  INFO        [U4U LOOP]  Power_Dis                          133858.62     133870.53      51004.15     0.0089%
17:03:55  INFO        [U4U LOOP]  SHP Steam_Dis                      379342.37     379342.37      19670.04     0.0000%
17:03:55  INFO        [U4U LOOP]  Utility Water                     1617244.47    1617244.48      88431.48     0.0000%
17:03:55  INFO      
17:03:55  INFO        [U4U LOOP]  U4U CONSUMPTION BREAKDOWN (per producer per material):
17:03:55  INFO        [U4U LOOP]  Producer                   Material Consumed              Norm      Quantity
17:03:55  INFO        [U4U LOOP]  -------------------------  -------------------------  --------  ------------
17:03:55  INFO        [U4U LOOP]  JMD - C2-GTG 1             SynGas(Unshift)            0.004368     330220.80
17:03:55  INFO        [U4U LOOP]  JMD - C2-GTG 1             COMPRESSED AIR             0.001280      96768.00
17:03:55  INFO        [U4U LOOP]  JMD - C2-GTG 1             Cooling Water              0.000007        529.20
17:03:55  INFO        [U4U LOOP]  JMD - C2-GTG 1             NITROGEN_ASU               0.001660     125496.00
17:03:55  INFO        [U4U LOOP]  JMD - C2-GTG 1             Power_Dis                  0.001350     102060.00
17:03:55  INFO        [U4U LOOP]  JMD - C2-GTG 1             Utility Water              0.000023       1738.80
17:03:55  INFO        [U4U LOOP]  JMD - C2-GTG 2             SynGas(Unshift)            0.004485     216356.40
17:03:55  INFO        [U4U LOOP]  JMD - C2-GTG 2             COMPRESSED AIR             0.001280      61747.20
17:03:55  INFO        [U4U LOOP]  JMD - C2-GTG 2             Cooling Water              0.000007        337.68
17:03:55  INFO        [U4U LOOP]  JMD - C2-GTG 2             NITROGEN_ASU               0.001660      80078.40
17:03:55  INFO        [U4U LOOP]  JMD - C2-GTG 2             Power_Dis                  0.001350      65124.00
17:03:55  INFO        [U4U LOOP]  JMD - C2-GTG 2             Utility Water              0.000023       1109.52
17:03:55  INFO        [U4U LOOP]  AUXBOIL7_SHP STEAM         SynGas(Unshift)            2.876221     242012.05
17:03:55  INFO        [U4U LOOP]  AUXBOIL7_SHP STEAM         Boiler Feed Water          1.010000      84983.79
17:03:55  INFO        [U4U LOOP]  AUXBOIL7_SHP STEAM         Power_Dis                  3.850000     323948.12
17:03:55  INFO        [U4U LOOP]  HRSG1_C2_SHP STEAM         SynGas(Unshift)            3.376244     607723.92
17:03:55  INFO        [U4U LOOP]  HRSG1_C2_SHP STEAM         Boiler Feed Water          1.160000     208800.00
17:03:55  INFO        [U4U LOOP]  HRSG1_C2_SHP STEAM         HRSG1_C2_LP STEAM          -0.150000     -27000.00
17:03:55  INFO        [U4U LOOP]  HRSG1_C2_SHP STEAM         Power_Dis                  0.285000      51300.00
17:03:55  INFO        [U4U LOOP]  HRSG2_C2_SHP STEAM         SynGas(Unshift)            3.357468     386780.31
17:03:55  INFO        [U4U LOOP]  HRSG2_C2_SHP STEAM         Boiler Feed Water          1.160000     133632.00
17:03:55  INFO        [U4U LOOP]  HRSG2_C2_SHP STEAM         HRSG2_C2_LP STEAM          -0.150000     -17280.00
17:03:55  INFO        [U4U LOOP]  HRSG2_C2_SHP STEAM         Power_Dis                  0.285000      32832.00
17:03:55  INFO        [U4U LOOP]  Boiler Feed Water          D M Water                  0.900000     384674.21
17:03:55  INFO        [U4U LOOP]  Boiler Feed Water          LP Steam_Dis               0.100000      42741.58
17:03:55  INFO        [U4U LOOP]  Boiler Feed Water          Power_Dis                  8.100000    3462067.93
17:03:55  INFO        [U4U LOOP]  COMPRESED AIR_ASU          Power_Dis                  0.125000      93099.82
17:03:55  INFO        [U4U LOOP]  COMPRESSED AIR             COMPRESED AIR_ASU          0.051000     744798.54
17:03:55  INFO        [U4U LOOP]  COMPRESSED AIR             COMPRESSED AIR             0.002670      38992.39
17:03:55  INFO        [U4U LOOP]  COMPRESSED AIR             Power_Dis                  0.150000    2190583.95
17:03:55  INFO        [U4U LOOP]  Cooling Water              COMPRESSED AIR             0.974741      98546.53
17:03:55  INFO        [U4U LOOP]  Cooling Water              Effluent Treated           3.800000     384180.83
17:03:55  INFO        [U4U LOOP]  Cooling Water              Power_Dis                  210.900000   21322035.93
17:03:55  INFO        [U4U LOOP]  Cooling Water              SWRO WATER                 9.400000     950342.05
17:03:55  INFO        [U4U LOOP]  D M Water                  COMPRESSED AIR             0.049180      29418.62
17:03:55  INFO        [U4U LOOP]  D M Water                  NITROGEN_ASU               0.630000     376855.06
17:03:55  INFO        [U4U LOOP]  D M Water                  Power_Dis                  0.920000     550328.03
17:03:55  INFO        [U4U LOOP]  D M Water                  SWRO WATER                 1.150000     687910.04
17:03:55  INFO        [U4U LOOP]  Effluent Treated           COMPRESSED AIR             2.209302    1306894.54
17:03:55  INFO        [U4U LOOP]  Effluent Treated           Cooling Water              0.000031         18.34
17:03:55  INFO        [U4U LOOP]  Effluent Treated           NITROGEN_ASU               0.005814       3439.22
17:03:55  INFO        [U4U LOOP]  Effluent Treated           Power_Dis                  3.200000    1892933.85
17:03:55  INFO        [U4U LOOP]  Effluent Treated           Utility Water              0.029070      17196.12
17:03:55  INFO        [U4U LOOP]  NITROGEN_ASU               MP Steam_Dis               0.000021        279.97
17:03:55  INFO        [U4U LOOP]  NITROGEN_ASU               Power_Dis                  0.474260    6322880.15
17:03:55  INFO        [U4U LOOP]  NITROGEN_ASU               Ret steam condensate       -0.000011       -146.65
17:03:55  INFO        [U4U LOOP]  NITROGEN_ASU               Utility Water              0.001540      20531.43
17:03:55  INFO        [U4U LOOP]  Oxygen                     MP Steam_Dis               0.017000        661.42
17:03:55  INFO        [U4U LOOP]  Oxygen                     Power_Dis                  374.610000   14574951.27
17:03:55  INFO        [U4U LOOP]  Oxygen                     Ret steam condensate       -0.008000       -311.26
17:03:55  INFO        [U4U LOOP]  Oxygen                     Utility Water              1.230000      47855.61
17:03:55  INFO        [U4U LOOP]  PROCESS FEED WATER         D M Water                  0.900000      28539.90
17:03:55  INFO        [U4U LOOP]  PROCESS FEED WATER         LP Steam_Dis               0.100000       3171.10
17:03:55  INFO        [U4U LOOP]  PROCESS FEED WATER         Power_Dis                  0.631000      20009.64
17:03:55  INFO        [U4U LOOP]  Utility Water              COMPRESSED AIR             0.217390     351572.78
17:03:55  INFO        [U4U LOOP]  Utility Water              SWRO WATER                 1.100000    1778968.93
17:03:55  INFO        [U4U LOOP]  HP Steam_Dis               HP Steam PRDS              1.000000      21015.00
17:03:55  INFO        [U4U LOOP]  LP Steam_Dis               HRSG1_C2_LP STEAM          0.387271      26719.23
17:03:55  INFO        [U4U LOOP]  LP Steam_Dis               HRSG2_C2_LP STEAM          0.245271      16922.14
17:03:55  INFO        [U4U LOOP]  LP Steam_Dis               LP Steam PRDS              0.367458      25352.26
17:03:55  INFO        [U4U LOOP]  MP Steam_Dis               MP Steam PRDS SHP          1.000000      36698.93
17:03:55  INFO        [U4U LOOP]  SHP Steam_Dis              AUXBOIL7_SHP STEAM         0.226682      85990.09
17:03:55  INFO        [U4U LOOP]  SHP Steam_Dis              HRSG1_C2_SHP STEAM         0.473460     179603.44
17:03:55  INFO        [U4U LOOP]  SHP Steam_Dis              HRSG2_C2_SHP STEAM         0.299858     113748.84
17:03:55  INFO        [U4U LOOP]  LP Steam PRDS              MP Steam_Dis               0.945000      23354.38
17:03:55  INFO        [U4U LOOP]  MP Steam PRDS SHP          HP Steam_Dis               0.900000      33029.03
17:03:55  INFO        [U4U LOOP]  HP Steam PRDS              SHP Steam_Dis              0.936000      19670.04
17:03:55  INFO      
17:03:55  INFO        [U4U LOOP]  Not yet converged: 3 materials
17:03:55  INFO        [U4U LOOP]    LP Steam PRDS                   change=0.2130%
17:03:55  INFO        [U4U LOOP]    MP Steam_Dis                    change=0.5715%
17:03:55  INFO        [U4U LOOP]    NITROGEN_ASU                    change=0.1422%
17:03:55  INFO      
17:03:57  INFO        ==============================================================================
17:03:57  INFO        POWER DISPATCH  (April 2026)
17:03:57  INFO        ==============================================================================
17:03:57  INFO        Demand:  Process = 62526.31 MWh  |  Fixed = 62741.90 MWh  |  Total = 125268.21 MWh
17:03:57  INFO      
17:03:57  INFO        Step 1: Mandatory assets at MIN load, then optional if needed
17:03:57  INFO        Asset                      Priority   Man    Min MW    Max MW     Hours       Min MWh
17:03:57  INFO        -------------------------  --------  ----  --------  --------  --------  ------------
17:03:57  INFO        JMD - C2-GTG 1                    1     Y    104.00    105.00    720.00      74880.00
17:03:57  INFO        JMD - C2-GTG 2                    1     Y     64.00     67.00    720.00      46080.00
17:03:57  INFO        TOTAL MIN GENERATION                                                        120960.00
17:03:57  INFO      
17:03:57  INFO        ⚠ DEFICIT: MAX generation (123840.00 MWh) BELOW demand (125268.21 MWh)
17:03:57  INFO          Deficit = 1428.21 MWh
17:03:57  INFO      
17:03:57  INFO        FINAL DISPATCH
17:03:57  INFO        Asset                      Priority   Dispatched MW  Dispatched MWh    Load %   Avg Load MW  FreeStm Factor   Free Steam MT       Heat Rate   Aux Power MWh
17:03:57  INFO        -------------------------  --------  --------------  --------------  --------  ------------  ------------  --------------  --------------  --------------
17:03:57  INFO        JMD - C2-GTG 1                    1          105.00        75600.00    100.0%        105.00        1.5700       118692.00         2643.00          102.06
17:03:57  INFO        JMD - C2-GTG 2                    1           67.00        48240.00    100.0%         67.00        1.8300        88279.20         3120.84           65.12
17:03:57  INFO        TOTAL                                                     123840.00                                             206971.20                          167.18
17:03:57  INFO        ==============================================================================
17:03:58  INFO      
17:03:58  INFO        SPINNING MARGIN CONFIG
17:03:58  INFO        Required margin: 250.00 TPH
17:03:58  INFO        Asset                         Max TPH     Eff Max     Reserve
17:03:58  INFO        -------------------------  ----------  ----------  ----------
17:03:58  INFO        AUXBOIL7_SHP STEAM             220.00      132.70       87.30
17:03:58  INFO        HRSG1_C2_SHP STEAM             250.00      150.79       99.21
17:03:58  INFO        HRSG2_C2_SHP STEAM             160.00       96.51       63.49
17:03:58  INFO        TOTAL RESERVED                                         250.00
17:03:58  INFO        → Margin of 250.00 TPH successfully reserved
17:03:58  INFO      
17:03:58  INFO        ==============================================================================
17:03:58  INFO        STEAM DISPATCH  (April 2026)
17:03:58  INFO        ==============================================================================
17:03:58  INFO        Grade      Process/Fixed MT  Letdown MT  Byproduct MT     Net Demand MT
17:03:58  INFO        ---------  ----------------  ----------  ------------  ----------------
17:03:58  INFO        LP                 68993.68    23354.43     -44280.00          24713.68
17:03:58  INFO        MP                 36837.77    54172.98          0.00          60192.20
17:03:58  INFO        HP                 21015.03    70375.98          0.00          75188.01
17:03:58  INFO        SHP               379343.04        0.00          0.00         379343.04
17:03:58  INFO      
17:03:58  INFO        Total Free Steam available: 206971.20 MT
17:03:58  INFO      
17:03:58  INFO        FINAL SUPPLEMENTARY FIRING DISPATCH
17:03:58  INFO        Asset                      Priority   Man     Min TPH     Max TPH     Hours  Dispatched TPH   Dispatched MT    Load %
17:03:58  INFO        -------------------------  --------  ----  ----------  ----------  --------  --------------  --------------  --------
17:03:58  INFO        AUXBOIL7_SHP STEAM                2     Y       50.00      220.00    698.00          120.55        84143.04     54.8%
17:03:58  INFO        AUXBOIL8_SHP STEAM                1     Y       90.00      220.00      0.00            0.00            0.00      0.0%
17:03:58  INFO        HRSG1_C2_SHP STEAM                1     Y        0.00       85.15    720.00           85.15        61308.00    100.0%
17:03:58  INFO        HRSG2_C2_SHP STEAM                1     Y        0.00       37.39    720.00           37.39        26920.80    100.0%
17:03:58  INFO        TOTAL SUPPLEMENTARY                                                                         172371.84          
17:03:58  INFO        TOTAL STEAM GENERATED                                                                       379343.04          
17:03:58  INFO        ✓ Steam demand met exactly
17:03:58  INFO      
17:03:58  INFO        ✓ STEAM SPINNING MARGIN OK: 386.91 TPH reserved (required: 250.00 TPH)
17:03:58  INFO        ==============================================================================
17:03:58  INFO      
17:03:58  INFO        [U4U LOOP] ==============================================================================
17:03:58  INFO        [U4U LOOP]  ITERATION 14
17:03:58  INFO        [U4U LOOP] ==============================================================================
17:03:58  INFO        [U4U LOOP]  Power:  demand=     133871.75 MWh   gen=     123840.00 MWh
17:03:58  INFO        [U4U LOOP]  Steam:  gen=     379343.04 MT
17:03:58  INFO      
17:03:58  INFO        [U4U LOOP]  Utility (ODS Material)            Old Demand    New Demand    U4U Demand    Change %
17:03:58  INFO        [U4U LOOP]  ------------------------------  ------------  ------------  ------------  ----------
17:03:58  INFO        [U4U LOOP]  AUXBOIL7_SHP STEAM                  85990.09      85990.09      85990.24     0.0000%
17:03:58  INFO        [U4U LOOP]  Boiler Feed Water                  427415.79     427415.79     427416.47     0.0000%
17:03:58  INFO        [U4U LOOP]  COMPRESED AIR_ASU                  744798.54     744798.54     744801.86     0.0000%
17:03:58  INFO        [U4U LOOP]  COMPRESSED AIR                   14603893.03   14603958.06    1983940.26     0.0004%
17:03:58  INFO        [U4U LOOP]  Cooling Water                      101100.22     101100.22        885.22     0.0000%
17:03:58  INFO        [U4U LOOP]  D M Water                          598182.64     598183.11     413214.11     0.0001%
17:03:58  INFO        [U4U LOOP]  Effluent Treated                   591541.83     591541.83     384180.83     0.0000%
17:03:58  INFO        [U4U LOOP]  HP Steam PRDS                       21014.28      21015.00      21015.03     0.0034%
17:03:58  INFO        [U4U LOOP]  HP Steam_Dis                        21015.00      21015.03      33153.99     0.0002%
17:03:58  INFO        [U4U LOOP]  HRSG1_C2_SHP STEAM                 179603.44     179603.44     179603.75     0.0000%
17:03:58  INFO        [U4U LOOP]  HRSG2_C2_SHP STEAM                 113748.84     113748.84     113749.04     0.0000%
17:03:58  INFO        [U4U LOOP]  LP Steam PRDS                       25298.27      25352.26      25352.28     0.2130%
17:03:58  INFO        [U4U LOOP]  LP Steam_Dis                        68993.63      68993.68      45912.68     0.0001%
17:03:58  INFO        [U4U LOOP]  MP Steam PRDS SHP                   36698.88      36698.93      36837.77     0.0001%
17:03:58  INFO        [U4U LOOP]  MP Steam_Dis                        36698.93      36837.77      24295.84     0.3769%
17:03:58  INFO        [U4U LOOP]  NITROGEN_ASU                     13332096.63   13332929.69     585868.99     0.0062%
17:03:58  INFO        [U4U LOOP]  Oxygen                              38907.00      38907.00          0.00     0.0000%
17:03:58  INFO        [U4U LOOP]  PROCESS FEED WATER                  31711.00      31711.00          0.00     0.0000%
17:03:58  INFO        [U4U LOOP]  Power_Dis                          133870.53     133871.75      51004.56     0.0009%
17:03:58  INFO        [U4U LOOP]  SHP Steam_Dis                      379342.37     379343.04      19670.07     0.0002%
17:03:58  INFO        [U4U LOOP]  Utility Water                     1617244.48    1617244.48      88432.76     0.0000%
17:03:58  INFO      
17:03:58  INFO        [U4U LOOP]  U4U CONSUMPTION BREAKDOWN (per producer per material):
17:03:58  INFO        [U4U LOOP]  Producer                   Material Consumed              Norm      Quantity
17:03:58  INFO        [U4U LOOP]  -------------------------  -------------------------  --------  ------------
17:03:58  INFO        [U4U LOOP]  JMD - C2-GTG 1             SynGas(Unshift)            0.004368     330220.80
17:03:58  INFO        [U4U LOOP]  JMD - C2-GTG 1             COMPRESSED AIR             0.001280      96768.00
17:03:58  INFO        [U4U LOOP]  JMD - C2-GTG 1             Cooling Water              0.000007        529.20
17:03:58  INFO        [U4U LOOP]  JMD - C2-GTG 1             NITROGEN_ASU               0.001660     125496.00
17:03:58  INFO        [U4U LOOP]  JMD - C2-GTG 1             Power_Dis                  0.001350     102060.00
17:03:58  INFO        [U4U LOOP]  JMD - C2-GTG 1             Utility Water              0.000023       1738.80
17:03:58  INFO        [U4U LOOP]  JMD - C2-GTG 2             SynGas(Unshift)            0.004485     216356.40
17:03:58  INFO        [U4U LOOP]  JMD - C2-GTG 2             COMPRESSED AIR             0.001280      61747.20
17:03:58  INFO        [U4U LOOP]  JMD - C2-GTG 2             Cooling Water              0.000007        337.68
17:03:58  INFO        [U4U LOOP]  JMD - C2-GTG 2             NITROGEN_ASU               0.001660      80078.40
17:03:58  INFO        [U4U LOOP]  JMD - C2-GTG 2             Power_Dis                  0.001350      65124.00
17:03:58  INFO        [U4U LOOP]  JMD - C2-GTG 2             Utility Water              0.000023       1109.52
17:03:58  INFO        [U4U LOOP]  AUXBOIL7_SHP STEAM         SynGas(Unshift)            2.876221     242013.98
17:03:58  INFO        [U4U LOOP]  AUXBOIL7_SHP STEAM         Boiler Feed Water          1.010000      84984.47
17:03:58  INFO        [U4U LOOP]  AUXBOIL7_SHP STEAM         Power_Dis                  3.850000     323950.70
17:03:58  INFO        [U4U LOOP]  HRSG1_C2_SHP STEAM         SynGas(Unshift)            3.376244     607723.92
17:03:58  INFO        [U4U LOOP]  HRSG1_C2_SHP STEAM         Boiler Feed Water          1.160000     208800.00
17:03:58  INFO        [U4U LOOP]  HRSG1_C2_SHP STEAM         HRSG1_C2_LP STEAM          -0.150000     -27000.00
17:03:58  INFO        [U4U LOOP]  HRSG1_C2_SHP STEAM         Power_Dis                  0.285000      51300.00
17:03:58  INFO        [U4U LOOP]  HRSG2_C2_SHP STEAM         SynGas(Unshift)            3.357468     386780.31
17:03:58  INFO        [U4U LOOP]  HRSG2_C2_SHP STEAM         Boiler Feed Water          1.160000     133632.00
17:03:58  INFO        [U4U LOOP]  HRSG2_C2_SHP STEAM         HRSG2_C2_LP STEAM          -0.150000     -17280.00
17:03:58  INFO        [U4U LOOP]  HRSG2_C2_SHP STEAM         Power_Dis                  0.285000      32832.00
17:03:58  INFO        [U4U LOOP]  Boiler Feed Water          D M Water                  0.900000     384674.21
17:03:58  INFO        [U4U LOOP]  Boiler Feed Water          LP Steam_Dis               0.100000      42741.58
17:03:58  INFO        [U4U LOOP]  Boiler Feed Water          Power_Dis                  8.100000    3462067.93
17:03:58  INFO        [U4U LOOP]  COMPRESED AIR_ASU          Power_Dis                  0.125000      93099.82
17:03:58  INFO        [U4U LOOP]  COMPRESSED AIR             COMPRESED AIR_ASU          0.051000     744801.86
17:03:58  INFO        [U4U LOOP]  COMPRESSED AIR             COMPRESSED AIR             0.002670      38992.57
17:03:58  INFO        [U4U LOOP]  COMPRESSED AIR             Power_Dis                  0.150000    2190593.71
17:03:58  INFO        [U4U LOOP]  Cooling Water              COMPRESSED AIR             0.974741      98546.53
17:03:58  INFO        [U4U LOOP]  Cooling Water              Effluent Treated           3.800000     384180.83
17:03:58  INFO        [U4U LOOP]  Cooling Water              Power_Dis                  210.900000   21322035.93
17:03:58  INFO        [U4U LOOP]  Cooling Water              SWRO WATER                 9.400000     950342.05
17:03:58  INFO        [U4U LOOP]  D M Water                  COMPRESSED AIR             0.049180      29418.65
17:03:58  INFO        [U4U LOOP]  D M Water                  NITROGEN_ASU               0.630000     376855.36
17:03:58  INFO        [U4U LOOP]  D M Water                  Power_Dis                  0.920000     550328.47
17:03:58  INFO        [U4U LOOP]  D M Water                  SWRO WATER                 1.150000     687910.58
17:03:58  INFO        [U4U LOOP]  Effluent Treated           COMPRESSED AIR             2.209302    1306894.54
17:03:58  INFO        [U4U LOOP]  Effluent Treated           Cooling Water              0.000031         18.34
17:03:58  INFO        [U4U LOOP]  Effluent Treated           NITROGEN_ASU               0.005814       3439.22
17:03:58  INFO        [U4U LOOP]  Effluent Treated           Power_Dis                  3.200000    1892933.85
17:03:58  INFO        [U4U LOOP]  Effluent Treated           Utility Water              0.029070      17196.12
17:03:58  INFO        [U4U LOOP]  NITROGEN_ASU               MP Steam_Dis               0.000021        279.99
17:03:58  INFO        [U4U LOOP]  NITROGEN_ASU               Power_Dis                  0.474260    6323275.23
17:03:58  INFO        [U4U LOOP]  NITROGEN_ASU               Ret steam condensate       -0.000011       -146.66
17:03:58  INFO        [U4U LOOP]  NITROGEN_ASU               Utility Water              0.001540      20532.71
17:03:58  INFO        [U4U LOOP]  Oxygen                     MP Steam_Dis               0.017000        661.42
17:03:58  INFO        [U4U LOOP]  Oxygen                     Power_Dis                  374.610000   14574951.27
17:03:58  INFO        [U4U LOOP]  Oxygen                     Ret steam condensate       -0.008000       -311.26
17:03:58  INFO        [U4U LOOP]  Oxygen                     Utility Water              1.230000      47855.61
17:03:58  INFO        [U4U LOOP]  PROCESS FEED WATER         D M Water                  0.900000      28539.90
17:03:58  INFO        [U4U LOOP]  PROCESS FEED WATER         LP Steam_Dis               0.100000       3171.10
17:03:58  INFO        [U4U LOOP]  PROCESS FEED WATER         Power_Dis                  0.631000      20009.64
17:03:58  INFO        [U4U LOOP]  Utility Water              COMPRESSED AIR             0.217390     351572.78
17:03:58  INFO        [U4U LOOP]  Utility Water              SWRO WATER                 1.100000    1778968.93
17:03:58  INFO        [U4U LOOP]  HP Steam_Dis               HP Steam PRDS              1.000000      21015.03
17:03:58  INFO        [U4U LOOP]  LP Steam_Dis               HRSG1_C2_LP STEAM          0.387271      26719.25
17:03:58  INFO        [U4U LOOP]  LP Steam_Dis               HRSG2_C2_LP STEAM          0.245271      16922.15
17:03:58  INFO        [U4U LOOP]  LP Steam_Dis               LP Steam PRDS              0.367458      25352.28
17:03:58  INFO        [U4U LOOP]  MP Steam_Dis               MP Steam PRDS SHP          1.000000      36837.77
17:03:58  INFO        [U4U LOOP]  SHP Steam_Dis              AUXBOIL7_SHP STEAM         0.226682      85990.24
17:03:58  INFO        [U4U LOOP]  SHP Steam_Dis              HRSG1_C2_SHP STEAM         0.473460     179603.75
17:03:58  INFO        [U4U LOOP]  SHP Steam_Dis              HRSG2_C2_SHP STEAM         0.299858     113749.04
17:03:58  INFO        [U4U LOOP]  LP Steam PRDS              MP Steam_Dis               0.945000      23354.43
17:03:58  INFO        [U4U LOOP]  MP Steam PRDS SHP          HP Steam_Dis               0.900000      33153.99
17:03:58  INFO        [U4U LOOP]  HP Steam PRDS              SHP Steam_Dis              0.936000      19670.07
17:03:58  INFO      
17:03:58  INFO        [U4U LOOP]  Not yet converged: 2 materials
17:03:58  INFO        [U4U LOOP]    HP Steam_Dis                    change=0.3769%
17:03:58  INFO        [U4U LOOP]    MP Steam PRDS SHP               change=0.3769%
17:03:58  INFO      
17:04:00  INFO        ==============================================================================
17:04:00  INFO        POWER DISPATCH  (April 2026)
17:04:00  INFO        ==============================================================================
17:04:00  INFO        Demand:  Process = 62526.31 MWh  |  Fixed = 62742.31 MWh  |  Total = 125268.61 MWh
17:04:00  INFO      
17:04:00  INFO        Step 1: Mandatory assets at MIN load, then optional if needed
17:04:00  INFO        Asset                      Priority   Man    Min MW    Max MW     Hours       Min MWh
17:04:00  INFO        -------------------------  --------  ----  --------  --------  --------  ------------
17:04:00  INFO        JMD - C2-GTG 1                    1     Y    104.00    105.00    720.00      74880.00
17:04:00  INFO        JMD - C2-GTG 2                    1     Y     64.00     67.00    720.00      46080.00
17:04:00  INFO        TOTAL MIN GENERATION                                                        120960.00
17:04:00  INFO      
17:04:00  INFO        ⚠ DEFICIT: MAX generation (123840.00 MWh) BELOW demand (125268.61 MWh)
17:04:00  INFO          Deficit = 1428.61 MWh
17:04:00  INFO      
17:04:00  INFO        FINAL DISPATCH
17:04:00  INFO        Asset                      Priority   Dispatched MW  Dispatched MWh    Load %   Avg Load MW  FreeStm Factor   Free Steam MT       Heat Rate   Aux Power MWh
17:04:00  INFO        -------------------------  --------  --------------  --------------  --------  ------------  ------------  --------------  --------------  --------------
17:04:00  INFO        JMD - C2-GTG 1                    1          105.00        75600.00    100.0%        105.00        1.5700       118692.00         2643.00          102.06
17:04:00  INFO        JMD - C2-GTG 2                    1           67.00        48240.00    100.0%         67.00        1.8300        88279.20         3120.84           65.12
17:04:00  INFO        TOTAL                                                     123840.00                                             206971.20                          167.18
17:04:00  INFO        ==============================================================================
17:04:01  INFO      
17:04:01  INFO        SPINNING MARGIN CONFIG
17:04:01  INFO        Required margin: 250.00 TPH
17:04:01  INFO        Asset                         Max TPH     Eff Max     Reserve
17:04:01  INFO        -------------------------  ----------  ----------  ----------
17:04:01  INFO        AUXBOIL7_SHP STEAM             220.00      132.70       87.30
17:04:01  INFO        HRSG1_C2_SHP STEAM             250.00      150.79       99.21
17:04:01  INFO        HRSG2_C2_SHP STEAM             160.00       96.51       63.49
17:04:01  INFO        TOTAL RESERVED                                         250.00
17:04:01  INFO        → Margin of 250.00 TPH successfully reserved
17:04:01  INFO      
17:04:01  INFO        ==============================================================================
17:04:01  INFO        STEAM DISPATCH  (April 2026)
17:04:01  INFO        ==============================================================================
17:04:01  INFO        Grade      Process/Fixed MT  Letdown MT  Byproduct MT     Net Demand MT
17:04:01  INFO        ---------  ----------------  ----------  ------------  ----------------
17:04:01  INFO        LP                 68993.68    23354.43     -44280.00          24713.68
17:04:01  INFO        MP                 36837.84    54173.04          0.00          60192.26
17:04:01  INFO        HP                 21139.99    70493.00          0.00          75313.03
17:04:01  INFO        SHP               379343.07        0.00          0.00         379343.07
17:04:01  INFO      
17:04:01  INFO        Total Free Steam available: 206971.20 MT
17:04:01  INFO      
17:04:01  INFO        FINAL SUPPLEMENTARY FIRING DISPATCH
17:04:01  INFO        Asset                      Priority   Man     Min TPH     Max TPH     Hours  Dispatched TPH   Dispatched MT    Load %
17:04:01  INFO        -------------------------  --------  ----  ----------  ----------  --------  --------------  --------------  --------
17:04:01  INFO        AUXBOIL7_SHP STEAM                2     Y       50.00      220.00    698.00          120.55        84143.07     54.8%
17:04:01  INFO        AUXBOIL8_SHP STEAM                1     Y       90.00      220.00      0.00            0.00            0.00      0.0%
17:04:01  INFO        HRSG1_C2_SHP STEAM                1     Y        0.00       85.15    720.00           85.15        61308.00    100.0%
17:04:01  INFO        HRSG2_C2_SHP STEAM                1     Y        0.00       37.39    720.00           37.39        26920.80    100.0%
17:04:01  INFO        TOTAL SUPPLEMENTARY                                                                         172371.87          
17:04:01  INFO        TOTAL STEAM GENERATED                                                                       379343.07          
17:04:01  INFO        ✓ Steam demand met exactly
17:04:01  INFO      
17:04:01  INFO        ✓ STEAM SPINNING MARGIN OK: 386.91 TPH reserved (required: 250.00 TPH)
17:04:01  INFO        ==============================================================================
17:04:01  INFO      
17:04:01  INFO        [U4U LOOP] ==============================================================================
17:04:01  INFO        [U4U LOOP]  ITERATION 15
17:04:01  INFO        [U4U LOOP] ==============================================================================
17:04:01  INFO        [U4U LOOP]  Power:  demand=     133872.15 MWh   gen=     123840.00 MWh
17:04:01  INFO        [U4U LOOP]  Steam:  gen=     379343.07 MT
17:04:01  INFO      
17:04:01  INFO        [U4U LOOP]  Utility (ODS Material)            Old Demand    New Demand    U4U Demand    Change %
17:04:01  INFO        [U4U LOOP]  ------------------------------  ------------  ------------  ------------  ----------
17:04:01  INFO        [U4U LOOP]  AUXBOIL7_SHP STEAM                  85990.09      85990.24      85990.25     0.0002%
17:04:01  INFO        [U4U LOOP]  Boiler Feed Water                  427415.79     427416.47     427416.50     0.0002%
17:04:01  INFO        [U4U LOOP]  COMPRESED AIR_ASU                  744798.54     744801.86     744801.87     0.0004%
17:04:01  INFO        [U4U LOOP]  COMPRESSED AIR                   14603958.06   14603958.26    1983940.54     0.0000%
17:04:01  INFO        [U4U LOOP]  Cooling Water                      101100.22     101100.22        885.22     0.0000%
17:04:01  INFO        [U4U LOOP]  D M Water                          598183.11     598183.11     413214.72     0.0000%
17:04:01  INFO        [U4U LOOP]  Effluent Treated                   591541.83     591541.83     384180.83     0.0000%
17:04:01  INFO        [U4U LOOP]  HP Steam PRDS                       21015.00      21015.03      21139.99     0.0002%
17:04:01  INFO        [U4U LOOP]  HP Steam_Dis                        21015.03      21139.99      33154.05     0.5911%
17:04:01  INFO        [U4U LOOP]  HRSG1_C2_SHP STEAM                 179603.44     179603.75     179603.77     0.0002%
17:04:01  INFO        [U4U LOOP]  HRSG2_C2_SHP STEAM                 113748.84     113749.04     113749.05     0.0002%
17:04:01  INFO        [U4U LOOP]  LP Steam PRDS                       25352.26      25352.28      25352.28     0.0001%
17:04:01  INFO        [U4U LOOP]  LP Steam_Dis                        68993.68      68993.68      45912.75     0.0000%
17:04:01  INFO        [U4U LOOP]  MP Steam PRDS SHP                   36698.93      36837.77      36837.84     0.3769%
17:04:01  INFO        [U4U LOOP]  MP Steam_Dis                        36837.77      36837.84      24295.84     0.0002%
17:04:01  INFO        [U4U LOOP]  NITROGEN_ASU                     13332929.69   13332929.99     585868.99     0.0000%
17:04:01  INFO        [U4U LOOP]  Oxygen                              38907.00      38907.00          0.00     0.0000%
17:04:01  INFO        [U4U LOOP]  PROCESS FEED WATER                  31711.00      31711.00          0.00     0.0000%
17:04:01  INFO        [U4U LOOP]  Power_Dis                          133871.75     133872.15      51004.57     0.0003%
17:04:01  INFO        [U4U LOOP]  SHP Steam_Dis                      379343.04     379343.07      19787.03     0.0000%
17:04:01  INFO        [U4U LOOP]  Utility Water                     1617244.48    1617245.76      88432.76     0.0001%
17:04:01  INFO      
17:04:01  INFO        [U4U LOOP]  U4U CONSUMPTION BREAKDOWN (per producer per material):
17:04:01  INFO        [U4U LOOP]  Producer                   Material Consumed              Norm      Quantity
17:04:01  INFO        [U4U LOOP]  -------------------------  -------------------------  --------  ------------
17:04:01  INFO        [U4U LOOP]  JMD - C2-GTG 1             SynGas(Unshift)            0.004368     330220.80
17:04:01  INFO        [U4U LOOP]  JMD - C2-GTG 1             COMPRESSED AIR             0.001280      96768.00
17:04:01  INFO        [U4U LOOP]  JMD - C2-GTG 1             Cooling Water              0.000007        529.20
17:04:01  INFO        [U4U LOOP]  JMD - C2-GTG 1             NITROGEN_ASU               0.001660     125496.00
17:04:01  INFO        [U4U LOOP]  JMD - C2-GTG 1             Power_Dis                  0.001350     102060.00
17:04:01  INFO        [U4U LOOP]  JMD - C2-GTG 1             Utility Water              0.000023       1738.80
17:04:01  INFO        [U4U LOOP]  JMD - C2-GTG 2             SynGas(Unshift)            0.004485     216356.40
17:04:01  INFO        [U4U LOOP]  JMD - C2-GTG 2             COMPRESSED AIR             0.001280      61747.20
17:04:01  INFO        [U4U LOOP]  JMD - C2-GTG 2             Cooling Water              0.000007        337.68
17:04:01  INFO        [U4U LOOP]  JMD - C2-GTG 2             NITROGEN_ASU               0.001660      80078.40
17:04:01  INFO        [U4U LOOP]  JMD - C2-GTG 2             Power_Dis                  0.001350      65124.00
17:04:01  INFO        [U4U LOOP]  JMD - C2-GTG 2             Utility Water              0.000023       1109.52
17:04:01  INFO        [U4U LOOP]  AUXBOIL7_SHP STEAM         SynGas(Unshift)            2.876221     242014.06
17:04:01  INFO        [U4U LOOP]  AUXBOIL7_SHP STEAM         Boiler Feed Water          1.010000      84984.50
17:04:01  INFO        [U4U LOOP]  AUXBOIL7_SHP STEAM         Power_Dis                  3.850000     323950.82
17:04:01  INFO        [U4U LOOP]  HRSG1_C2_SHP STEAM         SynGas(Unshift)            3.376244     607723.92
17:04:01  INFO        [U4U LOOP]  HRSG1_C2_SHP STEAM         Boiler Feed Water          1.160000     208800.00
17:04:01  INFO        [U4U LOOP]  HRSG1_C2_SHP STEAM         HRSG1_C2_LP STEAM          -0.150000     -27000.00
17:04:01  INFO        [U4U LOOP]  HRSG1_C2_SHP STEAM         Power_Dis                  0.285000      51300.00
17:04:01  INFO        [U4U LOOP]  HRSG2_C2_SHP STEAM         SynGas(Unshift)            3.357468     386780.31
17:04:01  INFO        [U4U LOOP]  HRSG2_C2_SHP STEAM         Boiler Feed Water          1.160000     133632.00
17:04:01  INFO        [U4U LOOP]  HRSG2_C2_SHP STEAM         HRSG2_C2_LP STEAM          -0.150000     -17280.00
17:04:01  INFO        [U4U LOOP]  HRSG2_C2_SHP STEAM         Power_Dis                  0.285000      32832.00
17:04:01  INFO        [U4U LOOP]  Boiler Feed Water          D M Water                  0.900000     384674.82
17:04:01  INFO        [U4U LOOP]  Boiler Feed Water          LP Steam_Dis               0.100000      42741.65
17:04:01  INFO        [U4U LOOP]  Boiler Feed Water          Power_Dis                  8.100000    3462073.41
17:04:01  INFO        [U4U LOOP]  COMPRESED AIR_ASU          Power_Dis                  0.125000      93100.23
17:04:01  INFO        [U4U LOOP]  COMPRESSED AIR             COMPRESED AIR_ASU          0.051000     744801.87
17:04:01  INFO        [U4U LOOP]  COMPRESSED AIR             COMPRESSED AIR             0.002670      38992.57
17:04:01  INFO        [U4U LOOP]  COMPRESSED AIR             Power_Dis                  0.150000    2190593.74
17:04:01  INFO        [U4U LOOP]  Cooling Water              COMPRESSED AIR             0.974741      98546.53
17:04:01  INFO        [U4U LOOP]  Cooling Water              Effluent Treated           3.800000     384180.83
17:04:01  INFO        [U4U LOOP]  Cooling Water              Power_Dis                  210.900000   21322035.93
17:04:01  INFO        [U4U LOOP]  Cooling Water              SWRO WATER                 9.400000     950342.05
17:04:01  INFO        [U4U LOOP]  D M Water                  COMPRESSED AIR             0.049180      29418.65
17:04:01  INFO        [U4U LOOP]  D M Water                  NITROGEN_ASU               0.630000     376855.36
17:04:01  INFO        [U4U LOOP]  D M Water                  Power_Dis                  0.920000     550328.47
17:04:01  INFO        [U4U LOOP]  D M Water                  SWRO WATER                 1.150000     687910.58
17:04:01  INFO        [U4U LOOP]  Effluent Treated           COMPRESSED AIR             2.209302    1306894.54
17:04:01  INFO        [U4U LOOP]  Effluent Treated           Cooling Water              0.000031         18.34
17:04:01  INFO        [U4U LOOP]  Effluent Treated           NITROGEN_ASU               0.005814       3439.22
17:04:01  INFO        [U4U LOOP]  Effluent Treated           Power_Dis                  3.200000    1892933.85
17:04:01  INFO        [U4U LOOP]  Effluent Treated           Utility Water              0.029070      17196.12
17:04:01  INFO        [U4U LOOP]  NITROGEN_ASU               MP Steam_Dis               0.000021        279.99
17:04:01  INFO        [U4U LOOP]  NITROGEN_ASU               Power_Dis                  0.474260    6323275.38
17:04:01  INFO        [U4U LOOP]  NITROGEN_ASU               Ret steam condensate       -0.000011       -146.66
17:04:01  INFO        [U4U LOOP]  NITROGEN_ASU               Utility Water              0.001540      20532.71
17:04:01  INFO        [U4U LOOP]  Oxygen                     MP Steam_Dis               0.017000        661.42
17:04:01  INFO        [U4U LOOP]  Oxygen                     Power_Dis                  374.610000   14574951.27
17:04:01  INFO        [U4U LOOP]  Oxygen                     Ret steam condensate       -0.008000       -311.26
17:04:01  INFO        [U4U LOOP]  Oxygen                     Utility Water              1.230000      47855.61
17:04:01  INFO        [U4U LOOP]  PROCESS FEED WATER         D M Water                  0.900000      28539.90
17:04:01  INFO        [U4U LOOP]  PROCESS FEED WATER         LP Steam_Dis               0.100000       3171.10
17:04:01  INFO        [U4U LOOP]  PROCESS FEED WATER         Power_Dis                  0.631000      20009.64
17:04:01  INFO        [U4U LOOP]  Utility Water              COMPRESSED AIR             0.217390     351573.06
17:04:01  INFO        [U4U LOOP]  Utility Water              SWRO WATER                 1.100000    1778970.34
17:04:01  INFO        [U4U LOOP]  HP Steam_Dis               HP Steam PRDS              1.000000      21139.99
17:04:01  INFO        [U4U LOOP]  LP Steam_Dis               HRSG1_C2_LP STEAM          0.387271      26719.25
17:04:01  INFO        [U4U LOOP]  LP Steam_Dis               HRSG2_C2_LP STEAM          0.245271      16922.15
17:04:01  INFO        [U4U LOOP]  LP Steam_Dis               LP Steam PRDS              0.367458      25352.28
17:04:01  INFO        [U4U LOOP]  MP Steam_Dis               MP Steam PRDS SHP          1.000000      36837.84
17:04:01  INFO        [U4U LOOP]  SHP Steam_Dis              AUXBOIL7_SHP STEAM         0.226682      85990.25
17:04:01  INFO        [U4U LOOP]  SHP Steam_Dis              HRSG1_C2_SHP STEAM         0.473460     179603.77
17:04:01  INFO        [U4U LOOP]  SHP Steam_Dis              HRSG2_C2_SHP STEAM         0.299858     113749.05
17:04:01  INFO        [U4U LOOP]  LP Steam PRDS              MP Steam_Dis               0.945000      23354.43
17:04:01  INFO        [U4U LOOP]  MP Steam PRDS SHP          HP Steam_Dis               0.900000      33154.05
17:04:01  INFO        [U4U LOOP]  HP Steam PRDS              SHP Steam_Dis              0.936000      19787.03
17:04:01  INFO      
17:04:01  INFO        [U4U LOOP]  Not yet converged: 2 materials
17:04:01  INFO        [U4U LOOP]    HP Steam PRDS                   change=0.5911%
17:04:01  INFO        [U4U LOOP]    SHP Steam_Dis                   change=0.5911%
17:04:01  INFO      
17:04:03  INFO        ==============================================================================
17:04:03  INFO        POWER DISPATCH  (April 2026)
17:04:03  INFO        ==============================================================================
17:04:03  INFO        Demand:  Process = 62526.31 MWh  |  Fixed = 62742.31 MWh  |  Total = 125268.62 MWh
17:04:03  INFO      
17:04:03  INFO        Step 1: Mandatory assets at MIN load, then optional if needed
17:04:03  INFO        Asset                      Priority   Man    Min MW    Max MW     Hours       Min MWh
17:04:03  INFO        -------------------------  --------  ----  --------  --------  --------  ------------
17:04:03  INFO        JMD - C2-GTG 1                    1     Y    104.00    105.00    720.00      74880.00
17:04:03  INFO        JMD - C2-GTG 2                    1     Y     64.00     67.00    720.00      46080.00
17:04:03  INFO        TOTAL MIN GENERATION                                                        120960.00
17:04:03  INFO      
17:04:03  INFO        ⚠ DEFICIT: MAX generation (123840.00 MWh) BELOW demand (125268.62 MWh)
17:04:03  INFO          Deficit = 1428.62 MWh
17:04:03  INFO      
17:04:03  INFO        FINAL DISPATCH
17:04:03  INFO        Asset                      Priority   Dispatched MW  Dispatched MWh    Load %   Avg Load MW  FreeStm Factor   Free Steam MT       Heat Rate   Aux Power MWh
17:04:03  INFO        -------------------------  --------  --------------  --------------  --------  ------------  ------------  --------------  --------------  --------------
17:04:03  INFO        JMD - C2-GTG 1                    1          105.00        75600.00    100.0%        105.00        1.5700       118692.00         2643.00          102.06
17:04:03  INFO        JMD - C2-GTG 2                    1           67.00        48240.00    100.0%         67.00        1.8300        88279.20         3120.84           65.12
17:04:03  INFO        TOTAL                                                     123840.00                                             206971.20                          167.18
17:04:03  INFO        ==============================================================================
17:04:04  INFO      
17:04:04  INFO        SPINNING MARGIN CONFIG
17:04:04  INFO        Required margin: 250.00 TPH
17:04:04  INFO        Asset                         Max TPH     Eff Max     Reserve
17:04:04  INFO        -------------------------  ----------  ----------  ----------
17:04:04  INFO        AUXBOIL7_SHP STEAM             220.00      132.70       87.30
17:04:04  INFO        HRSG1_C2_SHP STEAM             250.00      150.79       99.21
17:04:04  INFO        HRSG2_C2_SHP STEAM             160.00       96.51       63.49
17:04:04  INFO        TOTAL RESERVED                                         250.00
17:04:04  INFO        → Margin of 250.00 TPH successfully reserved
17:04:04  INFO      
17:04:04  INFO        ==============================================================================
17:04:04  INFO        STEAM DISPATCH  (April 2026)
17:04:04  INFO        ==============================================================================
17:04:04  INFO        Grade      Process/Fixed MT  Letdown MT  Byproduct MT     Net Demand MT
17:04:04  INFO        ---------  ----------------  ----------  ------------  ----------------
17:04:04  INFO        LP                 68993.75    23354.49     -44280.00          24713.75
17:04:04  INFO        MP                 36837.84    54173.10          0.00          60192.33
17:04:04  INFO        HP                 21140.05    70493.11          0.00          75313.15
17:04:04  INFO        SHP               379460.03        0.00          0.00         379460.03
17:04:04  INFO      
17:04:04  INFO        Total Free Steam available: 206971.20 MT
17:04:04  INFO      
17:04:04  INFO        FINAL SUPPLEMENTARY FIRING DISPATCH
17:04:04  INFO        Asset                      Priority   Man     Min TPH     Max TPH     Hours  Dispatched TPH   Dispatched MT    Load %
17:04:04  INFO        -------------------------  --------  ----  ----------  ----------  --------  --------------  --------------  --------
17:04:04  INFO        AUXBOIL7_SHP STEAM                2     Y       50.00      220.00    698.00          120.72        84260.03     54.9%
17:04:04  INFO        AUXBOIL8_SHP STEAM                1     Y       90.00      220.00      0.00            0.00            0.00      0.0%
17:04:04  INFO        HRSG1_C2_SHP STEAM                1     Y        0.00       85.15    720.00           85.15        61308.00    100.0%
17:04:04  INFO        HRSG2_C2_SHP STEAM                1     Y        0.00       37.39    720.00           37.39        26920.80    100.0%
17:04:04  INFO        TOTAL SUPPLEMENTARY                                                                         172488.83          
17:04:04  INFO        TOTAL STEAM GENERATED                                                                       379460.03          
17:04:04  INFO        ✓ Steam demand met exactly
17:04:04  INFO      
17:04:04  INFO        ✓ STEAM SPINNING MARGIN OK: 386.74 TPH reserved (required: 250.00 TPH)
17:04:04  INFO        ==============================================================================
17:04:04  INFO      
17:04:04  INFO        [U4U LOOP] ==============================================================================
17:04:04  INFO        [U4U LOOP]  ITERATION 16
17:04:04  INFO        [U4U LOOP] ==============================================================================
17:04:04  INFO        [U4U LOOP]  Power:  demand=     133872.16 MWh   gen=     123840.00 MWh
17:04:04  INFO        [U4U LOOP]  Steam:  gen=     379460.03 MT
17:04:04  INFO      
17:04:04  INFO        [U4U LOOP]  Utility (ODS Material)            Old Demand    New Demand    U4U Demand    Change %
17:04:04  INFO        [U4U LOOP]  ------------------------------  ------------  ------------  ------------  ----------
17:04:04  INFO        [U4U LOOP]  AUXBOIL7_SHP STEAM                  85990.24      85990.25      86016.76     0.0000%
17:04:04  INFO        [U4U LOOP]  Boiler Feed Water                  427416.47     427416.50     427534.63     0.0000%
17:04:04  INFO        [U4U LOOP]  COMPRESED AIR_ASU                  744801.86     744801.87     744801.89     0.0000%
17:04:04  INFO        [U4U LOOP]  COMPRESSED AIR                   14603958.26   14603958.54    1983940.57     0.0000%
17:04:04  INFO        [U4U LOOP]  Cooling Water                      101100.22     101100.22        885.22     0.0000%
17:04:04  INFO        [U4U LOOP]  D M Water                          598183.11     598183.72     413214.75     0.0001%
17:04:04  INFO        [U4U LOOP]  Effluent Treated                   591541.83     591541.83     384180.83     0.0000%
17:04:04  INFO        [U4U LOOP]  HP Steam PRDS                       21015.03      21139.99      21140.05     0.5911%
17:04:04  INFO        [U4U LOOP]  HP Steam_Dis                        21139.99      21140.05      33154.05     0.0003%
17:04:04  INFO        [U4U LOOP]  HRSG1_C2_SHP STEAM                 179603.75     179603.77     179659.15     0.0000%
17:04:04  INFO        [U4U LOOP]  HRSG2_C2_SHP STEAM                 113749.04     113749.05     113784.13     0.0000%
17:04:04  INFO        [U4U LOOP]  LP Steam PRDS                       25352.28      25352.28      25352.30     0.0000%
17:04:04  INFO        [U4U LOOP]  LP Steam_Dis                        68993.68      68993.75      45912.75     0.0001%
17:04:04  INFO        [U4U LOOP]  MP Steam PRDS SHP                   36837.77      36837.84      36837.84     0.0002%
17:04:04  INFO        [U4U LOOP]  MP Steam_Dis                        36837.84      36837.84      24295.90     0.0000%
17:04:04  INFO        [U4U LOOP]  NITROGEN_ASU                     13332929.99   13332929.99     585869.37     0.0000%
17:04:04  INFO        [U4U LOOP]  Oxygen                              38907.00      38907.00          0.00     0.0000%
17:04:04  INFO        [U4U LOOP]  PROCESS FEED WATER                  31711.00      31711.00          0.00     0.0000%
17:04:04  INFO        [U4U LOOP]  Power_Dis                          133872.15     133872.16      51005.02     0.0000%
17:04:04  INFO        [U4U LOOP]  SHP Steam_Dis                      379343.07     379460.03      19787.09     0.0308%
17:04:04  INFO        [U4U LOOP]  Utility Water                     1617245.76    1617245.76      88432.76     0.0000%
17:04:04  INFO      
17:04:04  INFO        [U4U LOOP]  U4U CONSUMPTION BREAKDOWN (per producer per material):
17:04:04  INFO        [U4U LOOP]  Producer                   Material Consumed              Norm      Quantity
17:04:04  INFO        [U4U LOOP]  -------------------------  -------------------------  --------  ------------
17:04:04  INFO        [U4U LOOP]  JMD - C2-GTG 1             SynGas(Unshift)            0.004368     330220.80
17:04:04  INFO        [U4U LOOP]  JMD - C2-GTG 1             COMPRESSED AIR             0.001280      96768.00
17:04:04  INFO        [U4U LOOP]  JMD - C2-GTG 1             Cooling Water              0.000007        529.20
17:04:04  INFO        [U4U LOOP]  JMD - C2-GTG 1             NITROGEN_ASU               0.001660     125496.00
17:04:04  INFO        [U4U LOOP]  JMD - C2-GTG 1             Power_Dis                  0.001350     102060.00
17:04:04  INFO        [U4U LOOP]  JMD - C2-GTG 1             Utility Water              0.000023       1738.80
17:04:04  INFO        [U4U LOOP]  JMD - C2-GTG 2             SynGas(Unshift)            0.004485     216356.40
17:04:04  INFO        [U4U LOOP]  JMD - C2-GTG 2             COMPRESSED AIR             0.001280      61747.20
17:04:04  INFO        [U4U LOOP]  JMD - C2-GTG 2             Cooling Water              0.000007        337.68
17:04:04  INFO        [U4U LOOP]  JMD - C2-GTG 2             NITROGEN_ASU               0.001660      80078.40
17:04:04  INFO        [U4U LOOP]  JMD - C2-GTG 2             Power_Dis                  0.001350      65124.00
17:04:04  INFO        [U4U LOOP]  JMD - C2-GTG 2             Utility Water              0.000023       1109.52
17:04:04  INFO        [U4U LOOP]  AUXBOIL7_SHP STEAM         SynGas(Unshift)            2.876221     242350.47
17:04:04  INFO        [U4U LOOP]  AUXBOIL7_SHP STEAM         Boiler Feed Water          1.010000      85102.63
17:04:04  INFO        [U4U LOOP]  AUXBOIL7_SHP STEAM         Power_Dis                  3.850000     324401.12
17:04:04  INFO        [U4U LOOP]  HRSG1_C2_SHP STEAM         SynGas(Unshift)            3.376244     607723.92
17:04:04  INFO        [U4U LOOP]  HRSG1_C2_SHP STEAM         Boiler Feed Water          1.160000     208800.00
17:04:04  INFO        [U4U LOOP]  HRSG1_C2_SHP STEAM         HRSG1_C2_LP STEAM          -0.150000     -27000.00
17:04:04  INFO        [U4U LOOP]  HRSG1_C2_SHP STEAM         Power_Dis                  0.285000      51300.00
17:04:04  INFO        [U4U LOOP]  HRSG2_C2_SHP STEAM         SynGas(Unshift)            3.357468     386780.31
17:04:04  INFO        [U4U LOOP]  HRSG2_C2_SHP STEAM         Boiler Feed Water          1.160000     133632.00
17:04:04  INFO        [U4U LOOP]  HRSG2_C2_SHP STEAM         HRSG2_C2_LP STEAM          -0.150000     -17280.00
17:04:04  INFO        [U4U LOOP]  HRSG2_C2_SHP STEAM         Power_Dis                  0.285000      32832.00
17:04:04  INFO        [U4U LOOP]  Boiler Feed Water          D M Water                  0.900000     384674.85
17:04:04  INFO        [U4U LOOP]  Boiler Feed Water          LP Steam_Dis               0.100000      42741.65
17:04:04  INFO        [U4U LOOP]  Boiler Feed Water          Power_Dis                  8.100000    3462073.66
17:04:04  INFO        [U4U LOOP]  COMPRESED AIR_ASU          Power_Dis                  0.125000      93100.23
17:04:04  INFO        [U4U LOOP]  COMPRESSED AIR             COMPRESED AIR_ASU          0.051000     744801.89
17:04:04  INFO        [U4U LOOP]  COMPRESSED AIR             COMPRESSED AIR             0.002670      38992.57
17:04:04  INFO        [U4U LOOP]  COMPRESSED AIR             Power_Dis                  0.150000    2190593.78
17:04:04  INFO        [U4U LOOP]  Cooling Water              COMPRESSED AIR             0.974741      98546.53
17:04:04  INFO        [U4U LOOP]  Cooling Water              Effluent Treated           3.800000     384180.83
17:04:04  INFO        [U4U LOOP]  Cooling Water              Power_Dis                  210.900000   21322035.93
17:04:04  INFO        [U4U LOOP]  Cooling Water              SWRO WATER                 9.400000     950342.05
17:04:04  INFO        [U4U LOOP]  D M Water                  COMPRESSED AIR             0.049180      29418.68
17:04:04  INFO        [U4U LOOP]  D M Water                  NITROGEN_ASU               0.630000     376855.75
17:04:04  INFO        [U4U LOOP]  D M Water                  Power_Dis                  0.920000     550329.03
17:04:04  INFO        [U4U LOOP]  D M Water                  SWRO WATER                 1.150000     687911.28
17:04:04  INFO        [U4U LOOP]  Effluent Treated           COMPRESSED AIR             2.209302    1306894.54
17:04:04  INFO        [U4U LOOP]  Effluent Treated           Cooling Water              0.000031         18.34
17:04:04  INFO        [U4U LOOP]  Effluent Treated           NITROGEN_ASU               0.005814       3439.22
17:04:04  INFO        [U4U LOOP]  Effluent Treated           Power_Dis                  3.200000    1892933.85
17:04:04  INFO        [U4U LOOP]  Effluent Treated           Utility Water              0.029070      17196.12
17:04:04  INFO        [U4U LOOP]  NITROGEN_ASU               MP Steam_Dis               0.000021        279.99
17:04:04  INFO        [U4U LOOP]  NITROGEN_ASU               Power_Dis                  0.474260    6323275.38
17:04:04  INFO        [U4U LOOP]  NITROGEN_ASU               Ret steam condensate       -0.000011       -146.66
17:04:04  INFO        [U4U LOOP]  NITROGEN_ASU               Utility Water              0.001540      20532.71
17:04:04  INFO        [U4U LOOP]  Oxygen                     MP Steam_Dis               0.017000        661.42
17:04:04  INFO        [U4U LOOP]  Oxygen                     Power_Dis                  374.610000   14574951.27
17:04:04  INFO        [U4U LOOP]  Oxygen                     Ret steam condensate       -0.008000       -311.26
17:04:04  INFO        [U4U LOOP]  Oxygen                     Utility Water              1.230000      47855.61
17:04:04  INFO        [U4U LOOP]  PROCESS FEED WATER         D M Water                  0.900000      28539.90
17:04:04  INFO        [U4U LOOP]  PROCESS FEED WATER         LP Steam_Dis               0.100000       3171.10
17:04:04  INFO        [U4U LOOP]  PROCESS FEED WATER         Power_Dis                  0.631000      20009.64
17:04:04  INFO        [U4U LOOP]  Utility Water              COMPRESSED AIR             0.217390     351573.06
17:04:04  INFO        [U4U LOOP]  Utility Water              SWRO WATER                 1.100000    1778970.34
17:04:04  INFO        [U4U LOOP]  HP Steam_Dis               HP Steam PRDS              1.000000      21140.05
17:04:04  INFO        [U4U LOOP]  LP Steam_Dis               HRSG1_C2_LP STEAM          0.387271      26719.28
17:04:04  INFO        [U4U LOOP]  LP Steam_Dis               HRSG2_C2_LP STEAM          0.245271      16922.17
17:04:04  INFO        [U4U LOOP]  LP Steam_Dis               LP Steam PRDS              0.367458      25352.30
17:04:04  INFO        [U4U LOOP]  MP Steam_Dis               MP Steam PRDS SHP          1.000000      36837.84
17:04:04  INFO        [U4U LOOP]  SHP Steam_Dis              AUXBOIL7_SHP STEAM         0.226682      86016.76
17:04:04  INFO        [U4U LOOP]  SHP Steam_Dis              HRSG1_C2_SHP STEAM         0.473460     179659.15
17:04:04  INFO        [U4U LOOP]  SHP Steam_Dis              HRSG2_C2_SHP STEAM         0.299858     113784.13
17:04:04  INFO        [U4U LOOP]  LP Steam PRDS              MP Steam_Dis               0.945000      23354.49
17:04:04  INFO        [U4U LOOP]  MP Steam PRDS SHP          HP Steam_Dis               0.900000      33154.05
17:04:04  INFO        [U4U LOOP]  HP Steam PRDS              SHP Steam_Dis              0.936000      19787.09
17:04:04  INFO      
17:04:04  INFO        [U4U LOOP]  Not yet converged: 4 materials
17:04:04  INFO        [U4U LOOP]    AUXBOIL7_SHP STEAM              change=0.0308%
17:04:04  INFO        [U4U LOOP]    Boiler Feed Water               change=0.0276%
17:04:04  INFO        [U4U LOOP]    HRSG1_C2_SHP STEAM              change=0.0308%
17:04:04  INFO        [U4U LOOP]    HRSG2_C2_SHP STEAM              change=0.0308%
17:04:04  INFO      
17:04:06  INFO        ==============================================================================
17:04:06  INFO        POWER DISPATCH  (April 2026)
17:04:06  INFO        ==============================================================================
17:04:06  INFO        Demand:  Process = 62526.31 MWh  |  Fixed = 62742.76 MWh  |  Total = 125269.07 MWh
17:04:06  INFO      
17:04:06  INFO        Step 1: Mandatory assets at MIN load, then optional if needed
17:04:06  INFO        Asset                      Priority   Man    Min MW    Max MW     Hours       Min MWh
17:04:06  INFO        -------------------------  --------  ----  --------  --------  --------  ------------
17:04:06  INFO        JMD - C2-GTG 1                    1     Y    104.00    105.00    720.00      74880.00
17:04:06  INFO        JMD - C2-GTG 2                    1     Y     64.00     67.00    720.00      46080.00
17:04:06  INFO        TOTAL MIN GENERATION                                                        120960.00
17:04:06  INFO      
17:04:06  INFO        ⚠ DEFICIT: MAX generation (123840.00 MWh) BELOW demand (125269.07 MWh)
17:04:06  INFO          Deficit = 1429.07 MWh
17:04:06  INFO      
17:04:06  INFO        FINAL DISPATCH
17:04:06  INFO        Asset                      Priority   Dispatched MW  Dispatched MWh    Load %   Avg Load MW  FreeStm Factor   Free Steam MT       Heat Rate   Aux Power MWh
17:04:06  INFO        -------------------------  --------  --------------  --------------  --------  ------------  ------------  --------------  --------------  --------------
17:04:06  INFO        JMD - C2-GTG 1                    1          105.00        75600.00    100.0%        105.00        1.5700       118692.00         2643.00          102.06
17:04:06  INFO        JMD - C2-GTG 2                    1           67.00        48240.00    100.0%         67.00        1.8300        88279.20         3120.84           65.12
17:04:06  INFO        TOTAL                                                     123840.00                                             206971.20                          167.18
17:04:06  INFO        ==============================================================================
17:04:07  INFO      
17:04:07  INFO        SPINNING MARGIN CONFIG
17:04:07  INFO        Required margin: 250.00 TPH
17:04:07  INFO        Asset                         Max TPH     Eff Max     Reserve
17:04:07  INFO        -------------------------  ----------  ----------  ----------
17:04:07  INFO        AUXBOIL7_SHP STEAM             220.00      132.70       87.30
17:04:07  INFO        HRSG1_C2_SHP STEAM             250.00      150.79       99.21
17:04:07  INFO        HRSG2_C2_SHP STEAM             160.00       96.51       63.49
17:04:07  INFO        TOTAL RESERVED                                         250.00
17:04:07  INFO        → Margin of 250.00 TPH successfully reserved
17:04:07  INFO      
17:04:07  INFO        ==============================================================================
17:04:07  INFO        STEAM DISPATCH  (April 2026)
17:04:07  INFO        ==============================================================================
17:04:07  INFO        Grade      Process/Fixed MT  Letdown MT  Byproduct MT     Net Demand MT
17:04:07  INFO        ---------  ----------------  ----------  ------------  ----------------
17:04:07  INFO        LP                 68993.75    23354.49     -44280.00          24713.75
17:04:07  INFO        MP                 36837.90    54173.16          0.00          60192.40
17:04:07  INFO        HP                 21140.05    70493.16          0.00          75313.21
17:04:07  INFO        SHP               379460.09        0.00          0.00         379460.09
17:04:07  INFO      
17:04:07  INFO        Total Free Steam available: 206971.20 MT
17:04:07  INFO      
17:04:07  INFO        FINAL SUPPLEMENTARY FIRING DISPATCH
17:04:07  INFO        Asset                      Priority   Man     Min TPH     Max TPH     Hours  Dispatched TPH   Dispatched MT    Load %
17:04:07  INFO        -------------------------  --------  ----  ----------  ----------  --------  --------------  --------------  --------
17:04:07  INFO        AUXBOIL7_SHP STEAM                2     Y       50.00      220.00    698.00          120.72        84260.09     54.9%
17:04:07  INFO        AUXBOIL8_SHP STEAM                1     Y       90.00      220.00      0.00            0.00            0.00      0.0%
17:04:07  INFO        HRSG1_C2_SHP STEAM                1     Y        0.00       85.15    720.00           85.15        61308.00    100.0%
17:04:07  INFO        HRSG2_C2_SHP STEAM                1     Y        0.00       37.39    720.00           37.39        26920.80    100.0%
17:04:07  INFO        TOTAL SUPPLEMENTARY                                                                         172488.89          
17:04:07  INFO        TOTAL STEAM GENERATED                                                                       379460.09          
17:04:07  INFO        ⚠ DEFICIT: Steam generation deficit of 0.00 MT
17:04:07  INFO      
17:04:07  INFO        ✓ STEAM SPINNING MARGIN OK: 386.74 TPH reserved (required: 250.00 TPH)
17:04:07  INFO        ==============================================================================
17:04:07  INFO      
17:04:07  INFO        [U4U LOOP] ==============================================================================
17:04:07  INFO        [U4U LOOP]  ITERATION 17
17:04:07  INFO        [U4U LOOP] ==============================================================================
17:04:07  INFO        [U4U LOOP]  Power:  demand=     133872.61 MWh   gen=     123840.00 MWh
17:04:07  INFO        [U4U LOOP]  Steam:  gen=     379460.09 MT
17:04:07  INFO      
17:04:07  INFO        [U4U LOOP]  Utility (ODS Material)            Old Demand    New Demand    U4U Demand    Change %
17:04:07  INFO        [U4U LOOP]  ------------------------------  ------------  ------------  ------------  ----------
17:04:07  INFO        [U4U LOOP]  AUXBOIL7_SHP STEAM                  85990.25      86016.76      86016.77     0.0308%
17:04:07  INFO        [U4U LOOP]  Boiler Feed Water                  427416.50     427534.63     427534.69     0.0276%
17:04:07  INFO        [U4U LOOP]  COMPRESED AIR_ASU                  744801.87     744801.89     744801.89     0.0000%
17:04:07  INFO        [U4U LOOP]  COMPRESSED AIR                   14603958.54   14603958.57    1983940.57     0.0000%
17:04:07  INFO        [U4U LOOP]  Cooling Water                      101100.22     101100.22        885.22     0.0000%
17:04:07  INFO        [U4U LOOP]  D M Water                          598183.72     598183.75     413321.07     0.0000%
17:04:07  INFO        [U4U LOOP]  Effluent Treated                   591541.83     591541.83     384180.83     0.0000%
17:04:07  INFO        [U4U LOOP]  HP Steam PRDS                       21139.99      21140.05      21140.05     0.0003%
17:04:07  INFO        [U4U LOOP]  HP Steam_Dis                        21140.05      21140.05      33154.11     0.0000%
17:04:07  INFO        [U4U LOOP]  HRSG1_C2_SHP STEAM                 179603.77     179659.15     179659.17     0.0308%
17:04:07  INFO        [U4U LOOP]  HRSG2_C2_SHP STEAM                 113749.05     113784.13     113784.14     0.0308%
17:04:07  INFO        [U4U LOOP]  LP Steam PRDS                       25352.28      25352.30      25352.31     0.0001%
17:04:07  INFO        [U4U LOOP]  LP Steam_Dis                        68993.75      68993.75      45924.56     0.0000%
17:04:07  INFO        [U4U LOOP]  MP Steam PRDS SHP                   36837.84      36837.84      36837.90     0.0000%
17:04:07  INFO        [U4U LOOP]  MP Steam_Dis                        36837.84      36837.90      24295.90     0.0002%
17:04:07  INFO        [U4U LOOP]  NITROGEN_ASU                     13332929.99   13332930.37     585869.39     0.0000%
17:04:07  INFO        [U4U LOOP]  Oxygen                              38907.00      38907.00          0.00     0.0000%
17:04:07  INFO        [U4U LOOP]  PROCESS FEED WATER                  31711.00      31711.00          0.00     0.0000%
17:04:07  INFO        [U4U LOOP]  Power_Dis                          133872.16     133872.61      51005.98     0.0003%
17:04:07  INFO        [U4U LOOP]  SHP Steam_Dis                      379460.03     379460.09      19787.09     0.0000%
17:04:07  INFO        [U4U LOOP]  Utility Water                     1617245.76    1617245.76      88432.76     0.0000%
17:04:07  INFO      
17:04:07  INFO        [U4U LOOP]  U4U CONSUMPTION BREAKDOWN (per producer per material):
17:04:07  INFO        [U4U LOOP]  Producer                   Material Consumed              Norm      Quantity
17:04:07  INFO        [U4U LOOP]  -------------------------  -------------------------  --------  ------------
17:04:07  INFO        [U4U LOOP]  JMD - C2-GTG 1             SynGas(Unshift)            0.004368     330220.80
17:04:07  INFO        [U4U LOOP]  JMD - C2-GTG 1             COMPRESSED AIR             0.001280      96768.00
17:04:07  INFO        [U4U LOOP]  JMD - C2-GTG 1             Cooling Water              0.000007        529.20
17:04:07  INFO        [U4U LOOP]  JMD - C2-GTG 1             NITROGEN_ASU               0.001660     125496.00
17:04:07  INFO        [U4U LOOP]  JMD - C2-GTG 1             Power_Dis                  0.001350     102060.00
17:04:07  INFO        [U4U LOOP]  JMD - C2-GTG 1             Utility Water              0.000023       1738.80
17:04:07  INFO        [U4U LOOP]  JMD - C2-GTG 2             SynGas(Unshift)            0.004485     216356.40
17:04:07  INFO        [U4U LOOP]  JMD - C2-GTG 2             COMPRESSED AIR             0.001280      61747.20
17:04:07  INFO        [U4U LOOP]  JMD - C2-GTG 2             Cooling Water              0.000007        337.68
17:04:07  INFO        [U4U LOOP]  JMD - C2-GTG 2             NITROGEN_ASU               0.001660      80078.40
17:04:07  INFO        [U4U LOOP]  JMD - C2-GTG 2             Power_Dis                  0.001350      65124.00
17:04:07  INFO        [U4U LOOP]  JMD - C2-GTG 2             Utility Water              0.000023       1109.52
17:04:07  INFO        [U4U LOOP]  AUXBOIL7_SHP STEAM         SynGas(Unshift)            2.876221     242350.64
17:04:07  INFO        [U4U LOOP]  AUXBOIL7_SHP STEAM         Boiler Feed Water          1.010000      85102.69
17:04:07  INFO        [U4U LOOP]  AUXBOIL7_SHP STEAM         Power_Dis                  3.850000     324401.35
17:04:07  INFO        [U4U LOOP]  HRSG1_C2_SHP STEAM         SynGas(Unshift)            3.376244     607723.92
17:04:07  INFO        [U4U LOOP]  HRSG1_C2_SHP STEAM         Boiler Feed Water          1.160000     208800.00
17:04:07  INFO        [U4U LOOP]  HRSG1_C2_SHP STEAM         HRSG1_C2_LP STEAM          -0.150000     -27000.00
17:04:07  INFO        [U4U LOOP]  HRSG1_C2_SHP STEAM         Power_Dis                  0.285000      51300.00
17:04:07  INFO        [U4U LOOP]  HRSG2_C2_SHP STEAM         SynGas(Unshift)            3.357468     386780.31
17:04:07  INFO        [U4U LOOP]  HRSG2_C2_SHP STEAM         Boiler Feed Water          1.160000     133632.00
17:04:07  INFO        [U4U LOOP]  HRSG2_C2_SHP STEAM         HRSG2_C2_LP STEAM          -0.150000     -17280.00
17:04:07  INFO        [U4U LOOP]  HRSG2_C2_SHP STEAM         Power_Dis                  0.285000      32832.00
17:04:07  INFO        [U4U LOOP]  Boiler Feed Water          D M Water                  0.900000     384781.17
17:04:07  INFO        [U4U LOOP]  Boiler Feed Water          LP Steam_Dis               0.100000      42753.46
17:04:07  INFO        [U4U LOOP]  Boiler Feed Water          Power_Dis                  8.100000    3463030.51
17:04:07  INFO        [U4U LOOP]  COMPRESED AIR_ASU          Power_Dis                  0.125000      93100.24
17:04:07  INFO        [U4U LOOP]  COMPRESSED AIR             COMPRESED AIR_ASU          0.051000     744801.89
17:04:07  INFO        [U4U LOOP]  COMPRESSED AIR             COMPRESSED AIR             0.002670      38992.57
17:04:07  INFO        [U4U LOOP]  COMPRESSED AIR             Power_Dis                  0.150000    2190593.79
17:04:07  INFO        [U4U LOOP]  Cooling Water              COMPRESSED AIR             0.974741      98546.53
17:04:07  INFO        [U4U LOOP]  Cooling Water              Effluent Treated           3.800000     384180.83
17:04:07  INFO        [U4U LOOP]  Cooling Water              Power_Dis                  210.900000   21322035.93
17:04:07  INFO        [U4U LOOP]  Cooling Water              SWRO WATER                 9.400000     950342.05
17:04:07  INFO        [U4U LOOP]  D M Water                  COMPRESSED AIR             0.049180      29418.68
17:04:07  INFO        [U4U LOOP]  D M Water                  NITROGEN_ASU               0.630000     376855.76
17:04:07  INFO        [U4U LOOP]  D M Water                  Power_Dis                  0.920000     550329.05
17:04:07  INFO        [U4U LOOP]  D M Water                  SWRO WATER                 1.150000     687911.31
17:04:07  INFO        [U4U LOOP]  Effluent Treated           COMPRESSED AIR             2.209302    1306894.54
17:04:07  INFO        [U4U LOOP]  Effluent Treated           Cooling Water              0.000031         18.34
17:04:07  INFO        [U4U LOOP]  Effluent Treated           NITROGEN_ASU               0.005814       3439.22
17:04:07  INFO        [U4U LOOP]  Effluent Treated           Power_Dis                  3.200000    1892933.85
17:04:07  INFO        [U4U LOOP]  Effluent Treated           Utility Water              0.029070      17196.12
17:04:07  INFO        [U4U LOOP]  NITROGEN_ASU               MP Steam_Dis               0.000021        279.99
17:04:07  INFO        [U4U LOOP]  NITROGEN_ASU               Power_Dis                  0.474260    6323275.56
17:04:07  INFO        [U4U LOOP]  NITROGEN_ASU               Ret steam condensate       -0.000011       -146.66
17:04:07  INFO        [U4U LOOP]  NITROGEN_ASU               Utility Water              0.001540      20532.71
17:04:07  INFO        [U4U LOOP]  Oxygen                     MP Steam_Dis               0.017000        661.42
17:04:07  INFO        [U4U LOOP]  Oxygen                     Power_Dis                  374.610000   14574951.27
17:04:07  INFO        [U4U LOOP]  Oxygen                     Ret steam condensate       -0.008000       -311.26
17:04:07  INFO        [U4U LOOP]  Oxygen                     Utility Water              1.230000      47855.61
17:04:07  INFO        [U4U LOOP]  PROCESS FEED WATER         D M Water                  0.900000      28539.90
17:04:07  INFO        [U4U LOOP]  PROCESS FEED WATER         LP Steam_Dis               0.100000       3171.10
17:04:07  INFO        [U4U LOOP]  PROCESS FEED WATER         Power_Dis                  0.631000      20009.64
17:04:07  INFO        [U4U LOOP]  Utility Water              COMPRESSED AIR             0.217390     351573.06
17:04:07  INFO        [U4U LOOP]  Utility Water              SWRO WATER                 1.100000    1778970.34
17:04:07  INFO        [U4U LOOP]  HP Steam_Dis               HP Steam PRDS              1.000000      21140.05
17:04:07  INFO        [U4U LOOP]  LP Steam_Dis               HRSG1_C2_LP STEAM          0.387271      26719.28
17:04:07  INFO        [U4U LOOP]  LP Steam_Dis               HRSG2_C2_LP STEAM          0.245271      16922.17
17:04:07  INFO        [U4U LOOP]  LP Steam_Dis               LP Steam PRDS              0.367458      25352.31
17:04:07  INFO        [U4U LOOP]  MP Steam_Dis               MP Steam PRDS SHP          1.000000      36837.90
17:04:07  INFO        [U4U LOOP]  SHP Steam_Dis              AUXBOIL7_SHP STEAM         0.226682      86016.77
17:04:07  INFO        [U4U LOOP]  SHP Steam_Dis              HRSG1_C2_SHP STEAM         0.473460     179659.17
17:04:07  INFO        [U4U LOOP]  SHP Steam_Dis              HRSG2_C2_SHP STEAM         0.299858     113784.14
17:04:07  INFO        [U4U LOOP]  LP Steam PRDS              MP Steam_Dis               0.945000      23354.49
17:04:07  INFO        [U4U LOOP]  MP Steam PRDS SHP          HP Steam_Dis               0.900000      33154.11
17:04:07  INFO        [U4U LOOP]  HP Steam PRDS              SHP Steam_Dis              0.936000      19787.09
17:04:07  INFO      
17:04:07  INFO        [U4U LOOP]  Not yet converged: 2 materials
17:04:07  INFO        [U4U LOOP]    D M Water                       change=0.0257%
17:04:07  INFO        [U4U LOOP]    LP Steam_Dis                    change=0.0257%
17:04:07  INFO      
17:04:09  INFO        ==============================================================================
17:04:09  INFO        POWER DISPATCH  (April 2026)
17:04:09  INFO        ==============================================================================
17:04:09  INFO        Demand:  Process = 62526.31 MWh  |  Fixed = 62743.72 MWh  |  Total = 125270.03 MWh
17:04:09  INFO      
17:04:09  INFO        Step 1: Mandatory assets at MIN load, then optional if needed
17:04:09  INFO        Asset                      Priority   Man    Min MW    Max MW     Hours       Min MWh
17:04:09  INFO        -------------------------  --------  ----  --------  --------  --------  ------------
17:04:09  INFO        JMD - C2-GTG 1                    1     Y    104.00    105.00    720.00      74880.00
17:04:09  INFO        JMD - C2-GTG 2                    1     Y     64.00     67.00    720.00      46080.00
17:04:09  INFO        TOTAL MIN GENERATION                                                        120960.00
17:04:09  INFO      
17:04:09  INFO        ⚠ DEFICIT: MAX generation (123840.00 MWh) BELOW demand (125270.03 MWh)
17:04:09  INFO          Deficit = 1430.03 MWh
17:04:09  INFO      
17:04:09  INFO        FINAL DISPATCH
17:04:09  INFO        Asset                      Priority   Dispatched MW  Dispatched MWh    Load %   Avg Load MW  FreeStm Factor   Free Steam MT       Heat Rate   Aux Power MWh
17:04:09  INFO        -------------------------  --------  --------------  --------------  --------  ------------  ------------  --------------  --------------  --------------
17:04:09  INFO        JMD - C2-GTG 1                    1          105.00        75600.00    100.0%        105.00        1.5700       118692.00         2643.00          102.06
17:04:09  INFO        JMD - C2-GTG 2                    1           67.00        48240.00    100.0%         67.00        1.8300        88279.20         3120.84           65.12
17:04:09  INFO        TOTAL                                                     123840.00                                             206971.20                          167.18
17:04:09  INFO        ==============================================================================
17:04:10  INFO      
17:04:10  INFO        SPINNING MARGIN CONFIG
17:04:10  INFO        Required margin: 250.00 TPH
17:04:10  INFO        Asset                         Max TPH     Eff Max     Reserve
17:04:10  INFO        -------------------------  ----------  ----------  ----------
17:04:10  INFO        AUXBOIL7_SHP STEAM             220.00      132.70       87.30
17:04:10  INFO        HRSG1_C2_SHP STEAM             250.00      150.79       99.21
17:04:10  INFO        HRSG2_C2_SHP STEAM             160.00       96.51       63.49
17:04:10  INFO        TOTAL RESERVED                                         250.00
17:04:10  INFO        → Margin of 250.00 TPH successfully reserved
17:04:10  INFO      
17:04:10  INFO        ==============================================================================
17:04:10  INFO        STEAM DISPATCH  (April 2026)
17:04:10  INFO        ==============================================================================
17:04:10  INFO        Grade      Process/Fixed MT  Letdown MT  Byproduct MT     Net Demand MT
17:04:10  INFO        ---------  ----------------  ----------  ------------  ----------------
17:04:10  INFO        LP                 69005.56    23365.66     -44280.00          24725.56
17:04:10  INFO        MP                 36837.90    54183.21          0.00          60203.56
17:04:10  INFO        HP                 21140.11    70502.62          0.00          75323.32
17:04:10  INFO        SHP               379460.09        0.00          0.00         379460.09
17:04:10  INFO      
17:04:10  INFO        Total Free Steam available: 206971.20 MT
17:04:10  INFO      
17:04:10  INFO        FINAL SUPPLEMENTARY FIRING DISPATCH
17:04:10  INFO        Asset                      Priority   Man     Min TPH     Max TPH     Hours  Dispatched TPH   Dispatched MT    Load %
17:04:10  INFO        -------------------------  --------  ----  ----------  ----------  --------  --------------  --------------  --------
17:04:10  INFO        AUXBOIL7_SHP STEAM                2     Y       50.00      220.00    698.00          120.72        84260.09     54.9%
17:04:10  INFO        AUXBOIL8_SHP STEAM                1     Y       90.00      220.00      0.00            0.00            0.00      0.0%
17:04:10  INFO        HRSG1_C2_SHP STEAM                1     Y        0.00       85.15    720.00           85.15        61308.00    100.0%
17:04:10  INFO        HRSG2_C2_SHP STEAM                1     Y        0.00       37.39    720.00           37.39        26920.80    100.0%
17:04:10  INFO        TOTAL SUPPLEMENTARY                                                                         172488.89          
17:04:10  INFO        TOTAL STEAM GENERATED                                                                       379460.09          
17:04:10  INFO        ⚠ DEFICIT: Steam generation deficit of 0.00 MT
17:04:10  INFO      
17:04:10  INFO        ✓ STEAM SPINNING MARGIN OK: 386.74 TPH reserved (required: 250.00 TPH)
17:04:10  INFO        ==============================================================================
17:04:10  INFO      
17:04:10  INFO        [U4U LOOP] ==============================================================================
17:04:10  INFO        [U4U LOOP]  ITERATION 18
17:04:10  INFO        [U4U LOOP] ==============================================================================
17:04:10  INFO        [U4U LOOP]  Power:  demand=     133873.57 MWh   gen=     123840.00 MWh
17:04:10  INFO        [U4U LOOP]  Steam:  gen=     379460.09 MT
17:04:10  INFO      
17:04:10  INFO        [U4U LOOP]  Utility (ODS Material)            Old Demand    New Demand    U4U Demand    Change %
17:04:10  INFO        [U4U LOOP]  ------------------------------  ------------  ------------  ------------  ----------
17:04:10  INFO        [U4U LOOP]  AUXBOIL7_SHP STEAM                  86016.76      86016.77      86016.77     0.0000%
17:04:10  INFO        [U4U LOOP]  Boiler Feed Water                  427534.63     427534.69     427534.69     0.0000%
17:04:10  INFO        [U4U LOOP]  COMPRESED AIR_ASU                  744801.89     744801.89     744801.89     0.0000%
17:04:10  INFO        [U4U LOOP]  COMPRESSED AIR                   14603958.57   14603958.57    1983945.80     0.0000%
17:04:10  INFO        [U4U LOOP]  Cooling Water                      101100.22     101100.22        885.22     0.0000%
17:04:10  INFO        [U4U LOOP]  D M Water                          598183.75     598290.07     413321.12     0.0178%
17:04:10  INFO        [U4U LOOP]  Effluent Treated                   591541.83     591541.83     384180.83     0.0000%
17:04:10  INFO        [U4U LOOP]  HP Steam PRDS                       21140.05      21140.05      21140.11     0.0000%
17:04:10  INFO        [U4U LOOP]  HP Steam_Dis                        21140.05      21140.11      33154.11     0.0003%
17:04:10  INFO        [U4U LOOP]  HRSG1_C2_SHP STEAM                 179659.15     179659.17     179659.17     0.0000%
17:04:10  INFO        [U4U LOOP]  HRSG2_C2_SHP STEAM                 113784.13     113784.14     113784.14     0.0000%
17:04:10  INFO        [U4U LOOP]  LP Steam PRDS                       25352.30      25352.31      25356.65     0.0000%
17:04:10  INFO        [U4U LOOP]  LP Steam_Dis                        68993.75      69005.56      45924.57     0.0171%
17:04:10  INFO        [U4U LOOP]  MP Steam PRDS SHP                   36837.84      36837.90      36837.90     0.0002%
17:04:10  INFO        [U4U LOOP]  MP Steam_Dis                        36837.90      36837.90      24307.07     0.0000%
17:04:10  INFO        [U4U LOOP]  NITROGEN_ASU                     13332930.37   13332930.39     585936.37     0.0000%
17:04:10  INFO        [U4U LOOP]  Oxygen                              38907.00      38907.00          0.00     0.0000%
17:04:10  INFO        [U4U LOOP]  PROCESS FEED WATER                  31711.00      31711.00          0.00     0.0000%
17:04:10  INFO        [U4U LOOP]  Power_Dis                          133872.61     133873.57      51006.08     0.0007%
17:04:10  INFO        [U4U LOOP]  SHP Steam_Dis                      379460.09     379460.09      19787.14     0.0000%
17:04:10  INFO        [U4U LOOP]  Utility Water                     1617245.76    1617245.76      88432.76     0.0000%
17:04:10  INFO      
17:04:10  INFO        [U4U LOOP]  U4U CONSUMPTION BREAKDOWN (per producer per material):
17:04:10  INFO        [U4U LOOP]  Producer                   Material Consumed              Norm      Quantity
17:04:10  INFO        [U4U LOOP]  -------------------------  -------------------------  --------  ------------
17:04:10  INFO        [U4U LOOP]  JMD - C2-GTG 1             SynGas(Unshift)            0.004368     330220.80
17:04:10  INFO        [U4U LOOP]  JMD - C2-GTG 1             COMPRESSED AIR             0.001280      96768.00
17:04:10  INFO        [U4U LOOP]  JMD - C2-GTG 1             Cooling Water              0.000007        529.20
17:04:10  INFO        [U4U LOOP]  JMD - C2-GTG 1             NITROGEN_ASU               0.001660     125496.00
17:04:10  INFO        [U4U LOOP]  JMD - C2-GTG 1             Power_Dis                  0.001350     102060.00
17:04:10  INFO        [U4U LOOP]  JMD - C2-GTG 1             Utility Water              0.000023       1738.80
17:04:11  INFO        [U4U LOOP]  JMD - C2-GTG 2             SynGas(Unshift)            0.004485     216356.40
17:04:11  INFO        [U4U LOOP]  JMD - C2-GTG 2             COMPRESSED AIR             0.001280      61747.20
17:04:11  INFO        [U4U LOOP]  JMD - C2-GTG 2             Cooling Water              0.000007        337.68
17:04:11  INFO        [U4U LOOP]  JMD - C2-GTG 2             NITROGEN_ASU               0.001660      80078.40
17:04:11  INFO        [U4U LOOP]  JMD - C2-GTG 2             Power_Dis                  0.001350      65124.00
17:04:11  INFO        [U4U LOOP]  JMD - C2-GTG 2             Utility Water              0.000023       1109.52
17:04:11  INFO        [U4U LOOP]  AUXBOIL7_SHP STEAM         SynGas(Unshift)            2.876221     242350.64
17:04:11  INFO        [U4U LOOP]  AUXBOIL7_SHP STEAM         Boiler Feed Water          1.010000      85102.69
17:04:11  INFO        [U4U LOOP]  AUXBOIL7_SHP STEAM         Power_Dis                  3.850000     324401.35
17:04:11  INFO        [U4U LOOP]  HRSG1_C2_SHP STEAM         SynGas(Unshift)            3.376244     607723.92
17:04:11  INFO        [U4U LOOP]  HRSG1_C2_SHP STEAM         Boiler Feed Water          1.160000     208800.00
17:04:11  INFO        [U4U LOOP]  HRSG1_C2_SHP STEAM         HRSG1_C2_LP STEAM          -0.150000     -27000.00
17:04:11  INFO        [U4U LOOP]  HRSG1_C2_SHP STEAM         Power_Dis                  0.285000      51300.00
17:04:11  INFO        [U4U LOOP]  HRSG2_C2_SHP STEAM         SynGas(Unshift)            3.357468     386780.31
17:04:11  INFO        [U4U LOOP]  HRSG2_C2_SHP STEAM         Boiler Feed Water          1.160000     133632.00
17:04:11  INFO        [U4U LOOP]  HRSG2_C2_SHP STEAM         HRSG2_C2_LP STEAM          -0.150000     -17280.00
17:04:11  INFO        [U4U LOOP]  HRSG2_C2_SHP STEAM         Power_Dis                  0.285000      32832.00
17:04:11  INFO        [U4U LOOP]  Boiler Feed Water          D M Water                  0.900000     384781.22
17:04:11  INFO        [U4U LOOP]  Boiler Feed Water          LP Steam_Dis               0.100000      42753.47
17:04:11  INFO        [U4U LOOP]  Boiler Feed Water          Power_Dis                  8.100000    3463031.00
17:04:11  INFO        [U4U LOOP]  COMPRESED AIR_ASU          Power_Dis                  0.125000      93100.24
17:04:11  INFO        [U4U LOOP]  COMPRESSED AIR             COMPRESED AIR_ASU          0.051000     744801.89
17:04:11  INFO        [U4U LOOP]  COMPRESSED AIR             COMPRESSED AIR             0.002670      38992.57
17:04:11  INFO        [U4U LOOP]  COMPRESSED AIR             Power_Dis                  0.150000    2190593.79
17:04:11  INFO        [U4U LOOP]  Cooling Water              COMPRESSED AIR             0.974741      98546.53
17:04:11  INFO        [U4U LOOP]  Cooling Water              Effluent Treated           3.800000     384180.83
17:04:11  INFO        [U4U LOOP]  Cooling Water              Power_Dis                  210.900000   21322035.93
17:04:11  INFO        [U4U LOOP]  Cooling Water              SWRO WATER                 9.400000     950342.05
17:04:11  INFO        [U4U LOOP]  D M Water                  COMPRESSED AIR             0.049180      29423.91
17:04:11  INFO        [U4U LOOP]  D M Water                  NITROGEN_ASU               0.630000     376922.74
17:04:11  INFO        [U4U LOOP]  D M Water                  Power_Dis                  0.920000     550426.86
17:04:11  INFO        [U4U LOOP]  D M Water                  SWRO WATER                 1.150000     688033.58
17:04:11  INFO        [U4U LOOP]  Effluent Treated           COMPRESSED AIR             2.209302    1306894.54
17:04:11  INFO        [U4U LOOP]  Effluent Treated           Cooling Water              0.000031         18.34
17:04:11  INFO        [U4U LOOP]  Effluent Treated           NITROGEN_ASU               0.005814       3439.22
17:04:11  INFO        [U4U LOOP]  Effluent Treated           Power_Dis                  3.200000    1892933.85
17:04:11  INFO        [U4U LOOP]  Effluent Treated           Utility Water              0.029070      17196.12
17:04:11  INFO        [U4U LOOP]  NITROGEN_ASU               MP Steam_Dis               0.000021        279.99
17:04:11  INFO        [U4U LOOP]  NITROGEN_ASU               Power_Dis                  0.474260    6323275.57
17:04:11  INFO        [U4U LOOP]  NITROGEN_ASU               Ret steam condensate       -0.000011       -146.66
17:04:11  INFO        [U4U LOOP]  NITROGEN_ASU               Utility Water              0.001540      20532.71
17:04:11  INFO        [U4U LOOP]  Oxygen                     MP Steam_Dis               0.017000        661.42
17:04:11  INFO        [U4U LOOP]  Oxygen                     Power_Dis                  374.610000   14574951.27
17:04:11  INFO        [U4U LOOP]  Oxygen                     Ret steam condensate       -0.008000       -311.26
17:04:11  INFO        [U4U LOOP]  Oxygen                     Utility Water              1.230000      47855.61
17:04:11  INFO        [U4U LOOP]  PROCESS FEED WATER         D M Water                  0.900000      28539.90
17:04:11  INFO        [U4U LOOP]  PROCESS FEED WATER         LP Steam_Dis               0.100000       3171.10
17:04:11  INFO        [U4U LOOP]  PROCESS FEED WATER         Power_Dis                  0.631000      20009.64
17:04:11  INFO        [U4U LOOP]  Utility Water              COMPRESSED AIR             0.217390     351573.06
17:04:11  INFO        [U4U LOOP]  Utility Water              SWRO WATER                 1.100000    1778970.34
17:04:11  INFO        [U4U LOOP]  HP Steam_Dis               HP Steam PRDS              1.000000      21140.11
17:04:11  INFO        [U4U LOOP]  LP Steam_Dis               HRSG1_C2_LP STEAM          0.387271      26723.85
17:04:11  INFO        [U4U LOOP]  LP Steam_Dis               HRSG2_C2_LP STEAM          0.245271      16925.06
17:04:11  INFO        [U4U LOOP]  LP Steam_Dis               LP Steam PRDS              0.367458      25356.65
17:04:11  INFO        [U4U LOOP]  MP Steam_Dis               MP Steam PRDS SHP          1.000000      36837.90
17:04:11  INFO        [U4U LOOP]  SHP Steam_Dis              AUXBOIL7_SHP STEAM         0.226682      86016.77
17:04:11  INFO        [U4U LOOP]  SHP Steam_Dis              HRSG1_C2_SHP STEAM         0.473460     179659.17
17:04:11  INFO        [U4U LOOP]  SHP Steam_Dis              HRSG2_C2_SHP STEAM         0.299858     113784.14
17:04:11  INFO        [U4U LOOP]  LP Steam PRDS              MP Steam_Dis               0.945000      23365.66
17:04:11  INFO        [U4U LOOP]  MP Steam PRDS SHP          HP Steam_Dis               0.900000      33154.11
17:04:11  INFO        [U4U LOOP]  HP Steam PRDS              SHP Steam_Dis              0.936000      19787.14
17:04:11  INFO      
17:04:11  INFO        [U4U LOOP]  Not yet converged: 3 materials
17:04:11  INFO        [U4U LOOP]    LP Steam PRDS                   change=0.0171%
17:04:11  INFO        [U4U LOOP]    MP Steam_Dis                    change=0.0459%
17:04:11  INFO        [U4U LOOP]    NITROGEN_ASU                    change=0.0114%
17:04:11  INFO      
17:04:12  INFO        ==============================================================================
17:04:12  INFO        POWER DISPATCH  (April 2026)
17:04:12  INFO        ==============================================================================
17:04:12  INFO        Demand:  Process = 62526.31 MWh  |  Fixed = 62743.82 MWh  |  Total = 125270.13 MWh
17:04:12  INFO      
17:04:12  INFO        Step 1: Mandatory assets at MIN load, then optional if needed
17:04:12  INFO        Asset                      Priority   Man    Min MW    Max MW     Hours       Min MWh
17:04:12  INFO        -------------------------  --------  ----  --------  --------  --------  ------------
17:04:12  INFO        JMD - C2-GTG 1                    1     Y    104.00    105.00    720.00      74880.00
17:04:12  INFO        JMD - C2-GTG 2                    1     Y     64.00     67.00    720.00      46080.00
17:04:12  INFO        TOTAL MIN GENERATION                                                        120960.00
17:04:12  INFO      
17:04:12  INFO        ⚠ DEFICIT: MAX generation (123840.00 MWh) BELOW demand (125270.13 MWh)
17:04:12  INFO          Deficit = 1430.13 MWh
17:04:12  INFO      
17:04:12  INFO        FINAL DISPATCH
17:04:12  INFO        Asset                      Priority   Dispatched MW  Dispatched MWh    Load %   Avg Load MW  FreeStm Factor   Free Steam MT       Heat Rate   Aux Power MWh
17:04:12  INFO        -------------------------  --------  --------------  --------------  --------  ------------  ------------  --------------  --------------  --------------
17:04:12  INFO        JMD - C2-GTG 1                    1          105.00        75600.00    100.0%        105.00        1.5700       118692.00         2643.00          102.06
17:04:12  INFO        JMD - C2-GTG 2                    1           67.00        48240.00    100.0%         67.00        1.8300        88279.20         3120.84           65.12
17:04:12  INFO        TOTAL                                                     123840.00                                             206971.20                          167.18
17:04:12  INFO        ==============================================================================
17:04:13  INFO      
17:04:13  INFO        SPINNING MARGIN CONFIG
17:04:13  INFO        Required margin: 250.00 TPH
17:04:13  INFO        Asset                         Max TPH     Eff Max     Reserve
17:04:13  INFO        -------------------------  ----------  ----------  ----------
17:04:13  INFO        AUXBOIL7_SHP STEAM             220.00      132.70       87.30
17:04:13  INFO        HRSG1_C2_SHP STEAM             250.00      150.79       99.21
17:04:13  INFO        HRSG2_C2_SHP STEAM             160.00       96.51       63.49
17:04:13  INFO        TOTAL RESERVED                                         250.00
17:04:13  INFO        → Margin of 250.00 TPH successfully reserved
17:04:13  INFO      
17:04:13  INFO        ==============================================================================
17:04:13  INFO        STEAM DISPATCH  (April 2026)
17:04:13  INFO        ==============================================================================
17:04:13  INFO        Grade      Process/Fixed MT  Letdown MT  Byproduct MT     Net Demand MT
17:04:13  INFO        ---------  ----------------  ----------  ------------  ----------------
17:04:13  INFO        LP                 69005.57    23365.66     -44280.00          24725.57
17:04:13  INFO        MP                 36849.07    54193.26          0.00          60214.73
17:04:13  INFO        HP                 21140.11    70512.04          0.00          75333.37
17:04:13  INFO        SHP               379460.14        0.00          0.00         379460.14
17:04:13  INFO      
17:04:13  INFO        Total Free Steam available: 206971.20 MT
17:04:13  INFO      
17:04:13  INFO        FINAL SUPPLEMENTARY FIRING DISPATCH
17:04:13  INFO        Asset                      Priority   Man     Min TPH     Max TPH     Hours  Dispatched TPH   Dispatched MT    Load %
17:04:13  INFO        -------------------------  --------  ----  ----------  ----------  --------  --------------  --------------  --------
17:04:13  INFO        AUXBOIL7_SHP STEAM                2     Y       50.00      220.00    698.00          120.72        84260.14     54.9%
17:04:13  INFO        AUXBOIL8_SHP STEAM                1     Y       90.00      220.00      0.00            0.00            0.00      0.0%
17:04:13  INFO        HRSG1_C2_SHP STEAM                1     Y        0.00       85.15    720.00           85.15        61308.00    100.0%
17:04:13  INFO        HRSG2_C2_SHP STEAM                1     Y        0.00       37.39    720.00           37.39        26920.80    100.0%
17:04:13  INFO        TOTAL SUPPLEMENTARY                                                                         172488.94          
17:04:13  INFO        TOTAL STEAM GENERATED                                                                       379460.14          
17:04:13  INFO        ✓ Steam demand met exactly
17:04:13  INFO      
17:04:13  INFO        ✓ STEAM SPINNING MARGIN OK: 386.74 TPH reserved (required: 250.00 TPH)
17:04:13  INFO        ==============================================================================
17:04:14  INFO      
17:04:14  INFO        [U4U LOOP] ==============================================================================
17:04:14  INFO        [U4U LOOP]  ITERATION 19
17:04:14  INFO        [U4U LOOP] ==============================================================================
17:04:14  INFO        [U4U LOOP]  Power:  demand=     133873.67 MWh   gen=     123840.00 MWh
17:04:14  INFO        [U4U LOOP]  Steam:  gen=     379460.14 MT
17:04:14  INFO      
17:04:14  INFO        [U4U LOOP]  Utility (ODS Material)            Old Demand    New Demand    U4U Demand    Change %
17:04:14  INFO        [U4U LOOP]  ------------------------------  ------------  ------------  ------------  ----------
17:04:14  INFO        [U4U LOOP]  AUXBOIL7_SHP STEAM                  86016.77      86016.77      86016.78     0.0000%
17:04:14  INFO        [U4U LOOP]  Boiler Feed Water                  427534.69     427534.69     427534.74     0.0000%
17:04:14  INFO        [U4U LOOP]  COMPRESED AIR_ASU                  744801.89     744801.89     744802.15     0.0000%
17:04:14  INFO        [U4U LOOP]  COMPRESSED AIR                   14603958.57   14603963.80    1983945.82     0.0000%
17:04:14  INFO        [U4U LOOP]  Cooling Water                      101100.22     101100.22        885.22     0.0000%
17:04:14  INFO        [U4U LOOP]  D M Water                          598290.07     598290.12     413321.12     0.0000%
17:04:14  INFO        [U4U LOOP]  Effluent Treated                   591541.83     591541.83     384180.83     0.0000%
17:04:14  INFO        [U4U LOOP]  HP Steam PRDS                       21140.05      21140.11      21140.11     0.0003%
17:04:14  INFO        [U4U LOOP]  HP Steam_Dis                        21140.11      21140.11      33164.16     0.0000%
17:04:14  INFO        [U4U LOOP]  HRSG1_C2_SHP STEAM                 179659.17     179659.17     179659.20     0.0000%
17:04:14  INFO        [U4U LOOP]  HRSG2_C2_SHP STEAM                 113784.14     113784.14     113784.16     0.0000%
17:04:14  INFO        [U4U LOOP]  LP Steam PRDS                       25352.31      25356.65      25356.65     0.0171%
17:04:14  INFO        [U4U LOOP]  LP Steam_Dis                        69005.56      69005.57      45924.57     0.0000%
17:04:14  INFO        [U4U LOOP]  MP Steam PRDS SHP                   36837.90      36837.90      36849.07     0.0000%
17:04:14  INFO        [U4U LOOP]  MP Steam_Dis                        36837.90      36849.07      24307.07     0.0303%
17:04:14  INFO        [U4U LOOP]  NITROGEN_ASU                     13332930.39   13332997.37     585936.40     0.0005%
17:04:14  INFO        [U4U LOOP]  Oxygen                              38907.00      38907.00          0.00     0.0000%
17:04:14  INFO        [U4U LOOP]  PROCESS FEED WATER                  31711.00      31711.00          0.00     0.0000%
17:04:14  INFO        [U4U LOOP]  Power_Dis                          133873.57     133873.67      51006.11     0.0001%
17:04:14  INFO        [U4U LOOP]  SHP Steam_Dis                      379460.09     379460.14      19787.15     0.0000%
17:04:14  INFO        [U4U LOOP]  Utility Water                     1617245.76    1617245.76      88432.87     0.0000%
17:04:14  INFO      
17:04:14  INFO        [U4U LOOP]  U4U CONSUMPTION BREAKDOWN (per producer per material):
17:04:14  INFO        [U4U LOOP]  Producer                   Material Consumed              Norm      Quantity
17:04:14  INFO        [U4U LOOP]  -------------------------  -------------------------  --------  ------------
17:04:14  INFO        [U4U LOOP]  JMD - C2-GTG 1             SynGas(Unshift)            0.004368     330220.80
17:04:14  INFO        [U4U LOOP]  JMD - C2-GTG 1             COMPRESSED AIR             0.001280      96768.00
17:04:14  INFO        [U4U LOOP]  JMD - C2-GTG 1             Cooling Water              0.000007        529.20
17:04:14  INFO        [U4U LOOP]  JMD - C2-GTG 1             NITROGEN_ASU               0.001660     125496.00
17:04:14  INFO        [U4U LOOP]  JMD - C2-GTG 1             Power_Dis                  0.001350     102060.00
17:04:14  INFO        [U4U LOOP]  JMD - C2-GTG 1             Utility Water              0.000023       1738.80
17:04:14  INFO        [U4U LOOP]  JMD - C2-GTG 2             SynGas(Unshift)            0.004485     216356.40
17:04:14  INFO        [U4U LOOP]  JMD - C2-GTG 2             COMPRESSED AIR             0.001280      61747.20
17:04:14  INFO        [U4U LOOP]  JMD - C2-GTG 2             Cooling Water              0.000007        337.68
17:04:14  INFO        [U4U LOOP]  JMD - C2-GTG 2             NITROGEN_ASU               0.001660      80078.40
17:04:14  INFO        [U4U LOOP]  JMD - C2-GTG 2             Power_Dis                  0.001350      65124.00
17:04:14  INFO        [U4U LOOP]  JMD - C2-GTG 2             Utility Water              0.000023       1109.52
17:04:14  INFO        [U4U LOOP]  AUXBOIL7_SHP STEAM         SynGas(Unshift)            2.876221     242350.78
17:04:14  INFO        [U4U LOOP]  AUXBOIL7_SHP STEAM         Boiler Feed Water          1.010000      85102.74
17:04:14  INFO        [U4U LOOP]  AUXBOIL7_SHP STEAM         Power_Dis                  3.850000     324401.54
17:04:14  INFO        [U4U LOOP]  HRSG1_C2_SHP STEAM         SynGas(Unshift)            3.376244     607723.92
17:04:14  INFO        [U4U LOOP]  HRSG1_C2_SHP STEAM         Boiler Feed Water          1.160000     208800.00
17:04:14  INFO        [U4U LOOP]  HRSG1_C2_SHP STEAM         HRSG1_C2_LP STEAM          -0.150000     -27000.00
17:04:14  INFO        [U4U LOOP]  HRSG1_C2_SHP STEAM         Power_Dis                  0.285000      51300.00
17:04:14  INFO        [U4U LOOP]  HRSG2_C2_SHP STEAM         SynGas(Unshift)            3.357468     386780.31
17:04:14  INFO        [U4U LOOP]  HRSG2_C2_SHP STEAM         Boiler Feed Water          1.160000     133632.00
17:04:14  INFO        [U4U LOOP]  HRSG2_C2_SHP STEAM         HRSG2_C2_LP STEAM          -0.150000     -17280.00
17:04:14  INFO        [U4U LOOP]  HRSG2_C2_SHP STEAM         Power_Dis                  0.285000      32832.00
17:04:14  INFO        [U4U LOOP]  Boiler Feed Water          D M Water                  0.900000     384781.22
17:04:14  INFO        [U4U LOOP]  Boiler Feed Water          LP Steam_Dis               0.100000      42753.47
17:04:14  INFO        [U4U LOOP]  Boiler Feed Water          Power_Dis                  8.100000    3463031.00
17:04:14  INFO        [U4U LOOP]  COMPRESED AIR_ASU          Power_Dis                  0.125000      93100.24
17:04:14  INFO        [U4U LOOP]  COMPRESSED AIR             COMPRESED AIR_ASU          0.051000     744802.15
17:04:14  INFO        [U4U LOOP]  COMPRESSED AIR             COMPRESSED AIR             0.002670      38992.58
17:04:14  INFO        [U4U LOOP]  COMPRESSED AIR             Power_Dis                  0.150000    2190594.57
17:04:14  INFO        [U4U LOOP]  Cooling Water              COMPRESSED AIR             0.974741      98546.53
17:04:14  INFO        [U4U LOOP]  Cooling Water              Effluent Treated           3.800000     384180.83
17:04:14  INFO        [U4U LOOP]  Cooling Water              Power_Dis                  210.900000   21322035.93
17:04:14  INFO        [U4U LOOP]  Cooling Water              SWRO WATER                 9.400000     950342.05
17:04:14  INFO        [U4U LOOP]  D M Water                  COMPRESSED AIR             0.049180      29423.91
17:04:14  INFO        [U4U LOOP]  D M Water                  NITROGEN_ASU               0.630000     376922.78
17:04:14  INFO        [U4U LOOP]  D M Water                  Power_Dis                  0.920000     550426.91
17:04:14  INFO        [U4U LOOP]  D M Water                  SWRO WATER                 1.150000     688033.64
17:04:14  INFO        [U4U LOOP]  Effluent Treated           COMPRESSED AIR             2.209302    1306894.54
17:04:14  INFO        [U4U LOOP]  Effluent Treated           Cooling Water              0.000031         18.34
17:04:14  INFO        [U4U LOOP]  Effluent Treated           NITROGEN_ASU               0.005814       3439.22
17:04:14  INFO        [U4U LOOP]  Effluent Treated           Power_Dis                  3.200000    1892933.85
17:04:14  INFO        [U4U LOOP]  Effluent Treated           Utility Water              0.029070      17196.12
17:04:14  INFO        [U4U LOOP]  NITROGEN_ASU               MP Steam_Dis               0.000021        279.99
17:04:14  INFO        [U4U LOOP]  NITROGEN_ASU               Power_Dis                  0.474260    6323307.33
17:04:14  INFO        [U4U LOOP]  NITROGEN_ASU               Ret steam condensate       -0.000011       -146.66
17:04:14  INFO        [U4U LOOP]  NITROGEN_ASU               Utility Water              0.001540      20532.82
17:04:14  INFO        [U4U LOOP]  Oxygen                     MP Steam_Dis               0.017000        661.42
17:04:14  INFO        [U4U LOOP]  Oxygen                     Power_Dis                  374.610000   14574951.27
17:04:14  INFO        [U4U LOOP]  Oxygen                     Ret steam condensate       -0.008000       -311.26
17:04:14  INFO        [U4U LOOP]  Oxygen                     Utility Water              1.230000      47855.61
17:04:14  INFO        [U4U LOOP]  PROCESS FEED WATER         D M Water                  0.900000      28539.90
17:04:14  INFO        [U4U LOOP]  PROCESS FEED WATER         LP Steam_Dis               0.100000       3171.10
17:04:14  INFO        [U4U LOOP]  PROCESS FEED WATER         Power_Dis                  0.631000      20009.64
17:04:14  INFO        [U4U LOOP]  Utility Water              COMPRESSED AIR             0.217390     351573.06
17:04:14  INFO        [U4U LOOP]  Utility Water              SWRO WATER                 1.100000    1778970.34
17:04:14  INFO        [U4U LOOP]  HP Steam_Dis               HP Steam PRDS              1.000000      21140.11
17:04:14  INFO        [U4U LOOP]  LP Steam_Dis               HRSG1_C2_LP STEAM          0.387271      26723.86
17:04:14  INFO        [U4U LOOP]  LP Steam_Dis               HRSG2_C2_LP STEAM          0.245271      16925.06
17:04:14  INFO        [U4U LOOP]  LP Steam_Dis               LP Steam PRDS              0.367458      25356.65
17:04:14  INFO        [U4U LOOP]  MP Steam_Dis               MP Steam PRDS SHP          1.000000      36849.07
17:04:14  INFO        [U4U LOOP]  SHP Steam_Dis              AUXBOIL7_SHP STEAM         0.226682      86016.78
17:04:14  INFO        [U4U LOOP]  SHP Steam_Dis              HRSG1_C2_SHP STEAM         0.473460     179659.20
17:04:14  INFO        [U4U LOOP]  SHP Steam_Dis              HRSG2_C2_SHP STEAM         0.299858     113784.16
17:04:14  INFO        [U4U LOOP]  LP Steam PRDS              MP Steam_Dis               0.945000      23365.66
17:04:14  INFO        [U4U LOOP]  MP Steam PRDS SHP          HP Steam_Dis               0.900000      33164.16
17:04:14  INFO        [U4U LOOP]  HP Steam PRDS              SHP Steam_Dis              0.936000      19787.15
17:04:14  INFO      
17:04:14  INFO        [U4U LOOP]  Not yet converged: 2 materials
17:04:14  INFO        [U4U LOOP]    HP Steam_Dis                    change=0.0303%
17:04:14  INFO        [U4U LOOP]    MP Steam PRDS SHP               change=0.0303%
17:04:14  INFO      
17:04:15  INFO        ==============================================================================
17:04:15  INFO        POWER DISPATCH  (April 2026)
17:04:15  INFO        ==============================================================================
17:04:15  INFO        Demand:  Process = 62526.31 MWh  |  Fixed = 62743.85 MWh  |  Total = 125270.16 MWh
17:04:15  INFO      
17:04:15  INFO        Step 1: Mandatory assets at MIN load, then optional if needed
17:04:15  INFO        Asset                      Priority   Man    Min MW    Max MW     Hours       Min MWh
17:04:15  INFO        -------------------------  --------  ----  --------  --------  --------  ------------
17:04:15  INFO        JMD - C2-GTG 1                    1     Y    104.00    105.00    720.00      74880.00
17:04:15  INFO        JMD - C2-GTG 2                    1     Y     64.00     67.00    720.00      46080.00
17:04:15  INFO        TOTAL MIN GENERATION                                                        120960.00
17:04:15  INFO      
17:04:15  INFO        ⚠ DEFICIT: MAX generation (123840.00 MWh) BELOW demand (125270.16 MWh)
17:04:15  INFO          Deficit = 1430.16 MWh
17:04:15  INFO      
17:04:15  INFO        FINAL DISPATCH
17:04:15  INFO        Asset                      Priority   Dispatched MW  Dispatched MWh    Load %   Avg Load MW  FreeStm Factor   Free Steam MT       Heat Rate   Aux Power MWh
17:04:15  INFO        -------------------------  --------  --------------  --------------  --------  ------------  ------------  --------------  --------------  --------------
17:04:15  INFO        JMD - C2-GTG 1                    1          105.00        75600.00    100.0%        105.00        1.5700       118692.00         2643.00          102.06
17:04:15  INFO        JMD - C2-GTG 2                    1           67.00        48240.00    100.0%         67.00        1.8300        88279.20         3120.84           65.12
17:04:15  INFO        TOTAL                                                     123840.00                                             206971.20                          167.18
17:04:15  INFO        ==============================================================================
17:04:17  INFO      
17:04:17  INFO        SPINNING MARGIN CONFIG
17:04:17  INFO        Required margin: 250.00 TPH
17:04:17  INFO        Asset                         Max TPH     Eff Max     Reserve
17:04:17  INFO        -------------------------  ----------  ----------  ----------
17:04:17  INFO        AUXBOIL7_SHP STEAM             220.00      132.70       87.30
17:04:17  INFO        HRSG1_C2_SHP STEAM             250.00      150.79       99.21
17:04:17  INFO        HRSG2_C2_SHP STEAM             160.00       96.51       63.49
17:04:17  INFO        TOTAL RESERVED                                         250.00
17:04:17  INFO        → Margin of 250.00 TPH successfully reserved
17:04:17  INFO      
17:04:17  INFO        ==============================================================================
17:04:17  INFO        STEAM DISPATCH  (April 2026)
17:04:17  INFO        ==============================================================================
17:04:17  INFO        Grade      Process/Fixed MT  Letdown MT  Byproduct MT     Net Demand MT
17:04:17  INFO        ---------  ----------------  ----------  ------------  ----------------
17:04:17  INFO        LP                 69005.57    23365.66     -44280.00          24725.57
17:04:17  INFO        MP                 36849.07    54193.26          0.00          60214.74
17:04:17  INFO        HP                 21150.16    70521.45          0.00          75343.42
17:04:17  INFO        SHP               379460.15        0.00          0.00         379460.15
17:04:17  INFO      
17:04:17  INFO        Total Free Steam available: 206971.20 MT
17:04:17  INFO      
17:04:17  INFO        FINAL SUPPLEMENTARY FIRING DISPATCH
17:04:17  INFO        Asset                      Priority   Man     Min TPH     Max TPH     Hours  Dispatched TPH   Dispatched MT    Load %
17:04:17  INFO        -------------------------  --------  ----  ----------  ----------  --------  --------------  --------------  --------
17:04:17  INFO        AUXBOIL7_SHP STEAM                2     Y       50.00      220.00    698.00          120.72        84260.15     54.9%
17:04:17  INFO        AUXBOIL8_SHP STEAM                1     Y       90.00      220.00      0.00            0.00            0.00      0.0%
17:04:17  INFO        HRSG1_C2_SHP STEAM                1     Y        0.00       85.15    720.00           85.15        61308.00    100.0%
17:04:17  INFO        HRSG2_C2_SHP STEAM                1     Y        0.00       37.39    720.00           37.39        26920.80    100.0%
17:04:17  INFO        TOTAL SUPPLEMENTARY                                                                         172488.95          
17:04:17  INFO        TOTAL STEAM GENERATED                                                                       379460.15          
17:04:17  INFO        ✓ Steam demand met exactly
17:04:17  INFO      
17:04:17  INFO        ✓ STEAM SPINNING MARGIN OK: 386.74 TPH reserved (required: 250.00 TPH)
17:04:17  INFO        ==============================================================================
17:04:17  INFO      
17:04:17  INFO        [U4U LOOP] ==============================================================================
17:04:17  INFO        [U4U LOOP]  ITERATION 20
17:04:17  INFO        [U4U LOOP] ==============================================================================
17:04:17  INFO        [U4U LOOP]  Power:  demand=     133873.70 MWh   gen=     123840.00 MWh
17:04:17  INFO        [U4U LOOP]  Steam:  gen=     379460.15 MT
17:04:17  INFO      
17:04:17  INFO        [U4U LOOP]  Utility (ODS Material)            Old Demand    New Demand    U4U Demand    Change %
17:04:17  INFO        [U4U LOOP]  ------------------------------  ------------  ------------  ------------  ----------
17:04:17  INFO        [U4U LOOP]  AUXBOIL7_SHP STEAM                  86016.77      86016.78      86016.78     0.0000%
17:04:17  INFO        [U4U LOOP]  Boiler Feed Water                  427534.69     427534.74     427534.75     0.0000%
17:04:17  INFO        [U4U LOOP]  COMPRESED AIR_ASU                  744801.89     744802.15     744802.15     0.0000%
17:04:17  INFO        [U4U LOOP]  COMPRESSED AIR                   14603963.80   14603963.82    1983945.84     0.0000%
17:04:17  INFO        [U4U LOOP]  Cooling Water                      101100.22     101100.22        885.22     0.0000%
17:04:17  INFO        [U4U LOOP]  D M Water                          598290.12     598290.12     413321.17     0.0000%
17:04:17  INFO        [U4U LOOP]  Effluent Treated                   591541.83     591541.83     384180.83     0.0000%
17:04:17  INFO        [U4U LOOP]  HP Steam PRDS                       21140.11      21140.11      21150.16     0.0000%
17:04:17  INFO        [U4U LOOP]  HP Steam_Dis                        21140.11      21150.16      33164.17     0.0475%
17:04:17  INFO        [U4U LOOP]  HRSG1_C2_SHP STEAM                 179659.17     179659.20     179659.20     0.0000%
17:04:17  INFO        [U4U LOOP]  HRSG2_C2_SHP STEAM                 113784.14     113784.16     113784.16     0.0000%
17:04:17  INFO        [U4U LOOP]  LP Steam PRDS                       25356.65      25356.65      25356.65     0.0000%
17:04:17  INFO        [U4U LOOP]  LP Steam_Dis                        69005.57      69005.57      45924.57     0.0000%
17:04:17  INFO        [U4U LOOP]  MP Steam PRDS SHP                   36837.90      36849.07      36849.07     0.0303%
17:04:17  INFO        [U4U LOOP]  MP Steam_Dis                        36849.07      36849.07      24307.07     0.0000%
17:04:17  INFO        [U4U LOOP]  NITROGEN_ASU                     13332997.37   13332997.40     585936.40     0.0000%
17:04:17  INFO        [U4U LOOP]  Oxygen                              38907.00      38907.00          0.00     0.0000%
17:04:17  INFO        [U4U LOOP]  PROCESS FEED WATER                  31711.00      31711.00          0.00     0.0000%
17:04:17  INFO        [U4U LOOP]  Power_Dis                          133873.67     133873.70      51006.11     0.0000%
17:04:17  INFO        [U4U LOOP]  SHP Steam_Dis                      379460.14     379460.15      19796.55     0.0000%
17:04:17  INFO        [U4U LOOP]  Utility Water                     1617245.76    1617245.87      88432.87     0.0000%
17:04:17  INFO      
17:04:17  INFO        [U4U LOOP]  U4U CONSUMPTION BREAKDOWN (per producer per material):
17:04:17  INFO        [U4U LOOP]  Producer                   Material Consumed              Norm      Quantity
17:04:17  INFO        [U4U LOOP]  -------------------------  -------------------------  --------  ------------
17:04:17  INFO        [U4U LOOP]  JMD - C2-GTG 1             SynGas(Unshift)            0.004368     330220.80
17:04:17  INFO        [U4U LOOP]  JMD - C2-GTG 1             COMPRESSED AIR             0.001280      96768.00
17:04:17  INFO        [U4U LOOP]  JMD - C2-GTG 1             Cooling Water              0.000007        529.20
17:04:17  INFO        [U4U LOOP]  JMD - C2-GTG 1             NITROGEN_ASU               0.001660     125496.00
17:04:17  INFO        [U4U LOOP]  JMD - C2-GTG 1             Power_Dis                  0.001350     102060.00
17:04:17  INFO        [U4U LOOP]  JMD - C2-GTG 1             Utility Water              0.000023       1738.80
17:04:17  INFO        [U4U LOOP]  JMD - C2-GTG 2             SynGas(Unshift)            0.004485     216356.40
17:04:17  INFO        [U4U LOOP]  JMD - C2-GTG 2             COMPRESSED AIR             0.001280      61747.20
17:04:17  INFO        [U4U LOOP]  JMD - C2-GTG 2             Cooling Water              0.000007        337.68
17:04:17  INFO        [U4U LOOP]  JMD - C2-GTG 2             NITROGEN_ASU               0.001660      80078.40
17:04:17  INFO        [U4U LOOP]  JMD - C2-GTG 2             Power_Dis                  0.001350      65124.00
17:04:17  INFO        [U4U LOOP]  JMD - C2-GTG 2             Utility Water              0.000023       1109.52
17:04:17  INFO        [U4U LOOP]  AUXBOIL7_SHP STEAM         SynGas(Unshift)            2.876221     242350.81
17:04:17  INFO        [U4U LOOP]  AUXBOIL7_SHP STEAM         Boiler Feed Water          1.010000      85102.75
17:04:17  INFO        [U4U LOOP]  AUXBOIL7_SHP STEAM         Power_Dis                  3.850000     324401.58
17:04:17  INFO        [U4U LOOP]  HRSG1_C2_SHP STEAM         SynGas(Unshift)            3.376244     607723.92
17:04:17  INFO        [U4U LOOP]  HRSG1_C2_SHP STEAM         Boiler Feed Water          1.160000     208800.00
17:04:17  INFO        [U4U LOOP]  HRSG1_C2_SHP STEAM         HRSG1_C2_LP STEAM          -0.150000     -27000.00
17:04:17  INFO        [U4U LOOP]  HRSG1_C2_SHP STEAM         Power_Dis                  0.285000      51300.00
17:04:17  INFO        [U4U LOOP]  HRSG2_C2_SHP STEAM         SynGas(Unshift)            3.357468     386780.31
17:04:17  INFO        [U4U LOOP]  HRSG2_C2_SHP STEAM         Boiler Feed Water          1.160000     133632.00
17:04:17  INFO        [U4U LOOP]  HRSG2_C2_SHP STEAM         HRSG2_C2_LP STEAM          -0.150000     -17280.00
17:04:17  INFO        [U4U LOOP]  HRSG2_C2_SHP STEAM         Power_Dis                  0.285000      32832.00
17:04:17  INFO        [U4U LOOP]  Boiler Feed Water          D M Water                  0.900000     384781.27
17:04:17  INFO        [U4U LOOP]  Boiler Feed Water          LP Steam_Dis               0.100000      42753.47
17:04:17  INFO        [U4U LOOP]  Boiler Feed Water          Power_Dis                  8.100000    3463031.41
17:04:17  INFO        [U4U LOOP]  COMPRESED AIR_ASU          Power_Dis                  0.125000      93100.27
17:04:17  INFO        [U4U LOOP]  COMPRESSED AIR             COMPRESED AIR_ASU          0.051000     744802.15
17:04:17  INFO        [U4U LOOP]  COMPRESSED AIR             COMPRESSED AIR             0.002670      38992.58
17:04:17  INFO        [U4U LOOP]  COMPRESSED AIR             Power_Dis                  0.150000    2190594.57
17:04:17  INFO        [U4U LOOP]  Cooling Water              COMPRESSED AIR             0.974741      98546.53
17:04:17  INFO        [U4U LOOP]  Cooling Water              Effluent Treated           3.800000     384180.83
17:04:17  INFO        [U4U LOOP]  Cooling Water              Power_Dis                  210.900000   21322035.93
17:04:17  INFO        [U4U LOOP]  Cooling Water              SWRO WATER                 9.400000     950342.05
17:04:17  INFO        [U4U LOOP]  D M Water                  COMPRESSED AIR             0.049180      29423.91
17:04:17  INFO        [U4U LOOP]  D M Water                  NITROGEN_ASU               0.630000     376922.78
17:04:17  INFO        [U4U LOOP]  D M Water                  Power_Dis                  0.920000     550426.91
17:04:17  INFO        [U4U LOOP]  D M Water                  SWRO WATER                 1.150000     688033.64
17:04:17  INFO        [U4U LOOP]  Effluent Treated           COMPRESSED AIR             2.209302    1306894.54
17:04:17  INFO        [U4U LOOP]  Effluent Treated           Cooling Water              0.000031         18.34
17:04:17  INFO        [U4U LOOP]  Effluent Treated           NITROGEN_ASU               0.005814       3439.22
17:04:17  INFO        [U4U LOOP]  Effluent Treated           Power_Dis                  3.200000    1892933.85
17:04:17  INFO        [U4U LOOP]  Effluent Treated           Utility Water              0.029070      17196.12
17:04:17  INFO        [U4U LOOP]  NITROGEN_ASU               MP Steam_Dis               0.000021        279.99
17:04:17  INFO        [U4U LOOP]  NITROGEN_ASU               Power_Dis                  0.474260    6323307.35
17:04:17  INFO        [U4U LOOP]  NITROGEN_ASU               Ret steam condensate       -0.000011       -146.66
17:04:17  INFO        [U4U LOOP]  NITROGEN_ASU               Utility Water              0.001540      20532.82
17:04:17  INFO        [U4U LOOP]  Oxygen                     MP Steam_Dis               0.017000        661.42
17:04:17  INFO        [U4U LOOP]  Oxygen                     Power_Dis                  374.610000   14574951.27
17:04:17  INFO        [U4U LOOP]  Oxygen                     Ret steam condensate       -0.008000       -311.26
17:04:17  INFO        [U4U LOOP]  Oxygen                     Utility Water              1.230000      47855.61
17:04:17  INFO        [U4U LOOP]  PROCESS FEED WATER         D M Water                  0.900000      28539.90
17:04:17  INFO        [U4U LOOP]  PROCESS FEED WATER         LP Steam_Dis               0.100000       3171.10
17:04:17  INFO        [U4U LOOP]  PROCESS FEED WATER         Power_Dis                  0.631000      20009.64
17:04:17  INFO        [U4U LOOP]  Utility Water              COMPRESSED AIR             0.217390     351573.08
17:04:17  INFO        [U4U LOOP]  Utility Water              SWRO WATER                 1.100000    1778970.45
17:04:17  INFO        [U4U LOOP]  HP Steam_Dis               HP Steam PRDS              1.000000      21150.16
17:04:17  INFO        [U4U LOOP]  LP Steam_Dis               HRSG1_C2_LP STEAM          0.387271      26723.86
17:04:17  INFO        [U4U LOOP]  LP Steam_Dis               HRSG2_C2_LP STEAM          0.245271      16925.06
17:04:17  INFO        [U4U LOOP]  LP Steam_Dis               LP Steam PRDS              0.367458      25356.65
17:04:17  INFO        [U4U LOOP]  MP Steam_Dis               MP Steam PRDS SHP          1.000000      36849.07
17:04:17  INFO        [U4U LOOP]  SHP Steam_Dis              AUXBOIL7_SHP STEAM         0.226682      86016.78
17:04:17  INFO        [U4U LOOP]  SHP Steam_Dis              HRSG1_C2_SHP STEAM         0.473460     179659.20
17:04:17  INFO        [U4U LOOP]  SHP Steam_Dis              HRSG2_C2_SHP STEAM         0.299858     113784.16
17:04:17  INFO        [U4U LOOP]  LP Steam PRDS              MP Steam_Dis               0.945000      23365.66
17:04:17  INFO        [U4U LOOP]  MP Steam PRDS SHP          HP Steam_Dis               0.900000      33164.17
17:04:17  INFO        [U4U LOOP]  HP Steam PRDS              SHP Steam_Dis              0.936000      19796.55
17:04:17  INFO      
17:04:17  INFO        [U4U LOOP]  Not yet converged: 2 materials
17:04:17  INFO        [U4U LOOP]    HP Steam PRDS                   change=0.0475%
17:04:17  INFO        [U4U LOOP]    SHP Steam_Dis                   change=0.0475%
17:04:17  INFO      
17:04:19  INFO        ==============================================================================
17:04:19  INFO        POWER DISPATCH  (April 2026)
17:04:19  INFO        ==============================================================================
17:04:19  INFO        Demand:  Process = 62526.31 MWh  |  Fixed = 62743.85 MWh  |  Total = 125270.16 MWh
17:04:19  INFO      
17:04:19  INFO        Step 1: Mandatory assets at MIN load, then optional if needed
17:04:19  INFO        Asset                      Priority   Man    Min MW    Max MW     Hours       Min MWh
17:04:19  INFO        -------------------------  --------  ----  --------  --------  --------  ------------
17:04:19  INFO        JMD - C2-GTG 1                    1     Y    104.00    105.00    720.00      74880.00
17:04:19  INFO        JMD - C2-GTG 2                    1     Y     64.00     67.00    720.00      46080.00
17:04:19  INFO        TOTAL MIN GENERATION                                                        120960.00
17:04:19  INFO      
17:04:19  INFO        ⚠ DEFICIT: MAX generation (123840.00 MWh) BELOW demand (125270.16 MWh)
17:04:19  INFO          Deficit = 1430.16 MWh
17:04:19  INFO      
17:04:19  INFO        FINAL DISPATCH
17:04:19  INFO        Asset                      Priority   Dispatched MW  Dispatched MWh    Load %   Avg Load MW  FreeStm Factor   Free Steam MT       Heat Rate   Aux Power MWh
17:04:19  INFO        -------------------------  --------  --------------  --------------  --------  ------------  ------------  --------------  --------------  --------------
17:04:19  INFO        JMD - C2-GTG 1                    1          105.00        75600.00    100.0%        105.00        1.5700       118692.00         2643.00          102.06
17:04:19  INFO        JMD - C2-GTG 2                    1           67.00        48240.00    100.0%         67.00        1.8300        88279.20         3120.84           65.12
17:04:19  INFO        TOTAL                                                     123840.00                                             206971.20                          167.18
17:04:19  INFO        ==============================================================================
17:04:20  INFO      
17:04:20  INFO        SPINNING MARGIN CONFIG
17:04:20  INFO        Required margin: 250.00 TPH
17:04:20  INFO        Asset                         Max TPH     Eff Max     Reserve
17:04:20  INFO        -------------------------  ----------  ----------  ----------
17:04:20  INFO        AUXBOIL7_SHP STEAM             220.00      132.70       87.30
17:04:20  INFO        HRSG1_C2_SHP STEAM             250.00      150.79       99.21
17:04:20  INFO        HRSG2_C2_SHP STEAM             160.00       96.51       63.49
17:04:20  INFO        TOTAL RESERVED                                         250.00
17:04:20  INFO        → Margin of 250.00 TPH successfully reserved
17:04:20  INFO      
17:04:20  INFO        ==============================================================================
17:04:20  INFO        STEAM DISPATCH  (April 2026)
17:04:20  INFO        ==============================================================================
17:04:20  INFO        Grade      Process/Fixed MT  Letdown MT  Byproduct MT     Net Demand MT
17:04:20  INFO        ---------  ----------------  ----------  ------------  ----------------
17:04:20  INFO        LP                 69005.57    23365.67     -44280.00          24725.57
17:04:20  INFO        MP                 36849.07    54193.27          0.00          60214.74
17:04:20  INFO        HP                 21150.17    70521.46          0.00          75343.44
17:04:20  INFO        SHP               379469.55        0.00          0.00         379469.55
17:04:20  INFO      
17:04:20  INFO        Total Free Steam available: 206971.20 MT
17:04:20  INFO      
17:04:20  INFO        FINAL SUPPLEMENTARY FIRING DISPATCH
17:04:20  INFO        Asset                      Priority   Man     Min TPH     Max TPH     Hours  Dispatched TPH   Dispatched MT    Load %
17:04:20  INFO        -------------------------  --------  ----  ----------  ----------  --------  --------------  --------------  --------
17:04:20  INFO        AUXBOIL7_SHP STEAM                2     Y       50.00      220.00    698.00          120.73        84269.55     54.9%
17:04:20  INFO        AUXBOIL8_SHP STEAM                1     Y       90.00      220.00      0.00            0.00            0.00      0.0%
17:04:20  INFO        HRSG1_C2_SHP STEAM                1     Y        0.00       85.15    720.00           85.15        61308.00    100.0%
17:04:20  INFO        HRSG2_C2_SHP STEAM                1     Y        0.00       37.39    720.00           37.39        26920.80    100.0%
17:04:20  INFO        TOTAL SUPPLEMENTARY                                                                         172498.35          
17:04:20  INFO        TOTAL STEAM GENERATED                                                                       379469.55          
17:04:20  INFO        ✓ Steam demand met exactly
17:04:20  INFO      
17:04:20  INFO        ✓ STEAM SPINNING MARGIN OK: 386.73 TPH reserved (required: 250.00 TPH)
17:04:20  INFO        ==============================================================================
17:04:20  INFO      
17:04:20  INFO        [U4U LOOP] ==============================================================================
17:04:20  INFO        [U4U LOOP]  ITERATION 21
17:04:20  INFO        [U4U LOOP] ==============================================================================
17:04:20  INFO        [U4U LOOP]  Power:  demand=     133873.70 MWh   gen=     123840.00 MWh
17:04:20  INFO        [U4U LOOP]  Steam:  gen=     379469.55 MT
17:04:20  INFO      
17:04:20  INFO        [U4U LOOP]  Utility (ODS Material)            Old Demand    New Demand    U4U Demand    Change %
17:04:20  INFO        [U4U LOOP]  ------------------------------  ------------  ------------  ------------  ----------
17:04:20  INFO        [U4U LOOP]  AUXBOIL7_SHP STEAM                  86016.78      86016.78      86018.92     0.0000%
17:04:20  INFO        [U4U LOOP]  Boiler Feed Water                  427534.74     427534.75     427544.25     0.0000%
17:04:20  INFO        [U4U LOOP]  COMPRESED AIR_ASU                  744802.15     744802.15     744802.16     0.0000%
17:04:20  INFO        [U4U LOOP]  COMPRESSED AIR                   14603963.82   14603963.84    1983945.84     0.0000%
17:04:20  INFO        [U4U LOOP]  Cooling Water                      101100.22     101100.22        885.22     0.0000%
17:04:20  INFO        [U4U LOOP]  D M Water                          598290.12     598290.17     413321.18     0.0000%
17:04:20  INFO        [U4U LOOP]  Effluent Treated                   591541.83     591541.83     384180.83     0.0000%
17:04:20  INFO        [U4U LOOP]  HP Steam PRDS                       21140.11      21150.16      21150.17     0.0475%
17:04:20  INFO        [U4U LOOP]  HP Steam_Dis                        21150.16      21150.17      33164.17     0.0000%
17:04:20  INFO        [U4U LOOP]  HRSG1_C2_SHP STEAM                 179659.20     179659.20     179663.65     0.0000%
17:04:20  INFO        [U4U LOOP]  HRSG2_C2_SHP STEAM                 113784.16     113784.16     113786.98     0.0000%
17:04:20  INFO        [U4U LOOP]  LP Steam PRDS                       25356.65      25356.65      25356.65     0.0000%
17:04:20  INFO        [U4U LOOP]  LP Steam_Dis                        69005.57      69005.57      45924.58     0.0000%
17:04:20  INFO        [U4U LOOP]  MP Steam PRDS SHP                   36849.07      36849.07      36849.07     0.0000%
17:04:20  INFO        [U4U LOOP]  MP Steam_Dis                        36849.07      36849.07      24307.08     0.0000%
17:04:20  INFO        [U4U LOOP]  NITROGEN_ASU                     13332997.40   13332997.40     585936.43     0.0000%
17:04:20  INFO        [U4U LOOP]  Oxygen                              38907.00      38907.00          0.00     0.0000%
17:04:20  INFO        [U4U LOOP]  PROCESS FEED WATER                  31711.00      31711.00          0.00     0.0000%
17:04:20  INFO        [U4U LOOP]  Power_Dis                          133873.70     133873.70      51006.15     0.0000%
17:04:20  INFO        [U4U LOOP]  SHP Steam_Dis                      379460.15     379469.55      19796.56     0.0025%
17:04:20  INFO        [U4U LOOP]  Utility Water                     1617245.87    1617245.87      88432.87     0.0000%
17:04:20  INFO      
17:04:20  INFO        [U4U LOOP]  U4U CONSUMPTION BREAKDOWN (per producer per material):
17:04:20  INFO        [U4U LOOP]  Producer                   Material Consumed              Norm      Quantity
17:04:20  INFO        [U4U LOOP]  -------------------------  -------------------------  --------  ------------
17:04:20  INFO        [U4U LOOP]  JMD - C2-GTG 1             SynGas(Unshift)            0.004368     330220.80
17:04:20  INFO        [U4U LOOP]  JMD - C2-GTG 1             COMPRESSED AIR             0.001280      96768.00
17:04:20  INFO        [U4U LOOP]  JMD - C2-GTG 1             Cooling Water              0.000007        529.20
17:04:20  INFO        [U4U LOOP]  JMD - C2-GTG 1             NITROGEN_ASU               0.001660     125496.00
17:04:20  INFO        [U4U LOOP]  JMD - C2-GTG 1             Power_Dis                  0.001350     102060.00
17:04:20  INFO        [U4U LOOP]  JMD - C2-GTG 1             Utility Water              0.000023       1738.80
17:04:20  INFO        [U4U LOOP]  JMD - C2-GTG 2             SynGas(Unshift)            0.004485     216356.40
17:04:20  INFO        [U4U LOOP]  JMD - C2-GTG 2             COMPRESSED AIR             0.001280      61747.20
17:04:20  INFO        [U4U LOOP]  JMD - C2-GTG 2             Cooling Water              0.000007        337.68
17:04:20  INFO        [U4U LOOP]  JMD - C2-GTG 2             NITROGEN_ASU               0.001660      80078.40
17:04:20  INFO        [U4U LOOP]  JMD - C2-GTG 2             Power_Dis                  0.001350      65124.00
17:04:20  INFO        [U4U LOOP]  JMD - C2-GTG 2             Utility Water              0.000023       1109.52
17:04:20  INFO        [U4U LOOP]  AUXBOIL7_SHP STEAM         SynGas(Unshift)            2.876221     242377.85
17:04:20  INFO        [U4U LOOP]  AUXBOIL7_SHP STEAM         Boiler Feed Water          1.010000      85112.25
17:04:20  INFO        [U4U LOOP]  AUXBOIL7_SHP STEAM         Power_Dis                  3.850000     324437.77
17:04:20  INFO        [U4U LOOP]  HRSG1_C2_SHP STEAM         SynGas(Unshift)            3.376244     607723.92
17:04:20  INFO        [U4U LOOP]  HRSG1_C2_SHP STEAM         Boiler Feed Water          1.160000     208800.00
17:04:20  INFO        [U4U LOOP]  HRSG1_C2_SHP STEAM         HRSG1_C2_LP STEAM          -0.150000     -27000.00
17:04:20  INFO        [U4U LOOP]  HRSG1_C2_SHP STEAM         Power_Dis                  0.285000      51300.00
17:04:20  INFO        [U4U LOOP]  HRSG2_C2_SHP STEAM         SynGas(Unshift)            3.357468     386780.31
17:04:20  INFO        [U4U LOOP]  HRSG2_C2_SHP STEAM         Boiler Feed Water          1.160000     133632.00
17:04:20  INFO        [U4U LOOP]  HRSG2_C2_SHP STEAM         HRSG2_C2_LP STEAM          -0.150000     -17280.00
17:04:20  INFO        [U4U LOOP]  HRSG2_C2_SHP STEAM         Power_Dis                  0.285000      32832.00
17:04:20  INFO        [U4U LOOP]  Boiler Feed Water          D M Water                  0.900000     384781.28
17:04:20  INFO        [U4U LOOP]  Boiler Feed Water          LP Steam_Dis               0.100000      42753.48
17:04:20  INFO        [U4U LOOP]  Boiler Feed Water          Power_Dis                  8.100000    3463031.49
17:04:20  INFO        [U4U LOOP]  COMPRESED AIR_ASU          Power_Dis                  0.125000      93100.27
17:04:20  INFO        [U4U LOOP]  COMPRESSED AIR             COMPRESED AIR_ASU          0.051000     744802.16
17:04:20  INFO        [U4U LOOP]  COMPRESSED AIR             COMPRESSED AIR             0.002670      38992.58
17:04:20  INFO        [U4U LOOP]  COMPRESSED AIR             Power_Dis                  0.150000    2190594.58
17:04:20  INFO        [U4U LOOP]  Cooling Water              COMPRESSED AIR             0.974741      98546.53
17:04:20  INFO        [U4U LOOP]  Cooling Water              Effluent Treated           3.800000     384180.83
17:04:20  INFO        [U4U LOOP]  Cooling Water              Power_Dis                  210.900000   21322035.93
17:04:20  INFO        [U4U LOOP]  Cooling Water              SWRO WATER                 9.400000     950342.05
17:04:20  INFO        [U4U LOOP]  D M Water                  COMPRESSED AIR             0.049180      29423.91
17:04:20  INFO        [U4U LOOP]  D M Water                  NITROGEN_ASU               0.630000     376922.81
17:04:20  INFO        [U4U LOOP]  D M Water                  Power_Dis                  0.920000     550426.95
17:04:20  INFO        [U4U LOOP]  D M Water                  SWRO WATER                 1.150000     688033.69
17:04:20  INFO        [U4U LOOP]  Effluent Treated           COMPRESSED AIR             2.209302    1306894.54
17:04:20  INFO        [U4U LOOP]  Effluent Treated           Cooling Water              0.000031         18.34
17:04:20  INFO        [U4U LOOP]  Effluent Treated           NITROGEN_ASU               0.005814       3439.22
17:04:20  INFO        [U4U LOOP]  Effluent Treated           Power_Dis                  3.200000    1892933.85
17:04:20  INFO        [U4U LOOP]  Effluent Treated           Utility Water              0.029070      17196.12
17:04:20  INFO        [U4U LOOP]  NITROGEN_ASU               MP Steam_Dis               0.000021        279.99
17:04:20  INFO        [U4U LOOP]  NITROGEN_ASU               Power_Dis                  0.474260    6323307.35
17:04:20  INFO        [U4U LOOP]  NITROGEN_ASU               Ret steam condensate       -0.000011       -146.66
17:04:20  INFO        [U4U LOOP]  NITROGEN_ASU               Utility Water              0.001540      20532.82
17:04:20  INFO        [U4U LOOP]  Oxygen                     MP Steam_Dis               0.017000        661.42
17:04:20  INFO        [U4U LOOP]  Oxygen                     Power_Dis                  374.610000   14574951.27
17:04:20  INFO        [U4U LOOP]  Oxygen                     Ret steam condensate       -0.008000       -311.26
17:04:20  INFO        [U4U LOOP]  Oxygen                     Utility Water              1.230000      47855.61
17:04:20  INFO        [U4U LOOP]  PROCESS FEED WATER         D M Water                  0.900000      28539.90
17:04:20  INFO        [U4U LOOP]  PROCESS FEED WATER         LP Steam_Dis               0.100000       3171.10
17:04:20  INFO        [U4U LOOP]  PROCESS FEED WATER         Power_Dis                  0.631000      20009.64
17:04:20  INFO        [U4U LOOP]  Utility Water              COMPRESSED AIR             0.217390     351573.08
17:04:20  INFO        [U4U LOOP]  Utility Water              SWRO WATER                 1.100000    1778970.45
17:04:20  INFO        [U4U LOOP]  HP Steam_Dis               HP Steam PRDS              1.000000      21150.17
17:04:20  INFO        [U4U LOOP]  LP Steam_Dis               HRSG1_C2_LP STEAM          0.387271      26723.86
17:04:20  INFO        [U4U LOOP]  LP Steam_Dis               HRSG2_C2_LP STEAM          0.245271      16925.07
17:04:20  INFO        [U4U LOOP]  LP Steam_Dis               LP Steam PRDS              0.367458      25356.65
17:04:20  INFO        [U4U LOOP]  MP Steam_Dis               MP Steam PRDS SHP          1.000000      36849.07
17:04:20  INFO        [U4U LOOP]  SHP Steam_Dis              AUXBOIL7_SHP STEAM         0.226682      86018.92
17:04:20  INFO        [U4U LOOP]  SHP Steam_Dis              HRSG1_C2_SHP STEAM         0.473460     179663.65
17:04:20  INFO        [U4U LOOP]  SHP Steam_Dis              HRSG2_C2_SHP STEAM         0.299858     113786.98
17:04:20  INFO        [U4U LOOP]  LP Steam PRDS              MP Steam_Dis               0.945000      23365.67
17:04:20  INFO        [U4U LOOP]  MP Steam PRDS SHP          HP Steam_Dis               0.900000      33164.17
17:04:20  INFO        [U4U LOOP]  HP Steam PRDS              SHP Steam_Dis              0.936000      19796.56
17:04:20  INFO      
17:04:20  INFO        [U4U LOOP]  All materials converged within tolerance
17:04:20  INFO      
17:04:20  INFO      
17:04:20  INFO        [U4U LOOP] ✓ CONVERGED in 21 iterations
17:04:20  INFO      
17:04:20  INFO        ==============================================================================
17:04:20  INFO        U4U ITERATION LOOP — FINAL SUMMARY
17:04:20  INFO        ==============================================================================
17:04:20  INFO        Converged: ✓ YES  |  Iterations: 21
17:04:20  INFO      
17:04:20  INFO        ==============================================================================
17:04:20  INFO        EXCESS POWER & STEAM AVAILABILITY (for export)
17:04:20  INFO        ==============================================================================
17:04:20  INFO      
17:04:20  INFO        POWER BALANCE
17:04:20  INFO        Total Demand (incl U4U)              125270.16  MWh
17:04:20  INFO        GT/STG Generation                    123840.00  MWh
17:04:20  INFO        External Import Power                  8603.54  MWh
17:04:20  INFO        Total Supply (Gen+Import)            132443.54  MWh
17:04:20  INFO        Auxiliary Consumption                   167.18  MWh
17:04:20  INFO      
17:04:20  INFO        ⚠ POWER DEFICIT: 1430.16 MWh (generation insufficient)
17:04:20  INFO      
17:04:20  INFO        Power Asset Dispatch Summary:
17:04:20  INFO        Asset                       Gross MWh     Aux MWh     Net MWh      Status
17:04:20  INFO        -------------------------  ----------  ----------  ----------  ----------
17:04:20  INFO        JMD - C2-GTG 1               75600.00      102.06    75497.94      AT MAX
17:04:20  INFO        JMD - C2-GTG 2               48240.00       65.12    48174.88      AT MAX
17:04:20  INFO      
17:04:20  INFO        Total Plant Capacity (max)   123840.00  MWh
17:04:20  INFO        Total Plant Min             120960.00  MWh
17:04:20  INFO        Current Generation          123840.00  MWh
17:04:20  INFO      
17:04:20  INFO        STEAM BALANCE (SHP)
17:04:20  INFO        Total SHP Demand (incl U4U)          379469.55  MT
17:04:20  INFO        Free Steam (from GT exhaust)         206971.20  MT
17:04:20  INFO        Supplementary Firing                 172498.35  MT
17:04:20  INFO        Total Steam Generation               379469.55  MT
17:04:20  INFO        ✓ Steam demand met exactly — no surplus or deficit
17:04:20  INFO      
17:04:20  INFO        Steam Asset Dispatch Summary:
17:04:20  INFO        Asset                      Dispatched MT        Max MT        Min MT      Status
17:04:20  INFO        -------------------------  ------------  ------------  ------------  ----------
17:04:20  INFO        AUXBOIL7_SHP STEAM             84269.55        220.00         50.00      AT MAX
17:04:20  INFO        AUXBOIL8_SHP STEAM                 0.00        220.00         90.00      AT MIN
17:04:20  INFO        HRSG1_C2_SHP STEAM             61308.00         85.15          0.00      AT MAX
17:04:20  INFO        HRSG2_C2_SHP STEAM             26920.80         37.39          0.00      AT MAX
17:04:20  INFO      
17:04:20  INFO        Total Steam Capacity (max)        562.54  MT
17:04:20  INFO        Total Steam Min                  140.00  MT
17:04:20  INFO        Current Supp. Generation      172498.35  MT
17:04:20  INFO      
17:04:20  INFO        ==============================================================================
17:04:20  INFO      
17:04:20  INFO        ==============================================================================
17:04:20  INFO        DEMAND vs GENERATION BALANCE TABLE
17:04:20  INFO        ==============================================================================
17:04:20  INFO        Utility                         Process         Fixed           U4U       Letdown    Total Demand      Generation         Balance
17:04:20  INFO        -------------------------  ------------  ------------  ------------  ------------  --------------  --------------  --------------
17:04:20  INFO        AUXBOIL7_SHP STEAM                 0.00          0.00      86018.92          0.00        86016.78        86016.78            0.00
17:04:20  INFO        Boiler Feed Water                  0.00          0.00     427544.25          0.00       427534.75       427534.75            0.00
17:04:20  INFO        COMPRESED AIR_ASU                  0.00          0.00     744802.16          0.00       744802.15       744802.15            0.00
17:04:20  INFO        COMPRESSED AIR              11292305.00    1327713.00    1983945.84          0.00     14603963.84     14603963.84            0.00
17:04:20  INFO        Cooling Water                  89343.00      10872.00        885.22          0.00       101100.22       101100.22            0.00
17:04:20  INFO        D M Water                     129256.00      55713.00     413321.18          0.00       598290.17       598290.17            0.00
17:04:20  INFO        Effluent Treated               75601.00     131760.00     384180.83          0.00       591541.83       591541.83            0.00
17:04:20  INFO        HP Steam_Dis                  -12252.00        238.00      33164.17      70521.46        75343.44        75343.44            0.00
17:04:20  INFO        HRSG1_C2_SHP STEAM                 0.00          0.00     179663.65          0.00       179659.20       179659.20            0.00
17:04:20  INFO        HRSG2_C2_SHP STEAM                 0.00          0.00     113786.98          0.00       113784.16       113784.16            0.00
17:04:20  INFO        LP Steam_Dis                   18336.00       4745.00      45924.58      23365.67        69005.57        69005.57            0.00
17:04:20  INFO        MP Steam_Dis                    4617.00       7925.00      24307.08      54193.27        60214.74        60214.74            0.00
17:04:20  INFO        NITROGEN_ASU                10794261.00    1952800.00     585936.43          0.00     13332997.40     13332997.40            0.00
17:04:20  INFO        Oxygen                         38907.00          0.00          0.00          0.00        38907.00        38907.00            0.00
17:04:20  INFO        PROCESS FEED WATER             31711.00          0.00          0.00          0.00        31711.00        31711.00            0.00
17:04:20  INFO        Power_Dis                      62526.31      20341.28      51006.15          0.00       133873.70       132443.54        -1430.16
17:04:20  INFO        Ret steam condensate         -154158.00       1512.00          0.00          0.00      -152646.00            0.00       152646.00
17:04:20  INFO        SHP Steam_Dis                 265383.00      94290.00      19796.56          0.00       379469.55       379469.55            0.00
17:04:20  INFO        SWRO WATER                         0.00      87646.00          0.00          0.00        87646.00            0.00       -87646.00
17:04:20  INFO        Utility Water                   5163.00    1523650.00      88432.87          0.00      1617245.87      1617245.87            0.00
17:04:20  INFO        ==============================================================================
17:04:20  INFO      
17:04:20  INFO        Utility (ODS Material)              U4U Demand    Total Demand
17:04:20  INFO        ------------------------------  --------------  --------------
17:04:20  INFO        AUXBOIL7_SHP STEAM                    86018.92        86016.78
17:04:20  INFO        Boiler Feed Water                    427544.25       427534.75
17:04:20  INFO        COMPRESED AIR_ASU                    744802.16       744802.15
17:04:20  INFO        COMPRESSED AIR                      1983945.84     14603963.84
17:04:20  INFO        Cooling Water                           885.22       101100.22
17:04:20  INFO        D M Water                            413321.18       598290.17
17:04:20  INFO        Effluent Treated                     384180.83       591541.83
17:04:20  INFO        HP Steam PRDS                         21150.17        21150.16
17:04:20  INFO        HP Steam_Dis                          33164.17        21150.17
17:04:20  INFO        HRSG1_C2_SHP STEAM                   179663.65       179659.20
17:04:20  INFO        HRSG2_C2_SHP STEAM                   113786.98       113784.16
17:04:20  INFO        LP Steam PRDS                         25356.65        25356.65
17:04:20  INFO        LP Steam_Dis                          45924.58        69005.57
17:04:20  INFO        MP Steam PRDS SHP                     36849.07        36849.07
17:04:20  INFO        MP Steam_Dis                          24307.08        36849.07
17:04:20  INFO        NITROGEN_ASU                         585936.43     13332997.40
17:04:20  INFO        Power_Dis                             51006.15       133873.70
17:04:20  INFO        SHP Steam_Dis                         19796.56       379469.55
17:04:20  INFO        Utility Water                         88432.87      1617245.87
17:04:20  INFO      
17:04:20  INFO        U4U CONSUMPTION TABLE (final iteration)
17:04:20  INFO        Utility Plant              Utility                    UOM            Gen Qty     BPC Gen Qty  Gen Diff %  Account       Material                   UOM             Norm        Quantity    BPC Quantity  Qty Diff %
17:04:20  INFO        -------------------------  -------------------------  ------  --------------  --------------  ----------  ------------  -------------------------  ------  ------------  --------------  --------------  ----------
17:04:20  INFO        JMD - C2-GTG 1             POWERGEN                   KWH        75600000.00     75215499.08       0.51%  Raw Material  SynGas(Unshift)            MMBTU       0.004368       330220.80       328541.30       0.51%
17:04:20  INFO        JMD - C2-GTG 1             POWERGEN                   KWH        75600000.00     75215499.08       0.51%  Utilities     COMPRESSED AIR             NM3         0.001280        96768.00        96268.87       0.52%
17:04:20  INFO        JMD - C2-GTG 1             POWERGEN                   KWH        75600000.00     75215499.08       0.51%  Utilities     Cooling Water              KM3         0.000007          529.20          496.39       6.61%
17:04:20  INFO        JMD - C2-GTG 1             POWERGEN                   KWH        75600000.00     75215499.08       0.51%  Utilities     NITROGEN_ASU               NM3         0.001660       125496.00       124848.69       0.52%
17:04:20  INFO        JMD - C2-GTG 1             POWERGEN                   KWH        75600000.00     75215499.08       0.51%  Utilities     Power_Dis                  KWH         0.001350       102060.00       101533.57       0.52%
17:04:20  INFO        JMD - C2-GTG 1             POWERGEN                   KWH        75600000.00     75215499.08       0.51%  Utilities     Utility Water              M3          0.000023         1738.80         1744.87      -0.35%
17:04:20  INFO        JMD - C2-GTG 2             POWERGEN                   KWH        48240000.00     47632624.30       1.28%  Raw Material  SynGas(Unshift)            MMBTU       0.004485       216356.40       213632.32       1.28%
17:04:20  INFO        JMD - C2-GTG 2             POWERGEN                   KWH        48240000.00     47632624.30       1.28%  Utilities     COMPRESSED AIR             NM3         0.001280        61747.20        60970.28       1.27%
17:04:20  INFO        JMD - C2-GTG 2             POWERGEN                   KWH        48240000.00     47632624.30       1.28%  Utilities     Cooling Water              KM3         0.000007          337.68          314.38       7.41%
17:04:20  INFO        JMD - C2-GTG 2             POWERGEN                   KWH        48240000.00     47632624.30       1.28%  Utilities     NITROGEN_ASU               NM3         0.001660        80078.40        79070.84       1.27%
17:04:20  INFO        JMD - C2-GTG 2             POWERGEN                   KWH        48240000.00     47632624.30       1.28%  Utilities     Power_Dis                  KWH         0.001350        65124.00        64304.60       1.27%
17:04:20  INFO        JMD - C2-GTG 2             POWERGEN                   KWH        48240000.00     47632624.30       1.28%  Utilities     Utility Water              M3          0.000023         1109.52         1105.09       0.40%
17:04:20  INFO        AUXBOIL7_SHP STEAM         AUXBOIL7_SHP STEAM         MT            84269.55        86180.05      -2.22%  Raw Material  SynGas(Unshift)            MMBTU       2.876221       242377.85       247872.88      -2.22%
17:04:20  INFO        AUXBOIL7_SHP STEAM         AUXBOIL7_SHP STEAM         MT            84269.55        86180.05      -2.22%  Utilities     Boiler Feed Water          M3          1.010000        85112.25        87041.85      -2.22%
17:04:20  INFO        AUXBOIL7_SHP STEAM         AUXBOIL7_SHP STEAM         MT            84269.55        86180.05      -2.22%  Utilities     Power_Dis                  KWH         3.850000       324437.77       331793.20      -2.22%
17:04:20  INFO        HRSG1_C2_SHP STEAM         HRSG1_C2_SHP STEAM         MT           180000.00       180000.10      -0.00%  Raw Material  SynGas(Unshift)            MMBTU       3.376244       607723.92       607724.26      -0.00%
17:04:20  INFO        HRSG1_C2_SHP STEAM         HRSG1_C2_SHP STEAM         MT           180000.00       180000.10      -0.00%  Utilities     Boiler Feed Water          M3          1.160000       208800.00       208800.13      -0.00%
17:04:20  INFO        HRSG1_C2_SHP STEAM         HRSG1_C2_SHP STEAM         MT           180000.00       180000.10      -0.00%  Utilities     HRSG1_C2_LP STEAM          MT         -0.150000       -27000.00       -27000.02      -0.00%
17:04:20  INFO        HRSG1_C2_SHP STEAM         HRSG1_C2_SHP STEAM         MT           180000.00       180000.10      -0.00%  Utilities     Power_Dis                  KWH         0.285000        51300.00        51300.03      -0.00%
17:04:20  INFO        HRSG2_C2_SHP STEAM         HRSG2_C2_SHP STEAM         MT           115200.00       113999.85       1.05%  Raw Material  SynGas(Unshift)            MMBTU       3.357468       386780.31       382750.85       1.05%
17:04:20  INFO        HRSG2_C2_SHP STEAM         HRSG2_C2_SHP STEAM         MT           115200.00       113999.85       1.05%  Utilities     Boiler Feed Water          M3          1.160000       133632.00       132239.82       1.05%
17:04:20  INFO        HRSG2_C2_SHP STEAM         HRSG2_C2_SHP STEAM         MT           115200.00       113999.85       1.05%  Utilities     HRSG2_C2_LP STEAM          MT         -0.150000       -17280.00       -17099.98       1.05%
17:04:20  INFO        HRSG2_C2_SHP STEAM         HRSG2_C2_SHP STEAM         MT           115200.00       113999.85       1.05%  Utilities     Power_Dis                  KWH         0.285000        32832.00        32489.96       1.05%
17:04:20  INFO        Boiler Feed Water          Boiler Feed Water          M3           427534.75       434662.43      -1.64%  Utilities     D M Water                  M3          0.900000       384781.28       391196.19      -1.64%
17:04:20  INFO        Boiler Feed Water          Boiler Feed Water          M3           427534.75       434662.43      -1.64%  Utilities     LP Steam_Dis               MT          0.100000        42753.48        43466.24      -1.64%
17:04:20  INFO        Boiler Feed Water          Boiler Feed Water          M3           427534.75       434662.43      -1.64%  Utilities     Power_Dis                  KWH         8.100000      3463031.49      3520765.68      -1.64%
17:04:20  INFO        COMPRESED AIR_ASU          COMPRESED AIR_ASU          NM3          744802.15       731759.52       1.78%  Utilities     Power_Dis                  KWH         0.125000        93100.27        91469.94       1.78%
17:04:20  INFO        COMPRESSED AIR             COMPRESSED AIR             NM3        14603963.84     14348225.29       1.78%  Utilities     COMPRESED AIR_ASU          NM3         0.051000       744802.16       731759.49       1.78%
17:04:20  INFO        COMPRESSED AIR             COMPRESSED AIR             NM3        14603963.84     14348225.29       1.78%  Utilities     COMPRESSED AIR             NM3         0.002670        38992.58        38309.76       1.78%
17:04:20  INFO        COMPRESSED AIR             COMPRESSED AIR             NM3        14603963.84     14348225.29       1.78%  Utilities     Power_Dis                  KWH         0.150000      2190594.58      2152233.79       1.78%
17:04:20  INFO        Cooling Water              Cooling Water              KM3          101100.22       105543.15      -4.21%  Utilities     COMPRESSED AIR             NM3         0.974741        98546.53       102877.24      -4.21%
17:04:20  INFO        Cooling Water              Cooling Water              KM3          101100.22       105543.15      -4.21%  Utilities     Effluent Treated           M3          3.800000       384180.83       401063.99      -4.21%
17:04:20  INFO        Cooling Water              Cooling Water              KM3          101100.22       105543.15      -4.21%  Utilities     Power_Dis                  KWH       210.900000     21322035.93     22259051.62      -4.21%
17:04:20  INFO        Cooling Water              Cooling Water              KM3          101100.22       105543.15      -4.21%  Utilities     SWRO WATER                 M3          9.400000       950342.05       992105.67      -4.21%
17:04:20  INFO        D M Water                  D M Water                  M3           598290.17       604780.60      -1.07%  Utilities     COMPRESSED AIR             NM3         0.049180        29423.91        29743.11      -1.07%
17:04:20  INFO        D M Water                  D M Water                  M3           598290.17       604780.60      -1.07%  Utilities     NITROGEN_ASU               NM3         0.630000       376922.81       381011.83      -1.07%
17:04:20  INFO        D M Water                  D M Water                  M3           598290.17       604780.60      -1.07%  Utilities     Power_Dis                  KWH         0.920000       550426.95       556398.22      -1.07%
17:04:20  INFO        D M Water                  D M Water                  M3           598290.17       604780.60      -1.07%  Utilities     SWRO WATER                 M3          1.150000       688033.69       695497.78      -1.07%
17:04:20  INFO        Effluent Treated           Effluent Treated           M3           591541.83       608424.78      -2.77%  Utilities     COMPRESSED AIR             NM3         2.209302      1306894.54      1344194.09      -2.77%
17:04:20  INFO        Effluent Treated           Effluent Treated           M3           591541.83       608424.78      -2.77%  Utilities     Cooling Water              KM3         0.000031           18.34           19.10      -3.99%
17:04:20  INFO        Effluent Treated           Effluent Treated           M3           591541.83       608424.78      -2.77%  Utilities     NITROGEN_ASU               NM3         0.005814         3439.22         3537.38      -2.77%
17:04:20  INFO        Effluent Treated           Effluent Treated           M3           591541.83       608424.78      -2.77%  Utilities     Power_Dis                  KWH         3.200000      1892933.85      1946959.31      -2.77%
17:04:20  INFO        Effluent Treated           Effluent Treated           M3           591541.83       608424.78      -2.77%  Utilities     Utility Water              M3          0.029070        17196.12        17686.91      -2.77%
17:04:20  INFO        NITROGEN_ASU               NITROGEN_ASU               NM3        13332997.40     13335714.29      -0.02%  Utilities     MP Steam_Dis               MT          0.000021          279.99          280.05      -0.02%
17:04:20  INFO        NITROGEN_ASU               NITROGEN_ASU               NM3        13332997.40     13335714.29      -0.02%  Utilities     Power_Dis                  KWH         0.474260      6323307.35      6324508.53      -0.02%
17:04:20  INFO        NITROGEN_ASU               NITROGEN_ASU               NM3        13332997.40     13335714.29      -0.02%  Utilities     Ret steam condensate       M3         -0.000011         -146.66         -146.69      -0.02%
17:04:20  INFO        NITROGEN_ASU               NITROGEN_ASU               NM3        13332997.40     13335714.29      -0.02%  Utilities     Utility Water              M3          0.001540        20532.82        20536.72      -0.02%
17:04:20  INFO        Oxygen                     Oxygen                     MT            38907.00        38907.65      -0.00%  Utilities     MP Steam_Dis               MT          0.017000          661.42          661.43      -0.00%
17:04:20  INFO        Oxygen                     Oxygen                     MT            38907.00        38907.65      -0.00%  Utilities     Power_Dis                  KWH       374.610000     14574951.27     14575100.97      -0.00%
17:04:20  INFO        Oxygen                     Oxygen                     MT            38907.00        38907.65      -0.00%  Utilities     Ret steam condensate       M3         -0.008000         -311.26         -311.26      -0.00%
17:04:20  INFO        Oxygen                     Oxygen                     MT            38907.00        38907.65      -0.00%  Utilities     Utility Water              M3          1.230000        47855.61        47856.10      -0.00%
17:04:20  INFO        PROCESS FEED WATER         PROCESS FEED WATER         M3            31711.00        31711.18      -0.00%  Utilities     D M Water                  M3          0.900000        28539.90        28540.06      -0.00%
17:04:20  INFO        PROCESS FEED WATER         PROCESS FEED WATER         M3            31711.00        31711.18      -0.00%  Utilities     LP Steam_Dis               MT          0.100000         3171.10         3171.12      -0.00%
17:04:20  INFO        PROCESS FEED WATER         PROCESS FEED WATER         M3            31711.00        31711.18      -0.00%  Utilities     Power_Dis                  KWH         0.631000        20009.64        20009.75      -0.00%
17:04:20  INFO        Utility Water              Utility Water              M3          1617245.87       256859.88     529.62%  Utilities     COMPRESSED AIR             NM3         0.217390       351573.08        55838.77     529.62%
17:04:20  INFO        Utility Water              Utility Water              M3          1617245.87       256859.88     529.62%  Utilities     SWRO WATER                 M3          1.100000      1778970.45       282545.86     529.62%
17:04:20  INFO        HP Steam_Dis               HP Steam_Dis               MT            21150.17        21909.94      -3.47%  Utilities     HP Steam PRDS              MT          1.000000        21150.17        21909.94      -3.47%
17:04:20  INFO        LP Steam_Dis               LP Steam_Dis               MT            69005.57        69718.67      -1.02%  Utilities     HRSG1_C2_LP STEAM          MT          0.387271        26723.86        27000.02      -1.02%
17:04:20  INFO        LP Steam_Dis               LP Steam_Dis               MT            69005.57        69718.67      -1.02%  Utilities     HRSG2_C2_LP STEAM          MT          0.245271        16925.07        17099.98      -1.02%
17:04:20  INFO        LP Steam_Dis               LP Steam_Dis               MT            69005.57        69718.67      -1.02%  Utilities     LP Steam PRDS              MT          0.367458        25356.65        25618.67      -1.02%
17:04:20  INFO        MP Steam_Dis               MP Steam_Dis               MT            36849.07        37693.55      -2.24%  Utilities     MP Steam PRDS SHP          MT          1.000000        36849.07        37693.55      -2.24%
17:04:20  INFO        SHP Steam_Dis              SHP Steam_Dis              MT           379469.55       380180.38      -0.19%  Utilities     AUXBOIL7_SHP STEAM         MT          0.226682        86018.92        86180.05      -0.19%
17:04:20  INFO        SHP Steam_Dis              SHP Steam_Dis              MT           379469.55       380180.38      -0.19%  Utilities     HRSG1_C2_SHP STEAM         MT          0.473460       179663.65       180000.12      -0.19%
17:04:20  INFO        SHP Steam_Dis              SHP Steam_Dis              MT           379469.55       380180.38      -0.19%  Utilities     HRSG2_C2_SHP STEAM         MT          0.299858       113786.98       113999.85      -0.19%
17:04:20  INFO        LP Steam PRDS              LP Steam PRDS              MT            24725.57        25618.73      -3.49%  Utilities     MP Steam_Dis               MT          0.945000        23365.67        24209.64      -3.49%
17:04:20  INFO        MP Steam PRDS SHP          MP Steam PRDS SHP          MT            36849.07        37693.60      -2.24%  Utilities     HP Steam_Dis               MT          0.900000        33164.17        33924.20      -2.24%
17:04:20  INFO        HP Steam PRDS              HP Steam PRDS              MT            21150.17        21910.00      -3.47%  Utilities     SHP Steam_Dis              MT          0.936000        19796.56        20507.71      -3.47%
17:04:20  INFO      
17:04:20  INFO        TOTAL U4U CONSUMPTION BY MATERIAL:
17:04:20  INFO        Material                             Total Qty  UOM   
17:04:20  INFO        ------------------------------  --------------  ------
17:04:20  INFO        AUXBOIL7_SHP STEAM                    86018.92  MT    
17:04:20  INFO        Boiler Feed Water                    427544.25  M3    
17:04:20  INFO        COMPRESED AIR_ASU                    744802.16  NM3   
17:04:20  INFO        COMPRESSED AIR                      1983945.84  NM3   
17:04:20  INFO        Cooling Water                           885.22  KM3   
17:04:20  INFO        D M Water                            413321.18  M3    
17:04:20  INFO        Effluent Treated                     384180.83  M3    
17:04:20  INFO        HP Steam PRDS                         21150.17  MT    
17:04:20  INFO        HP Steam_Dis                          33164.17  MT    
17:04:20  INFO        HRSG1_C2_LP STEAM                      -276.14  MT    
17:04:20  INFO        HRSG1_C2_SHP STEAM                   179663.65  MT    
17:04:20  INFO        HRSG2_C2_LP STEAM                      -354.93  MT    
17:04:20  INFO        HRSG2_C2_SHP STEAM                   113786.98  MT    
17:04:20  INFO        LP Steam PRDS                         25356.65  MT    
17:04:20  INFO        LP Steam_Dis                          45924.58  MT    
17:04:20  INFO        MP Steam PRDS SHP                     36849.07  MT    
17:04:20  INFO        MP Steam_Dis                          24307.08  MT    
17:04:20  INFO        NITROGEN_ASU                         585936.43  NM3   
17:04:20  INFO        Power_Dis                          51006145.09  KWH   
17:04:20  INFO        Ret steam condensate                   -457.92  M3    
17:04:20  INFO        SHP Steam_Dis                         19796.56  MT    
17:04:20  INFO        SWRO WATER                          3417346.19  M3    
17:04:20  INFO        SynGas(Unshift)                     1783459.28  MMBTU 
17:04:20  INFO        Utility Water                         88432.87  M3    
17:04:20  INFO      
17:04:20  INFO        GENERATION UTILITY COMPARISON SUMMARY
17:04:20  INFO        Utility Plant              UOM            Gen Qty     BPC Gen Qty  Gen Diff %     # Mat
17:04:20  INFO        -------------------------  ------  --------------  --------------  ----------  --------
17:04:20  INFO        AUXBOIL7_SHP STEAM         MT            84269.55        86180.05      -2.22%         3
17:04:20  INFO        Boiler Feed Water          M3           427534.75       434662.43      -1.64%         3
17:04:20  INFO        COMPRESED AIR_ASU          NM3          744802.15       731759.52       1.78%         1
17:04:20  INFO        COMPRESSED AIR             NM3        14603963.84     14348225.29       1.78%         3
17:04:20  INFO        Cooling Water              KM3          101100.22       105543.15      -4.21%         4
17:04:20  INFO        D M Water                  M3           598290.17       604780.60      -1.07%         4
17:04:20  INFO        Effluent Treated           M3           591541.83       608424.78      -2.77%         5
17:04:20  INFO        HP Steam PRDS              MT            21150.17        21910.00      -3.47%         1
17:04:20  INFO        HP Steam_Dis               MT            21150.17        21909.94      -3.47%         1
17:04:20  INFO        HRSG1_C2_SHP STEAM         MT           180000.00       180000.10      -0.00%         4
17:04:20  INFO        HRSG2_C2_SHP STEAM         MT           115200.00       113999.85       1.05%         4
17:04:20  INFO        JMD - C2-GTG 1             KWH        75600000.00     75215499.08       0.51%         6
17:04:20  INFO        JMD - C2-GTG 2             KWH        48240000.00     47632624.30       1.28%         6
17:04:20  INFO        LP Steam PRDS              MT            24725.57        25618.73      -3.49%         1
17:04:20  INFO        LP Steam_Dis               MT            69005.57        69718.67      -1.02%         3
17:04:20  INFO        MP Steam PRDS SHP          MT            36849.07        37693.60      -2.24%         1
17:04:20  INFO        MP Steam_Dis               MT            36849.07        37693.55      -2.24%         1
17:04:20  INFO        NITROGEN_ASU               NM3        13332997.40     13335714.29      -0.02%         4
17:04:20  INFO        Oxygen                     MT            38907.00        38907.65      -0.00%         4
17:04:20  INFO        PROCESS FEED WATER         M3            31711.00        31711.18      -0.00%         3
17:04:20  INFO        SHP Steam_Dis              MT           379469.55       380180.38      -0.19%         3
17:04:20  INFO        Utility Water              M3          1617245.87       256859.88     529.62%         2
17:04:20  INFO        ==============================================================================
17:04:20  INFO      
17:04:20  INFO        ==============================================================================
17:04:20  INFO        FINAL ASSET DISPATCH SUMMARY
17:04:20  INFO        ==============================================================================
17:04:20  INFO        POWER ASSETS
17:04:20  INFO        Asset                           Pri       Man     Hours     Load MW     Gross MWh       Aux MWh   Free Stm MT     Load %
17:04:20  INFO        -------------------------  --------  --------  --------  ----------  ------------  ------------  ------------  ---------
17:04:20  INFO        JMD - C2-GTG 1                    1         Y    720.00      105.00      75600.00        102.06     118692.00      100.0%
17:04:20  INFO        JMD - C2-GTG 2                    1         Y    720.00       67.00      48240.00         65.12      88279.20      100.0%
17:04:20  INFO        TOTAL                                                                   123840.00        167.18     206971.20           
17:04:20  INFO      
17:04:20  INFO        STEAM ASSETS  (SHP)
17:04:20  INFO        Asset                           Pri       Man     Hours     Min TPH     Max TPH      Supp. MT   Free Stm MT      Total MT      Load %
17:04:20  INFO        -------------------------  --------  --------  --------  ----------  ----------  ------------  ------------  ------------  ----------
17:04:20  INFO        AUXBOIL7_SHP STEAM                2         Y    698.00       50.00      220.00      84269.55          0.00      84269.55       54.9%
17:04:20  INFO        AUXBOIL8_SHP STEAM                1         Y      0.00       90.00      220.00          0.00          0.00          0.00        0.0%
17:04:20  INFO        HRSG1_C2_SHP STEAM                1         Y    720.00       50.00      250.00      61308.00     118692.00     180000.00      100.0%
17:04:20  INFO        HRSG2_C2_SHP STEAM                1         Y    720.00       50.00      160.00      26920.80      88279.20     115200.00      100.0%
17:04:20  INFO        TOTAL                                                                               172498.35     206971.20     379469.55            
17:04:20  INFO        Net SHP Demand: 379469.55 MT  |  Generation: 379469.55 MT  |  Balance: 0.00 MT
17:04:20  INFO        ==============================================================================
17:04:20  INFO      
17:04:20  INFO        [CALC] Done  4/2026  (67.3s)  assets=3  norms=0
