JMD Plant Run Log
Plant:     C2 CPP
Period:    4/2026
Generated: 2026-06-30 17:46:39
================================================================================


======================================================================
  NEW SCHEMA ASSET SNAPSHOT  (April 2026)
======================================================================
  Plant:    C2-CPP
  AOP Year: 2026-27

  POWER ASSETS
  Asset                      Type           Hours    Min MW    Max MW     Gen MWh   Prio
  -------------------------  ----------  --------  --------  --------  ----------  -----
  JMD - C2-GTG 1             GT            676.00     80.00    110.00    74360.00      2
  JMD - C2-GTG 2             GT            710.00     80.00    110.00    78100.00      1
  JMD - C2-STG 1             STG           719.00      0.00     93.00    66867.00      1
  TOTAL                                                                 219327.00       

  STEAM ASSETS
  Asset                      Type        SteamType      Hours   Min TPH   Max TPH      Gen MT   Prio
  -------------------------  ----------  ----------  --------  --------  --------  ----------  -----
  AUXBOIL7_SHP STEAM         AUXBOILER   SHP Steam_Dis    698.00     90.00    220.00   153560.00      1
  AUXBOIL8_SHP STEAM         AUXBOILER   SHP Steam_Dis    720.00     90.00    220.00   158400.00      1
  HP Steam PRDS              PRDS        HP Steam_Dis    720.00      0.00    568.00   408960.00      1
  HRSG1_C2_LP STEAM          HRSG        LP Steam_Dis    720.00     32.00     42.00    30240.00      1
  HRSG1_C2_SHP STEAM         HRSG        SHP Steam_Dis    720.00    160.00    250.00   180000.00      1
  HRSG2_C2_LP STEAM          HRSG        LP Steam_Dis    720.00     32.00     42.00    30240.00      1
  HRSG2_C2_SHP STEAM         HRSG        SHP Steam_Dis    720.00    160.00    250.00   180000.00      1
  LP Steam PRDS              PRDS        LP Steam_Dis    720.00      0.00     68.00    48960.00      1
  MP Steam PRDS SHP          PRDS        MP Steam_Dis    720.00      0.00    498.00   358560.00      1
  TOTAL                                                                            1548920.00       

  MONTHLY GENERATION SUMMARY
  Category                  Generation  Unit    
  --------------------  --------------  --------
  Power                     219,327.00  MWh
  Steam                   1,548,920.00  MT
17:44:22  INFO        [CALC] C2 CPP  4/2026  (2026-27)
17:44:23  INFO        [PROCESS] Found 39 rows for FY 2026-27, plant BA558F95-8A3F-4769-9C78-FF7B6C639DDF
17:44:23  INFO        [PROCESS] Utility                           Demand  Mapped Key                  
17:44:23  INFO        [PROCESS] ------------------------  --------------  ----------------------------
17:44:23  INFO        [PROCESS] MP Steam_Dis                   127251.00  mp_process                  
17:44:23  INFO        [PROCESS] NITROGEN_ASU                  5292194.00  nitrogen_asu_process        
17:44:23  INFO        [PROCESS] LP Steam_Dis                   -40900.00  lp_process                  
17:44:23  INFO        [PROCESS] Utility Water                     346.00  utility_water_process       
17:44:23  INFO        [PROCESS] PROCESS FEED WATER              31711.00  UNMAPPED                    
17:44:23  INFO        [PROCESS] D M Water                          93.00  dm_process                  
17:44:23  INFO        [PROCESS] HP Steam_Dis                      902.00  hp_process                  
17:44:23  INFO        [PROCESS] Effluent Treated                75601.00  effluent_process            
17:44:23  INFO        [PROCESS] LP Steam_Dis                     5236.00  lp_process                  
17:44:23  INFO        [PROCESS] COMPRESSED AIR                 493918.00  air_process                 
17:44:23  INFO        [PROCESS] NITROGEN_ASU                  4435199.00  nitrogen_asu_process        
17:44:23  INFO        [PROCESS] D M Water                       50403.00  dm_process                  
17:44:23  INFO        [PROCESS] COMPRESSED AIR                2409329.00  air_process                 
17:44:23  INFO        [PROCESS] COMPRESSED AIR                7221792.00  air_process                 
17:44:23  INFO        [PROCESS] Power_Dis                     7639199.00  power_process               
17:44:23  INFO        [PROCESS] Power_Dis                    11692197.00  power_process               
17:44:23  INFO        [PROCESS] HP Steam_Dis                   -21599.00  hp_process                  
17:44:23  INFO        [PROCESS] HP Steam_Dis                     8445.00  hp_process                  
17:44:23  INFO        [PROCESS] SHP Steam_Dis                  219588.00  shp_process                 
17:44:23  INFO        [PROCESS] SHP Steam_Dis                   45795.00  shp_process                 
17:44:23  INFO        [PROCESS] Power_Dis                    11813076.00  power_process               
17:44:23  INFO        [PROCESS] MP Steam_Dis                  -127253.00  mp_process                  
17:44:23  INFO        [PROCESS] Utility Water                    3548.00  utility_water_process       
17:44:23  INFO        [PROCESS] Cooling Water                   12936.00  cooling_water_process       
17:44:23  INFO        [PROCESS] MP Steam_Dis                     4619.00  mp_process                  
17:44:23  INFO        [PROCESS] D M Water                       72074.00  dm_process                  
17:44:23  INFO        [PROCESS] Cooling Water                    5195.00  cooling_water_process       
17:44:23  INFO        [PROCESS] Utility Water                     541.00  utility_water_process       
17:44:23  INFO        [PROCESS] COMPRESSED AIR                1167266.00  air_process                 
17:44:23  INFO        [PROCESS] NITROGEN_ASU                   386252.00  nitrogen_asu_process        
17:44:23  INFO        [PROCESS] NITROGEN_ASU                   680616.00  nitrogen_asu_process        
17:44:23  INFO        [PROCESS] D M Water                        6686.00  dm_process                  
17:44:23  INFO        [PROCESS] LP Steam_Dis                    54000.00  lp_process                  
17:44:23  INFO        [PROCESS] Ret steam condensate          -154158.00  ret_steam_condensate_process
17:44:23  INFO        [PROCESS] Oxygen                          38907.00  oxygen_process              
17:44:23  INFO        [PROCESS] Cooling Water                   24051.00  cooling_water_process       
17:44:23  INFO        [PROCESS] Cooling Water                   47161.00  cooling_water_process       
17:44:23  INFO        [PROCESS] Utility Water                     728.00  utility_water_process       
17:44:23  INFO        [PROCESS] Power_Dis                    31381837.00  power_process               
17:44:23  INFO        [PROCESS] TOTAL                                                                 
17:44:23  INFO        [PROCESS]   power_process             62526309.00
17:44:23  INFO        [PROCESS]   lp_process                   18336.00
17:44:23  INFO        [PROCESS]   mp_process                    4617.00
17:44:23  INFO        [PROCESS]   hp_process                  -12252.00
17:44:23  INFO        [PROCESS]   shp_process                 265383.00
17:44:23  INFO        [PROCESS]   air_process               11292305.00
17:44:23  INFO        [PROCESS]   nitrogen_asu_process      10794261.00
17:44:23  INFO        [PROCESS]   dm_process                  129256.00
17:44:23  INFO        [PROCESS]   cooling_water_process        89343.00
17:44:23  INFO        [PROCESS]   utility_water_process         5163.00
17:44:23  INFO        [PROCESS]   ret_steam_condensate_process     -154158.00
17:44:23  INFO        [PROCESS]   oxygen_process               38907.00
17:44:23  INFO        [PROCESS]   effluent_process             75601.00
17:44:23  INFO        [FIXED] ==================================================
17:44:23  INFO        [FIXED] Fetching fixed consumption for plant BA558F95-8A3F-4769-9C78-FF7B6C639DDF
17:44:23  INFO        [FIXED] Financial year : 2026-27
17:44:23  INFO        [FIXED] Selected month : Apr
17:44:23  INFO        [FIXED] ==================================================
17:44:24  INFO        [FIXED] Using CPP Plant ID as SourceName to find sub-plants: BA558F95-8A3F-4769-9C78-FF7B6C639DDF
17:44:24  INFO        [FIXED] Trying table: CPPFixedConsumption (SourceName filter)
17:44:24  INFO        [FIXED] Using table: CPPFixedConsumption
17:44:24  INFO        [FIXED] Power values are normalized from kWh to MWh for the model
17:44:24  INFO        [FIXED] Plant                     Cost Center             Utility                      Value
17:44:24  INFO        [FIXED] ------------------------  ----------------------  ------------------  --------------
17:44:24  INFO        [FIXED] JMD - DTA-MEG-C2 Gantry   JG- C2- Tank Farm       COMPRESSED AIR           501800.00
17:44:24  INFO        [FIXED] JMD-Rev Proc-DTA C2       JG-C2-Tankfarms         COMPRESSED AIR            79200.00
17:44:24  INFO        [FIXED] JMD - C2 Utility Plant    JG-DTA-Utility Sale to Sibur  COMPRESSED AIR           746713.00
17:44:24  INFO        [FIXED] JMD - DTA-MEG-C2 Gantry   JG- C2- Tank Farm       Cooling Water             10872.00
17:44:24  INFO        [FIXED] JMD - C2 Utility Plant    JG-DTA-Utility Sale to Sibur  D M Water                 55713.00
17:44:24  INFO        [FIXED] JMD-Rev Proc-DTA C2       JG-C2-Horticulture      Effluent Treated         131760.00
17:44:24  INFO        [FIXED] JMD - C2 Utility Plant    JG-C2-Steam Dumping     HP Steam_Dis                238.00
17:44:24  INFO        [FIXED] JMD - DTA-MEG-C2 Gantry   JG- C2- Tank Farm       LP Steam_Dis               4320.00
17:44:24  INFO        [FIXED] JMD - C2 Utility Plant    JG-C2-Steam Dumping     LP Steam_Dis                425.00
17:44:24  INFO        [FIXED] JMD - DTA-MEG-C2 Gantry   JG- C2- Tank Farm       MP Steam_Dis               1200.00
17:44:24  INFO        [FIXED] JMD - C2 Utility Plant    JG-C2-Steam Dumping     MP Steam_Dis                389.00
17:44:24  INFO        [FIXED] JMD - C2 Utility Plant    JG-C2-Steam Flaring     MP Steam_Dis               6336.00
17:44:24  INFO        [FIXED] JMD - DTA-MEG-C2 Gantry   JG- C2- Tank Farm       NITROGEN_ASU             648000.00
17:44:24  INFO        [FIXED] JMD - C2 Utility Plant    JG-C2-Steam Flaring     NITROGEN_ASU             504000.00
17:44:24  INFO        [FIXED] JMD - C2 Utility Plant    JG-DTA-Utility Sale to Sibur  NITROGEN_ASU             800800.00
17:44:24  INFO        [FIXED] JMD - DTA-MEG-C2 Gantry   JG- C2- Tank Farm       Power_Dis                  2880.00
17:44:24  INFO        [FIXED] JMD - C2 Utility Plant    JG C2 Utility Common    Power_Dis                  1440.08
17:44:24  INFO        [FIXED] JMD-Rev Proc-DTA C2       JG C2 Utility Common    Power_Dis                  3528.00
17:44:24  INFO        [FIXED] JMD - C2 Utility Plant    JG-C2-FIRE WATER        Power_Dis                   151.20
17:44:24  INFO        [FIXED] JMD - C2 Utility Plant    JG-DTA-C2-RWTP          Power_Dis                   180.00
17:44:24  INFO        [FIXED] JMD - DTA-C2 Power & UTILITY  JG-DTA-Utility Sale to Sibur  Power_Dis                 12162.00
17:44:24  INFO        [FIXED] JMD - DTA-MEG-C2 Gantry   JG- C2- Tank Farm       Ret steam condensate         1512.00
17:44:24  INFO        [FIXED] JMD - C2 Utility Plant    JG-C2-Steam Dumping     SHP Steam_Dis               630.00
17:44:24  INFO        [FIXED] JMD - C2 Utility Plant    JG-DTA-Utility Sale to Sibur  SHP Steam_Dis             93660.00
17:44:24  INFO        [FIXED] JMD - C2 Utility Plant    JG-DTA-Utility Sale to Sibur  SWRO WATER                87646.00
17:44:24  INFO        [FIXED]   -> unmapped utility kept out of rollup: SWRO WATER
17:44:24  INFO        [FIXED] JMD - DTA-MEG-C2 Gantry   JG- C2- Tank Farm       Utility Water               720.00
17:44:24  INFO        [FIXED] JMD - C2 Utility Plant    JG C2 Utility Common    Utility Water           1512083.00
17:44:24  INFO        [FIXED] JMD - C2 Utility Plant    JG-DTA-Utility Sale to Sibur  Utility Water             10847.00
17:44:24  INFO        [FIXED] --------------------------------------------------
17:44:24  INFO        [FIXED] Utility-wise fixed totals
17:44:24  INFO        [FIXED] Utility                            Total  Unit    
17:44:24  INFO        [FIXED] ------------------------  --------------  --------
17:44:24  INFO        [FIXED] Power                           20341.28  MWh     
17:44:24  INFO        [FIXED] LP Steam                         4745.00  MT      
17:44:24  INFO        [FIXED] MP Steam                         7925.00  MT      
17:44:24  INFO        [FIXED] HP Steam                          238.00  MT      
17:44:24  INFO        [FIXED] SHP Steam                       94290.00  MT      
17:44:24  INFO        [FIXED] Compressed Air                1327713.00  NM3     
17:44:24  INFO        [FIXED] Nitrogen ASU                  1952800.00  NM3     
17:44:24  INFO        [FIXED] DM Water                        55713.00  M3      
17:44:24  INFO        [FIXED] Cooling Water                   10872.00  KM3     
17:44:24  INFO        [FIXED] Utility Water                 1523650.00  M3      
17:44:24  INFO        [FIXED] Ret Steam Condensate             1512.00  M3      
17:44:24  INFO        [FIXED] Effluent                       131760.00  M3      
17:44:24  INFO        [FIXED] ==================================================
17:44:24  INFO        [DEMAND] ==================================================
17:44:24  INFO        [DEMAND] Utility-wise demand rollup  (4/2026)
17:44:24  INFO        [DEMAND] Utility                        Process         Fixed         Total  Unit    
17:44:24  INFO        [DEMAND] ------------------------  ------------  ------------  ------------  --------
17:44:24  INFO        [DEMAND] Power                         62526.31      20341.28      82867.59  MWh     
17:44:24  INFO        [DEMAND] LP Steam                      18336.00       4745.00      23081.00  MT      
17:44:24  INFO        [DEMAND] MP Steam                       4617.00       7925.00      12542.00  MT      
17:44:24  INFO        [DEMAND] HP Steam                     -12252.00        238.00     -12014.00  MT      
17:44:24  INFO        [DEMAND] SHP Steam                    265383.00      94290.00     359673.00  MT      
17:44:24  INFO        [DEMAND] Compressed Air             11292305.00    1327713.00   12620018.00  NM3     
17:44:24  INFO        [DEMAND] Nitrogen ASU               10794261.00    1952800.00   12747061.00  NM3     
17:44:24  INFO        [DEMAND] DM Water                     129256.00      55713.00     184969.00  M3      
17:44:24  INFO        [DEMAND] CW1                               0.00          0.00          0.00  KM3     
17:44:24  INFO        [DEMAND] CW2                               0.00          0.00          0.00  KM3     
17:44:24  INFO        [DEMAND] Cooling Water                 89343.00      10872.00     100215.00  KM3     
17:44:24  INFO        [DEMAND] Raw Water                         0.00          0.00          0.00  M3      
17:44:24  INFO        [DEMAND] Utility Water                  5163.00    1523650.00    1528813.00  M3      
17:44:24  INFO        [DEMAND] Ret Steam Condensate        -154158.00       1512.00    -152646.00  M3      
17:44:24  INFO        [DEMAND] Oxygen                        38907.00          0.00      38907.00  MT      
17:44:24  INFO        [DEMAND] Effluent                      75601.00     131760.00     207361.00  M3      
17:44:24  INFO        [DEMAND] ==================================================
17:44:34  INFO        [DC] ==================================================
17:44:34  INFO        [DC] Power Demand vs Capacity Check:
17:44:34  INFO        [DC] Demand: 82867.59 MWh, Available Capacity: 219327.00 MWh
17:44:34  INFO        [DC] -> Power demand CAN be achieved with available assets.
17:44:34  INFO        [DC] Steam (SHP) Demand vs Capacity Check:
17:44:34  INFO        [DC] Demand: 383282.00 MT, Available Capacity: 1553760.00 MT
17:44:34  INFO        [DC] -> Steam demand CAN be achieved with available assets.
17:44:34  INFO        [DC] ==================================================
17:44:36  INFO        [ODS] Loaded C2_JMD.ods (187 rows, 83 cols) — month 4/2026 at col 11
17:44:36  INFO        [ODS] ===== NORMS SUMMARY (C2_JMD.ods 4/2026) =====
17:44:36  INFO        [ODS] Powergen aux power norms:
17:44:36  INFO        [ODS]   JMD - C2-GTG 1             aux_norm=0.001350
17:44:36  INFO        [ODS]   JMD - C2-GTG 2             aux_norm=0.001350
17:44:36  INFO        [ODS]   JMD - C2-STG 1             aux_norm=0.007050
17:44:36  INFO        [ODS] Steam letdown norms (PRDS cascade):
17:44:36  INFO        [ODS]   LP→MP: 0.9450  (1 MT LP needs this much MP)
17:44:36  INFO        [ODS]   MP→HP: 0.9000  (1 MT MP needs this much HP)
17:44:36  INFO        [ODS]   HP→SHP: 0.9360 (1 MT HP needs this much SHP)
17:44:36  INFO        [ODS] HRSG byproduct (LP steam credit):
17:44:36  INFO        [ODS]   HRSG1_C2_SHP STEAM         byproduct_norm=-0.1500 MT LP / MT SHP
17:44:36  INFO        [ODS]   HRSG2_C2_SHP STEAM         byproduct_norm=-0.1500 MT LP / MT SHP
17:44:36  INFO        [ODS] STG steam consumption:
17:44:36  INFO        [ODS]   JMD - C2-STG 1             shp_norm=0.003640 MT/KWH
17:44:36  INFO        [ODS] Steam distribution factors:
17:44:36  INFO        [ODS]   HP Steam_Dis → HP Steam PRDS: 1.0000
17:44:36  INFO        [ODS]   LP Steam_Dis → HRSG1_C2_LP STEAM: 0.3873, HRSG2_C2_LP STEAM: 0.2453, LP Steam PRDS: 0.3675
17:44:36  INFO        [ODS]   MP Steam_Dis → MP Steam PRDS SHP: 1.0000
17:44:36  INFO        [ODS]   SHP Steam_Dis → AUXBOIL7_SHP STEAM: 0.2267, HRSG1_C2_SHP STEAM: 0.4735, HRSG2_C2_SHP STEAM: 0.2999
17:44:36  INFO      
17:44:36  INFO        [ODS] ╔══════════════════════════════════════════════════════════════════╗
17:44:36  INFO        [ODS] ║  CONSUMPTION NORMS — Who consumes what to produce what          ║
17:44:36  INFO        [ODS] ║  (Each block = one producer. Shows what it needs to make 1 unit)║
17:44:36  INFO        [ODS] ╚══════════════════════════════════════════════════════════════════╝
17:44:36  INFO        [ODS]
17:44:36  INFO        [ODS]  Think of it like a recipe card:
17:44:36  INFO        [ODS]  - The PRODUCER is what the plant makes (like a cake)
17:44:36  INFO        [ODS]  - The INGREDIENTS are what it needs to make it (flour, eggs, etc.)
17:44:36  INFO        [ODS]  - The NORM is how much of each ingredient is needed for 1 unit of output
17:44:36  INFO        [ODS]  - A negative norm means it's a BYPRODUCT (you get it for free while making something else)
17:44:36  INFO        [ODS]
17:44:36  INFO        [ODS]  ┌──────────────────────────────────────────────────────────────
17:44:36  INFO        [ODS]  │ PRODUCER: AUXBOIL7_SHP STEAM                 
17:44:36  INFO        [ODS]  │ SAP Code: 310028384             Plant Code: 36H1
17:44:36  INFO        [ODS]  │ Makes: 1 MT of AUXBOIL7_SHP STEAM
17:44:36  INFO        [ODS]  │
17:44:36  INFO        [ODS]  │  Needs these ingredients (to make 1 MT):
17:44:36  INFO        [ODS]  │
17:44:36  INFO        [ODS]  │  Type    Ingredient (Material)             Material SAP Code  Norm          UOM       
17:44:36  INFO        [ODS]  │  ------  --------------------------------  ---------------  ------------  ----------
17:44:36  INFO        [ODS]  │  Raw Mat.  SynGas(Unshift)                   SYNGASN_UNSHIFT      2.876221  MMBTU     
17:44:36  INFO        [ODS]  │  Utility  Boiler Feed Water                 310027927            1.010000  M3        
17:44:36  INFO        [ODS]  │  Utility  Power_Dis                         310027910            3.850000  KWH       
17:44:36  INFO        [ODS]  │
17:44:36  INFO        [ODS]  │  In simple words: To make 1 MT of AUXBOIL7_SHP STEAM, you need:
17:44:36  INFO        [ODS]  │    → 2.876221 MMBTU of SynGas(Unshift)
17:44:36  INFO        [ODS]  │    → 1.010000 M3 of Boiler Feed Water
17:44:36  INFO        [ODS]  │    → 3.850000 KWH of Power_Dis
17:44:36  INFO        [ODS]  └──────────────────────────────────────────────────────────────
17:44:36  INFO        [ODS]
17:44:36  INFO        [ODS]  ┌──────────────────────────────────────────────────────────────
17:44:36  INFO        [ODS]  │ PRODUCER: AUXBOIL8_SHP STEAM                 
17:44:36  INFO        [ODS]  │ SAP Code: 310028411             Plant Code: 36H1
17:44:36  INFO        [ODS]  │ Makes: 1 MT of AUXBOIL8_SHP STEAM
17:44:36  INFO        [ODS]  │
17:44:36  INFO        [ODS]  │  Needs these ingredients (to make 1 MT):
17:44:36  INFO        [ODS]  │
17:44:36  INFO        [ODS]  │  Type    Ingredient (Material)             Material SAP Code  Norm          UOM       
17:44:36  INFO        [ODS]  │  ------  --------------------------------  ---------------  ------------  ----------
17:44:36  INFO        [ODS]  │  Raw Mat.  SynGas(Unshift)                   SYNGASN_UNSHIFT             0  MMBTU     
17:44:36  INFO        [ODS]  │  Utility  Boiler Feed Water                 310027927            1.010000  M3        
17:44:36  INFO        [ODS]  │  Utility  Power_Dis                         310027910            3.850000  KWH       
17:44:36  INFO        [ODS]  │
17:44:36  INFO        [ODS]  │  In simple words: To make 1 MT of AUXBOIL8_SHP STEAM, you need:
17:44:36  INFO        [ODS]  │    → 1.010000 M3 of Boiler Feed Water
17:44:36  INFO        [ODS]  │    → 3.850000 KWH of Power_Dis
17:44:36  INFO        [ODS]  └──────────────────────────────────────────────────────────────
17:44:36  INFO        [ODS]
17:44:36  INFO        [ODS]  ┌──────────────────────────────────────────────────────────────
17:44:36  INFO        [ODS]  │ PRODUCER: Boiler Feed Water                  
17:44:36  INFO        [ODS]  │ SAP Code: 310027927             Plant Code: 36H1
17:44:36  INFO        [ODS]  │ Makes: 1 M3 of Boiler Feed Water
17:44:36  INFO        [ODS]  │
17:44:36  INFO        [ODS]  │  Needs these ingredients (to make 1 M3):
17:44:36  INFO        [ODS]  │
17:44:36  INFO        [ODS]  │  Type    Ingredient (Material)             Material SAP Code  Norm          UOM       
17:44:36  INFO        [ODS]  │  ------  --------------------------------  ---------------  ------------  ----------
17:44:36  INFO        [ODS]  │  Utility  D M Water                         310027966            0.900000  M3        
17:44:36  INFO        [ODS]  │  Utility  LP Steam_Dis                      310027965            0.100000  MT        
17:44:36  INFO        [ODS]  │  Utility  Power_Dis                         310027910            8.100000  KWH       
17:44:36  INFO        [ODS]  │
17:44:36  INFO        [ODS]  │  In simple words: To make 1 M3 of Boiler Feed Water, you need:
17:44:36  INFO        [ODS]  │    → 0.900000 M3 of D M Water
17:44:36  INFO        [ODS]  │    → 0.100000 MT of LP Steam_Dis
17:44:36  INFO        [ODS]  │    → 8.100000 KWH of Power_Dis
17:44:36  INFO        [ODS]  └──────────────────────────────────────────────────────────────
17:44:36  INFO        [ODS]
17:44:36  INFO        [ODS]  ┌──────────────────────────────────────────────────────────────
17:44:36  INFO        [ODS]  │ PRODUCER: COMPRESED AIR_ASU                  
17:44:36  INFO        [ODS]  │ SAP Code: 310028433             Plant Code: 36H1
17:44:36  INFO        [ODS]  │ Makes: 1 NM3 of COMPRESED AIR_ASU
17:44:36  INFO        [ODS]  │
17:44:36  INFO        [ODS]  │  Needs these ingredients (to make 1 NM3):
17:44:36  INFO        [ODS]  │
17:44:36  INFO        [ODS]  │  Type    Ingredient (Material)             Material SAP Code  Norm          UOM       
17:44:36  INFO        [ODS]  │  ------  --------------------------------  ---------------  ------------  ----------
17:44:36  INFO        [ODS]  │  Utility  Power_Dis                         310027910            0.125000  KWH       
17:44:36  INFO        [ODS]  │
17:44:36  INFO        [ODS]  │  In simple words: To make 1 NM3 of COMPRESED AIR_ASU, you need:
17:44:36  INFO        [ODS]  │    → 0.125000 KWH of Power_Dis
17:44:36  INFO        [ODS]  └──────────────────────────────────────────────────────────────
17:44:36  INFO        [ODS]
17:44:36  INFO        [ODS]  ┌──────────────────────────────────────────────────────────────
17:44:36  INFO        [ODS]  │ PRODUCER: COMPRESSED AIR                     
17:44:36  INFO        [ODS]  │ SAP Code: 310027904             Plant Code: 36H1
17:44:36  INFO        [ODS]  │ Makes: 1 NM3 of COMPRESSED AIR
17:44:36  INFO        [ODS]  │
17:44:36  INFO        [ODS]  │  Needs these ingredients (to make 1 NM3):
17:44:36  INFO        [ODS]  │
17:44:36  INFO        [ODS]  │  Type    Ingredient (Material)             Material SAP Code  Norm          UOM       
17:44:36  INFO        [ODS]  │  ------  --------------------------------  ---------------  ------------  ----------
17:44:36  INFO        [ODS]  │  Utility  COMPRESED AIR_ASU                 310028433            0.051000  NM3       
17:44:36  INFO        [ODS]  │  Utility  COMPRESSED AIR                    310027904            0.002670  NM3       
17:44:36  INFO        [ODS]  │  Utility  Cooling Water                     310027912                   0  KM3       
17:44:36  INFO        [ODS]  │  Utility  Power_Dis                         310027910            0.150000  KWH       
17:44:36  INFO        [ODS]  │
17:44:36  INFO        [ODS]  │  In simple words: To make 1 NM3 of COMPRESSED AIR, you need:
17:44:36  INFO        [ODS]  │    → 0.051000 NM3 of COMPRESED AIR_ASU
17:44:36  INFO        [ODS]  │    → 0.002670 NM3 of COMPRESSED AIR
17:44:36  INFO        [ODS]  │    → 0.150000 KWH of Power_Dis
17:44:36  INFO        [ODS]  └──────────────────────────────────────────────────────────────
17:44:36  INFO        [ODS]
17:44:36  INFO        [ODS]  ┌──────────────────────────────────────────────────────────────
17:44:36  INFO        [ODS]  │ PRODUCER: Condensate                         
17:44:36  INFO        [ODS]  │ SAP Code: 310027968             Plant Code: 36H1
17:44:36  INFO        [ODS]  │ Makes: 1 M3 of Condensate
17:44:36  INFO        [ODS]  │
17:44:36  INFO        [ODS]  │  Needs these ingredients (to make 1 M3):
17:44:36  INFO        [ODS]  │
17:44:36  INFO        [ODS]  │  Type    Ingredient (Material)             Material SAP Code  Norm          UOM       
17:44:36  INFO        [ODS]  │  ------  --------------------------------  ---------------  ------------  ----------
17:44:36  INFO        [ODS]  │  Utility  COMPRESSED AIR                    310027904            0.080000  NM3       
17:44:36  INFO        [ODS]  │  Utility  Cooling Water                     310027912            0.017360  KM3       
17:44:36  INFO        [ODS]  │  Utility  NITROGEN_ASU                      310028432            0.360000  NM3       
17:44:36  INFO        [ODS]  │  Utility  Power_Dis                         310027910            1.460000  KWH       
17:44:36  INFO        [ODS]  │  Utility  Ret steam condensate              310027923            1.090000  M3        
17:44:36  INFO        [ODS]  │
17:44:36  INFO        [ODS]  │  In simple words: To make 1 M3 of Condensate, you need:
17:44:36  INFO        [ODS]  │    → 0.080000 NM3 of COMPRESSED AIR
17:44:36  INFO        [ODS]  │    → 0.017360 KM3 of Cooling Water
17:44:36  INFO        [ODS]  │    → 0.360000 NM3 of NITROGEN_ASU
17:44:36  INFO        [ODS]  │    → 1.460000 KWH of Power_Dis
17:44:36  INFO        [ODS]  │    → 1.090000 M3 of Ret steam condensate
17:44:36  INFO        [ODS]  └──────────────────────────────────────────────────────────────
17:44:36  INFO        [ODS]
17:44:36  INFO        [ODS]  ┌──────────────────────────────────────────────────────────────
17:44:36  INFO        [ODS]  │ PRODUCER: Cooling Water                      
17:44:36  INFO        [ODS]  │ SAP Code: 310027912             Plant Code: 36H1
17:44:36  INFO        [ODS]  │ Makes: 1 KM3 of Cooling Water
17:44:36  INFO        [ODS]  │
17:44:36  INFO        [ODS]  │  Needs these ingredients (to make 1 KM3):
17:44:36  INFO        [ODS]  │
17:44:36  INFO        [ODS]  │  Type    Ingredient (Material)             Material SAP Code  Norm          UOM       
17:44:36  INFO        [ODS]  │  ------  --------------------------------  ---------------  ------------  ----------
17:44:36  INFO        [ODS]  │  Utility  COMPRESSED AIR                    310027904            0.974741  NM3       
17:44:36  INFO        [ODS]  │  Utility  Effluent Treated                  310027994            3.800000  M3        
17:44:36  INFO        [ODS]  │  Utility  Power_Dis                         310027910          210.900000  KWH       
17:44:36  INFO        [ODS]  │  Utility  SWRO WATER                        310028356            9.400000  M3        
17:44:36  INFO        [ODS]  │
17:44:36  INFO        [ODS]  │  In simple words: To make 1 KM3 of Cooling Water, you need:
17:44:36  INFO        [ODS]  │    → 0.974741 NM3 of COMPRESSED AIR
17:44:36  INFO        [ODS]  │    → 3.800000 M3 of Effluent Treated
17:44:36  INFO        [ODS]  │    → 210.900000 KWH of Power_Dis
17:44:36  INFO        [ODS]  │    → 9.400000 M3 of SWRO WATER
17:44:36  INFO        [ODS]  └──────────────────────────────────────────────────────────────
17:44:36  INFO        [ODS]
17:44:36  INFO        [ODS]  ┌──────────────────────────────────────────────────────────────
17:44:36  INFO        [ODS]  │ PRODUCER: D M Water                          
17:44:36  INFO        [ODS]  │ SAP Code: 310027966             Plant Code: 36H1
17:44:36  INFO        [ODS]  │ Makes: 1 M3 of D M Water
17:44:36  INFO        [ODS]  │
17:44:36  INFO        [ODS]  │  Needs these ingredients (to make 1 M3):
17:44:36  INFO        [ODS]  │
17:44:36  INFO        [ODS]  │  Type    Ingredient (Material)             Material SAP Code  Norm          UOM       
17:44:36  INFO        [ODS]  │  ------  --------------------------------  ---------------  ------------  ----------
17:44:36  INFO        [ODS]  │  Utility  COMPRESSED AIR                    310027904            0.049180  NM3       
17:44:36  INFO        [ODS]  │  Utility  NITROGEN_ASU                      310028432            0.630000  NM3       
17:44:36  INFO        [ODS]  │  Utility  Power_Dis                         310027910            0.920000  KWH       
17:44:36  INFO        [ODS]  │  Utility  SWRO WATER                        310028356            1.150000  M3        
17:44:36  INFO        [ODS]  │
17:44:36  INFO        [ODS]  │  In simple words: To make 1 M3 of D M Water, you need:
17:44:36  INFO        [ODS]  │    → 0.049180 NM3 of COMPRESSED AIR
17:44:36  INFO        [ODS]  │    → 0.630000 NM3 of NITROGEN_ASU
17:44:36  INFO        [ODS]  │    → 0.920000 KWH of Power_Dis
17:44:36  INFO        [ODS]  │    → 1.150000 M3 of SWRO WATER
17:44:36  INFO        [ODS]  └──────────────────────────────────────────────────────────────
17:44:36  INFO        [ODS]
17:44:36  INFO        [ODS]  ┌──────────────────────────────────────────────────────────────
17:44:36  INFO        [ODS]  │ PRODUCER: Effluent Treated                   
17:44:36  INFO        [ODS]  │ SAP Code: 310027994             Plant Code: 36H1
17:44:36  INFO        [ODS]  │ Makes: 1 M3 of Effluent Treated
17:44:36  INFO        [ODS]  │
17:44:36  INFO        [ODS]  │  Needs these ingredients (to make 1 M3):
17:44:36  INFO        [ODS]  │
17:44:36  INFO        [ODS]  │  Type    Ingredient (Material)             Material SAP Code  Norm          UOM       
17:44:36  INFO        [ODS]  │  ------  --------------------------------  ---------------  ------------  ----------
17:44:36  INFO        [ODS]  │  Utility  COMPRESSED AIR                    310027904            2.209302  NM3       
17:44:36  INFO        [ODS]  │  Utility  Cooling Water                     310027912            0.000031  KM3       
17:44:36  INFO        [ODS]  │  Utility  NITROGEN_ASU                      310028432            0.005814  NM3       
17:44:36  INFO        [ODS]  │  Utility  Power_Dis                         310027910            3.200000  KWH       
17:44:36  INFO        [ODS]  │  Utility  Utility Water                     310027928            0.029070  M3        
17:44:36  INFO        [ODS]  │
17:44:36  INFO        [ODS]  │  In simple words: To make 1 M3 of Effluent Treated, you need:
17:44:36  INFO        [ODS]  │    → 2.209302 NM3 of COMPRESSED AIR
17:44:36  INFO        [ODS]  │    → 0.000031 KM3 of Cooling Water
17:44:36  INFO        [ODS]  │    → 0.005814 NM3 of NITROGEN_ASU
17:44:36  INFO        [ODS]  │    → 3.200000 KWH of Power_Dis
17:44:36  INFO        [ODS]  │    → 0.029070 M3 of Utility Water
17:44:36  INFO        [ODS]  └──────────────────────────────────────────────────────────────
17:44:36  INFO        [ODS]
17:44:36  INFO        [ODS]  ┌──────────────────────────────────────────────────────────────
17:44:36  INFO        [ODS]  │ PRODUCER: HP Steam PRDS                      
17:44:36  INFO        [ODS]  │ SAP Code: 310028161             Plant Code: 36H1
17:44:36  INFO        [ODS]  │ Makes: 1 MT of HP Steam PRDS
17:44:36  INFO        [ODS]  │
17:44:36  INFO        [ODS]  │  Needs these ingredients (to make 1 MT):
17:44:36  INFO        [ODS]  │
17:44:36  INFO        [ODS]  │  Type    Ingredient (Material)             Material SAP Code  Norm          UOM       
17:44:36  INFO        [ODS]  │  ------  --------------------------------  ---------------  ------------  ----------
17:44:36  INFO        [ODS]  │  Utility  Boiler Feed Water                 310027927            0.064000  M3        
17:44:36  INFO        [ODS]  │  Utility  SHP Steam_Dis                     310027924            0.936000  MT        
17:44:36  INFO        [ODS]  │
17:44:36  INFO        [ODS]  │  In simple words: To make 1 MT of HP Steam PRDS, you need:
17:44:36  INFO        [ODS]  │    → 0.064000 M3 of Boiler Feed Water
17:44:36  INFO        [ODS]  │    → 0.936000 MT of SHP Steam_Dis
17:44:36  INFO        [ODS]  └──────────────────────────────────────────────────────────────
17:44:36  INFO        [ODS]
17:44:36  INFO        [ODS]  ┌──────────────────────────────────────────────────────────────
17:44:36  INFO        [ODS]  │ PRODUCER: HP Steam_Dis                       
17:44:36  INFO        [ODS]  │ SAP Code: 310027939             Plant Code: 36H2
17:44:36  INFO        [ODS]  │ Makes: 1 MT of HP Steam_Dis
17:44:36  INFO        [ODS]  │
17:44:36  INFO        [ODS]  │  Needs these ingredients (to make 1 MT):
17:44:36  INFO        [ODS]  │
17:44:36  INFO        [ODS]  │  Type    Ingredient (Material)             Material SAP Code  Norm          UOM       
17:44:36  INFO        [ODS]  │  ------  --------------------------------  ---------------  ------------  ----------
17:44:36  INFO        [ODS]  │  Utility  HP Steam PRDS                     310028161            1.000000  MT        
17:44:36  INFO        [ODS]  │
17:44:36  INFO        [ODS]  │  In simple words: To make 1 MT of HP Steam_Dis, you need:
17:44:36  INFO        [ODS]  │    → 1.000000 MT of HP Steam PRDS
17:44:36  INFO        [ODS]  └──────────────────────────────────────────────────────────────
17:44:36  INFO        [ODS]
17:44:36  INFO        [ODS]  ┌──────────────────────────────────────────────────────────────
17:44:36  INFO        [ODS]  │ PRODUCER: HRSG1_C2_SHP STEAM                 
17:44:36  INFO        [ODS]  │ SAP Code: 310028383             Plant Code: 36H1
17:44:36  INFO        [ODS]  │ Makes: 1 MT of HRSG1_C2_SHP STEAM
17:44:36  INFO        [ODS]  │
17:44:36  INFO        [ODS]  │  Needs these ingredients (to make 1 MT):
17:44:36  INFO        [ODS]  │
17:44:36  INFO        [ODS]  │  Type    Ingredient (Material)             Material SAP Code  Norm          UOM       
17:44:36  INFO        [ODS]  │  ------  --------------------------------  ---------------  ------------  ----------
17:44:36  INFO        [ODS]  │  Raw Mat.  SynGas(Unshift)                   SYNGASN_UNSHIFT      3.376244  MMBTU     
17:44:36  INFO        [ODS]  │  Utility  Boiler Feed Water                 310027927            1.160000  M3        
17:44:36  INFO        [ODS]  │  Utility  HRSG1_C2_LP STEAM                 310028385           -0.150000  MT        
17:44:36  INFO        [ODS]  │  Utility  Power_Dis                         310027910            0.285000  KWH       
17:44:36  INFO        [ODS]  │
17:44:36  INFO        [ODS]  │  In simple words: To make 1 MT of HRSG1_C2_SHP STEAM, you need:
17:44:36  INFO        [ODS]  │    → 3.376244 MMBTU of SynGas(Unshift)
17:44:36  INFO        [ODS]  │    → 1.160000 M3 of Boiler Feed Water
17:44:36  INFO        [ODS]  │    → 0.285000 KWH of Power_Dis
17:44:36  INFO        [ODS]  │  And as a bonus (byproduct), you also GET:
17:44:36  INFO        [ODS]  │    → 0.150000 MT of HRSG1_C2_LP STEAM (this is extra output, not input!)
17:44:36  INFO        [ODS]  └──────────────────────────────────────────────────────────────
17:44:36  INFO        [ODS]
17:44:36  INFO        [ODS]  ┌──────────────────────────────────────────────────────────────
17:44:36  INFO        [ODS]  │ PRODUCER: HRSG2_C2_SHP STEAM                 
17:44:36  INFO        [ODS]  │ SAP Code: 310028410             Plant Code: 36H1
17:44:36  INFO        [ODS]  │ Makes: 1 MT of HRSG2_C2_SHP STEAM
17:44:36  INFO        [ODS]  │
17:44:36  INFO        [ODS]  │  Needs these ingredients (to make 1 MT):
17:44:36  INFO        [ODS]  │
17:44:36  INFO        [ODS]  │  Type    Ingredient (Material)             Material SAP Code  Norm          UOM       
17:44:36  INFO        [ODS]  │  ------  --------------------------------  ---------------  ------------  ----------
17:44:36  INFO        [ODS]  │  Raw Mat.  SynGas(Unshift)                   SYNGASN_UNSHIFT      3.357468  MMBTU     
17:44:36  INFO        [ODS]  │  Utility  Boiler Feed Water                 310027927            1.160000  M3        
17:44:36  INFO        [ODS]  │  Utility  HRSG2_C2_LP STEAM                 310028409           -0.150000  MT        
17:44:36  INFO        [ODS]  │  Utility  Power_Dis                         310027910            0.285000  KWH       
17:44:36  INFO        [ODS]  │
17:44:36  INFO        [ODS]  │  In simple words: To make 1 MT of HRSG2_C2_SHP STEAM, you need:
17:44:36  INFO        [ODS]  │    → 3.357468 MMBTU of SynGas(Unshift)
17:44:36  INFO        [ODS]  │    → 1.160000 M3 of Boiler Feed Water
17:44:36  INFO        [ODS]  │    → 0.285000 KWH of Power_Dis
17:44:36  INFO        [ODS]  │  And as a bonus (byproduct), you also GET:
17:44:36  INFO        [ODS]  │    → 0.150000 MT of HRSG2_C2_LP STEAM (this is extra output, not input!)
17:44:36  INFO        [ODS]  └──────────────────────────────────────────────────────────────
17:44:36  INFO        [ODS]
17:44:36  INFO        [ODS]  ┌──────────────────────────────────────────────────────────────
17:44:36  INFO        [ODS]  │ PRODUCER: LP Steam PRDS                      
17:44:36  INFO        [ODS]  │ SAP Code: 310028013             Plant Code: 36H1
17:44:36  INFO        [ODS]  │ Makes: 1 MT of LP Steam PRDS
17:44:36  INFO        [ODS]  │
17:44:36  INFO        [ODS]  │  Needs these ingredients (to make 1 MT):
17:44:36  INFO        [ODS]  │
17:44:36  INFO        [ODS]  │  Type    Ingredient (Material)             Material SAP Code  Norm          UOM       
17:44:36  INFO        [ODS]  │  ------  --------------------------------  ---------------  ------------  ----------
17:44:36  INFO        [ODS]  │  Utility  Boiler Feed Water                 310027927            0.055000  M3        
17:44:36  INFO        [ODS]  │  Utility  MP Steam_Dis                      310027940            0.945000  MT        
17:44:36  INFO        [ODS]  │
17:44:36  INFO        [ODS]  │  In simple words: To make 1 MT of LP Steam PRDS, you need:
17:44:36  INFO        [ODS]  │    → 0.055000 M3 of Boiler Feed Water
17:44:36  INFO        [ODS]  │    → 0.945000 MT of MP Steam_Dis
17:44:36  INFO        [ODS]  └──────────────────────────────────────────────────────────────
17:44:36  INFO        [ODS]
17:44:36  INFO        [ODS]  ┌──────────────────────────────────────────────────────────────
17:44:36  INFO        [ODS]  │ PRODUCER: LP Steam_Dis                       
17:44:36  INFO        [ODS]  │ SAP Code: 310027965             Plant Code: 36H2
17:44:36  INFO        [ODS]  │ Makes: 1 MT of LP Steam_Dis
17:44:36  INFO        [ODS]  │
17:44:36  INFO        [ODS]  │  Needs these ingredients (to make 1 MT):
17:44:36  INFO        [ODS]  │
17:44:36  INFO        [ODS]  │  Type    Ingredient (Material)             Material SAP Code  Norm          UOM       
17:44:36  INFO        [ODS]  │  ------  --------------------------------  ---------------  ------------  ----------
17:44:36  INFO        [ODS]  │  Utility  HRSG1_C2_LP STEAM                 310028385            0.387271  MT        
17:44:36  INFO        [ODS]  │  Utility  HRSG2_C2_LP STEAM                 310028409            0.245271  MT        
17:44:36  INFO        [ODS]  │  Utility  LP Steam PRDS                     310028013            0.367458  MT        
17:44:36  INFO        [ODS]  │
17:44:36  INFO        [ODS]  │  In simple words: To make 1 MT of LP Steam_Dis, you need:
17:44:36  INFO        [ODS]  │    → 0.387271 MT of HRSG1_C2_LP STEAM
17:44:36  INFO        [ODS]  │    → 0.245271 MT of HRSG2_C2_LP STEAM
17:44:36  INFO        [ODS]  │    → 0.367458 MT of LP Steam PRDS
17:44:36  INFO        [ODS]  └──────────────────────────────────────────────────────────────
17:44:36  INFO        [ODS]
17:44:36  INFO        [ODS]  ┌──────────────────────────────────────────────────────────────
17:44:36  INFO        [ODS]  │ PRODUCER: MP Steam PRDS SHP                  
17:44:36  INFO        [ODS]  │ SAP Code: 310028012             Plant Code: 36H1
17:44:36  INFO        [ODS]  │ Makes: 1 MT of MP Steam PRDS SHP
17:44:36  INFO        [ODS]  │
17:44:36  INFO        [ODS]  │  Needs these ingredients (to make 1 MT):
17:44:36  INFO        [ODS]  │
17:44:36  INFO        [ODS]  │  Type    Ingredient (Material)             Material SAP Code  Norm          UOM       
17:44:36  INFO        [ODS]  │  ------  --------------------------------  ---------------  ------------  ----------
17:44:36  INFO        [ODS]  │  Utility  Boiler Feed Water                 310027927            0.100000  M3        
17:44:36  INFO        [ODS]  │  Utility  HP Steam_Dis                      310027939            0.900000  MT        
17:44:36  INFO        [ODS]  │
17:44:36  INFO        [ODS]  │  In simple words: To make 1 MT of MP Steam PRDS SHP, you need:
17:44:36  INFO        [ODS]  │    → 0.100000 M3 of Boiler Feed Water
17:44:36  INFO        [ODS]  │    → 0.900000 MT of HP Steam_Dis
17:44:36  INFO        [ODS]  └──────────────────────────────────────────────────────────────
17:44:36  INFO        [ODS]
17:44:36  INFO        [ODS]  ┌──────────────────────────────────────────────────────────────
17:44:36  INFO        [ODS]  │ PRODUCER: MP Steam_Dis                       
17:44:36  INFO        [ODS]  │ SAP Code: 310027940             Plant Code: 36H2
17:44:36  INFO        [ODS]  │ Makes: 1 MT of MP Steam_Dis
17:44:36  INFO        [ODS]  │
17:44:36  INFO        [ODS]  │  Needs these ingredients (to make 1 MT):
17:44:36  INFO        [ODS]  │
17:44:36  INFO        [ODS]  │  Type    Ingredient (Material)             Material SAP Code  Norm          UOM       
17:44:36  INFO        [ODS]  │  ------  --------------------------------  ---------------  ------------  ----------
17:44:36  INFO        [ODS]  │  Utility  MP Steam PRDS SHP                 310028012            1.000000  MT        
17:44:36  INFO        [ODS]  │
17:44:36  INFO        [ODS]  │  In simple words: To make 1 MT of MP Steam_Dis, you need:
17:44:36  INFO        [ODS]  │    → 1.000000 MT of MP Steam PRDS SHP
17:44:36  INFO        [ODS]  └──────────────────────────────────────────────────────────────
17:44:36  INFO        [ODS]
17:44:36  INFO        [ODS]  ┌──────────────────────────────────────────────────────────────
17:44:36  INFO        [ODS]  │ PRODUCER: NITROGEN_ASU                       
17:44:36  INFO        [ODS]  │ SAP Code: 310028432             Plant Code: 36H1
17:44:36  INFO        [ODS]  │ Makes: 1 NM3 of NITROGEN_ASU
17:44:36  INFO        [ODS]  │
17:44:36  INFO        [ODS]  │  Needs these ingredients (to make 1 NM3):
17:44:36  INFO        [ODS]  │
17:44:36  INFO        [ODS]  │  Type    Ingredient (Material)             Material SAP Code  Norm          UOM       
17:44:36  INFO        [ODS]  │  ------  --------------------------------  ---------------  ------------  ----------
17:44:36  INFO        [ODS]  │  Utility  Cooling Water                     310027912                   0  KM3       
17:44:36  INFO        [ODS]  │  Utility  MP Steam_Dis                      310027940            0.000021  MT        
17:44:36  INFO        [ODS]  │  Utility  Power_Dis                         310027910            0.474260  KWH       
17:44:36  INFO        [ODS]  │  Utility  Ret steam condensate              310027923           -0.000011  M3        
17:44:36  INFO        [ODS]  │  Utility  Utility Water                     310027928            0.001540  M3        
17:44:36  INFO        [ODS]  │
17:44:36  INFO        [ODS]  │  In simple words: To make 1 NM3 of NITROGEN_ASU, you need:
17:44:36  INFO        [ODS]  │    → 0.000021 MT of MP Steam_Dis
17:44:36  INFO        [ODS]  │    → 0.474260 KWH of Power_Dis
17:44:36  INFO        [ODS]  │    → 0.001540 M3 of Utility Water
17:44:36  INFO        [ODS]  │  And as a bonus (byproduct), you also GET:
17:44:36  INFO        [ODS]  │    → 0.000011 M3 of Ret steam condensate (this is extra output, not input!)
17:44:36  INFO        [ODS]  └──────────────────────────────────────────────────────────────
17:44:36  INFO        [ODS]
17:44:36  INFO        [ODS]  ┌──────────────────────────────────────────────────────────────
17:44:36  INFO        [ODS]  │ PRODUCER: Oxygen                             
17:44:36  INFO        [ODS]  │ SAP Code: 310028126             Plant Code: 36H1
17:44:36  INFO        [ODS]  │ Makes: 1 MT of Oxygen
17:44:36  INFO        [ODS]  │
17:44:36  INFO        [ODS]  │  Needs these ingredients (to make 1 MT):
17:44:36  INFO        [ODS]  │
17:44:36  INFO        [ODS]  │  Type    Ingredient (Material)             Material SAP Code  Norm          UOM       
17:44:36  INFO        [ODS]  │  ------  --------------------------------  ---------------  ------------  ----------
17:44:36  INFO        [ODS]  │  Utility  Cooling Water                     310027912                   0  KM3       
17:44:36  INFO        [ODS]  │  Utility  MP Steam_Dis                      310027940            0.017000  MT        
17:44:36  INFO        [ODS]  │  Utility  Power_Dis                         310027910          374.610000  KWH       
17:44:36  INFO        [ODS]  │  Utility  Ret steam condensate              310027923           -0.008000  M3        
17:44:36  INFO        [ODS]  │  Utility  Utility Water                     310027928            1.230000  M3        
17:44:36  INFO        [ODS]  │
17:44:36  INFO        [ODS]  │  In simple words: To make 1 MT of Oxygen, you need:
17:44:36  INFO        [ODS]  │    → 0.017000 MT of MP Steam_Dis
17:44:36  INFO        [ODS]  │    → 374.610000 KWH of Power_Dis
17:44:36  INFO        [ODS]  │    → 1.230000 M3 of Utility Water
17:44:36  INFO        [ODS]  │  And as a bonus (byproduct), you also GET:
17:44:36  INFO        [ODS]  │    → 0.008000 M3 of Ret steam condensate (this is extra output, not input!)
17:44:36  INFO        [ODS]  └──────────────────────────────────────────────────────────────
17:44:36  INFO        [ODS]
17:44:36  INFO        [ODS]  ┌──────────────────────────────────────────────────────────────
17:44:36  INFO        [ODS]  │ PRODUCER: POWERGEN                           
17:44:36  INFO        [ODS]  │ SAP Code: 310027907             Plant Code: 36H0
17:44:36  INFO        [ODS]  │ Makes: 1 KWH of POWERGEN
17:44:36  INFO        [ODS]  │
17:44:36  INFO        [ODS]  │  This producer has 3 sub-assets (different machines):
17:44:36  INFO        [ODS]  │    • JMD - C2-GTG 1                  (Plant ID: 36H0)
17:44:36  INFO        [ODS]  │    • JMD - C2-GTG 2                  (Plant ID: 36GX)
17:44:36  INFO        [ODS]  │    • JMD - C2-STG 1                  (Plant ID: 36HM)
17:44:36  INFO        [ODS]  │
17:44:36  INFO        [ODS]  │  Needs these ingredients (to make 1 KWH):
17:44:36  INFO        [ODS]  │
17:44:36  INFO        [ODS]  │  ▸ Sub-asset: JMD - C2-GTG 1 (Plant ID: 36H0)
17:44:36  INFO        [ODS]  │    Type    Ingredient (Material)             Material SAP Code  Norm          UOM       
17:44:36  INFO        [ODS]  │    ------  --------------------------------  ---------------  ------------  ----------
17:44:36  INFO        [ODS]  │    Raw Mat.  SynGas(Unshift)                   SYNGASN_UNSHIFT      0.004368  MMBTU     
17:44:36  INFO        [ODS]  │    Utility  COMPRESSED AIR                    310027904            0.001280  NM3       
17:44:36  INFO        [ODS]  │    Utility  Cooling Water                     310027912            0.000007  KM3       
17:44:36  INFO        [ODS]  │    Utility  NITROGEN_ASU                      310028432            0.001660  NM3       
17:44:36  INFO        [ODS]  │    Utility  Power_Dis                         310027910            0.001350  KWH       
17:44:36  INFO        [ODS]  │    Utility  Utility Water                     310027928            0.000023  M3        
17:44:36  INFO        [ODS]  │    In simple words: To make 1 KWH from JMD - C2-GTG 1, you need:
17:44:36  INFO        [ODS]  │      → 0.004368 MMBTU of SynGas(Unshift)
17:44:36  INFO        [ODS]  │      → 0.001280 NM3 of COMPRESSED AIR
17:44:36  INFO        [ODS]  │      → 0.000007 KM3 of Cooling Water
17:44:36  INFO        [ODS]  │      → 0.001660 NM3 of NITROGEN_ASU
17:44:36  INFO        [ODS]  │      → 0.001350 KWH of Power_Dis
17:44:36  INFO        [ODS]  │      → 0.000023 M3 of Utility Water
17:44:36  INFO        [ODS]  │
17:44:36  INFO        [ODS]  │  ▸ Sub-asset: JMD - C2-GTG 2 (Plant ID: 36GX)
17:44:36  INFO        [ODS]  │    Type    Ingredient (Material)             Material SAP Code  Norm          UOM       
17:44:36  INFO        [ODS]  │    ------  --------------------------------  ---------------  ------------  ----------
17:44:36  INFO        [ODS]  │    Raw Mat.  SynGas(Unshift)                   SYNGASN_UNSHIFT      0.004485  MMBTU     
17:44:36  INFO        [ODS]  │    Utility  COMPRESSED AIR                    310027904            0.001280  NM3       
17:44:36  INFO        [ODS]  │    Utility  Cooling Water                     310027912            0.000007  KM3       
17:44:36  INFO        [ODS]  │    Utility  NITROGEN_ASU                      310028432            0.001660  NM3       
17:44:36  INFO        [ODS]  │    Utility  Power_Dis                         310027910            0.001350  KWH       
17:44:36  INFO        [ODS]  │    Utility  Utility Water                     310027928            0.000023  M3        
17:44:36  INFO        [ODS]  │    In simple words: To make 1 KWH from JMD - C2-GTG 2, you need:
17:44:36  INFO        [ODS]  │      → 0.004485 MMBTU of SynGas(Unshift)
17:44:36  INFO        [ODS]  │      → 0.001280 NM3 of COMPRESSED AIR
17:44:36  INFO        [ODS]  │      → 0.000007 KM3 of Cooling Water
17:44:36  INFO        [ODS]  │      → 0.001660 NM3 of NITROGEN_ASU
17:44:36  INFO        [ODS]  │      → 0.001350 KWH of Power_Dis
17:44:36  INFO        [ODS]  │      → 0.000023 M3 of Utility Water
17:44:36  INFO        [ODS]  │
17:44:36  INFO        [ODS]  │  ▸ Sub-asset: JMD - C2-STG 1 (Plant ID: 36HM)
17:44:36  INFO        [ODS]  │    Type    Ingredient (Material)             Material SAP Code  Norm          UOM       
17:44:36  INFO        [ODS]  │    ------  --------------------------------  ---------------  ------------  ----------
17:44:36  INFO        [ODS]  │    Utility  Cooling Water                     310027912            0.000400  KM3       
17:44:36  INFO        [ODS]  │    Utility  NITROGEN_ASU                      310028432            0.001030  NM3       
17:44:36  INFO        [ODS]  │    Utility  Power_Dis                         310027910            0.007050  KWH       
17:44:36  INFO        [ODS]  │    Utility  SHP Steam_Dis                     310027924            0.003640  MT        
17:44:36  INFO        [ODS]  │    In simple words: To make 1 KWH from JMD - C2-STG 1, you need:
17:44:36  INFO        [ODS]  │      → 0.000400 KM3 of Cooling Water
17:44:36  INFO        [ODS]  │      → 0.001030 NM3 of NITROGEN_ASU
17:44:36  INFO        [ODS]  │      → 0.007050 KWH of Power_Dis
17:44:36  INFO        [ODS]  │      → 0.003640 MT of SHP Steam_Dis
17:44:36  INFO        [ODS]  │
17:44:36  INFO        [ODS]  └──────────────────────────────────────────────────────────────
17:44:36  INFO        [ODS]
17:44:36  INFO        [ODS]  ┌──────────────────────────────────────────────────────────────
17:44:36  INFO        [ODS]  │ PRODUCER: PROCESS FEED WATER                 
17:44:36  INFO        [ODS]  │ SAP Code: 310027972             Plant Code: 36H1
17:44:36  INFO        [ODS]  │ Makes: 1 M3 of PROCESS FEED WATER
17:44:36  INFO        [ODS]  │
17:44:36  INFO        [ODS]  │  Needs these ingredients (to make 1 M3):
17:44:36  INFO        [ODS]  │
17:44:36  INFO        [ODS]  │  Type    Ingredient (Material)             Material SAP Code  Norm          UOM       
17:44:36  INFO        [ODS]  │  ------  --------------------------------  ---------------  ------------  ----------
17:44:36  INFO        [ODS]  │  Utility  D M Water                         310027966            0.900000  M3        
17:44:36  INFO        [ODS]  │  Utility  LP Steam_Dis                      310027965            0.100000  MT        
17:44:36  INFO        [ODS]  │  Utility  Power_Dis                         310027910            0.631000  KWH       
17:44:36  INFO        [ODS]  │
17:44:36  INFO        [ODS]  │  In simple words: To make 1 M3 of PROCESS FEED WATER, you need:
17:44:36  INFO        [ODS]  │    → 0.900000 M3 of D M Water
17:44:36  INFO        [ODS]  │    → 0.100000 MT of LP Steam_Dis
17:44:36  INFO        [ODS]  │    → 0.631000 KWH of Power_Dis
17:44:36  INFO        [ODS]  └──────────────────────────────────────────────────────────────
17:44:36  INFO        [ODS]
17:44:36  INFO        [ODS]  ┌──────────────────────────────────────────────────────────────
17:44:36  INFO        [ODS]  │ PRODUCER: Power_Dis                          
17:44:36  INFO        [ODS]  │ SAP Code: 310027910             Plant Code: 36H2
17:44:36  INFO        [ODS]  │ Makes: 1 KWH of Power_Dis
17:44:36  INFO        [ODS]  │
17:44:36  INFO        [ODS]  │  Needs these ingredients (to make 1 KWH):
17:44:36  INFO        [ODS]  │
17:44:36  INFO        [ODS]  │  Type    Ingredient (Material)             Material SAP Code  Norm          UOM       
17:44:36  INFO        [ODS]  │  ------  --------------------------------  ---------------  ------------  ----------
17:44:36  INFO        [ODS]  │  Utility  Power                             POWER                0.065453  KWH       
17:44:36  INFO        [ODS]  │  Utility  POWERGEN                          310027907            0.572172  KWH       
17:44:36  INFO        [ODS]  │  Utility  POWERGEN                          310027907            0.362375  KWH       
17:44:36  INFO        [ODS]  │
17:44:36  INFO        [ODS]  │  In simple words: To make 1 KWH of Power_Dis, you need:
17:44:36  INFO        [ODS]  │    → 0.065453 KWH of Power
17:44:36  INFO        [ODS]  │    → 0.572172 KWH of POWERGEN
17:44:36  INFO        [ODS]  │    → 0.362375 KWH of POWERGEN
17:44:36  INFO        [ODS]  └──────────────────────────────────────────────────────────────
17:44:36  INFO        [ODS]
17:44:36  INFO        [ODS]  ┌──────────────────────────────────────────────────────────────
17:44:36  INFO        [ODS]  │ PRODUCER: SHP Steam_Dis                      
17:44:36  INFO        [ODS]  │ SAP Code: 310027924             Plant Code: 36H2
17:44:36  INFO        [ODS]  │ Makes: 1 MT of SHP Steam_Dis
17:44:36  INFO        [ODS]  │
17:44:36  INFO        [ODS]  │  Needs these ingredients (to make 1 MT):
17:44:36  INFO        [ODS]  │
17:44:36  INFO        [ODS]  │  Type    Ingredient (Material)             Material SAP Code  Norm          UOM       
17:44:36  INFO        [ODS]  │  ------  --------------------------------  ---------------  ------------  ----------
17:44:36  INFO        [ODS]  │  Utility  AUXBOIL7_SHP STEAM                310028384            0.226682  MT        
17:44:36  INFO        [ODS]  │  Utility  AUXBOIL8_SHP STEAM                310028411                   0  MT        
17:44:36  INFO        [ODS]  │  Utility  HRSG1_C2_SHP STEAM                310028383            0.473460  MT        
17:44:36  INFO        [ODS]  │  Utility  HRSG2_C2_SHP STEAM                310028410            0.299858  MT        
17:44:36  INFO        [ODS]  │
17:44:36  INFO        [ODS]  │  In simple words: To make 1 MT of SHP Steam_Dis, you need:
17:44:36  INFO        [ODS]  │    → 0.226682 MT of AUXBOIL7_SHP STEAM
17:44:36  INFO        [ODS]  │    → 0.473460 MT of HRSG1_C2_SHP STEAM
17:44:36  INFO        [ODS]  │    → 0.299858 MT of HRSG2_C2_SHP STEAM
17:44:36  INFO        [ODS]  └──────────────────────────────────────────────────────────────
17:44:36  INFO        [ODS]
17:44:36  INFO        [ODS]  ┌──────────────────────────────────────────────────────────────
17:44:36  INFO        [ODS]  │ PRODUCER: Utility Water                      
17:44:36  INFO        [ODS]  │ SAP Code: 310027928             Plant Code: 36H1
17:44:36  INFO        [ODS]  │ Makes: 1 M3 of Utility Water
17:44:36  INFO        [ODS]  │
17:44:36  INFO        [ODS]  │  Needs these ingredients (to make 1 M3):
17:44:36  INFO        [ODS]  │
17:44:36  INFO        [ODS]  │  Type    Ingredient (Material)             Material SAP Code  Norm          UOM       
17:44:36  INFO        [ODS]  │  ------  --------------------------------  ---------------  ------------  ----------
17:44:36  INFO        [ODS]  │  Utility  COMPRESSED AIR                    310027904            0.217390  NM3       
17:44:36  INFO        [ODS]  │  Utility  Power_Dis                         310027910                   0  KWH       
17:44:36  INFO        [ODS]  │  Utility  SWRO WATER                        310028356            1.100000  M3        
17:44:36  INFO        [ODS]  │
17:44:36  INFO        [ODS]  │  In simple words: To make 1 M3 of Utility Water, you need:
17:44:36  INFO        [ODS]  │    → 0.217390 NM3 of COMPRESSED AIR
17:44:36  INFO        [ODS]  │    → 1.100000 M3 of SWRO WATER
17:44:36  INFO        [ODS]  └──────────────────────────────────────────────────────────────
17:44:36  INFO        [ODS]
17:44:36  INFO        [ODS]  Total producers with consumption norms: 24
17:44:36  INFO        [ODS] ===================================
17:44:36  INFO      
17:44:36  INFO        ==============================================================================
17:44:36  INFO        U4U ITERATION LOOP  (April 2026)
17:44:36  INFO        ==============================================================================
17:44:36  INFO        Tolerance: 0.0100%  |  Max iterations: 50
17:44:36  INFO        Allowed accounts: Raw Material, Utilities
17:44:36  INFO        ODS producers: 24
17:44:36  INFO      
17:44:40  INFO      
17:44:40  INFO        POWER SPINNING MARGIN CONFIG
17:44:40  INFO        Most efficient asset: JMD - C2-GTG 2 (fixed_max = 120.00 MW)
17:44:40  INFO        Required margin: 120.00 MW
17:44:40  INFO        Asset                          Max MW     Eff Max     Reserve
17:44:40  INFO        -------------------------  ----------  ----------  ----------
17:44:40  INFO        JMD - C2-GTG 1                 110.00       80.00       30.00
17:44:40  INFO        JMD - C2-GTG 2                 110.00      110.00        0.00 (excluded)
17:44:40  INFO        JMD - C2-STG 1                  93.00        3.00       90.00
17:44:40  INFO        TOTAL RESERVED                                         120.00
17:44:40  INFO        → Margin of 120.00 MW successfully reserved
17:44:40  INFO      
17:44:40  INFO        ==============================================================================
17:44:40  INFO        POWER DISPATCH  (April 2026)
17:44:40  INFO        ==============================================================================
17:44:40  INFO        Demand:  Process = 62526.31 MWh  |  Fixed = 20341.28 MWh  |  Total = 82867.59 MWh
17:44:40  INFO      
17:44:40  INFO        Step 1: Mandatory assets at MIN load, then optional if needed
17:44:40  INFO        Asset                      Priority   Man    Min MW    Max MW     Hours       Min MWh
17:44:40  INFO        -------------------------  --------  ----  --------  --------  --------  ------------
17:44:40  INFO        JMD - C2-GTG 1                    2     Y     80.00    110.00    676.00      54080.00
17:44:40  INFO        JMD - C2-GTG 2                    1     Y     80.00    110.00    710.00      56800.00
17:44:40  INFO        JMD - C2-STG 1                    1     Y      0.00     93.00    719.00          0.00
17:44:40  INFO        TOTAL MIN GENERATION                                                        110880.00
17:44:40  INFO      
17:44:40  INFO        ⚠ SURPLUS: MIN generation (110880.00 MWh) EXCEEDS demand (82867.59 MWh)
17:44:40  INFO          Surplus = 28012.41 MWh  (will be handled via export power in future)
17:44:40  INFO      
17:44:40  INFO        FINAL DISPATCH
17:44:40  INFO        Asset                      Priority   Dispatched MW  Dispatched MWh    Load %   Avg Load MW   Free Steam MT        Aux Norm   Aux Power MWh
17:44:40  INFO        -------------------------  --------  --------------  --------------  --------  ------------  --------------  --------------  --------------
17:44:40  INFO        JMD - C2-GTG 1                    2           80.00        54080.00     72.7%         80.00       106537.60        0.001350           73.01
17:44:40  INFO        JMD - C2-GTG 2                    1           80.00        56800.00     72.7%         80.00       111896.00        0.001350           76.68
17:44:40  INFO        JMD - C2-STG 1                    1            0.00            0.00      0.0%          0.00            0.00        0.007050            0.00
17:44:40  INFO        TOTAL                                                     110880.00                               218433.60                          149.69
17:44:40  INFO      
17:44:40  INFO        ✓ POWER SPINNING MARGIN OK: 153.00 MW reserved (required: 120.00 MW)
17:44:40  INFO        ==============================================================================
17:44:43  INFO      
17:44:43  INFO        SPINNING MARGIN CONFIG
17:44:43  INFO        Required margin: 250.00 TPH
17:44:43  INFO        Asset                         Max TPH     Eff Max     Reserve
17:44:43  INFO        -------------------------  ----------  ----------  ----------
17:44:43  INFO        AUXBOIL7_SHP STEAM             220.00      161.49       58.51
17:44:43  INFO        AUXBOIL8_SHP STEAM             220.00      161.49       58.51
17:44:43  INFO        HRSG1_C2_SHP STEAM             250.00      183.51       66.49
17:44:43  INFO        HRSG2_C2_SHP STEAM             250.00      183.51       66.49
17:44:43  INFO        TOTAL RESERVED                                         250.00
17:44:43  INFO        → Margin of 250.00 TPH successfully reserved
17:44:43  INFO      
17:44:43  INFO        ==============================================================================
17:44:43  INFO        STEAM DISPATCH  (April 2026)
17:44:43  INFO        ==============================================================================
17:44:43  INFO        Grade      Process/Fixed MT  Letdown MT  Byproduct MT     Net Demand MT
17:44:43  INFO        ---------  ----------------  ----------  ------------  ----------------
17:44:43  INFO        LP                 23081.00        0.00     -33264.00         -10183.00
17:44:43  INFO        MP                 12542.00    11287.80          0.00          12542.00
17:44:43  INFO        HP                -12014.00        0.00          0.00           -726.20
17:44:43  INFO        SHP               359673.00        0.00          0.00         359673.00
17:44:43  INFO      
17:44:43  INFO        Total Free Steam available: 218433.60 MT
17:44:43  INFO      
17:44:43  INFO        FINAL SUPPLEMENTARY FIRING DISPATCH
17:44:43  INFO        Asset                      Priority   Man     Min TPH     Max TPH     Hours  Dispatched TPH   Dispatched MT    Load %
17:44:43  INFO        -------------------------  --------  ----  ----------  ----------  --------  --------------  --------------  --------
17:44:43  INFO        AUXBOIL7_SHP STEAM                1     Y       90.00      220.00    698.00           90.00        62820.00     40.9%
17:44:43  INFO        AUXBOIL8_SHP STEAM                1     Y       90.00      220.00    720.00           90.00        64800.00     40.9%
17:44:43  INFO        HRSG1_C2_SHP STEAM                2     Y      160.00      250.00    676.00          160.00       108160.00     64.0%
17:44:43  INFO        HRSG2_C2_SHP STEAM                1     Y      160.00      250.00    710.00          160.00       113600.00     64.0%
17:44:43  INFO        TOTAL SUPPLEMENTARY                                                                         349380.00          
17:44:43  INFO        TOTAL STEAM GENERATED                                                                       567813.60          
17:44:43  INFO        ✓ Steam demand fully met with surplus of 208140.60 MT
17:44:43  INFO      
17:44:43  INFO        ✓ STEAM SPINNING MARGIN OK: 440.00 TPH reserved (required: 250.00 TPH)
17:44:43  INFO        ==============================================================================
17:44:43  INFO      
17:44:43  INFO        [U4U LOOP] ==============================================================================
17:44:43  INFO        [U4U LOOP]  ITERATION 1
17:44:43  INFO        [U4U LOOP] ==============================================================================
17:44:43  INFO        [U4U LOOP]  Power:  demand=      82867.59 MWh   gen=     110880.00 MWh
17:44:43  INFO        [U4U LOOP]  Steam:  gen=     567813.60 MT
17:44:43  INFO      
17:44:43  INFO        [U4U LOOP]  Utility (ODS Material)            Old Demand    New Demand    U4U Demand    Change %
17:44:43  INFO        [U4U LOOP]  ------------------------------  ------------  ------------  ------------  ----------
17:44:43  INFO        [U4U LOOP]  AUXBOIL7_SHP STEAM                      0.00          0.00      81531.39     0.0000%
17:44:43  INFO        [U4U LOOP]  Boiler Feed Water                       0.00          0.00     386137.80     0.0000%
17:44:43  INFO        [U4U LOOP]  COMPRESED AIR_ASU                       0.00          0.00     643620.92     0.0000%
17:44:43  INFO        [U4U LOOP]  COMPRESSED AIR                          0.00   12620018.00     614750.95   100.0000%
17:44:43  INFO        [U4U LOOP]  Condensate                              0.00    -152646.00          0.00   100.0000%
17:44:43  INFO        [U4U LOOP]  Cooling Water                           0.00     100215.00        776.16   100.0000%
17:44:43  INFO        [U4U LOOP]  D M Water                               0.00     184969.00          0.00   100.0000%
17:44:43  INFO        [U4U LOOP]  Effluent Treated                        0.00          0.00     380817.00     0.0000%
17:44:43  INFO        [U4U LOOP]  HP Steam_Dis                            0.00     -12014.00          0.00   100.0000%
17:44:43  INFO        [U4U LOOP]  HRSG1_C2_SHP STEAM                      0.00          0.00     170290.78     0.0000%
17:44:43  INFO        [U4U LOOP]  HRSG2_C2_SHP STEAM                      0.00          0.00     107850.83     0.0000%
17:44:43  INFO        [U4U LOOP]  LP Steam PRDS                           0.00          0.00       8481.30     0.0000%
17:44:43  INFO        [U4U LOOP]  LP Steam_Dis                            0.00      23081.00          0.00   100.0000%
17:44:43  INFO        [U4U LOOP]  MP Steam PRDS SHP                       0.00          0.00      12542.00     0.0000%
17:44:43  INFO        [U4U LOOP]  MP Steam_Dis                            0.00      12542.00        267.69   100.0000%
17:44:43  INFO        [U4U LOOP]  NITROGEN_ASU                            0.00   12747061.00     300591.27   100.0000%
17:44:43  INFO        [U4U LOOP]  Power_Dis                               0.00      82867.59      29948.17   100.0000%
17:44:43  INFO        [U4U LOOP]  SHP Steam_Dis                           0.00     359673.00          0.00   100.0000%
17:44:43  INFO        [U4U LOOP]  Utility Water                           0.00    1528813.00      22180.71   100.0000%
17:44:43  INFO      
17:44:43  INFO        [U4U LOOP]  U4U CONSUMPTION BREAKDOWN (per producer per material):
17:44:43  INFO        [U4U LOOP]  Producer                   Material Consumed              Norm      Quantity
17:44:43  INFO        [U4U LOOP]  -------------------------  -------------------------  --------  ------------
17:44:43  INFO        [U4U LOOP]  JMD - C2-GTG 1             SynGas(Unshift)            0.004368     236221.44
17:44:43  INFO        [U4U LOOP]  JMD - C2-GTG 1             COMPRESSED AIR             0.001280      69222.40
17:44:43  INFO        [U4U LOOP]  JMD - C2-GTG 1             Cooling Water              0.000007        378.56
17:44:43  INFO        [U4U LOOP]  JMD - C2-GTG 1             NITROGEN_ASU               0.001660      89772.80
17:44:43  INFO        [U4U LOOP]  JMD - C2-GTG 1             Power_Dis                  0.001350      73008.00
17:44:43  INFO        [U4U LOOP]  JMD - C2-GTG 1             Utility Water              0.000023       1243.84
17:44:43  INFO        [U4U LOOP]  JMD - C2-GTG 2             SynGas(Unshift)            0.004485     254748.00
17:44:43  INFO        [U4U LOOP]  JMD - C2-GTG 2             COMPRESSED AIR             0.001280      72704.00
17:44:43  INFO        [U4U LOOP]  JMD - C2-GTG 2             Cooling Water              0.000007        397.60
17:44:43  INFO        [U4U LOOP]  JMD - C2-GTG 2             NITROGEN_ASU               0.001660      94288.00
17:44:43  INFO        [U4U LOOP]  JMD - C2-GTG 2             Power_Dis                  0.001350      76680.00
17:44:43  INFO        [U4U LOOP]  JMD - C2-GTG 2             Utility Water              0.000023       1306.40
17:44:43  INFO        [U4U LOOP]  AUXBOIL7_SHP STEAM         SynGas(Unshift)            2.876221     180684.20
17:44:43  INFO        [U4U LOOP]  AUXBOIL7_SHP STEAM         Boiler Feed Water          1.010000      63448.20
17:44:43  INFO        [U4U LOOP]  AUXBOIL7_SHP STEAM         Power_Dis                  3.850000     241857.00
17:44:43  INFO        [U4U LOOP]  AUXBOIL8_SHP STEAM         Boiler Feed Water          1.010000      65448.00
17:44:43  INFO        [U4U LOOP]  AUXBOIL8_SHP STEAM         Power_Dis                  3.850000     249480.00
17:44:43  INFO        [U4U LOOP]  HRSG1_C2_SHP STEAM         SynGas(Unshift)            3.376244     365174.55
17:44:43  INFO        [U4U LOOP]  HRSG1_C2_SHP STEAM         Boiler Feed Water          1.160000     125465.60
17:44:43  INFO        [U4U LOOP]  HRSG1_C2_SHP STEAM         Power_Dis                  0.285000      30825.60
17:44:43  INFO        [U4U LOOP]  HRSG2_C2_SHP STEAM         SynGas(Unshift)            3.357468     381408.36
17:44:43  INFO        [U4U LOOP]  HRSG2_C2_SHP STEAM         Boiler Feed Water          1.160000     131776.00
17:44:43  INFO        [U4U LOOP]  HRSG2_C2_SHP STEAM         Power_Dis                  0.285000      32376.00
17:44:43  INFO        [U4U LOOP]  COMPRESSED AIR             COMPRESED AIR_ASU          0.051000     643620.92
17:44:43  INFO        [U4U LOOP]  COMPRESSED AIR             COMPRESSED AIR             0.002670      33695.45
17:44:43  INFO        [U4U LOOP]  COMPRESSED AIR             Power_Dis                  0.150000    1893002.70
17:44:43  INFO        [U4U LOOP]  Cooling Water              COMPRESSED AIR             0.974741      97683.67
17:44:43  INFO        [U4U LOOP]  Cooling Water              Effluent Treated           3.800000     380817.00
17:44:43  INFO        [U4U LOOP]  Cooling Water              Power_Dis                  210.900000   21135343.50
17:44:43  INFO        [U4U LOOP]  Cooling Water              SWRO WATER                 9.400000     942021.00
17:44:43  INFO        [U4U LOOP]  D M Water                  COMPRESSED AIR             0.049180       9096.78
17:44:43  INFO        [U4U LOOP]  D M Water                  NITROGEN_ASU               0.630000     116530.47
17:44:43  INFO        [U4U LOOP]  D M Water                  Power_Dis                  0.920000     170171.48
17:44:43  INFO        [U4U LOOP]  D M Water                  SWRO WATER                 1.150000     212714.35
17:44:43  INFO        [U4U LOOP]  NITROGEN_ASU               MP Steam_Dis               0.000021        267.69
17:44:43  INFO        [U4U LOOP]  NITROGEN_ASU               Power_Dis                  0.474260    6045421.15
17:44:43  INFO        [U4U LOOP]  NITROGEN_ASU               Ret steam condensate       -0.000011       -140.22
17:44:43  INFO        [U4U LOOP]  NITROGEN_ASU               Utility Water              0.001540      19630.47
17:44:43  INFO        [U4U LOOP]  Utility Water              COMPRESSED AIR             0.217390     332348.66
17:44:43  INFO        [U4U LOOP]  Utility Water              SWRO WATER                 1.100000    1681694.30
17:44:43  INFO        [U4U LOOP]  LP Steam_Dis               HRSG1_C2_LP STEAM          0.387271       8938.60
17:44:43  INFO        [U4U LOOP]  LP Steam_Dis               HRSG2_C2_LP STEAM          0.245271       5661.10
17:44:43  INFO        [U4U LOOP]  LP Steam_Dis               LP Steam PRDS              0.367458       8481.30
17:44:43  INFO        [U4U LOOP]  MP Steam_Dis               MP Steam PRDS SHP          1.000000      12542.00
17:44:43  INFO        [U4U LOOP]  SHP Steam_Dis              AUXBOIL7_SHP STEAM         0.226682      81531.39
17:44:43  INFO        [U4U LOOP]  SHP Steam_Dis              HRSG1_C2_SHP STEAM         0.473460     170290.78
17:44:43  INFO        [U4U LOOP]  SHP Steam_Dis              HRSG2_C2_SHP STEAM         0.299858     107850.83
17:44:43  INFO      
17:44:43  INFO        [U4U LOOP]  Not yet converged: 14 materials
17:44:43  INFO        [U4U LOOP]    AUXBOIL7_SHP STEAM              change=100.0000%
17:44:43  INFO        [U4U LOOP]    Boiler Feed Water               change=100.0000%
17:44:43  INFO        [U4U LOOP]    COMPRESED AIR_ASU               change=100.0000%
17:44:43  INFO        [U4U LOOP]    COMPRESSED AIR                  change=100.0000%
17:44:43  INFO        [U4U LOOP]    Cooling Water                   change=100.0000%
17:44:43  INFO        [U4U LOOP]    Effluent Treated                change=100.0000%
17:44:43  INFO        [U4U LOOP]    HRSG1_C2_SHP STEAM              change=100.0000%
17:44:43  INFO        [U4U LOOP]    HRSG2_C2_SHP STEAM              change=100.0000%
17:44:43  INFO        [U4U LOOP]    LP Steam PRDS                   change=100.0000%
17:44:43  INFO        [U4U LOOP]    MP Steam PRDS SHP               change=100.0000%
17:44:43  INFO        [U4U LOOP]    MP Steam_Dis                    change=100.0000%
17:44:43  INFO        [U4U LOOP]    NITROGEN_ASU                    change=100.0000%
17:44:43  INFO        [U4U LOOP]    Power_Dis                       change=100.0000%
17:44:43  INFO        [U4U LOOP]    Utility Water                   change=100.0000%
17:44:43  INFO      
17:44:48  INFO      
17:44:48  INFO        POWER SPINNING MARGIN CONFIG
17:44:48  INFO        Most efficient asset: JMD - C2-GTG 2 (fixed_max = 120.00 MW)
17:44:48  INFO        Required margin: 120.00 MW
17:44:48  INFO        Asset                          Max MW     Eff Max     Reserve
17:44:48  INFO        -------------------------  ----------  ----------  ----------
17:44:48  INFO        JMD - C2-GTG 1                 110.00       80.00       30.00
17:44:48  INFO        JMD - C2-GTG 2                 110.00      110.00        0.00 (excluded)
17:44:48  INFO        JMD - C2-STG 1                  93.00        3.00       90.00
17:44:48  INFO        TOTAL RESERVED                                         120.00
17:44:48  INFO        → Margin of 120.00 MW successfully reserved
17:44:48  INFO      
17:44:48  INFO        ==============================================================================
17:44:48  INFO        POWER DISPATCH  (April 2026)
17:44:48  INFO        ==============================================================================
17:44:48  INFO        Demand:  Process = 62526.31 MWh  |  Fixed = 50289.45 MWh  |  Total = 112815.76 MWh
17:44:48  INFO      
17:44:48  INFO        Step 1: Mandatory assets at MIN load, then optional if needed
17:44:48  INFO        Asset                      Priority   Man    Min MW    Max MW     Hours       Min MWh
17:44:48  INFO        -------------------------  --------  ----  --------  --------  --------  ------------
17:44:48  INFO        JMD - C2-GTG 1                    2     Y     80.00    110.00    676.00      54080.00
17:44:48  INFO        JMD - C2-GTG 2                    1     Y     80.00    110.00    710.00      56800.00
17:44:48  INFO        JMD - C2-STG 1                    1     Y      0.00     93.00    719.00          0.00
17:44:48  INFO        TOTAL MIN GENERATION                                                        110880.00
17:44:48  INFO      
17:44:48  INFO        ✓ Demand met exactly or within tolerance
17:44:48  INFO      
17:44:48  INFO        FINAL DISPATCH
17:44:48  INFO        Asset                      Priority   Dispatched MW  Dispatched MWh    Load %   Avg Load MW   Free Steam MT        Aux Norm   Aux Power MWh
17:44:48  INFO        -------------------------  --------  --------------  --------------  --------  ------------  --------------  --------------  --------------
17:44:48  INFO        JMD - C2-GTG 1                    2           80.00        54080.00     72.7%         80.00       106537.60        0.001350           73.01
17:44:48  INFO        JMD - C2-GTG 2                    1           81.35        57761.78     74.0%         81.35       113790.71        0.001350           77.98
17:44:48  INFO        JMD - C2-STG 1                    1            1.35          973.98      1.5%          1.35            0.00        0.007050            6.87
17:44:48  INFO        TOTAL                                                     112815.76                               220328.31                          157.86
17:44:48  INFO      
17:44:48  INFO        ✓ POWER SPINNING MARGIN OK: 150.29 MW reserved (required: 120.00 MW)
17:44:48  INFO        ==============================================================================
17:44:52  INFO      
17:44:52  INFO        SPINNING MARGIN CONFIG
17:44:52  INFO        Required margin: 250.00 TPH
17:44:52  INFO        Asset                         Max TPH     Eff Max     Reserve
17:44:52  INFO        -------------------------  ----------  ----------  ----------
17:44:52  INFO        AUXBOIL7_SHP STEAM             220.00      161.49       58.51
17:44:52  INFO        AUXBOIL8_SHP STEAM             220.00      161.49       58.51
17:44:52  INFO        HRSG1_C2_SHP STEAM             250.00      183.51       66.49
17:44:52  INFO        HRSG2_C2_SHP STEAM             250.00      183.51       66.49
17:44:52  INFO        TOTAL RESERVED                                         250.00
17:44:52  INFO        → Margin of 250.00 TPH successfully reserved
17:44:52  INFO      
17:44:52  INFO        ==============================================================================
17:44:52  INFO        STEAM DISPATCH  (April 2026)
17:44:52  INFO        ==============================================================================
17:44:52  INFO        Grade      Process/Fixed MT  Letdown MT  Byproduct MT     Net Demand MT
17:44:52  INFO        ---------  ----------------  ----------  ------------  ----------------
17:44:52  INFO        LP                 23081.00        0.00     -33264.00         -10183.00
17:44:52  INFO        MP                 12809.69    11528.72          0.00          12809.69
17:44:52  INFO        HP                -12014.00        0.00          0.00           -485.28
17:44:52  INFO        SHP               359673.00        0.00          0.00         359673.00
17:44:52  INFO      
17:44:52  INFO        Total Free Steam available: 220328.31 MT
17:44:52  INFO      
17:44:52  INFO        FINAL SUPPLEMENTARY FIRING DISPATCH
17:44:52  INFO        Asset                      Priority   Man     Min TPH     Max TPH     Hours  Dispatched TPH   Dispatched MT    Load %
17:44:52  INFO        -------------------------  --------  ----  ----------  ----------  --------  --------------  --------------  --------
17:44:52  INFO        AUXBOIL7_SHP STEAM                1     Y       90.00      220.00    698.00           90.00        62820.00     40.9%
17:44:52  INFO        AUXBOIL8_SHP STEAM                1     Y       90.00      220.00    720.00           90.00        64800.00     40.9%
17:44:52  INFO        HRSG1_C2_SHP STEAM                2     Y      160.00      250.00    676.00          160.00       108160.00     64.0%
17:44:52  INFO        HRSG2_C2_SHP STEAM                1     Y      160.00      250.00    710.00          160.00       113600.00     64.0%
17:44:52  INFO        TOTAL SUPPLEMENTARY                                                                         349380.00          
17:44:52  INFO        TOTAL STEAM GENERATED                                                                       569708.31          
17:44:52  INFO        ✓ Steam demand fully met with surplus of 210035.31 MT
17:44:52  INFO      
17:44:52  INFO        ✓ STEAM SPINNING MARGIN OK: 440.00 TPH reserved (required: 250.00 TPH)
17:44:52  INFO        ==============================================================================
17:44:52  INFO      
17:44:52  INFO        [U4U LOOP] ==============================================================================
17:44:52  INFO        [U4U LOOP]  ITERATION 2
17:44:52  INFO        [U4U LOOP] ==============================================================================
17:44:52  INFO        [U4U LOOP]  Power:  demand=     112815.76 MWh   gen=     112815.76 MWh
17:44:52  INFO        [U4U LOOP]  Steam:  gen=     569708.31 MT
17:44:52  INFO      
17:44:52  INFO        [U4U LOOP]  Utility (ODS Material)            Old Demand    New Demand    U4U Demand    Change %
17:44:52  INFO        [U4U LOOP]  ------------------------------  ------------  ------------  ------------  ----------
17:44:52  INFO        [U4U LOOP]  AUXBOIL7_SHP STEAM                      0.00      81531.39      81531.39   100.0000%
17:44:52  INFO        [U4U LOOP]  Boiler Feed Water                       0.00     386137.80     387858.47   100.0000%
17:44:52  INFO        [U4U LOOP]  COMPRESED AIR_ASU                       0.00     643620.92     674973.22   100.0000%
17:44:52  INFO        [U4U LOOP]  COMPRESSED AIR                   12620018.00   13234768.95    1464541.59     4.6450%
17:44:52  INFO        [U4U LOOP]  Condensate                        -152646.00    -152646.00          0.00     0.0000%
17:44:52  INFO        [U4U LOOP]  Cooling Water                      100215.00     100991.16       1184.29     0.7685%
17:44:52  INFO        [U4U LOOP]  D M Water                          184969.00     184969.00     347524.02     0.0000%
17:44:52  INFO        [U4U LOOP]  Effluent Treated                        0.00     380817.00     383766.41   100.0000%
17:44:52  INFO        [U4U LOOP]  HP Steam_Dis                       -12014.00     -12014.00      11287.80     0.0000%
17:44:52  INFO        [U4U LOOP]  HRSG1_C2_SHP STEAM                      0.00     170290.78     170290.78   100.0000%
17:44:52  INFO        [U4U LOOP]  HRSG2_C2_SHP STEAM                      0.00     107850.83     107850.83   100.0000%
17:44:52  INFO        [U4U LOOP]  LP Steam PRDS                           0.00       8481.30       8481.30   100.0000%
17:44:52  INFO        [U4U LOOP]  LP Steam_Dis                        23081.00      23081.00      38613.78     0.0000%
17:44:52  INFO        [U4U LOOP]  MP Steam PRDS SHP                       0.00      12542.00      12809.69   100.0000%
17:44:52  INFO        [U4U LOOP]  MP Steam_Dis                        12542.00      12809.69       8288.83     2.0897%
17:44:52  INFO        [U4U LOOP]  NITROGEN_ASU                     12747061.00   13047652.27     305405.09     2.3038%
17:44:52  INFO        [U4U LOOP]  Power_Dis                           82867.59     112815.76      34781.58    26.5461%
17:44:52  INFO        [U4U LOOP]  SHP Steam_Dis                      359673.00     359673.00       3545.29     0.0000%
17:44:52  INFO        [U4U LOOP]  Utility Water                     1528813.00    1550993.71      33736.10     1.4301%
17:44:52  INFO      
17:44:52  INFO        [U4U LOOP]  U4U CONSUMPTION BREAKDOWN (per producer per material):
17:44:52  INFO        [U4U LOOP]  Producer                   Material Consumed              Norm      Quantity
17:44:52  INFO        [U4U LOOP]  -------------------------  -------------------------  --------  ------------
17:44:52  INFO        [U4U LOOP]  JMD - C2-GTG 1             SynGas(Unshift)            0.004368     236221.44
17:44:52  INFO        [U4U LOOP]  JMD - C2-GTG 1             COMPRESSED AIR             0.001280      69222.40
17:44:52  INFO        [U4U LOOP]  JMD - C2-GTG 1             Cooling Water              0.000007        378.56
17:44:52  INFO        [U4U LOOP]  JMD - C2-GTG 1             NITROGEN_ASU               0.001660      89772.80
17:44:52  INFO        [U4U LOOP]  JMD - C2-GTG 1             Power_Dis                  0.001350      73008.00
17:44:52  INFO        [U4U LOOP]  JMD - C2-GTG 1             Utility Water              0.000023       1243.84
17:44:52  INFO        [U4U LOOP]  JMD - C2-GTG 2             SynGas(Unshift)            0.004485     259061.58
17:44:52  INFO        [U4U LOOP]  JMD - C2-GTG 2             COMPRESSED AIR             0.001280      73935.08
17:44:52  INFO        [U4U LOOP]  JMD - C2-GTG 2             Cooling Water              0.000007        404.33
17:44:52  INFO        [U4U LOOP]  JMD - C2-GTG 2             NITROGEN_ASU               0.001660      95884.55
17:44:52  INFO        [U4U LOOP]  JMD - C2-GTG 2             Power_Dis                  0.001350      77978.40
17:44:52  INFO        [U4U LOOP]  JMD - C2-GTG 2             Utility Water              0.000023       1328.52
17:44:52  INFO        [U4U LOOP]  JMD - C2-STG 1             Cooling Water              0.000400        389.59
17:44:52  INFO        [U4U LOOP]  JMD - C2-STG 1             NITROGEN_ASU               0.001030       1003.20
17:44:52  INFO        [U4U LOOP]  JMD - C2-STG 1             Power_Dis                  0.007050       6866.56
17:44:52  INFO        [U4U LOOP]  JMD - C2-STG 1             SHP Steam_Dis              0.003640       3545.29
17:44:52  INFO        [U4U LOOP]  AUXBOIL7_SHP STEAM         SynGas(Unshift)            2.876221     180684.20
17:44:52  INFO        [U4U LOOP]  AUXBOIL7_SHP STEAM         Boiler Feed Water          1.010000      63448.20
17:44:52  INFO        [U4U LOOP]  AUXBOIL7_SHP STEAM         Power_Dis                  3.850000     241857.00
17:44:52  INFO        [U4U LOOP]  AUXBOIL8_SHP STEAM         Boiler Feed Water          1.010000      65448.00
17:44:52  INFO        [U4U LOOP]  AUXBOIL8_SHP STEAM         Power_Dis                  3.850000     249480.00
17:44:52  INFO        [U4U LOOP]  HRSG1_C2_SHP STEAM         SynGas(Unshift)            3.376244     365174.55
17:44:52  INFO        [U4U LOOP]  HRSG1_C2_SHP STEAM         Boiler Feed Water          1.160000     125465.60
17:44:52  INFO        [U4U LOOP]  HRSG1_C2_SHP STEAM         Power_Dis                  0.285000      30825.60
17:44:52  INFO        [U4U LOOP]  HRSG2_C2_SHP STEAM         SynGas(Unshift)            3.357468     381408.36
17:44:52  INFO        [U4U LOOP]  HRSG2_C2_SHP STEAM         Boiler Feed Water          1.160000     131776.00
17:44:52  INFO        [U4U LOOP]  HRSG2_C2_SHP STEAM         Power_Dis                  0.285000      32376.00
17:44:52  INFO        [U4U LOOP]  Boiler Feed Water          D M Water                  0.900000     347524.02
17:44:52  INFO        [U4U LOOP]  Boiler Feed Water          LP Steam_Dis               0.100000      38613.78
17:44:52  INFO        [U4U LOOP]  Boiler Feed Water          Power_Dis                  8.100000    3127716.18
17:44:52  INFO        [U4U LOOP]  COMPRESED AIR_ASU          Power_Dis                  0.125000      80452.61
17:44:52  INFO        [U4U LOOP]  COMPRESSED AIR             COMPRESED AIR_ASU          0.051000     674973.22
17:44:52  INFO        [U4U LOOP]  COMPRESSED AIR             COMPRESSED AIR             0.002670      35336.83
17:44:52  INFO        [U4U LOOP]  COMPRESSED AIR             Power_Dis                  0.150000    1985215.34
17:44:52  INFO        [U4U LOOP]  Cooling Water              COMPRESSED AIR             0.974741      98440.22
17:44:52  INFO        [U4U LOOP]  Cooling Water              Effluent Treated           3.800000     383766.41
17:44:52  INFO        [U4U LOOP]  Cooling Water              Power_Dis                  210.900000   21299035.64
17:44:52  INFO        [U4U LOOP]  Cooling Water              SWRO WATER                 9.400000     949316.90
17:44:52  INFO        [U4U LOOP]  D M Water                  COMPRESSED AIR             0.049180       9096.78
17:44:52  INFO        [U4U LOOP]  D M Water                  NITROGEN_ASU               0.630000     116530.47
17:44:52  INFO        [U4U LOOP]  D M Water                  Power_Dis                  0.920000     170171.48
17:44:52  INFO        [U4U LOOP]  D M Water                  SWRO WATER                 1.150000     212714.35
17:44:52  INFO        [U4U LOOP]  Effluent Treated           COMPRESSED AIR             2.209302     841339.76
17:44:52  INFO        [U4U LOOP]  Effluent Treated           Cooling Water              0.000031         11.81
17:44:52  INFO        [U4U LOOP]  Effluent Treated           NITROGEN_ASU               0.005814       2214.07
17:44:52  INFO        [U4U LOOP]  Effluent Treated           Power_Dis                  3.200000    1218614.40
17:44:52  INFO        [U4U LOOP]  Effluent Treated           Utility Water              0.029070      11070.35
17:44:52  INFO        [U4U LOOP]  LP Steam PRDS              Boiler Feed Water          0.055000        466.47
17:44:52  INFO        [U4U LOOP]  LP Steam PRDS              MP Steam_Dis               0.945000       8014.83
17:44:52  INFO        [U4U LOOP]  MP Steam PRDS SHP          Boiler Feed Water          0.100000       1254.20
17:44:52  INFO        [U4U LOOP]  MP Steam PRDS SHP          HP Steam_Dis               0.900000      11287.80
17:44:52  INFO        [U4U LOOP]  NITROGEN_ASU               MP Steam_Dis               0.000021        274.00
17:44:52  INFO        [U4U LOOP]  NITROGEN_ASU               Power_Dis                  0.474260    6187979.57
17:44:52  INFO        [U4U LOOP]  NITROGEN_ASU               Ret steam condensate       -0.000011       -143.52
17:44:52  INFO        [U4U LOOP]  NITROGEN_ASU               Utility Water              0.001540      20093.38
17:44:52  INFO        [U4U LOOP]  Utility Water              COMPRESSED AIR             0.217390     337170.52
17:44:52  INFO        [U4U LOOP]  Utility Water              SWRO WATER                 1.100000    1706093.09
17:44:52  INFO        [U4U LOOP]  LP Steam_Dis               HRSG1_C2_LP STEAM          0.387271       8938.60
17:44:52  INFO        [U4U LOOP]  LP Steam_Dis               HRSG2_C2_LP STEAM          0.245271       5661.10
17:44:52  INFO        [U4U LOOP]  LP Steam_Dis               LP Steam PRDS              0.367458       8481.30
17:44:52  INFO        [U4U LOOP]  MP Steam_Dis               MP Steam PRDS SHP          1.000000      12809.69
17:44:52  INFO        [U4U LOOP]  SHP Steam_Dis              AUXBOIL7_SHP STEAM         0.226682      81531.39
17:44:52  INFO        [U4U LOOP]  SHP Steam_Dis              HRSG1_C2_SHP STEAM         0.473460     170290.78
17:44:52  INFO        [U4U LOOP]  SHP Steam_Dis              HRSG2_C2_SHP STEAM         0.299858     107850.83
17:44:52  INFO      
17:44:52  INFO        [U4U LOOP]  Not yet converged: 14 materials
17:44:52  INFO        [U4U LOOP]    Boiler Feed Water               change=0.4436%
17:44:52  INFO        [U4U LOOP]    COMPRESED AIR_ASU               change=4.6450%
17:44:52  INFO        [U4U LOOP]    COMPRESSED AIR                  change=58.0243%
17:44:52  INFO        [U4U LOOP]    Cooling Water                   change=34.4620%
17:44:52  INFO        [U4U LOOP]    D M Water                       change=100.0000%
17:44:52  INFO        [U4U LOOP]    Effluent Treated                change=0.7685%
17:44:52  INFO        [U4U LOOP]    HP Steam_Dis                    change=100.0000%
17:44:52  INFO        [U4U LOOP]    LP Steam_Dis                    change=100.0000%
17:44:52  INFO        [U4U LOOP]    MP Steam PRDS SHP               change=2.0897%
17:44:52  INFO        [U4U LOOP]    MP Steam_Dis                    change=96.7705%
17:44:52  INFO        [U4U LOOP]    NITROGEN_ASU                    change=1.5762%
17:44:52  INFO        [U4U LOOP]    Power_Dis                       change=13.8965%
17:44:52  INFO        [U4U LOOP]    SHP Steam_Dis                   change=100.0000%
17:44:52  INFO        [U4U LOOP]    Utility Water                   change=34.2523%
17:44:52  INFO      
17:44:56  INFO      
17:44:56  INFO        POWER SPINNING MARGIN CONFIG
17:44:56  INFO        Most efficient asset: JMD - C2-GTG 2 (fixed_max = 120.00 MW)
17:44:56  INFO        Required margin: 120.00 MW
17:44:56  INFO        Asset                          Max MW     Eff Max     Reserve
17:44:56  INFO        -------------------------  ----------  ----------  ----------
17:44:56  INFO        JMD - C2-GTG 1                 110.00       80.00       30.00
17:44:56  INFO        JMD - C2-GTG 2                 110.00      110.00        0.00 (excluded)
17:44:56  INFO        JMD - C2-STG 1                  93.00        3.00       90.00
17:44:56  INFO        TOTAL RESERVED                                         120.00
17:44:56  INFO        → Margin of 120.00 MW successfully reserved
17:44:56  INFO      
17:44:56  INFO        ==============================================================================
17:44:56  INFO        POWER DISPATCH  (April 2026)
17:44:56  INFO        ==============================================================================
17:44:56  INFO        Demand:  Process = 62526.31 MWh  |  Fixed = 55122.86 MWh  |  Total = 117649.17 MWh
17:44:56  INFO      
17:44:56  INFO        Step 1: Mandatory assets at MIN load, then optional if needed
17:44:56  INFO        Asset                      Priority   Man    Min MW    Max MW     Hours       Min MWh
17:44:56  INFO        -------------------------  --------  ----  --------  --------  --------  ------------
17:44:56  INFO        JMD - C2-GTG 1                    2     Y     80.00    110.00    676.00      54080.00
17:44:56  INFO        JMD - C2-GTG 2                    1     Y     80.00    110.00    710.00      56800.00
17:44:56  INFO        JMD - C2-STG 1                    1     Y      0.00     93.00    719.00          0.00
17:44:56  INFO        TOTAL MIN GENERATION                                                        110880.00
17:44:56  INFO      
17:44:56  INFO        ⚠ DEFICIT: MAX generation (117649.17 MWh) BELOW demand (117649.17 MWh)
17:44:56  INFO          Deficit = 0.00 MWh
17:44:56  INFO      
17:44:56  INFO        FINAL DISPATCH
17:44:56  INFO        Asset                      Priority   Dispatched MW  Dispatched MWh    Load %   Avg Load MW   Free Steam MT        Aux Norm   Aux Power MWh
17:44:56  INFO        -------------------------  --------  --------------  --------------  --------  ------------  --------------  --------------  --------------
17:44:56  INFO        JMD - C2-GTG 1                    2           80.00        54080.00     72.7%         80.00       106537.60        0.001350           73.01
17:44:56  INFO        JMD - C2-GTG 2                    1           84.74        60163.27     77.0%         84.74       118521.64        0.001350           81.22
17:44:56  INFO        JMD - C2-STG 1                    1            4.74         3405.90      5.1%          4.74            0.00        0.007050           24.01
17:44:56  INFO        TOTAL                                                     117649.17                               225059.24                          178.24
17:44:56  INFO      
17:44:56  INFO        ✓ POWER SPINNING MARGIN OK: 143.53 MW reserved (required: 120.00 MW)
17:44:56  INFO        ==============================================================================
17:45:00  INFO      
17:45:00  INFO        SPINNING MARGIN CONFIG
17:45:00  INFO        Required margin: 250.00 TPH
17:45:00  INFO        Asset                         Max TPH     Eff Max     Reserve
17:45:00  INFO        -------------------------  ----------  ----------  ----------
17:45:00  INFO        AUXBOIL7_SHP STEAM             220.00      161.49       58.51
17:45:00  INFO        AUXBOIL8_SHP STEAM             220.00      161.49       58.51
17:45:00  INFO        HRSG1_C2_SHP STEAM             250.00      183.51       66.49
17:45:00  INFO        HRSG2_C2_SHP STEAM             250.00      183.51       66.49
17:45:00  INFO        TOTAL RESERVED                                         250.00
17:45:00  INFO        → Margin of 250.00 TPH successfully reserved
17:45:00  INFO      
17:45:00  INFO        ==============================================================================
17:45:00  INFO        STEAM DISPATCH  (April 2026)
17:45:00  INFO        ==============================================================================
17:45:00  INFO        Grade      Process/Fixed MT  Letdown MT  Byproduct MT     Net Demand MT
17:45:00  INFO        ---------  ----------------  ----------  ------------  ----------------
17:45:00  INFO        LP                 61694.78    26867.09     -33264.00          28430.78
17:45:00  INFO        MP                 20830.83    42928.12          0.00          47697.91
17:45:00  INFO        HP                  -726.20    39501.00          0.00          42201.92
17:45:00  INFO        SHP               363218.29        0.00          0.00         402719.29
17:45:00  INFO      
17:45:00  INFO        Total Free Steam available: 225059.24 MT
17:45:00  INFO      
17:45:00  INFO        FINAL SUPPLEMENTARY FIRING DISPATCH
17:45:00  INFO        Asset                      Priority   Man     Min TPH     Max TPH     Hours  Dispatched TPH   Dispatched MT    Load %
17:45:00  INFO        -------------------------  --------  ----  ----------  ----------  --------  --------------  --------------  --------
17:45:00  INFO        AUXBOIL7_SHP STEAM                1     Y       90.00      220.00    698.00           90.00        62820.00     40.9%
17:45:00  INFO        AUXBOIL8_SHP STEAM                1     Y       90.00      220.00    720.00           90.00        64800.00     40.9%
17:45:00  INFO        HRSG1_C2_SHP STEAM                2     Y      160.00      250.00    676.00          160.00       108160.00     64.0%
17:45:00  INFO        HRSG2_C2_SHP STEAM                1     Y      160.00      250.00    710.00          160.00       113600.00     64.0%
17:45:00  INFO        TOTAL SUPPLEMENTARY                                                                         349380.00          
17:45:00  INFO        TOTAL STEAM GENERATED                                                                       574439.24          
17:45:00  INFO        ✓ Steam demand fully met with surplus of 171719.95 MT
17:45:00  INFO      
17:45:00  INFO        ✓ STEAM SPINNING MARGIN OK: 440.00 TPH reserved (required: 250.00 TPH)
17:45:00  INFO        ==============================================================================
17:45:00  INFO      
17:45:00  INFO        [U4U LOOP] ==============================================================================
17:45:00  INFO        [U4U LOOP]  ITERATION 3
17:45:00  INFO        [U4U LOOP] ==============================================================================
17:45:00  INFO        [U4U LOOP]  Power:  demand=     117649.17 MWh   gen=     117649.17 MWh
17:45:00  INFO        [U4U LOOP]  Steam:  gen=     574439.24 MT
17:45:00  INFO      
17:45:00  INFO        [U4U LOOP]  Utility (ODS Material)            Old Demand    New Demand    U4U Demand    Change %
17:45:00  INFO        [U4U LOOP]  ------------------------------  ------------  ------------  ------------  ----------
17:45:00  INFO        [U4U LOOP]  AUXBOIL7_SHP STEAM                  81531.39      81531.39      82335.05     0.0000%
17:45:00  INFO        [U4U LOOP]  Boiler Feed Water                  386137.80     387858.47     387885.24     0.4436%
17:45:00  INFO        [U4U LOOP]  COMPRESED AIR_ASU                  643620.92     674973.22     718312.54     4.6450%
17:45:00  INFO        [U4U LOOP]  COMPRESSED AIR                   13234768.95   14084559.59    1496401.65     6.0335%
17:45:00  INFO        [U4U LOOP]  Condensate                        -152646.00    -152646.00          0.00     0.0000%
17:45:00  INFO        [U4U LOOP]  Cooling Water                      100991.16     101399.29       2173.96     0.4025%
17:45:00  INFO        [U4U LOOP]  D M Water                          184969.00     532493.02     349072.62    65.2636%
17:45:00  INFO        [U4U LOOP]  Effluent Treated                   380817.00     383766.41     385317.30     0.7685%
17:45:00  INFO        [U4U LOOP]  HP Steam_Dis                       -12014.00       -726.20      11528.72  1554.3652%
17:45:00  INFO        [U4U LOOP]  HRSG1_C2_SHP STEAM                 170290.78     170290.78     171969.33     0.0000%
17:45:00  INFO        [U4U LOOP]  HRSG2_C2_SHP STEAM                 107850.83     107850.83     108913.91     0.0000%
17:45:00  INFO        [U4U LOOP]  LP Steam PRDS                        8481.30       8481.30      22670.24     0.0000%
17:45:00  INFO        [U4U LOOP]  LP Steam_Dis                        23081.00      61694.78      38785.85    62.5884%
17:45:00  INFO        [U4U LOOP]  MP Steam PRDS SHP                   12542.00      12809.69      20830.83     2.0897%
17:45:00  INFO        [U4U LOOP]  MP Steam_Dis                        12809.69      20830.83       8288.93    38.5061%
17:45:00  INFO        [U4U LOOP]  NITROGEN_ASU                     13047652.27   13052466.09     530853.73     0.0369%
17:45:00  INFO        [U4U LOOP]  Power_Dis                          112815.76     117649.17      35364.81     4.1083%
17:45:00  INFO        [U4U LOOP]  SHP Steam_Dis                      359673.00     363218.29      12397.48     0.9761%
17:45:00  INFO        [U4U LOOP]  Utility Water                     1550993.71    1562549.10      33884.48     0.7395%
17:45:00  INFO      
17:45:00  INFO        [U4U LOOP]  U4U CONSUMPTION BREAKDOWN (per producer per material):
17:45:00  INFO        [U4U LOOP]  Producer                   Material Consumed              Norm      Quantity
17:45:00  INFO        [U4U LOOP]  -------------------------  -------------------------  --------  ------------
17:45:00  INFO        [U4U LOOP]  JMD - C2-GTG 1             SynGas(Unshift)            0.004368     236221.44
17:45:00  INFO        [U4U LOOP]  JMD - C2-GTG 1             COMPRESSED AIR             0.001280      69222.40
17:45:00  INFO        [U4U LOOP]  JMD - C2-GTG 1             Cooling Water              0.000007        378.56
17:45:00  INFO        [U4U LOOP]  JMD - C2-GTG 1             NITROGEN_ASU               0.001660      89772.80
17:45:00  INFO        [U4U LOOP]  JMD - C2-GTG 1             Power_Dis                  0.001350      73008.00
17:45:00  INFO        [U4U LOOP]  JMD - C2-GTG 1             Utility Water              0.000023       1243.84
17:45:00  INFO        [U4U LOOP]  JMD - C2-GTG 2             SynGas(Unshift)            0.004485     269832.27
17:45:00  INFO        [U4U LOOP]  JMD - C2-GTG 2             COMPRESSED AIR             0.001280      77008.99
17:45:00  INFO        [U4U LOOP]  JMD - C2-GTG 2             Cooling Water              0.000007        421.14
17:45:00  INFO        [U4U LOOP]  JMD - C2-GTG 2             NITROGEN_ASU               0.001660      99871.03
17:45:00  INFO        [U4U LOOP]  JMD - C2-GTG 2             Power_Dis                  0.001350      81220.41
17:45:00  INFO        [U4U LOOP]  JMD - C2-GTG 2             Utility Water              0.000023       1383.76
17:45:00  INFO        [U4U LOOP]  JMD - C2-STG 1             Cooling Water              0.000400       1362.36
17:45:00  INFO        [U4U LOOP]  JMD - C2-STG 1             NITROGEN_ASU               0.001030       3508.08
17:45:00  INFO        [U4U LOOP]  JMD - C2-STG 1             Power_Dis                  0.007050      24011.60
17:45:00  INFO        [U4U LOOP]  JMD - C2-STG 1             SHP Steam_Dis              0.003640      12397.48
17:45:00  INFO        [U4U LOOP]  AUXBOIL7_SHP STEAM         SynGas(Unshift)            2.876221     180684.20
17:45:00  INFO        [U4U LOOP]  AUXBOIL7_SHP STEAM         Boiler Feed Water          1.010000      63448.20
17:45:00  INFO        [U4U LOOP]  AUXBOIL7_SHP STEAM         Power_Dis                  3.850000     241857.00
17:45:00  INFO        [U4U LOOP]  AUXBOIL8_SHP STEAM         Boiler Feed Water          1.010000      65448.00
17:45:00  INFO        [U4U LOOP]  AUXBOIL8_SHP STEAM         Power_Dis                  3.850000     249480.00
17:45:00  INFO        [U4U LOOP]  HRSG1_C2_SHP STEAM         SynGas(Unshift)            3.376244     365174.55
17:45:00  INFO        [U4U LOOP]  HRSG1_C2_SHP STEAM         Boiler Feed Water          1.160000     125465.60
17:45:00  INFO        [U4U LOOP]  HRSG1_C2_SHP STEAM         Power_Dis                  0.285000      30825.60
17:45:00  INFO        [U4U LOOP]  HRSG2_C2_SHP STEAM         SynGas(Unshift)            3.357468     381408.36
17:45:00  INFO        [U4U LOOP]  HRSG2_C2_SHP STEAM         Boiler Feed Water          1.160000     131776.00
17:45:00  INFO        [U4U LOOP]  HRSG2_C2_SHP STEAM         Power_Dis                  0.285000      32376.00
17:45:00  INFO        [U4U LOOP]  Boiler Feed Water          D M Water                  0.900000     349072.62
17:45:00  INFO        [U4U LOOP]  Boiler Feed Water          LP Steam_Dis               0.100000      38785.85
17:45:00  INFO        [U4U LOOP]  Boiler Feed Water          Power_Dis                  8.100000    3141653.62
17:45:00  INFO        [U4U LOOP]  COMPRESED AIR_ASU          Power_Dis                  0.125000      84371.65
17:45:00  INFO        [U4U LOOP]  COMPRESSED AIR             COMPRESED AIR_ASU          0.051000     718312.54
17:45:00  INFO        [U4U LOOP]  COMPRESSED AIR             COMPRESSED AIR             0.002670      37605.77
17:45:00  INFO        [U4U LOOP]  COMPRESSED AIR             Power_Dis                  0.150000    2112683.94
17:45:00  INFO        [U4U LOOP]  Cooling Water              COMPRESSED AIR             0.974741      98838.05
17:45:00  INFO        [U4U LOOP]  Cooling Water              Effluent Treated           3.800000     385317.30
17:45:00  INFO        [U4U LOOP]  Cooling Water              Power_Dis                  210.900000   21385110.22
17:45:00  INFO        [U4U LOOP]  Cooling Water              SWRO WATER                 9.400000     953153.32
17:45:00  INFO        [U4U LOOP]  D M Water                  COMPRESSED AIR             0.049180      26188.01
17:45:00  INFO        [U4U LOOP]  D M Water                  NITROGEN_ASU               0.630000     335470.60
17:45:00  INFO        [U4U LOOP]  D M Water                  Power_Dis                  0.920000     489893.58
17:45:00  INFO        [U4U LOOP]  D M Water                  SWRO WATER                 1.150000     612366.97
17:45:00  INFO        [U4U LOOP]  Effluent Treated           COMPRESSED AIR             2.209302     847855.89
17:45:00  INFO        [U4U LOOP]  Effluent Treated           Cooling Water              0.000031         11.90
17:45:00  INFO        [U4U LOOP]  Effluent Treated           NITROGEN_ASU               0.005814       2231.22
17:45:00  INFO        [U4U LOOP]  Effluent Treated           Power_Dis                  3.200000    1228052.51
17:45:00  INFO        [U4U LOOP]  Effluent Treated           Utility Water              0.029070      11156.09
17:45:00  INFO        [U4U LOOP]  LP Steam PRDS              Boiler Feed Water          0.055000        466.47
17:45:00  INFO        [U4U LOOP]  LP Steam PRDS              MP Steam_Dis               0.945000       8014.83
17:45:00  INFO        [U4U LOOP]  MP Steam PRDS SHP          Boiler Feed Water          0.100000       1280.97
17:45:00  INFO        [U4U LOOP]  MP Steam PRDS SHP          HP Steam_Dis               0.900000      11528.72
17:45:00  INFO        [U4U LOOP]  NITROGEN_ASU               MP Steam_Dis               0.000021        274.10
17:45:00  INFO        [U4U LOOP]  NITROGEN_ASU               Power_Dis                  0.474260    6190262.57
17:45:00  INFO        [U4U LOOP]  NITROGEN_ASU               Ret steam condensate       -0.000011       -143.58
17:45:00  INFO        [U4U LOOP]  NITROGEN_ASU               Utility Water              0.001540      20100.80
17:45:00  INFO        [U4U LOOP]  Utility Water              COMPRESSED AIR             0.217390     339682.55
17:45:00  INFO        [U4U LOOP]  Utility Water              SWRO WATER                 1.100000    1718804.01
17:45:00  INFO        [U4U LOOP]  LP Steam_Dis               HRSG1_C2_LP STEAM          0.387271      23892.60
17:45:00  INFO        [U4U LOOP]  LP Steam_Dis               HRSG2_C2_LP STEAM          0.245271      15131.94
17:45:00  INFO        [U4U LOOP]  LP Steam_Dis               LP Steam PRDS              0.367458      22670.24
17:45:00  INFO        [U4U LOOP]  MP Steam_Dis               MP Steam PRDS SHP          1.000000      20830.83
17:45:00  INFO        [U4U LOOP]  SHP Steam_Dis              AUXBOIL7_SHP STEAM         0.226682      82335.05
17:45:00  INFO        [U4U LOOP]  SHP Steam_Dis              HRSG1_C2_SHP STEAM         0.473460     171969.33
17:45:00  INFO        [U4U LOOP]  SHP Steam_Dis              HRSG2_C2_SHP STEAM         0.299858     108913.91
17:45:00  INFO      
17:45:00  INFO        [U4U LOOP]  Not yet converged: 16 materials
17:45:00  INFO        [U4U LOOP]    AUXBOIL7_SHP STEAM              change=0.9761%
17:45:00  INFO        [U4U LOOP]    COMPRESED AIR_ASU               change=6.0335%
17:45:00  INFO        [U4U LOOP]    COMPRESSED AIR                  change=2.1291%
17:45:00  INFO        [U4U LOOP]    Cooling Water                   change=45.5238%
17:45:00  INFO        [U4U LOOP]    D M Water                       change=0.4436%
17:45:00  INFO        [U4U LOOP]    Effluent Treated                change=0.4025%
17:45:00  INFO        [U4U LOOP]    HP Steam_Dis                    change=2.0897%
17:45:00  INFO        [U4U LOOP]    HRSG1_C2_SHP STEAM              change=0.9761%
17:45:00  INFO        [U4U LOOP]    HRSG2_C2_SHP STEAM              change=0.9761%
17:45:00  INFO        [U4U LOOP]    LP Steam PRDS                   change=62.5884%
17:45:00  INFO        [U4U LOOP]    LP Steam_Dis                    change=0.4436%
17:45:00  INFO        [U4U LOOP]    MP Steam PRDS SHP               change=38.5061%
17:45:00  INFO        [U4U LOOP]    NITROGEN_ASU                    change=42.4691%
17:45:00  INFO        [U4U LOOP]    Power_Dis                       change=1.6492%
17:45:00  INFO        [U4U LOOP]    SHP Steam_Dis                   change=71.4032%
17:45:00  INFO        [U4U LOOP]    Utility Water                   change=0.4379%
17:45:00  INFO      
17:45:04  INFO      
17:45:04  INFO        POWER SPINNING MARGIN CONFIG
17:45:04  INFO        Most efficient asset: JMD - C2-GTG 2 (fixed_max = 120.00 MW)
17:45:04  INFO        Required margin: 120.00 MW
17:45:04  INFO        Asset                          Max MW     Eff Max     Reserve
17:45:04  INFO        -------------------------  ----------  ----------  ----------
17:45:04  INFO        JMD - C2-GTG 1                 110.00       80.00       30.00
17:45:04  INFO        JMD - C2-GTG 2                 110.00      110.00        0.00 (excluded)
17:45:04  INFO        JMD - C2-STG 1                  93.00        3.00       90.00
17:45:04  INFO        TOTAL RESERVED                                         120.00
17:45:04  INFO        → Margin of 120.00 MW successfully reserved
17:45:04  INFO      
17:45:04  INFO        ==============================================================================
17:45:04  INFO        POWER DISPATCH  (April 2026)
17:45:04  INFO        ==============================================================================
17:45:04  INFO        Demand:  Process = 62526.31 MWh  |  Fixed = 55706.09 MWh  |  Total = 118232.40 MWh
17:45:04  INFO      
17:45:04  INFO        Step 1: Mandatory assets at MIN load, then optional if needed
17:45:04  INFO        Asset                      Priority   Man    Min MW    Max MW     Hours       Min MWh
17:45:04  INFO        -------------------------  --------  ----  --------  --------  --------  ------------
17:45:04  INFO        JMD - C2-GTG 1                    2     Y     80.00    110.00    676.00      54080.00
17:45:04  INFO        JMD - C2-GTG 2                    1     Y     80.00    110.00    710.00      56800.00
17:45:04  INFO        JMD - C2-STG 1                    1     Y      0.00     93.00    719.00          0.00
17:45:04  INFO        TOTAL MIN GENERATION                                                        110880.00
17:45:04  INFO      
17:45:04  INFO        ⚠ SURPLUS: MIN generation (118232.40 MWh) EXCEEDS demand (118232.40 MWh)
17:45:04  INFO          Surplus = 0.00 MWh  (will be handled via export power in future)
17:45:04  INFO      
17:45:04  INFO        FINAL DISPATCH
17:45:04  INFO        Asset                      Priority   Dispatched MW  Dispatched MWh    Load %   Avg Load MW   Free Steam MT        Aux Norm   Aux Power MWh
17:45:04  INFO        -------------------------  --------  --------------  --------------  --------  ------------  --------------  --------------  --------------
17:45:04  INFO        JMD - C2-GTG 1                    2           80.00        54080.00     72.7%         80.00       106537.60        0.001350           73.01
17:45:04  INFO        JMD - C2-GTG 2                    1           85.15        60453.05     77.4%         85.15       119092.51        0.001350           81.61
17:45:04  INFO        JMD - C2-STG 1                    1            5.15         3699.35      5.5%          5.15            0.00        0.007050           26.08
17:45:04  INFO        TOTAL                                                     118232.40                               225630.11                          180.70
17:45:04  INFO      
17:45:04  INFO        ✓ POWER SPINNING MARGIN OK: 142.71 MW reserved (required: 120.00 MW)
17:45:04  INFO        ==============================================================================
17:45:07  INFO      
17:45:07  INFO        SPINNING MARGIN CONFIG
17:45:07  INFO        Required margin: 250.00 TPH
17:45:07  INFO        Asset                         Max TPH     Eff Max     Reserve
17:45:07  INFO        -------------------------  ----------  ----------  ----------
17:45:07  INFO        AUXBOIL7_SHP STEAM             220.00      161.49       58.51
17:45:07  INFO        AUXBOIL8_SHP STEAM             220.00      161.49       58.51
17:45:07  INFO        HRSG1_C2_SHP STEAM             250.00      183.51       66.49
17:45:07  INFO        HRSG2_C2_SHP STEAM             250.00      183.51       66.49
17:45:07  INFO        TOTAL RESERVED                                         250.00
17:45:07  INFO        → Margin of 250.00 TPH successfully reserved
17:45:07  INFO      
17:45:07  INFO        ==============================================================================
17:45:07  INFO        STEAM DISPATCH  (April 2026)
17:45:07  INFO        ==============================================================================
17:45:07  INFO        Grade      Process/Fixed MT  Letdown MT  Byproduct MT     Net Demand MT
17:45:07  INFO        ---------  ----------------  ----------  ------------  ----------------
17:45:07  INFO        LP                 61866.85    27029.69     -33264.00          28602.85
17:45:07  INFO        MP                 20830.93    43074.56          0.00          47860.62
17:45:07  INFO        HP                  -485.28    39863.56          0.00          42589.28
17:45:07  INFO        SHP               372070.48        0.00          0.00         411934.04
17:45:07  INFO      
17:45:07  INFO        Total Free Steam available: 225630.11 MT
17:45:07  INFO      
17:45:07  INFO        FINAL SUPPLEMENTARY FIRING DISPATCH
17:45:07  INFO        Asset                      Priority   Man     Min TPH     Max TPH     Hours  Dispatched TPH   Dispatched MT    Load %
17:45:07  INFO        -------------------------  --------  ----  ----------  ----------  --------  --------------  --------------  --------
17:45:07  INFO        AUXBOIL7_SHP STEAM                1     Y       90.00      220.00    698.00           90.00        62820.00     40.9%
17:45:07  INFO        AUXBOIL8_SHP STEAM                1     Y       90.00      220.00    720.00           90.00        64800.00     40.9%
17:45:07  INFO        HRSG1_C2_SHP STEAM                2     Y      160.00      250.00    676.00          160.00       108160.00     64.0%
17:45:07  INFO        HRSG2_C2_SHP STEAM                1     Y      160.00      250.00    710.00          160.00       113600.00     64.0%
17:45:07  INFO        TOTAL SUPPLEMENTARY                                                                         349380.00          
17:45:07  INFO        TOTAL STEAM GENERATED                                                                       575010.11          
17:45:07  INFO        ✓ Steam demand fully met with surplus of 163076.07 MT
17:45:07  INFO      
17:45:07  INFO        ✓ STEAM SPINNING MARGIN OK: 440.00 TPH reserved (required: 250.00 TPH)
17:45:07  INFO        ==============================================================================
17:45:07  INFO      
17:45:07  INFO        [U4U LOOP] ==============================================================================
17:45:07  INFO        [U4U LOOP]  ITERATION 4
17:45:07  INFO        [U4U LOOP] ==============================================================================
17:45:07  INFO        [U4U LOOP]  Power:  demand=     118232.40 MWh   gen=     118232.40 MWh
17:45:07  INFO        [U4U LOOP]  Steam:  gen=     575010.11 MT
17:45:07  INFO      
17:45:07  INFO        [U4U LOOP]  Utility (ODS Material)            Old Demand    New Demand    U4U Demand    Change %
17:45:07  INFO        [U4U LOOP]  ------------------------------  ------------  ------------  ------------  ----------
17:45:07  INFO        [U4U LOOP]  AUXBOIL7_SHP STEAM                  81531.39      82335.05      84341.68     0.9761%
17:45:07  INFO        [U4U LOOP]  Boiler Feed Water                  387858.47     387885.24     389467.75     0.0069%
17:45:07  INFO        [U4U LOOP]  COMPRESED AIR_ASU                  674973.22     718312.54     719937.40     6.0335%
17:45:07  INFO        [U4U LOOP]  COMPRESSED AIR                   14084559.59   14116419.65    1501357.12     0.2257%
17:45:07  INFO        [U4U LOOP]  Condensate                        -152646.00    -152646.00          0.00     0.0000%
17:45:07  INFO        [U4U LOOP]  Cooling Water                      101399.29     102388.96       2293.42     0.9666%
17:45:07  INFO        [U4U LOOP]  D M Water                          532493.02     534041.62     349096.72     0.2900%
17:45:07  INFO        [U4U LOOP]  Effluent Treated                   383766.41     385317.30     389078.05     0.4025%
17:45:07  INFO        [U4U LOOP]  HP Steam_Dis                         -726.20       -485.28      18747.74    49.6454%
17:45:07  INFO        [U4U LOOP]  HRSG1_C2_SHP STEAM                 170290.78     171969.33     176160.49     0.9761%
17:45:07  INFO        [U4U LOOP]  HRSG2_C2_SHP STEAM                 107850.83     108913.91     111568.31     0.9761%
17:45:07  INFO        [U4U LOOP]  LP Steam PRDS                        8481.30      22670.24      22733.47    62.5884%
17:45:07  INFO        [U4U LOOP]  LP Steam_Dis                        61694.78      61866.85      38788.52     0.2781%
17:45:07  INFO        [U4U LOOP]  MP Steam PRDS SHP                   12809.69      20830.83      20830.93    38.5061%
17:45:07  INFO        [U4U LOOP]  MP Steam_Dis                        20830.83      20830.93      21702.21     0.0005%
17:45:07  INFO        [U4U LOOP]  NITROGEN_ASU                     13052466.09   13277914.73     532621.65     1.6979%
17:45:07  INFO        [U4U LOOP]  Power_Dis                          117649.17     118232.40      35699.71     0.4933%
17:45:07  INFO        [U4U LOOP]  SHP Steam_Dis                      363218.29     372070.48      13465.63     2.3792%
17:45:07  INFO        [U4U LOOP]  Utility Water                     1562549.10    1562697.48      34283.42     0.0095%
17:45:07  INFO      
17:45:07  INFO        [U4U LOOP]  U4U CONSUMPTION BREAKDOWN (per producer per material):
17:45:07  INFO        [U4U LOOP]  Producer                   Material Consumed              Norm      Quantity
17:45:07  INFO        [U4U LOOP]  -------------------------  -------------------------  --------  ------------
17:45:07  INFO        [U4U LOOP]  JMD - C2-GTG 1             SynGas(Unshift)            0.004368     236221.44
17:45:07  INFO        [U4U LOOP]  JMD - C2-GTG 1             COMPRESSED AIR             0.001280      69222.40
17:45:07  INFO        [U4U LOOP]  JMD - C2-GTG 1             Cooling Water              0.000007        378.56
17:45:07  INFO        [U4U LOOP]  JMD - C2-GTG 1             NITROGEN_ASU               0.001660      89772.80
17:45:07  INFO        [U4U LOOP]  JMD - C2-GTG 1             Power_Dis                  0.001350      73008.00
17:45:07  INFO        [U4U LOOP]  JMD - C2-GTG 1             Utility Water              0.000023       1243.84
17:45:07  INFO        [U4U LOOP]  JMD - C2-GTG 2             SynGas(Unshift)            0.004485     271131.93
17:45:07  INFO        [U4U LOOP]  JMD - C2-GTG 2             COMPRESSED AIR             0.001280      77379.90
17:45:07  INFO        [U4U LOOP]  JMD - C2-GTG 2             Cooling Water              0.000007        423.17
17:45:07  INFO        [U4U LOOP]  JMD - C2-GTG 2             NITROGEN_ASU               0.001660     100352.06
17:45:07  INFO        [U4U LOOP]  JMD - C2-GTG 2             Power_Dis                  0.001350      81611.62
17:45:07  INFO        [U4U LOOP]  JMD - C2-GTG 2             Utility Water              0.000023       1390.42
17:45:07  INFO        [U4U LOOP]  JMD - C2-STG 1             Cooling Water              0.000400       1479.74
17:45:07  INFO        [U4U LOOP]  JMD - C2-STG 1             NITROGEN_ASU               0.001030       3810.33
17:45:07  INFO        [U4U LOOP]  JMD - C2-STG 1             Power_Dis                  0.007050      26080.42
17:45:07  INFO        [U4U LOOP]  JMD - C2-STG 1             SHP Steam_Dis              0.003640      13465.63
17:45:07  INFO        [U4U LOOP]  AUXBOIL7_SHP STEAM         SynGas(Unshift)            2.876221     180684.20
17:45:07  INFO        [U4U LOOP]  AUXBOIL7_SHP STEAM         Boiler Feed Water          1.010000      63448.20
17:45:07  INFO        [U4U LOOP]  AUXBOIL7_SHP STEAM         Power_Dis                  3.850000     241857.00
17:45:07  INFO        [U4U LOOP]  AUXBOIL8_SHP STEAM         Boiler Feed Water          1.010000      65448.00
17:45:07  INFO        [U4U LOOP]  AUXBOIL8_SHP STEAM         Power_Dis                  3.850000     249480.00
17:45:07  INFO        [U4U LOOP]  HRSG1_C2_SHP STEAM         SynGas(Unshift)            3.376244     365174.55
17:45:07  INFO        [U4U LOOP]  HRSG1_C2_SHP STEAM         Boiler Feed Water          1.160000     125465.60
17:45:07  INFO        [U4U LOOP]  HRSG1_C2_SHP STEAM         Power_Dis                  0.285000      30825.60
17:45:07  INFO        [U4U LOOP]  HRSG2_C2_SHP STEAM         SynGas(Unshift)            3.357468     381408.36
17:45:07  INFO        [U4U LOOP]  HRSG2_C2_SHP STEAM         Boiler Feed Water          1.160000     131776.00
17:45:07  INFO        [U4U LOOP]  HRSG2_C2_SHP STEAM         Power_Dis                  0.285000      32376.00
17:45:07  INFO        [U4U LOOP]  Boiler Feed Water          D M Water                  0.900000     349096.72
17:45:07  INFO        [U4U LOOP]  Boiler Feed Water          LP Steam_Dis               0.100000      38788.52
17:45:07  INFO        [U4U LOOP]  Boiler Feed Water          Power_Dis                  8.100000    3141870.45
17:45:07  INFO        [U4U LOOP]  COMPRESED AIR_ASU          Power_Dis                  0.125000      89789.07
17:45:07  INFO        [U4U LOOP]  COMPRESSED AIR             COMPRESED AIR_ASU          0.051000     719937.40
17:45:07  INFO        [U4U LOOP]  COMPRESSED AIR             COMPRESSED AIR             0.002670      37690.84
17:45:07  INFO        [U4U LOOP]  COMPRESSED AIR             Power_Dis                  0.150000    2117462.95
17:45:07  INFO        [U4U LOOP]  Cooling Water              COMPRESSED AIR             0.974741      99802.72
17:45:07  INFO        [U4U LOOP]  Cooling Water              Effluent Treated           3.800000     389078.05
17:45:07  INFO        [U4U LOOP]  Cooling Water              Power_Dis                  210.900000   21593831.59
17:45:07  INFO        [U4U LOOP]  Cooling Water              SWRO WATER                 9.400000     962456.22
17:45:07  INFO        [U4U LOOP]  D M Water                  COMPRESSED AIR             0.049180      26264.17
17:45:07  INFO        [U4U LOOP]  D M Water                  NITROGEN_ASU               0.630000     336446.22
17:45:07  INFO        [U4U LOOP]  D M Water                  Power_Dis                  0.920000     491318.29
17:45:07  INFO        [U4U LOOP]  D M Water                  SWRO WATER                 1.150000     614147.87
17:45:07  INFO        [U4U LOOP]  Effluent Treated           COMPRESSED AIR             2.209302     851282.28
17:45:07  INFO        [U4U LOOP]  Effluent Treated           Cooling Water              0.000031         11.94
17:45:07  INFO        [U4U LOOP]  Effluent Treated           NITROGEN_ASU               0.005814       2240.23
17:45:07  INFO        [U4U LOOP]  Effluent Treated           Power_Dis                  3.200000    1233015.36
17:45:07  INFO        [U4U LOOP]  Effluent Treated           Utility Water              0.029070      11201.17
17:45:07  INFO        [U4U LOOP]  LP Steam PRDS              Boiler Feed Water          0.055000       1246.86
17:45:07  INFO        [U4U LOOP]  LP Steam PRDS              MP Steam_Dis               0.945000      21423.38
17:45:07  INFO        [U4U LOOP]  MP Steam PRDS SHP          Boiler Feed Water          0.100000       2083.08
17:45:07  INFO        [U4U LOOP]  MP Steam PRDS SHP          HP Steam_Dis               0.900000      18747.74
17:45:07  INFO        [U4U LOOP]  NITROGEN_ASU               MP Steam_Dis               0.000021        278.84
17:45:07  INFO        [U4U LOOP]  NITROGEN_ASU               Power_Dis                  0.474260    6297183.84
17:45:07  INFO        [U4U LOOP]  NITROGEN_ASU               Ret steam condensate       -0.000011       -146.06
17:45:07  INFO        [U4U LOOP]  NITROGEN_ASU               Utility Water              0.001540      20447.99
17:45:07  INFO        [U4U LOOP]  Utility Water              COMPRESSED AIR             0.217390     339714.81
17:45:07  INFO        [U4U LOOP]  Utility Water              SWRO WATER                 1.100000    1718967.23
17:45:07  INFO        [U4U LOOP]  LP Steam_Dis               HRSG1_C2_LP STEAM          0.387271      23959.24
17:45:07  INFO        [U4U LOOP]  LP Steam_Dis               HRSG2_C2_LP STEAM          0.245271      15174.14
17:45:07  INFO        [U4U LOOP]  LP Steam_Dis               LP Steam PRDS              0.367458      22733.47
17:45:07  INFO        [U4U LOOP]  MP Steam_Dis               MP Steam PRDS SHP          1.000000      20830.93
17:45:07  INFO        [U4U LOOP]  SHP Steam_Dis              AUXBOIL7_SHP STEAM         0.226682      84341.68
17:45:07  INFO        [U4U LOOP]  SHP Steam_Dis              HRSG1_C2_SHP STEAM         0.473460     176160.49
17:45:07  INFO        [U4U LOOP]  SHP Steam_Dis              HRSG2_C2_SHP STEAM         0.299858     111568.31
17:45:07  INFO      
17:45:07  INFO        [U4U LOOP]  Not yet converged: 15 materials
17:45:07  INFO        [U4U LOOP]    AUXBOIL7_SHP STEAM              change=2.3792%
17:45:07  INFO        [U4U LOOP]    Boiler Feed Water               change=0.4063%
17:45:07  INFO        [U4U LOOP]    COMPRESED AIR_ASU               change=0.2257%
17:45:07  INFO        [U4U LOOP]    COMPRESSED AIR                  change=0.3301%
17:45:07  INFO        [U4U LOOP]    Cooling Water                   change=5.2087%
17:45:07  INFO        [U4U LOOP]    Effluent Treated                change=0.9666%
17:45:07  INFO        [U4U LOOP]    HP Steam_Dis                    change=38.5061%
17:45:07  INFO        [U4U LOOP]    HRSG1_C2_SHP STEAM              change=2.3792%
17:45:07  INFO        [U4U LOOP]    HRSG2_C2_SHP STEAM              change=2.3792%
17:45:07  INFO        [U4U LOOP]    LP Steam PRDS                   change=0.2781%
17:45:07  INFO        [U4U LOOP]    MP Steam_Dis                    change=61.8061%
17:45:07  INFO        [U4U LOOP]    NITROGEN_ASU                    change=0.3319%
17:45:07  INFO        [U4U LOOP]    Power_Dis                       change=0.9381%
17:45:07  INFO        [U4U LOOP]    SHP Steam_Dis                   change=7.9325%
17:45:07  INFO        [U4U LOOP]    Utility Water                   change=1.1637%
17:45:07  INFO      
17:45:11  INFO      
17:45:11  INFO        POWER SPINNING MARGIN CONFIG
17:45:11  INFO        Most efficient asset: JMD - C2-GTG 2 (fixed_max = 120.00 MW)
17:45:11  INFO        Required margin: 120.00 MW
17:45:11  INFO        Asset                          Max MW     Eff Max     Reserve
17:45:11  INFO        -------------------------  ----------  ----------  ----------
17:45:11  INFO        JMD - C2-GTG 1                 110.00       80.00       30.00
17:45:11  INFO        JMD - C2-GTG 2                 110.00      110.00        0.00 (excluded)
17:45:11  INFO        JMD - C2-STG 1                  93.00        3.00       90.00
17:45:11  INFO        TOTAL RESERVED                                         120.00
17:45:11  INFO        → Margin of 120.00 MW successfully reserved
17:45:11  INFO      
17:45:11  INFO        ==============================================================================
17:45:11  INFO        POWER DISPATCH  (April 2026)
17:45:11  INFO        ==============================================================================
17:45:11  INFO        Demand:  Process = 62526.31 MWh  |  Fixed = 56040.99 MWh  |  Total = 118567.30 MWh
17:45:11  INFO      
17:45:11  INFO        Step 1: Mandatory assets at MIN load, then optional if needed
17:45:11  INFO        Asset                      Priority   Man    Min MW    Max MW     Hours       Min MWh
17:45:11  INFO        -------------------------  --------  ----  --------  --------  --------  ------------
17:45:11  INFO        JMD - C2-GTG 1                    2     Y     80.00    110.00    676.00      54080.00
17:45:11  INFO        JMD - C2-GTG 2                    1     Y     80.00    110.00    710.00      56800.00
17:45:11  INFO        JMD - C2-STG 1                    1     Y      0.00     93.00    719.00          0.00
17:45:11  INFO        TOTAL MIN GENERATION                                                        110880.00
17:45:11  INFO      
17:45:11  INFO        ✓ Demand met exactly or within tolerance
17:45:11  INFO      
17:45:11  INFO        FINAL DISPATCH
17:45:11  INFO        Asset                      Priority   Dispatched MW  Dispatched MWh    Load %   Avg Load MW   Free Steam MT        Aux Norm   Aux Power MWh
17:45:11  INFO        -------------------------  --------  --------------  --------------  --------  ------------  --------------  --------------  --------------
17:45:11  INFO        JMD - C2-GTG 1                    2           80.00        54080.00     72.7%         80.00       106537.60        0.001350           73.01
17:45:11  INFO        JMD - C2-GTG 2                    1           85.38        60619.44     77.6%         85.38       119420.30        0.001350           81.84
17:45:11  INFO        JMD - C2-STG 1                    1            5.38         3867.86      5.8%          5.38            0.00        0.007050           27.27
17:45:11  INFO        TOTAL                                                     118567.30                               225957.90                          182.12
17:45:11  INFO      
17:45:11  INFO        ✓ POWER SPINNING MARGIN OK: 142.24 MW reserved (required: 120.00 MW)
17:45:11  INFO        ==============================================================================
17:45:15  INFO      
17:45:15  INFO        SPINNING MARGIN CONFIG
17:45:15  INFO        Required margin: 250.00 TPH
17:45:15  INFO        Asset                         Max TPH     Eff Max     Reserve
17:45:15  INFO        -------------------------  ----------  ----------  ----------
17:45:15  INFO        AUXBOIL7_SHP STEAM             220.00      161.49       58.51
17:45:15  INFO        AUXBOIL8_SHP STEAM             220.00      161.49       58.51
17:45:15  INFO        HRSG1_C2_SHP STEAM             250.00      183.51       66.49
17:45:15  INFO        HRSG2_C2_SHP STEAM             250.00      183.51       66.49
17:45:15  INFO        TOTAL RESERVED                                         250.00
17:45:15  INFO        → Margin of 250.00 TPH successfully reserved
17:45:15  INFO      
17:45:15  INFO        ==============================================================================
17:45:15  INFO        STEAM DISPATCH  (April 2026)
17:45:15  INFO        ==============================================================================
17:45:15  INFO        Grade      Process/Fixed MT  Letdown MT  Byproduct MT     Net Demand MT
17:45:15  INFO        ---------  ----------------  ----------  ------------  ----------------
17:45:15  INFO        LP                 61869.52    27032.22     -33264.00          28605.52
17:45:15  INFO        MP                 34244.21    55148.79          0.00          61276.43
17:45:15  INFO        HP                  6733.74    57922.05          0.00          61882.53
17:45:15  INFO        SHP               373138.63        0.00          0.00         431060.69
17:45:15  INFO      
17:45:15  INFO        Total Free Steam available: 225957.90 MT
17:45:15  INFO      
17:45:15  INFO        FINAL SUPPLEMENTARY FIRING DISPATCH
17:45:15  INFO        Asset                      Priority   Man     Min TPH     Max TPH     Hours  Dispatched TPH   Dispatched MT    Load %
17:45:15  INFO        -------------------------  --------  ----  ----------  ----------  --------  --------------  --------------  --------
17:45:15  INFO        AUXBOIL7_SHP STEAM                1     Y       90.00      220.00    698.00           90.00        62820.00     40.9%
17:45:15  INFO        AUXBOIL8_SHP STEAM                1     Y       90.00      220.00    720.00           90.00        64800.00     40.9%
17:45:15  INFO        HRSG1_C2_SHP STEAM                2     Y      160.00      250.00    676.00          160.00       108160.00     64.0%
17:45:15  INFO        HRSG2_C2_SHP STEAM                1     Y      160.00      250.00    710.00          160.00       113600.00     64.0%
17:45:15  INFO        TOTAL SUPPLEMENTARY                                                                         349380.00          
17:45:15  INFO        TOTAL STEAM GENERATED                                                                       575337.90          
17:45:15  INFO        ✓ Steam demand fully met with surplus of 144277.21 MT
17:45:15  INFO      
17:45:15  INFO        ✓ STEAM SPINNING MARGIN OK: 440.00 TPH reserved (required: 250.00 TPH)
17:45:15  INFO        ==============================================================================
17:45:15  INFO      
17:45:15  INFO        [U4U LOOP] ==============================================================================
17:45:15  INFO        [U4U LOOP]  ITERATION 5
17:45:15  INFO        [U4U LOOP] ==============================================================================
17:45:15  INFO        [U4U LOOP]  Power:  demand=     118567.30 MWh   gen=     118567.30 MWh
17:45:15  INFO        [U4U LOOP]  Steam:  gen=     575337.90 MT
17:45:15  INFO      
17:45:15  INFO        [U4U LOOP]  Utility (ODS Material)            Old Demand    New Demand    U4U Demand    Change %
17:45:15  INFO        [U4U LOOP]  ------------------------------  ------------  ------------  ------------  ----------
17:45:15  INFO        [U4U LOOP]  AUXBOIL7_SHP STEAM                  82335.05      84341.68      84583.81     2.3792%
17:45:15  INFO        [U4U LOOP]  Boiler Feed Water                  387885.24     389467.75     389471.23     0.4063%
17:45:15  INFO        [U4U LOOP]  COMPRESED AIR_ASU                  718312.54     719937.40     720190.13     0.2257%
17:45:15  INFO        [U4U LOOP]  COMPRESSED AIR                   14116419.65   14121375.12    1510096.30     0.0351%
17:45:15  INFO        [U4U LOOP]  Condensate                        -152646.00    -152646.00          0.00     0.0000%
17:45:15  INFO        [U4U LOOP]  Cooling Water                      102388.96     102508.42       2362.10     0.1165%
17:45:15  INFO        [U4U LOOP]  D M Water                          534041.62     534065.72     350520.97     0.0045%
17:45:15  INFO        [U4U LOOP]  Effluent Treated                   385317.30     389078.05     389531.98     0.9666%
17:45:15  INFO        [U4U LOOP]  HP Steam PRDS                           0.00          0.00       6733.74     0.0000%
17:45:15  INFO        [U4U LOOP]  HP Steam_Dis                         -485.28       6733.74      18747.84   107.2067%
17:45:15  INFO        [U4U LOOP]  HRSG1_C2_SHP STEAM                 171969.33     176160.49     176666.22     2.3792%
17:45:15  INFO        [U4U LOOP]  HRSG2_C2_SHP STEAM                 108913.91     111568.31     111888.60     2.3792%
17:45:15  INFO        [U4U LOOP]  LP Steam PRDS                       22670.24      22733.47      22734.45     0.2781%
17:45:15  INFO        [U4U LOOP]  LP Steam_Dis                        61866.85      61869.52      38946.77     0.0043%
17:45:15  INFO        [U4U LOOP]  MP Steam PRDS SHP                   20830.83      20830.93      34244.21     0.0005%
17:45:15  INFO        [U4U LOOP]  MP Steam_Dis                        20830.93      34244.21      21762.00    39.1695%
17:45:15  INFO        [U4U LOOP]  NITROGEN_ASU                     13277914.73   13279682.65     533108.47     0.0133%
17:45:15  INFO        [U4U LOOP]  Power_Dis                          118232.40     118567.30      35752.98     0.2825%
17:45:15  INFO        [U4U LOOP]  SHP Steam_Dis                      372070.48     373138.63      14079.01     0.2863%
17:45:15  INFO        [U4U LOOP]  Utility Water                     1562697.48    1563096.42      34399.30     0.0255%
17:45:15  INFO      
17:45:15  INFO        [U4U LOOP]  U4U CONSUMPTION BREAKDOWN (per producer per material):
17:45:15  INFO        [U4U LOOP]  Producer                   Material Consumed              Norm      Quantity
17:45:15  INFO        [U4U LOOP]  -------------------------  -------------------------  --------  ------------
17:45:15  INFO        [U4U LOOP]  JMD - C2-GTG 1             SynGas(Unshift)            0.004368     236221.44
17:45:15  INFO        [U4U LOOP]  JMD - C2-GTG 1             COMPRESSED AIR             0.001280      69222.40
17:45:15  INFO        [U4U LOOP]  JMD - C2-GTG 1             Cooling Water              0.000007        378.56
17:45:15  INFO        [U4U LOOP]  JMD - C2-GTG 1             NITROGEN_ASU               0.001660      89772.80
17:45:15  INFO        [U4U LOOP]  JMD - C2-GTG 1             Power_Dis                  0.001350      73008.00
17:45:15  INFO        [U4U LOOP]  JMD - C2-GTG 1             Utility Water              0.000023       1243.84
17:45:15  INFO        [U4U LOOP]  JMD - C2-GTG 2             SynGas(Unshift)            0.004485     271878.19
17:45:15  INFO        [U4U LOOP]  JMD - C2-GTG 2             COMPRESSED AIR             0.001280      77592.88
17:45:15  INFO        [U4U LOOP]  JMD - C2-GTG 2             Cooling Water              0.000007        424.34
17:45:15  INFO        [U4U LOOP]  JMD - C2-GTG 2             NITROGEN_ASU               0.001660     100628.27
17:45:15  INFO        [U4U LOOP]  JMD - C2-GTG 2             Power_Dis                  0.001350      81836.24
17:45:15  INFO        [U4U LOOP]  JMD - C2-GTG 2             Utility Water              0.000023       1394.25
17:45:15  INFO        [U4U LOOP]  JMD - C2-STG 1             Cooling Water              0.000400       1547.14
17:45:15  INFO        [U4U LOOP]  JMD - C2-STG 1             NITROGEN_ASU               0.001030       3983.90
17:45:15  INFO        [U4U LOOP]  JMD - C2-STG 1             Power_Dis                  0.007050      27268.41
17:45:15  INFO        [U4U LOOP]  JMD - C2-STG 1             SHP Steam_Dis              0.003640      14079.01
17:45:15  INFO        [U4U LOOP]  AUXBOIL7_SHP STEAM         SynGas(Unshift)            2.876221     180684.20
17:45:15  INFO        [U4U LOOP]  AUXBOIL7_SHP STEAM         Boiler Feed Water          1.010000      63448.20
17:45:15  INFO        [U4U LOOP]  AUXBOIL7_SHP STEAM         Power_Dis                  3.850000     241857.00
17:45:15  INFO        [U4U LOOP]  AUXBOIL8_SHP STEAM         Boiler Feed Water          1.010000      65448.00
17:45:15  INFO        [U4U LOOP]  AUXBOIL8_SHP STEAM         Power_Dis                  3.850000     249480.00
17:45:15  INFO        [U4U LOOP]  HRSG1_C2_SHP STEAM         SynGas(Unshift)            3.376244     365174.55
17:45:15  INFO        [U4U LOOP]  HRSG1_C2_SHP STEAM         Boiler Feed Water          1.160000     125465.60
17:45:15  INFO        [U4U LOOP]  HRSG1_C2_SHP STEAM         Power_Dis                  0.285000      30825.60
17:45:15  INFO        [U4U LOOP]  HRSG2_C2_SHP STEAM         SynGas(Unshift)            3.357468     381408.36
17:45:15  INFO        [U4U LOOP]  HRSG2_C2_SHP STEAM         Boiler Feed Water          1.160000     131776.00
17:45:15  INFO        [U4U LOOP]  HRSG2_C2_SHP STEAM         Power_Dis                  0.285000      32376.00
17:45:15  INFO        [U4U LOOP]  Boiler Feed Water          D M Water                  0.900000     350520.97
17:45:15  INFO        [U4U LOOP]  Boiler Feed Water          LP Steam_Dis               0.100000      38946.77
17:45:15  INFO        [U4U LOOP]  Boiler Feed Water          Power_Dis                  8.100000    3154688.74
17:45:15  INFO        [U4U LOOP]  COMPRESED AIR_ASU          Power_Dis                  0.125000      89992.18
17:45:15  INFO        [U4U LOOP]  COMPRESSED AIR             COMPRESED AIR_ASU          0.051000     720190.13
17:45:15  INFO        [U4U LOOP]  COMPRESSED AIR             COMPRESSED AIR             0.002670      37704.07
17:45:15  INFO        [U4U LOOP]  COMPRESSED AIR             Power_Dis                  0.150000    2118206.27
17:45:15  INFO        [U4U LOOP]  Cooling Water              COMPRESSED AIR             0.974741      99919.16
17:45:15  INFO        [U4U LOOP]  Cooling Water              Effluent Treated           3.800000     389531.98
17:45:15  INFO        [U4U LOOP]  Cooling Water              Power_Dis                  210.900000   21619024.97
17:45:15  INFO        [U4U LOOP]  Cooling Water              SWRO WATER                 9.400000     963579.11
17:45:15  INFO        [U4U LOOP]  D M Water                  COMPRESSED AIR             0.049180      26265.35
17:45:15  INFO        [U4U LOOP]  D M Water                  NITROGEN_ASU               0.630000     336461.40
17:45:15  INFO        [U4U LOOP]  D M Water                  Power_Dis                  0.920000     491340.46
17:45:15  INFO        [U4U LOOP]  D M Water                  SWRO WATER                 1.150000     614175.57
17:45:15  INFO        [U4U LOOP]  Effluent Treated           COMPRESSED AIR             2.209302     859590.91
17:45:15  INFO        [U4U LOOP]  Effluent Treated           Cooling Water              0.000031         12.06
17:45:15  INFO        [U4U LOOP]  Effluent Treated           NITROGEN_ASU               0.005814       2262.10
17:45:15  INFO        [U4U LOOP]  Effluent Treated           Power_Dis                  3.200000    1245049.75
17:45:15  INFO        [U4U LOOP]  Effluent Treated           Utility Water              0.029070      11310.50
17:45:15  INFO        [U4U LOOP]  LP Steam PRDS              Boiler Feed Water          0.055000       1250.34
17:45:15  INFO        [U4U LOOP]  LP Steam PRDS              MP Steam_Dis               0.945000      21483.13
17:45:15  INFO        [U4U LOOP]  MP Steam PRDS SHP          Boiler Feed Water          0.100000       2083.09
17:45:15  INFO        [U4U LOOP]  MP Steam PRDS SHP          HP Steam_Dis               0.900000      18747.84
17:45:15  INFO        [U4U LOOP]  NITROGEN_ASU               MP Steam_Dis               0.000021        278.87
17:45:15  INFO        [U4U LOOP]  NITROGEN_ASU               Power_Dis                  0.474260    6298022.29
17:45:15  INFO        [U4U LOOP]  NITROGEN_ASU               Ret steam condensate       -0.000011       -146.08
17:45:15  INFO        [U4U LOOP]  NITROGEN_ASU               Utility Water              0.001540      20450.71
17:45:15  INFO        [U4U LOOP]  Utility Water              COMPRESSED AIR             0.217390     339801.53
17:45:15  INFO        [U4U LOOP]  Utility Water              SWRO WATER                 1.100000    1719406.07
17:45:15  INFO        [U4U LOOP]  HP Steam_Dis               HP Steam PRDS              1.000000       6733.74
17:45:15  INFO        [U4U LOOP]  LP Steam_Dis               HRSG1_C2_LP STEAM          0.387271      23960.27
17:45:15  INFO        [U4U LOOP]  LP Steam_Dis               HRSG2_C2_LP STEAM          0.245271      15174.80
17:45:15  INFO        [U4U LOOP]  LP Steam_Dis               LP Steam PRDS              0.367458      22734.45
17:45:15  INFO        [U4U LOOP]  MP Steam_Dis               MP Steam PRDS SHP          1.000000      34244.21
17:45:15  INFO        [U4U LOOP]  SHP Steam_Dis              AUXBOIL7_SHP STEAM         0.226682      84583.81
17:45:15  INFO        [U4U LOOP]  SHP Steam_Dis              HRSG1_C2_SHP STEAM         0.473460     176666.22
17:45:15  INFO        [U4U LOOP]  SHP Steam_Dis              HRSG2_C2_SHP STEAM         0.299858     111888.60
17:45:15  INFO      
17:45:15  INFO        [U4U LOOP]  Not yet converged: 16 materials
17:45:15  INFO        [U4U LOOP]    AUXBOIL7_SHP STEAM              change=0.2863%
17:45:15  INFO        [U4U LOOP]    COMPRESED AIR_ASU               change=0.0351%
17:45:15  INFO        [U4U LOOP]    COMPRESSED AIR                  change=0.5787%
17:45:15  INFO        [U4U LOOP]    Cooling Water                   change=2.9078%
17:45:15  INFO        [U4U LOOP]    D M Water                       change=0.4063%
17:45:15  INFO        [U4U LOOP]    Effluent Treated                change=0.1165%
17:45:15  INFO        [U4U LOOP]    HP Steam PRDS                   change=100.0000%
17:45:15  INFO        [U4U LOOP]    HRSG1_C2_SHP STEAM              change=0.2863%
17:45:15  INFO        [U4U LOOP]    HRSG2_C2_SHP STEAM              change=0.2863%
17:45:15  INFO        [U4U LOOP]    LP Steam_Dis                    change=0.4063%
17:45:15  INFO        [U4U LOOP]    MP Steam PRDS SHP               change=39.1695%
17:45:15  INFO        [U4U LOOP]    MP Steam_Dis                    change=0.2747%
17:45:15  INFO        [U4U LOOP]    NITROGEN_ASU                    change=0.0913%
17:45:15  INFO        [U4U LOOP]    Power_Dis                       change=0.1490%
17:45:15  INFO        [U4U LOOP]    SHP Steam_Dis                   change=4.3567%
17:45:15  INFO        [U4U LOOP]    Utility Water                   change=0.3369%
17:45:15  INFO      
17:45:19  INFO      
17:45:19  INFO        POWER SPINNING MARGIN CONFIG
17:45:19  INFO        Most efficient asset: JMD - C2-GTG 2 (fixed_max = 120.00 MW)
17:45:19  INFO        Required margin: 120.00 MW
17:45:19  INFO        Asset                          Max MW     Eff Max     Reserve
17:45:19  INFO        -------------------------  ----------  ----------  ----------
17:45:19  INFO        JMD - C2-GTG 1                 110.00       80.00       30.00
17:45:19  INFO        JMD - C2-GTG 2                 110.00      110.00        0.00 (excluded)
17:45:19  INFO        JMD - C2-STG 1                  93.00        3.00       90.00
17:45:19  INFO        TOTAL RESERVED                                         120.00
17:45:19  INFO        → Margin of 120.00 MW successfully reserved
17:45:19  INFO      
17:45:19  INFO        ==============================================================================
17:45:19  INFO        POWER DISPATCH  (April 2026)
17:45:19  INFO        ==============================================================================
17:45:19  INFO        Demand:  Process = 62526.31 MWh  |  Fixed = 56094.26 MWh  |  Total = 118620.57 MWh
17:45:19  INFO      
17:45:19  INFO        Step 1: Mandatory assets at MIN load, then optional if needed
17:45:19  INFO        Asset                      Priority   Man    Min MW    Max MW     Hours       Min MWh
17:45:19  INFO        -------------------------  --------  ----  --------  --------  --------  ------------
17:45:19  INFO        JMD - C2-GTG 1                    2     Y     80.00    110.00    676.00      54080.00
17:45:19  INFO        JMD - C2-GTG 2                    1     Y     80.00    110.00    710.00      56800.00
17:45:19  INFO        JMD - C2-STG 1                    1     Y      0.00     93.00    719.00          0.00
17:45:19  INFO        TOTAL MIN GENERATION                                                        110880.00
17:45:19  INFO      
17:45:19  INFO        ✓ Demand met exactly or within tolerance
17:45:19  INFO      
17:45:19  INFO        FINAL DISPATCH
17:45:19  INFO        Asset                      Priority   Dispatched MW  Dispatched MWh    Load %   Avg Load MW   Free Steam MT        Aux Norm   Aux Power MWh
17:45:19  INFO        -------------------------  --------  --------------  --------------  --------  ------------  --------------  --------------  --------------
17:45:19  INFO        JMD - C2-GTG 1                    2           80.00        54080.00     72.7%         80.00       106537.60        0.001350           73.01
17:45:19  INFO        JMD - C2-GTG 2                    1           85.42        60645.91     77.7%         85.42       119472.44        0.001350           81.87
17:45:19  INFO        JMD - C2-STG 1                    1            5.42         3894.66      5.8%          5.42            0.00        0.007050           27.46
17:45:19  INFO        TOTAL                                                     118620.57                               226010.04                          182.34
17:45:19  INFO      
17:45:19  INFO        ✓ POWER SPINNING MARGIN OK: 142.17 MW reserved (required: 120.00 MW)
17:45:19  INFO        ==============================================================================
17:45:22  INFO      
17:45:22  INFO        SPINNING MARGIN CONFIG
17:45:22  INFO        Required margin: 250.00 TPH
17:45:22  INFO        Asset                         Max TPH     Eff Max     Reserve
17:45:22  INFO        -------------------------  ----------  ----------  ----------
17:45:22  INFO        AUXBOIL7_SHP STEAM             220.00      161.49       58.51
17:45:22  INFO        AUXBOIL8_SHP STEAM             220.00      161.49       58.51
17:45:22  INFO        HRSG1_C2_SHP STEAM             250.00      183.51       66.49
17:45:22  INFO        HRSG2_C2_SHP STEAM             250.00      183.51       66.49
17:45:22  INFO        TOTAL RESERVED                                         250.00
17:45:22  INFO        → Margin of 250.00 TPH successfully reserved
17:45:22  INFO      
17:45:22  INFO        ==============================================================================
17:45:22  INFO        STEAM DISPATCH  (April 2026)
17:45:22  INFO        ==============================================================================
17:45:22  INFO        Grade      Process/Fixed MT  Letdown MT  Byproduct MT     Net Demand MT
17:45:22  INFO        ---------  ----------------  ----------  ------------  ----------------
17:45:22  INFO        LP                 62027.77    27181.77     -33264.00          28763.77
17:45:22  INFO        MP                 34304.00    55337.19          0.00          61485.77
17:45:22  INFO        HP                  6733.84    58098.48          0.00          62071.03
17:45:22  INFO        SHP               373752.01        0.00          0.00         431850.49
17:45:22  INFO      
17:45:22  INFO        Total Free Steam available: 226010.04 MT
17:45:22  INFO      
17:45:22  INFO        FINAL SUPPLEMENTARY FIRING DISPATCH
17:45:22  INFO        Asset                      Priority   Man     Min TPH     Max TPH     Hours  Dispatched TPH   Dispatched MT    Load %
17:45:22  INFO        -------------------------  --------  ----  ----------  ----------  --------  --------------  --------------  --------
17:45:22  INFO        AUXBOIL7_SHP STEAM                1     Y       90.00      220.00    698.00           90.00        62820.00     40.9%
17:45:22  INFO        AUXBOIL8_SHP STEAM                1     Y       90.00      220.00    720.00           90.00        64800.00     40.9%
17:45:22  INFO        HRSG1_C2_SHP STEAM                2     Y      160.00      250.00    676.00          160.00       108160.00     64.0%
17:45:22  INFO        HRSG2_C2_SHP STEAM                1     Y      160.00      250.00    710.00          160.00       113600.00     64.0%
17:45:22  INFO        TOTAL SUPPLEMENTARY                                                                         349380.00          
17:45:22  INFO        TOTAL STEAM GENERATED                                                                       575390.04          
17:45:22  INFO        ✓ Steam demand fully met with surplus of 143539.55 MT
17:45:22  INFO      
17:45:22  INFO        ✓ STEAM SPINNING MARGIN OK: 440.00 TPH reserved (required: 250.00 TPH)
17:45:22  INFO        ==============================================================================
17:45:22  INFO      
17:45:22  INFO        [U4U LOOP] ==============================================================================
17:45:22  INFO        [U4U LOOP]  ITERATION 6
17:45:22  INFO        [U4U LOOP] ==============================================================================
17:45:22  INFO        [U4U LOOP]  Power:  demand=     118620.57 MWh   gen=     118620.57 MWh
17:45:22  INFO        [U4U LOOP]  Steam:  gen=     575390.04 MT
17:45:22  INFO      
17:45:22  INFO        [U4U LOOP]  Utility (ODS Material)            Old Demand    New Demand    U4U Demand    Change %
17:45:22  INFO        [U4U LOOP]  ------------------------------  ------------  ------------  ------------  ----------
17:45:22  INFO        [U4U LOOP]  AUXBOIL7_SHP STEAM                  84341.68      84583.81      84722.85     0.2863%
17:45:22  INFO        [U4U LOOP]  Boiler Feed Water                  389467.75     389471.23     391243.58     0.0009%
17:45:22  INFO        [U4U LOOP]  COMPRESED AIR_ASU                  719937.40     720190.13     720635.83     0.0351%
17:45:22  INFO        [U4U LOOP]  COMPRESSED AIR                   14121375.12   14130114.30    1511318.58     0.0618%
17:45:22  INFO        [U4U LOOP]  Condensate                        -152646.00    -152646.00          0.00     0.0000%
17:45:22  INFO        [U4U LOOP]  Cooling Water                      102508.42     102577.10       2373.02     0.0670%
17:45:22  INFO        [U4U LOOP]  D M Water                          534065.72     535489.97     350524.11     0.2660%
17:45:22  INFO        [U4U LOOP]  Effluent Treated                   389078.05     389531.98     389792.99     0.1165%
17:45:22  INFO        [U4U LOOP]  HP Steam PRDS                           0.00       6733.74       6733.84   100.0000%
17:45:22  INFO        [U4U LOOP]  HP Steam_Dis                         6733.74       6733.84      30819.79     0.0014%
17:45:22  INFO        [U4U LOOP]  HRSG1_C2_SHP STEAM                 176160.49     176666.22     176956.63     0.2863%
17:45:22  INFO        [U4U LOOP]  HRSG2_C2_SHP STEAM                 111568.31     111888.60     112072.53     0.2863%
17:45:22  INFO        [U4U LOOP]  LP Steam PRDS                       22733.47      22734.45      22792.60     0.0043%
17:45:22  INFO        [U4U LOOP]  LP Steam_Dis                        61869.52      62027.77      38947.12     0.2551%
17:45:22  INFO        [U4U LOOP]  MP Steam PRDS SHP                   20830.93      34244.21      34304.00    39.1695%
17:45:22  INFO        [U4U LOOP]  MP Steam_Dis                        34244.21      34304.00      21762.94     0.1743%
17:45:22  INFO        [U4U LOOP]  NITROGEN_ASU                     13279682.65   13280169.47     534079.93     0.0037%
17:45:22  INFO        [U4U LOOP]  Power_Dis                          118567.30     118620.57      35772.05     0.0449%
17:45:22  INFO        [U4U LOOP]  SHP Steam_Dis                      373138.63     373752.01      20479.35     0.1641%
17:45:22  INFO        [U4U LOOP]  Utility Water                     1563096.42    1563212.30      34413.85     0.0074%
17:45:22  INFO      
17:45:22  INFO        [U4U LOOP]  U4U CONSUMPTION BREAKDOWN (per producer per material):
17:45:22  INFO        [U4U LOOP]  Producer                   Material Consumed              Norm      Quantity
17:45:22  INFO        [U4U LOOP]  -------------------------  -------------------------  --------  ------------
17:45:22  INFO        [U4U LOOP]  JMD - C2-GTG 1             SynGas(Unshift)            0.004368     236221.44
17:45:22  INFO        [U4U LOOP]  JMD - C2-GTG 1             COMPRESSED AIR             0.001280      69222.40
17:45:22  INFO        [U4U LOOP]  JMD - C2-GTG 1             Cooling Water              0.000007        378.56
17:45:22  INFO        [U4U LOOP]  JMD - C2-GTG 1             NITROGEN_ASU               0.001660      89772.80
17:45:22  INFO        [U4U LOOP]  JMD - C2-GTG 1             Power_Dis                  0.001350      73008.00
17:45:22  INFO        [U4U LOOP]  JMD - C2-GTG 1             Utility Water              0.000023       1243.84
17:45:22  INFO        [U4U LOOP]  JMD - C2-GTG 2             SynGas(Unshift)            0.004485     271996.91
17:45:22  INFO        [U4U LOOP]  JMD - C2-GTG 2             COMPRESSED AIR             0.001280      77626.76
17:45:22  INFO        [U4U LOOP]  JMD - C2-GTG 2             Cooling Water              0.000007        424.52
17:45:22  INFO        [U4U LOOP]  JMD - C2-GTG 2             NITROGEN_ASU               0.001660     100672.21
17:45:22  INFO        [U4U LOOP]  JMD - C2-GTG 2             Power_Dis                  0.001350      81871.98
17:45:22  INFO        [U4U LOOP]  JMD - C2-GTG 2             Utility Water              0.000023       1394.86
17:45:22  INFO        [U4U LOOP]  JMD - C2-STG 1             Cooling Water              0.000400       1557.86
17:45:22  INFO        [U4U LOOP]  JMD - C2-STG 1             NITROGEN_ASU               0.001030       4011.50
17:45:22  INFO        [U4U LOOP]  JMD - C2-STG 1             Power_Dis                  0.007050      27457.35
17:45:22  INFO        [U4U LOOP]  JMD - C2-STG 1             SHP Steam_Dis              0.003640      14176.56
17:45:22  INFO        [U4U LOOP]  AUXBOIL7_SHP STEAM         SynGas(Unshift)            2.876221     180684.20
17:45:22  INFO        [U4U LOOP]  AUXBOIL7_SHP STEAM         Boiler Feed Water          1.010000      63448.20
17:45:22  INFO        [U4U LOOP]  AUXBOIL7_SHP STEAM         Power_Dis                  3.850000     241857.00
17:45:22  INFO        [U4U LOOP]  AUXBOIL8_SHP STEAM         Boiler Feed Water          1.010000      65448.00
17:45:22  INFO        [U4U LOOP]  AUXBOIL8_SHP STEAM         Power_Dis                  3.850000     249480.00
17:45:22  INFO        [U4U LOOP]  HRSG1_C2_SHP STEAM         SynGas(Unshift)            3.376244     365174.55
17:45:22  INFO        [U4U LOOP]  HRSG1_C2_SHP STEAM         Boiler Feed Water          1.160000     125465.60
17:45:22  INFO        [U4U LOOP]  HRSG1_C2_SHP STEAM         Power_Dis                  0.285000      30825.60
17:45:22  INFO        [U4U LOOP]  HRSG2_C2_SHP STEAM         SynGas(Unshift)            3.357468     381408.36
17:45:22  INFO        [U4U LOOP]  HRSG2_C2_SHP STEAM         Boiler Feed Water          1.160000     131776.00
17:45:22  INFO        [U4U LOOP]  HRSG2_C2_SHP STEAM         Power_Dis                  0.285000      32376.00
17:45:22  INFO        [U4U LOOP]  Boiler Feed Water          D M Water                  0.900000     350524.11
17:45:22  INFO        [U4U LOOP]  Boiler Feed Water          LP Steam_Dis               0.100000      38947.12
17:45:22  INFO        [U4U LOOP]  Boiler Feed Water          Power_Dis                  8.100000    3154716.99
17:45:22  INFO        [U4U LOOP]  COMPRESED AIR_ASU          Power_Dis                  0.125000      90023.77
17:45:22  INFO        [U4U LOOP]  COMPRESSED AIR             COMPRESED AIR_ASU          0.051000     720635.83
17:45:22  INFO        [U4U LOOP]  COMPRESSED AIR             COMPRESSED AIR             0.002670      37727.41
17:45:22  INFO        [U4U LOOP]  COMPRESSED AIR             Power_Dis                  0.150000    2119517.15
17:45:22  INFO        [U4U LOOP]  Cooling Water              COMPRESSED AIR             0.974741      99986.11
17:45:22  INFO        [U4U LOOP]  Cooling Water              Effluent Treated           3.800000     389792.99
17:45:22  INFO        [U4U LOOP]  Cooling Water              Power_Dis                  210.900000   21633510.71
17:45:22  INFO        [U4U LOOP]  Cooling Water              SWRO WATER                 9.400000     964224.75
17:45:22  INFO        [U4U LOOP]  D M Water                  COMPRESSED AIR             0.049180      26335.40
17:45:22  INFO        [U4U LOOP]  D M Water                  NITROGEN_ASU               0.630000     337358.68
17:45:22  INFO        [U4U LOOP]  D M Water                  Power_Dis                  0.920000     492650.77
17:45:22  INFO        [U4U LOOP]  D M Water                  SWRO WATER                 1.150000     615813.47
17:45:22  INFO        [U4U LOOP]  Effluent Treated           COMPRESSED AIR             2.209302     860593.79
17:45:22  INFO        [U4U LOOP]  Effluent Treated           Cooling Water              0.000031         12.08
17:45:22  INFO        [U4U LOOP]  Effluent Treated           NITROGEN_ASU               0.005814       2264.74
17:45:22  INFO        [U4U LOOP]  Effluent Treated           Power_Dis                  3.200000    1246502.34
17:45:22  INFO        [U4U LOOP]  Effluent Treated           Utility Water              0.029070      11323.69
17:45:22  INFO        [U4U LOOP]  HP Steam PRDS              Boiler Feed Water          0.064000        430.96
17:45:22  INFO        [U4U LOOP]  HP Steam PRDS              SHP Steam_Dis              0.936000       6302.79
17:45:22  INFO        [U4U LOOP]  LP Steam PRDS              Boiler Feed Water          0.055000       1250.39
17:45:22  INFO        [U4U LOOP]  LP Steam PRDS              MP Steam_Dis               0.945000      21484.06
17:45:22  INFO        [U4U LOOP]  MP Steam PRDS SHP          Boiler Feed Water          0.100000       3424.42
17:45:22  INFO        [U4U LOOP]  MP Steam PRDS SHP          HP Steam_Dis               0.900000      30819.79
17:45:22  INFO        [U4U LOOP]  NITROGEN_ASU               MP Steam_Dis               0.000021        278.88
17:45:22  INFO        [U4U LOOP]  NITROGEN_ASU               Power_Dis                  0.474260    6298253.17
17:45:22  INFO        [U4U LOOP]  NITROGEN_ASU               Ret steam condensate       -0.000011       -146.08
17:45:22  INFO        [U4U LOOP]  NITROGEN_ASU               Utility Water              0.001540      20451.46
17:45:22  INFO        [U4U LOOP]  Utility Water              COMPRESSED AIR             0.217390     339826.72
17:45:22  INFO        [U4U LOOP]  Utility Water              SWRO WATER                 1.100000    1719533.53
17:45:22  INFO        [U4U LOOP]  HP Steam_Dis               HP Steam PRDS              1.000000       6733.84
17:45:22  INFO        [U4U LOOP]  LP Steam_Dis               HRSG1_C2_LP STEAM          0.387271      24021.56
17:45:22  INFO        [U4U LOOP]  LP Steam_Dis               HRSG2_C2_LP STEAM          0.245271      15213.61
17:45:22  INFO        [U4U LOOP]  LP Steam_Dis               LP Steam PRDS              0.367458      22792.60
17:45:22  INFO        [U4U LOOP]  MP Steam_Dis               MP Steam PRDS SHP          1.000000      34304.00
17:45:22  INFO        [U4U LOOP]  SHP Steam_Dis              AUXBOIL7_SHP STEAM         0.226682      84722.85
17:45:22  INFO        [U4U LOOP]  SHP Steam_Dis              HRSG1_C2_SHP STEAM         0.473460     176956.63
17:45:22  INFO        [U4U LOOP]  SHP Steam_Dis              HRSG2_C2_SHP STEAM         0.299858     112072.53
17:45:22  INFO      
17:45:22  INFO        [U4U LOOP]  Not yet converged: 15 materials
17:45:22  INFO        [U4U LOOP]    AUXBOIL7_SHP STEAM              change=0.1641%
17:45:22  INFO        [U4U LOOP]    Boiler Feed Water               change=0.4530%
17:45:22  INFO        [U4U LOOP]    COMPRESED AIR_ASU               change=0.0618%
17:45:22  INFO        [U4U LOOP]    COMPRESSED AIR                  change=0.0809%
17:45:22  INFO        [U4U LOOP]    Cooling Water                   change=0.4601%
17:45:22  INFO        [U4U LOOP]    Effluent Treated                change=0.0670%
17:45:22  INFO        [U4U LOOP]    HP Steam_Dis                    change=39.1695%
17:45:22  INFO        [U4U LOOP]    HRSG1_C2_SHP STEAM              change=0.1641%
17:45:22  INFO        [U4U LOOP]    HRSG2_C2_SHP STEAM              change=0.1641%
17:45:22  INFO        [U4U LOOP]    LP Steam PRDS                   change=0.2551%
17:45:22  INFO        [U4U LOOP]    MP Steam PRDS SHP               change=0.1743%
17:45:22  INFO        [U4U LOOP]    NITROGEN_ASU                    change=0.1819%
17:45:22  INFO        [U4U LOOP]    Power_Dis                       change=0.0533%
17:45:22  INFO        [U4U LOOP]    SHP Steam_Dis                   change=31.2526%
17:45:22  INFO        [U4U LOOP]    Utility Water                   change=0.0423%
17:45:22  INFO      
17:45:27  INFO      
17:45:27  INFO        POWER SPINNING MARGIN CONFIG
17:45:27  INFO        Most efficient asset: JMD - C2-GTG 2 (fixed_max = 120.00 MW)
17:45:27  INFO        Required margin: 120.00 MW
17:45:27  INFO        Asset                          Max MW     Eff Max     Reserve
17:45:27  INFO        -------------------------  ----------  ----------  ----------
17:45:27  INFO        JMD - C2-GTG 1                 110.00       80.00       30.00
17:45:27  INFO        JMD - C2-GTG 2                 110.00      110.00        0.00 (excluded)
17:45:27  INFO        JMD - C2-STG 1                  93.00        3.00       90.00
17:45:27  INFO        TOTAL RESERVED                                         120.00
17:45:27  INFO        → Margin of 120.00 MW successfully reserved
17:45:27  INFO      
17:45:27  INFO        ==============================================================================
17:45:27  INFO        POWER DISPATCH  (April 2026)
17:45:27  INFO        ==============================================================================
17:45:27  INFO        Demand:  Process = 62526.31 MWh  |  Fixed = 56113.33 MWh  |  Total = 118639.64 MWh
17:45:27  INFO      
17:45:27  INFO        Step 1: Mandatory assets at MIN load, then optional if needed
17:45:27  INFO        Asset                      Priority   Man    Min MW    Max MW     Hours       Min MWh
17:45:27  INFO        -------------------------  --------  ----  --------  --------  --------  ------------
17:45:27  INFO        JMD - C2-GTG 1                    2     Y     80.00    110.00    676.00      54080.00
17:45:27  INFO        JMD - C2-GTG 2                    1     Y     80.00    110.00    710.00      56800.00
17:45:27  INFO        JMD - C2-STG 1                    1     Y      0.00     93.00    719.00          0.00
17:45:27  INFO        TOTAL MIN GENERATION                                                        110880.00
17:45:27  INFO      
17:45:27  INFO        ✓ Demand met exactly or within tolerance
17:45:27  INFO      
17:45:27  INFO        FINAL DISPATCH
17:45:27  INFO        Asset                      Priority   Dispatched MW  Dispatched MWh    Load %   Avg Load MW   Free Steam MT        Aux Norm   Aux Power MWh
17:45:27  INFO        -------------------------  --------  --------------  --------------  --------  ------------  --------------  --------------  --------------
17:45:27  INFO        JMD - C2-GTG 1                    2           80.00        54080.00     72.7%         80.00       106537.60        0.001350           73.01
17:45:27  INFO        JMD - C2-GTG 2                    1           85.43        60655.38     77.7%         85.43       119491.10        0.001350           81.88
17:45:27  INFO        JMD - C2-STG 1                    1            5.43         3904.26      5.8%          5.43            0.00        0.007050           27.53
17:45:27  INFO        TOTAL                                                     118639.64                               226028.70                          182.42
17:45:27  INFO      
17:45:27  INFO        ✓ POWER SPINNING MARGIN OK: 142.14 MW reserved (required: 120.00 MW)
17:45:27  INFO        ==============================================================================
17:45:30  INFO      
17:45:30  INFO        SPINNING MARGIN CONFIG
17:45:30  INFO        Required margin: 250.00 TPH
17:45:30  INFO        Asset                         Max TPH     Eff Max     Reserve
17:45:30  INFO        -------------------------  ----------  ----------  ----------
17:45:30  INFO        AUXBOIL7_SHP STEAM             220.00      161.49       58.51
17:45:30  INFO        AUXBOIL8_SHP STEAM             220.00      161.49       58.51
17:45:30  INFO        HRSG1_C2_SHP STEAM             250.00      183.51       66.49
17:45:30  INFO        HRSG2_C2_SHP STEAM             250.00      183.51       66.49
17:45:30  INFO        TOTAL RESERVED                                         250.00
17:45:30  INFO        → Margin of 250.00 TPH successfully reserved
17:45:30  INFO      
17:45:30  INFO        ==============================================================================
17:45:30  INFO        STEAM DISPATCH  (April 2026)
17:45:30  INFO        ==============================================================================
17:45:30  INFO        Grade      Process/Fixed MT  Letdown MT  Byproduct MT     Net Demand MT
17:45:30  INFO        ---------  ----------------  ----------  ------------  ----------------
17:45:30  INFO        LP                 62028.12    27182.10     -33264.00          28764.12
17:45:30  INFO        MP                 34304.94    55338.33          0.00          61487.04
17:45:30  INFO        HP                 18805.79    69398.90          0.00          74144.13
17:45:30  INFO        SHP               380152.35        0.00          0.00         449551.25
17:45:30  INFO      
17:45:30  INFO        Total Free Steam available: 226028.70 MT
17:45:30  INFO      
17:45:30  INFO        FINAL SUPPLEMENTARY FIRING DISPATCH
17:45:30  INFO        Asset                      Priority   Man     Min TPH     Max TPH     Hours  Dispatched TPH   Dispatched MT    Load %
17:45:30  INFO        -------------------------  --------  ----  ----------  ----------  --------  --------------  --------------  --------
17:45:30  INFO        AUXBOIL7_SHP STEAM                1     Y       90.00      220.00    698.00           90.00        62820.00     40.9%
17:45:30  INFO        AUXBOIL8_SHP STEAM                1     Y       90.00      220.00    720.00           90.00        64800.00     40.9%
17:45:30  INFO        HRSG1_C2_SHP STEAM                2     Y      160.00      250.00    676.00          160.00       108160.00     64.0%
17:45:30  INFO        HRSG2_C2_SHP STEAM                1     Y      160.00      250.00    710.00          160.00       113600.00     64.0%
17:45:30  INFO        TOTAL SUPPLEMENTARY                                                                         349380.00          
17:45:30  INFO        TOTAL STEAM GENERATED                                                                       575408.70          
17:45:30  INFO        ✓ Steam demand fully met with surplus of 125857.45 MT
17:45:30  INFO      
17:45:30  INFO        ✓ STEAM SPINNING MARGIN OK: 440.00 TPH reserved (required: 250.00 TPH)
17:45:30  INFO        ==============================================================================
17:45:30  INFO      
17:45:30  INFO        [U4U LOOP] ==============================================================================
17:45:30  INFO        [U4U LOOP]  ITERATION 7
17:45:30  INFO        [U4U LOOP] ==============================================================================
17:45:30  INFO        [U4U LOOP]  Power:  demand=     118639.64 MWh   gen=     118639.64 MWh
17:45:30  INFO        [U4U LOOP]  Steam:  gen=     575408.70 MT
17:45:30  INFO      
17:45:30  INFO        [U4U LOOP]  Utility (ODS Material)            Old Demand    New Demand    U4U Demand    Change %
17:45:30  INFO        [U4U LOOP]  ------------------------------  ------------  ------------  ------------  ----------
17:45:30  INFO        [U4U LOOP]  AUXBOIL7_SHP STEAM                  84583.81      84722.85      86173.69     0.1641%
17:45:30  INFO        [U4U LOOP]  Boiler Feed Water                  389471.23     391243.58     391252.76     0.4530%
17:45:30  INFO        [U4U LOOP]  COMPRESED AIR_ASU                  720190.13     720635.83     720698.17     0.0618%
17:45:30  INFO        [U4U LOOP]  COMPRESSED AIR                   14130114.30   14131336.58    1511924.56     0.0086%
17:45:30  INFO        [U4U LOOP]  Condensate                        -152646.00    -152646.00          0.00     0.0000%
17:45:30  INFO        [U4U LOOP]  Cooling Water                      102577.10     102588.02       2376.94     0.0106%
17:45:30  INFO        [U4U LOOP]  D M Water                          535489.97     535493.11     352119.22     0.0006%
17:45:30  INFO        [U4U LOOP]  Effluent Treated                   389531.98     389792.99     389834.48     0.0670%
17:45:30  INFO        [U4U LOOP]  HP Steam PRDS                        6733.74       6733.84      18805.79     0.0014%
17:45:30  INFO        [U4U LOOP]  HP Steam_Dis                         6733.84      18805.79      30873.60    64.1928%
17:45:30  INFO        [U4U LOOP]  HRSG1_C2_SHP STEAM                 176666.22     176956.63     179986.93     0.1641%
17:45:30  INFO        [U4U LOOP]  HRSG2_C2_SHP STEAM                 111888.60     112072.53     113991.72     0.1641%
17:45:30  INFO        [U4U LOOP]  LP Steam PRDS                       22734.45      22792.60      22792.73     0.2551%
17:45:30  INFO        [U4U LOOP]  LP Steam_Dis                        62027.77      62028.12      39124.36     0.0006%
17:45:30  INFO        [U4U LOOP]  MP Steam PRDS SHP                   34244.21      34304.00      34304.94     0.1743%
17:45:30  INFO        [U4U LOOP]  MP Steam_Dis                        34304.00      34304.94      21817.91     0.0027%
17:45:30  INFO        [U4U LOOP]  NITROGEN_ASU                     13280169.47   13281140.93     534109.03     0.0073%
17:45:30  INFO        [U4U LOOP]  Power_Dis                          118620.57     118639.64      35790.33     0.0161%
17:45:30  INFO        [U4U LOOP]  SHP Steam_Dis                      373752.01     380152.35      20514.38     1.6836%
17:45:30  INFO        [U4U LOOP]  Utility Water                     1563212.30    1563226.85      34423.15     0.0009%
17:45:30  INFO      
17:45:30  INFO        [U4U LOOP]  U4U CONSUMPTION BREAKDOWN (per producer per material):
17:45:30  INFO        [U4U LOOP]  Producer                   Material Consumed              Norm      Quantity
17:45:30  INFO        [U4U LOOP]  -------------------------  -------------------------  --------  ------------
17:45:30  INFO        [U4U LOOP]  JMD - C2-GTG 1             SynGas(Unshift)            0.004368     236221.44
17:45:30  INFO        [U4U LOOP]  JMD - C2-GTG 1             COMPRESSED AIR             0.001280      69222.40
17:45:30  INFO        [U4U LOOP]  JMD - C2-GTG 1             Cooling Water              0.000007        378.56
17:45:30  INFO        [U4U LOOP]  JMD - C2-GTG 1             NITROGEN_ASU               0.001660      89772.80
17:45:30  INFO        [U4U LOOP]  JMD - C2-GTG 1             Power_Dis                  0.001350      73008.00
17:45:30  INFO        [U4U LOOP]  JMD - C2-GTG 1             Utility Water              0.000023       1243.84
17:45:30  INFO        [U4U LOOP]  JMD - C2-GTG 2             SynGas(Unshift)            0.004485     272039.38
17:45:30  INFO        [U4U LOOP]  JMD - C2-GTG 2             COMPRESSED AIR             0.001280      77638.89
17:45:30  INFO        [U4U LOOP]  JMD - C2-GTG 2             Cooling Water              0.000007        424.59
17:45:30  INFO        [U4U LOOP]  JMD - C2-GTG 2             NITROGEN_ASU               0.001660     100687.93
17:45:30  INFO        [U4U LOOP]  JMD - C2-GTG 2             Power_Dis                  0.001350      81884.76
17:45:30  INFO        [U4U LOOP]  JMD - C2-GTG 2             Utility Water              0.000023       1395.07
17:45:30  INFO        [U4U LOOP]  JMD - C2-STG 1             Cooling Water              0.000400       1561.70
17:45:30  INFO        [U4U LOOP]  JMD - C2-STG 1             NITROGEN_ASU               0.001030       4021.39
17:45:30  INFO        [U4U LOOP]  JMD - C2-STG 1             Power_Dis                  0.007050      27525.03
17:45:30  INFO        [U4U LOOP]  JMD - C2-STG 1             SHP Steam_Dis              0.003640      14211.51
17:45:30  INFO        [U4U LOOP]  AUXBOIL7_SHP STEAM         SynGas(Unshift)            2.876221     180684.20
17:45:30  INFO        [U4U LOOP]  AUXBOIL7_SHP STEAM         Boiler Feed Water          1.010000      63448.20
17:45:30  INFO        [U4U LOOP]  AUXBOIL7_SHP STEAM         Power_Dis                  3.850000     241857.00
17:45:30  INFO        [U4U LOOP]  AUXBOIL8_SHP STEAM         Boiler Feed Water          1.010000      65448.00
17:45:30  INFO        [U4U LOOP]  AUXBOIL8_SHP STEAM         Power_Dis                  3.850000     249480.00
17:45:30  INFO        [U4U LOOP]  HRSG1_C2_SHP STEAM         SynGas(Unshift)            3.376244     365174.55
17:45:30  INFO        [U4U LOOP]  HRSG1_C2_SHP STEAM         Boiler Feed Water          1.160000     125465.60
17:45:30  INFO        [U4U LOOP]  HRSG1_C2_SHP STEAM         Power_Dis                  0.285000      30825.60
17:45:30  INFO        [U4U LOOP]  HRSG2_C2_SHP STEAM         SynGas(Unshift)            3.357468     381408.36
17:45:30  INFO        [U4U LOOP]  HRSG2_C2_SHP STEAM         Boiler Feed Water          1.160000     131776.00
17:45:30  INFO        [U4U LOOP]  HRSG2_C2_SHP STEAM         Power_Dis                  0.285000      32376.00
17:45:30  INFO        [U4U LOOP]  Boiler Feed Water          D M Water                  0.900000     352119.22
17:45:30  INFO        [U4U LOOP]  Boiler Feed Water          LP Steam_Dis               0.100000      39124.36
17:45:30  INFO        [U4U LOOP]  Boiler Feed Water          Power_Dis                  8.100000    3169072.96
17:45:30  INFO        [U4U LOOP]  COMPRESED AIR_ASU          Power_Dis                  0.125000      90079.48
17:45:30  INFO        [U4U LOOP]  COMPRESSED AIR             COMPRESED AIR_ASU          0.051000     720698.17
17:45:30  INFO        [U4U LOOP]  COMPRESSED AIR             COMPRESSED AIR             0.002670      37730.67
17:45:30  INFO        [U4U LOOP]  COMPRESSED AIR             Power_Dis                  0.150000    2119700.49
17:45:30  INFO        [U4U LOOP]  Cooling Water              COMPRESSED AIR             0.974741      99996.75
17:45:30  INFO        [U4U LOOP]  Cooling Water              Effluent Treated           3.800000     389834.48
17:45:30  INFO        [U4U LOOP]  Cooling Water              Power_Dis                  210.900000   21635813.60
17:45:30  INFO        [U4U LOOP]  Cooling Water              SWRO WATER                 9.400000     964327.40
17:45:30  INFO        [U4U LOOP]  D M Water                  COMPRESSED AIR             0.049180      26335.55
17:45:30  INFO        [U4U LOOP]  D M Water                  NITROGEN_ASU               0.630000     337360.66
17:45:30  INFO        [U4U LOOP]  D M Water                  Power_Dis                  0.920000     492653.66
17:45:30  INFO        [U4U LOOP]  D M Water                  SWRO WATER                 1.150000     615817.08
17:45:30  INFO        [U4U LOOP]  Effluent Treated           COMPRESSED AIR             2.209302     861170.42
17:45:30  INFO        [U4U LOOP]  Effluent Treated           Cooling Water              0.000031         12.08
17:45:30  INFO        [U4U LOOP]  Effluent Treated           NITROGEN_ASU               0.005814       2266.26
17:45:30  INFO        [U4U LOOP]  Effluent Treated           Power_Dis                  3.200000    1247337.55
17:45:30  INFO        [U4U LOOP]  Effluent Treated           Utility Water              0.029070      11331.28
17:45:30  INFO        [U4U LOOP]  HP Steam PRDS              Boiler Feed Water          0.064000        430.97
17:45:30  INFO        [U4U LOOP]  HP Steam PRDS              SHP Steam_Dis              0.936000       6302.87
17:45:30  INFO        [U4U LOOP]  LP Steam PRDS              Boiler Feed Water          0.055000       1253.59
17:45:30  INFO        [U4U LOOP]  LP Steam PRDS              MP Steam_Dis               0.945000      21539.01
17:45:30  INFO        [U4U LOOP]  MP Steam PRDS SHP          Boiler Feed Water          0.100000       3430.40
17:45:30  INFO        [U4U LOOP]  MP Steam PRDS SHP          HP Steam_Dis               0.900000      30873.60
17:45:30  INFO        [U4U LOOP]  NITROGEN_ASU               MP Steam_Dis               0.000021        278.90
17:45:30  INFO        [U4U LOOP]  NITROGEN_ASU               Power_Dis                  0.474260    6298713.90
17:45:30  INFO        [U4U LOOP]  NITROGEN_ASU               Ret steam condensate       -0.000011       -146.09
17:45:30  INFO        [U4U LOOP]  NITROGEN_ASU               Utility Water              0.001540      20452.96
17:45:30  INFO        [U4U LOOP]  Utility Water              COMPRESSED AIR             0.217390     339829.89
17:45:30  INFO        [U4U LOOP]  Utility Water              SWRO WATER                 1.100000    1719549.54
17:45:30  INFO        [U4U LOOP]  HP Steam_Dis               HP Steam PRDS              1.000000      18805.79
17:45:30  INFO        [U4U LOOP]  LP Steam_Dis               HRSG1_C2_LP STEAM          0.387271      24021.69
17:45:30  INFO        [U4U LOOP]  LP Steam_Dis               HRSG2_C2_LP STEAM          0.245271      15213.70
17:45:30  INFO        [U4U LOOP]  LP Steam_Dis               LP Steam PRDS              0.367458      22792.73
17:45:30  INFO        [U4U LOOP]  MP Steam_Dis               MP Steam PRDS SHP          1.000000      34304.94
17:45:30  INFO        [U4U LOOP]  SHP Steam_Dis              AUXBOIL7_SHP STEAM         0.226682      86173.69
17:45:30  INFO        [U4U LOOP]  SHP Steam_Dis              HRSG1_C2_SHP STEAM         0.473460     179986.93
17:45:30  INFO        [U4U LOOP]  SHP Steam_Dis              HRSG2_C2_SHP STEAM         0.299858     113991.72
17:45:30  INFO      
17:45:30  INFO        [U4U LOOP]  Not yet converged: 14 materials
17:45:30  INFO        [U4U LOOP]    AUXBOIL7_SHP STEAM              change=1.6836%
17:45:30  INFO        [U4U LOOP]    COMPRESSED AIR                  change=0.0401%
17:45:30  INFO        [U4U LOOP]    Cooling Water                   change=0.1647%
17:45:30  INFO        [U4U LOOP]    D M Water                       change=0.4530%
17:45:30  INFO        [U4U LOOP]    Effluent Treated                change=0.0106%
17:45:30  INFO        [U4U LOOP]    HP Steam PRDS                   change=64.1928%
17:45:30  INFO        [U4U LOOP]    HP Steam_Dis                    change=0.1743%
17:45:30  INFO        [U4U LOOP]    HRSG1_C2_SHP STEAM              change=1.6836%
17:45:30  INFO        [U4U LOOP]    HRSG2_C2_SHP STEAM              change=1.6836%
17:45:30  INFO        [U4U LOOP]    LP Steam_Dis                    change=0.4530%
17:45:30  INFO        [U4U LOOP]    MP Steam_Dis                    change=0.2520%
17:45:30  INFO        [U4U LOOP]    Power_Dis                       change=0.0511%
17:45:30  INFO        [U4U LOOP]    SHP Steam_Dis                   change=0.1708%
17:45:30  INFO        [U4U LOOP]    Utility Water                   change=0.0270%
17:45:30  INFO      
17:45:35  INFO      
17:45:35  INFO        POWER SPINNING MARGIN CONFIG
17:45:35  INFO        Most efficient asset: JMD - C2-GTG 2 (fixed_max = 120.00 MW)
17:45:35  INFO        Required margin: 120.00 MW
17:45:35  INFO        Asset                          Max MW     Eff Max     Reserve
17:45:35  INFO        -------------------------  ----------  ----------  ----------
17:45:35  INFO        JMD - C2-GTG 1                 110.00       80.00       30.00
17:45:35  INFO        JMD - C2-GTG 2                 110.00      110.00        0.00 (excluded)
17:45:35  INFO        JMD - C2-STG 1                  93.00        3.00       90.00
17:45:35  INFO        TOTAL RESERVED                                         120.00
17:45:35  INFO        → Margin of 120.00 MW successfully reserved
17:45:35  INFO      
17:45:35  INFO        ==============================================================================
17:45:35  INFO        POWER DISPATCH  (April 2026)
17:45:35  INFO        ==============================================================================
17:45:35  INFO        Demand:  Process = 62526.31 MWh  |  Fixed = 56131.61 MWh  |  Total = 118657.92 MWh
17:45:35  INFO      
17:45:35  INFO        Step 1: Mandatory assets at MIN load, then optional if needed
17:45:35  INFO        Asset                      Priority   Man    Min MW    Max MW     Hours       Min MWh
17:45:35  INFO        -------------------------  --------  ----  --------  --------  --------  ------------
17:45:35  INFO        JMD - C2-GTG 1                    2     Y     80.00    110.00    676.00      54080.00
17:45:35  INFO        JMD - C2-GTG 2                    1     Y     80.00    110.00    710.00      56800.00
17:45:35  INFO        JMD - C2-STG 1                    1     Y      0.00     93.00    719.00          0.00
17:45:35  INFO        TOTAL MIN GENERATION                                                        110880.00
17:45:35  INFO      
17:45:35  INFO        ✓ Demand met exactly or within tolerance
17:45:35  INFO      
17:45:35  INFO        FINAL DISPATCH
17:45:35  INFO        Asset                      Priority   Dispatched MW  Dispatched MWh    Load %   Avg Load MW   Free Steam MT        Aux Norm   Aux Power MWh
17:45:35  INFO        -------------------------  --------  --------------  --------------  --------  ------------  --------------  --------------  --------------
17:45:35  INFO        JMD - C2-GTG 1                    2           80.00        54080.00     72.7%         80.00       106537.60        0.001350           73.01
17:45:35  INFO        JMD - C2-GTG 2                    1           85.44        60664.47     77.7%         85.44       119509.01        0.001350           81.90
17:45:35  INFO        JMD - C2-STG 1                    1            5.44         3913.45      5.9%          5.44            0.00        0.007050           27.59
17:45:35  INFO        TOTAL                                                     118657.92                               226046.61                          182.50
17:45:35  INFO      
17:45:35  INFO        ✓ POWER SPINNING MARGIN OK: 142.11 MW reserved (required: 120.00 MW)
17:45:35  INFO        ==============================================================================
17:45:39  INFO      
17:45:39  INFO        SPINNING MARGIN CONFIG
17:45:39  INFO        Required margin: 250.00 TPH
17:45:39  INFO        Asset                         Max TPH     Eff Max     Reserve
17:45:39  INFO        -------------------------  ----------  ----------  ----------
17:45:39  INFO        AUXBOIL7_SHP STEAM             220.00      161.49       58.51
17:45:39  INFO        AUXBOIL8_SHP STEAM             220.00      161.49       58.51
17:45:39  INFO        HRSG1_C2_SHP STEAM             250.00      183.51       66.49
17:45:39  INFO        HRSG2_C2_SHP STEAM             250.00      183.51       66.49
17:45:39  INFO        TOTAL RESERVED                                         250.00
17:45:39  INFO        → Margin of 250.00 TPH successfully reserved
17:45:39  INFO      
17:45:39  INFO        ==============================================================================
17:45:39  INFO        STEAM DISPATCH  (April 2026)
17:45:39  INFO        ==============================================================================
17:45:39  INFO        Grade      Process/Fixed MT  Letdown MT  Byproduct MT     Net Demand MT
17:45:39  INFO        ---------  ----------------  ----------  ------------  ----------------
17:45:39  INFO        LP                 62205.36    27349.58     -33264.00          28941.36
17:45:39  INFO        MP                 34359.91    55538.55          0.00          61709.50
17:45:39  INFO        HP                 18859.60    69636.67          0.00          74398.15
17:45:39  INFO        SHP               380187.38        0.00          0.00         449824.04
17:45:39  INFO      
17:45:39  INFO        Total Free Steam available: 226046.61 MT
17:45:39  INFO      
17:45:39  INFO        FINAL SUPPLEMENTARY FIRING DISPATCH
17:45:39  INFO        Asset                      Priority   Man     Min TPH     Max TPH     Hours  Dispatched TPH   Dispatched MT    Load %
17:45:39  INFO        -------------------------  --------  ----  ----------  ----------  --------  --------------  --------------  --------
17:45:39  INFO        AUXBOIL7_SHP STEAM                1     Y       90.00      220.00    698.00           90.00        62820.00     40.9%
17:45:39  INFO        AUXBOIL8_SHP STEAM                1     Y       90.00      220.00    720.00           90.00        64800.00     40.9%
17:45:39  INFO        HRSG1_C2_SHP STEAM                2     Y      160.00      250.00    676.00          160.00       108160.00     64.0%
17:45:39  INFO        HRSG2_C2_SHP STEAM                1     Y      160.00      250.00    710.00          160.00       113600.00     64.0%
17:45:39  INFO        TOTAL SUPPLEMENTARY                                                                         349380.00          
17:45:39  INFO        TOTAL STEAM GENERATED                                                                       575426.61          
17:45:39  INFO        ✓ Steam demand fully met with surplus of 125602.57 MT
17:45:39  INFO      
17:45:39  INFO        ✓ STEAM SPINNING MARGIN OK: 440.00 TPH reserved (required: 250.00 TPH)
17:45:39  INFO        ==============================================================================
17:45:39  INFO      
17:45:39  INFO        [U4U LOOP] ==============================================================================
17:45:39  INFO        [U4U LOOP]  ITERATION 8
17:45:39  INFO        [U4U LOOP] ==============================================================================
17:45:39  INFO        [U4U LOOP]  Power:  demand=     118657.92 MWh   gen=     118657.92 MWh
17:45:39  INFO        [U4U LOOP]  Steam:  gen=     575426.61 MT
17:45:39  INFO      
17:45:39  INFO        [U4U LOOP]  Utility (ODS Material)            Old Demand    New Demand    U4U Demand    Change %
17:45:39  INFO        [U4U LOOP]  ------------------------------  ------------  ------------  ------------  ----------
17:45:39  INFO        [U4U LOOP]  AUXBOIL7_SHP STEAM                  84722.85      86173.69      86181.63     1.6836%
17:45:39  INFO        [U4U LOOP]  Boiler Feed Water                  391243.58     391252.76     392025.46     0.0023%
17:45:39  INFO        [U4U LOOP]  COMPRESED AIR_ASU                  720635.83     720698.17     720729.07     0.0086%
17:45:39  INFO        [U4U LOOP]  COMPRESSED AIR                   14131336.58   14131942.56    1512113.77     0.0043%
17:45:39  INFO        [U4U LOOP]  Condensate                        -152646.00    -152646.00          0.00     0.0000%
17:45:39  INFO        [U4U LOOP]  Cooling Water                      102588.02     102591.94       2380.68     0.0038%
17:45:39  INFO        [U4U LOOP]  D M Water                          535493.11     537088.22     352127.48     0.2970%
17:45:39  INFO        [U4U LOOP]  Effluent Treated                   389792.99     389834.48     389849.35     0.0106%
17:45:39  INFO        [U4U LOOP]  HP Steam PRDS                        6733.84      18805.79      18859.60    64.1928%
17:45:39  INFO        [U4U LOOP]  HP Steam_Dis                        18805.79      18859.60      30874.45     0.2853%
17:45:39  INFO        [U4U LOOP]  HRSG1_C2_SHP STEAM                 176956.63     179986.93     180003.52     1.6836%
17:45:39  INFO        [U4U LOOP]  HRSG2_C2_SHP STEAM                 112072.53     113991.72     114002.23     1.6836%
17:45:39  INFO        [U4U LOOP]  LP Steam PRDS                       22792.60      22792.73      22857.86     0.0006%
17:45:39  INFO        [U4U LOOP]  LP Steam_Dis                        62028.12      62205.36      39125.28     0.2849%
17:45:39  INFO        [U4U LOOP]  MP Steam PRDS SHP                   34304.00      34304.94      34359.91     0.0027%
17:45:39  INFO        [U4U LOOP]  MP Steam_Dis                        34304.94      34359.91      21818.03     0.1600%
17:45:39  INFO        [U4U LOOP]  NITROGEN_ASU                     13281140.93   13281170.03     535138.75     0.0002%
17:45:39  INFO        [U4U LOOP]  Power_Dis                          118639.64     118657.92      35793.02     0.0154%
17:45:39  INFO        [U4U LOOP]  SHP Steam_Dis                      380152.35     380187.38      31847.18     0.0092%
17:45:39  INFO        [U4U LOOP]  Utility Water                     1563226.85    1563236.15      34424.61     0.0006%
17:45:39  INFO      
17:45:39  INFO        [U4U LOOP]  U4U CONSUMPTION BREAKDOWN (per producer per material):
17:45:39  INFO        [U4U LOOP]  Producer                   Material Consumed              Norm      Quantity
17:45:39  INFO        [U4U LOOP]  -------------------------  -------------------------  --------  ------------
17:45:39  INFO        [U4U LOOP]  JMD - C2-GTG 1             SynGas(Unshift)            0.004368     236221.44
17:45:39  INFO        [U4U LOOP]  JMD - C2-GTG 1             COMPRESSED AIR             0.001280      69222.40
17:45:39  INFO        [U4U LOOP]  JMD - C2-GTG 1             Cooling Water              0.000007        378.56
17:45:39  INFO        [U4U LOOP]  JMD - C2-GTG 1             NITROGEN_ASU               0.001660      89772.80
17:45:39  INFO        [U4U LOOP]  JMD - C2-GTG 1             Power_Dis                  0.001350      73008.00
17:45:39  INFO        [U4U LOOP]  JMD - C2-GTG 1             Utility Water              0.000023       1243.84
17:45:39  INFO        [U4U LOOP]  JMD - C2-GTG 2             SynGas(Unshift)            0.004485     272080.15
17:45:39  INFO        [U4U LOOP]  JMD - C2-GTG 2             COMPRESSED AIR             0.001280      77650.52
17:45:39  INFO        [U4U LOOP]  JMD - C2-GTG 2             Cooling Water              0.000007        424.65
17:45:39  INFO        [U4U LOOP]  JMD - C2-GTG 2             NITROGEN_ASU               0.001660     100703.02
17:45:39  INFO        [U4U LOOP]  JMD - C2-GTG 2             Power_Dis                  0.001350      81897.03
17:45:39  INFO        [U4U LOOP]  JMD - C2-GTG 2             Utility Water              0.000023       1395.28
17:45:39  INFO        [U4U LOOP]  JMD - C2-STG 1             Cooling Water              0.000400       1565.38
17:45:39  INFO        [U4U LOOP]  JMD - C2-STG 1             NITROGEN_ASU               0.001030       4030.85
17:45:39  INFO        [U4U LOOP]  JMD - C2-STG 1             Power_Dis                  0.007050      27589.82
17:45:39  INFO        [U4U LOOP]  JMD - C2-STG 1             SHP Steam_Dis              0.003640      14244.96
17:45:39  INFO        [U4U LOOP]  AUXBOIL7_SHP STEAM         SynGas(Unshift)            2.876221     180684.20
17:45:39  INFO        [U4U LOOP]  AUXBOIL7_SHP STEAM         Boiler Feed Water          1.010000      63448.20
17:45:39  INFO        [U4U LOOP]  AUXBOIL7_SHP STEAM         Power_Dis                  3.850000     241857.00
17:45:39  INFO        [U4U LOOP]  AUXBOIL8_SHP STEAM         Boiler Feed Water          1.010000      65448.00
17:45:39  INFO        [U4U LOOP]  AUXBOIL8_SHP STEAM         Power_Dis                  3.850000     249480.00
17:45:39  INFO        [U4U LOOP]  HRSG1_C2_SHP STEAM         SynGas(Unshift)            3.376244     365174.55
17:45:39  INFO        [U4U LOOP]  HRSG1_C2_SHP STEAM         Boiler Feed Water          1.160000     125465.60
17:45:39  INFO        [U4U LOOP]  HRSG1_C2_SHP STEAM         Power_Dis                  0.285000      30825.60
17:45:39  INFO        [U4U LOOP]  HRSG2_C2_SHP STEAM         SynGas(Unshift)            3.357468     381408.36
17:45:39  INFO        [U4U LOOP]  HRSG2_C2_SHP STEAM         Boiler Feed Water          1.160000     131776.00
17:45:39  INFO        [U4U LOOP]  HRSG2_C2_SHP STEAM         Power_Dis                  0.285000      32376.00
17:45:39  INFO        [U4U LOOP]  Boiler Feed Water          D M Water                  0.900000     352127.48
17:45:39  INFO        [U4U LOOP]  Boiler Feed Water          LP Steam_Dis               0.100000      39125.28
17:45:39  INFO        [U4U LOOP]  Boiler Feed Water          Power_Dis                  8.100000    3169147.35
17:45:39  INFO        [U4U LOOP]  COMPRESED AIR_ASU          Power_Dis                  0.125000      90087.27
17:45:39  INFO        [U4U LOOP]  COMPRESSED AIR             COMPRESED AIR_ASU          0.051000     720729.07
17:45:39  INFO        [U4U LOOP]  COMPRESSED AIR             COMPRESSED AIR             0.002670      37732.29
17:45:39  INFO        [U4U LOOP]  COMPRESSED AIR             Power_Dis                  0.150000    2119791.38
17:45:39  INFO        [U4U LOOP]  Cooling Water              COMPRESSED AIR             0.974741     100000.57
17:45:39  INFO        [U4U LOOP]  Cooling Water              Effluent Treated           3.800000     389849.35
17:45:39  INFO        [U4U LOOP]  Cooling Water              Power_Dis                  210.900000   21636639.14
17:45:39  INFO        [U4U LOOP]  Cooling Water              SWRO WATER                 9.400000     964364.19
17:45:39  INFO        [U4U LOOP]  D M Water                  COMPRESSED AIR             0.049180      26414.00
17:45:39  INFO        [U4U LOOP]  D M Water                  NITROGEN_ASU               0.630000     338365.58
17:45:39  INFO        [U4U LOOP]  D M Water                  Power_Dis                  0.920000     494121.16
17:45:39  INFO        [U4U LOOP]  D M Water                  SWRO WATER                 1.150000     617651.45
17:45:39  INFO        [U4U LOOP]  Effluent Treated           COMPRESSED AIR             2.209302     861262.09
17:45:39  INFO        [U4U LOOP]  Effluent Treated           Cooling Water              0.000031         12.08
17:45:39  INFO        [U4U LOOP]  Effluent Treated           NITROGEN_ASU               0.005814       2266.50
17:45:39  INFO        [U4U LOOP]  Effluent Treated           Power_Dis                  3.200000    1247470.33
17:45:39  INFO        [U4U LOOP]  Effluent Treated           Utility Water              0.029070      11332.49
17:45:39  INFO        [U4U LOOP]  HP Steam PRDS              Boiler Feed Water          0.064000       1203.57
17:45:39  INFO        [U4U LOOP]  HP Steam PRDS              SHP Steam_Dis              0.936000      17602.22
17:45:39  INFO        [U4U LOOP]  LP Steam PRDS              Boiler Feed Water          0.055000       1253.60
17:45:39  INFO        [U4U LOOP]  LP Steam PRDS              MP Steam_Dis               0.945000      21539.13
17:45:39  INFO        [U4U LOOP]  MP Steam PRDS SHP          Boiler Feed Water          0.100000       3430.49
17:45:39  INFO        [U4U LOOP]  MP Steam PRDS SHP          HP Steam_Dis               0.900000      30874.45
17:45:39  INFO        [U4U LOOP]  NITROGEN_ASU               MP Steam_Dis               0.000021        278.90
17:45:39  INFO        [U4U LOOP]  NITROGEN_ASU               Power_Dis                  0.474260    6298727.70
17:45:39  INFO        [U4U LOOP]  NITROGEN_ASU               Ret steam condensate       -0.000011       -146.09
17:45:39  INFO        [U4U LOOP]  NITROGEN_ASU               Utility Water              0.001540      20453.00
17:45:39  INFO        [U4U LOOP]  Utility Water              COMPRESSED AIR             0.217390     339831.91
17:45:39  INFO        [U4U LOOP]  Utility Water              SWRO WATER                 1.100000    1719559.77
17:45:39  INFO        [U4U LOOP]  HP Steam_Dis               HP Steam PRDS              1.000000      18859.60
17:45:39  INFO        [U4U LOOP]  LP Steam_Dis               HRSG1_C2_LP STEAM          0.387271      24090.33
17:45:39  INFO        [U4U LOOP]  LP Steam_Dis               HRSG2_C2_LP STEAM          0.245271      15257.17
17:45:39  INFO        [U4U LOOP]  LP Steam_Dis               LP Steam PRDS              0.367458      22857.86
17:45:39  INFO        [U4U LOOP]  MP Steam_Dis               MP Steam PRDS SHP          1.000000      34359.91
17:45:39  INFO        [U4U LOOP]  SHP Steam_Dis              AUXBOIL7_SHP STEAM         0.226682      86181.63
17:45:39  INFO        [U4U LOOP]  SHP Steam_Dis              HRSG1_C2_SHP STEAM         0.473460     180003.52
17:45:39  INFO        [U4U LOOP]  SHP Steam_Dis              HRSG2_C2_SHP STEAM         0.299858     114002.23
17:45:39  INFO      
17:45:39  INFO        [U4U LOOP]  Not yet converged: 8 materials
17:45:39  INFO        [U4U LOOP]    Boiler Feed Water               change=0.1971%
17:45:39  INFO        [U4U LOOP]    COMPRESSED AIR                  change=0.0125%
17:45:39  INFO        [U4U LOOP]    Cooling Water                   change=0.1571%
17:45:39  INFO        [U4U LOOP]    HP Steam PRDS                   change=0.2853%
17:45:39  INFO        [U4U LOOP]    LP Steam PRDS                   change=0.2849%
17:45:39  INFO        [U4U LOOP]    MP Steam PRDS SHP               change=0.1600%
17:45:39  INFO        [U4U LOOP]    NITROGEN_ASU                    change=0.1924%
17:45:39  INFO        [U4U LOOP]    SHP Steam_Dis                   change=35.5849%
17:45:39  INFO      
17:45:43  INFO      
17:45:43  INFO        POWER SPINNING MARGIN CONFIG
17:45:43  INFO        Most efficient asset: JMD - C2-GTG 2 (fixed_max = 120.00 MW)
17:45:43  INFO        Required margin: 120.00 MW
17:45:43  INFO        Asset                          Max MW     Eff Max     Reserve
17:45:43  INFO        -------------------------  ----------  ----------  ----------
17:45:43  INFO        JMD - C2-GTG 1                 110.00       80.00       30.00
17:45:43  INFO        JMD - C2-GTG 2                 110.00      110.00        0.00 (excluded)
17:45:43  INFO        JMD - C2-STG 1                  93.00        3.00       90.00
17:45:43  INFO        TOTAL RESERVED                                         120.00
17:45:43  INFO        → Margin of 120.00 MW successfully reserved
17:45:43  INFO      
17:45:43  INFO        ==============================================================================
17:45:43  INFO        POWER DISPATCH  (April 2026)
17:45:43  INFO        ==============================================================================
17:45:43  INFO        Demand:  Process = 62526.31 MWh  |  Fixed = 56134.30 MWh  |  Total = 118660.61 MWh
17:45:43  INFO      
17:45:43  INFO        Step 1: Mandatory assets at MIN load, then optional if needed
17:45:43  INFO        Asset                      Priority   Man    Min MW    Max MW     Hours       Min MWh
17:45:43  INFO        -------------------------  --------  ----  --------  --------  --------  ------------
17:45:43  INFO        JMD - C2-GTG 1                    2     Y     80.00    110.00    676.00      54080.00
17:45:43  INFO        JMD - C2-GTG 2                    1     Y     80.00    110.00    710.00      56800.00
17:45:43  INFO        JMD - C2-STG 1                    1     Y      0.00     93.00    719.00          0.00
17:45:43  INFO        TOTAL MIN GENERATION                                                        110880.00
17:45:43  INFO      
17:45:43  INFO        ✓ Demand met exactly or within tolerance
17:45:43  INFO      
17:45:43  INFO        FINAL DISPATCH
17:45:43  INFO        Asset                      Priority   Dispatched MW  Dispatched MWh    Load %   Avg Load MW   Free Steam MT        Aux Norm   Aux Power MWh
17:45:43  INFO        -------------------------  --------  --------------  --------------  --------  ------------  --------------  --------------  --------------
17:45:43  INFO        JMD - C2-GTG 1                    2           80.00        54080.00     72.7%         80.00       106537.60        0.001350           73.01
17:45:43  INFO        JMD - C2-GTG 2                    1           85.44        60665.80     77.7%         85.44       119511.63        0.001350           81.90
17:45:43  INFO        JMD - C2-STG 1                    1            5.44         3914.81      5.9%          5.44            0.00        0.007050           27.60
17:45:43  INFO        TOTAL                                                     118660.61                               226049.23                          182.51
17:45:43  INFO      
17:45:43  INFO        ✓ POWER SPINNING MARGIN OK: 142.11 MW reserved (required: 120.00 MW)
17:45:43  INFO        ==============================================================================
17:45:46  INFO      
17:45:46  INFO        SPINNING MARGIN CONFIG
17:45:46  INFO        Required margin: 250.00 TPH
17:45:46  INFO        Asset                         Max TPH     Eff Max     Reserve
17:45:46  INFO        -------------------------  ----------  ----------  ----------
17:45:46  INFO        AUXBOIL7_SHP STEAM             220.00      161.49       58.51
17:45:46  INFO        AUXBOIL8_SHP STEAM             220.00      161.49       58.51
17:45:46  INFO        HRSG1_C2_SHP STEAM             250.00      183.51       66.49
17:45:46  INFO        HRSG2_C2_SHP STEAM             250.00      183.51       66.49
17:45:46  INFO        TOTAL RESERVED                                         250.00
17:45:46  INFO        → Margin of 250.00 TPH successfully reserved
17:45:46  INFO      
17:45:46  INFO        ==============================================================================
17:45:46  INFO        STEAM DISPATCH  (April 2026)
17:45:46  INFO        ==============================================================================
17:45:46  INFO        Grade      Process/Fixed MT  Letdown MT  Byproduct MT     Net Demand MT
17:45:46  INFO        ---------  ----------------  ----------  ------------  ----------------
17:45:46  INFO        LP                 62206.28    27350.45     -33264.00          28942.28
17:45:46  INFO        MP                 34360.03    55539.44          0.00          61710.49
17:45:46  INFO        HP                 18860.45    69638.29          0.00          74399.88
17:45:46  INFO        SHP               391520.18        0.00          0.00         461158.47
17:45:46  INFO      
17:45:46  INFO        Total Free Steam available: 226049.23 MT
17:45:46  INFO      
17:45:46  INFO        FINAL SUPPLEMENTARY FIRING DISPATCH
17:45:46  INFO        Asset                      Priority   Man     Min TPH     Max TPH     Hours  Dispatched TPH   Dispatched MT    Load %
17:45:46  INFO        -------------------------  --------  ----  ----------  ----------  --------  --------------  --------------  --------
17:45:46  INFO        AUXBOIL7_SHP STEAM                1     Y       90.00      220.00    698.00           90.00        62820.00     40.9%
17:45:46  INFO        AUXBOIL8_SHP STEAM                1     Y       90.00      220.00    720.00           90.00        64800.00     40.9%
17:45:46  INFO        HRSG1_C2_SHP STEAM                2     Y      160.00      250.00    676.00          160.00       108160.00     64.0%
17:45:46  INFO        HRSG2_C2_SHP STEAM                1     Y      160.00      250.00    710.00          160.00       113600.00     64.0%
17:45:46  INFO        TOTAL SUPPLEMENTARY                                                                         349380.00          
17:45:46  INFO        TOTAL STEAM GENERATED                                                                       575429.23          
17:45:46  INFO        ✓ Steam demand fully met with surplus of 114270.76 MT
17:45:46  INFO      
17:45:46  INFO        ✓ STEAM SPINNING MARGIN OK: 440.00 TPH reserved (required: 250.00 TPH)
17:45:46  INFO        ==============================================================================
17:45:46  INFO      
17:45:46  INFO        [U4U LOOP] ==============================================================================
17:45:46  INFO        [U4U LOOP]  ITERATION 9
17:45:46  INFO        [U4U LOOP] ==============================================================================
17:45:46  INFO        [U4U LOOP]  Power:  demand=     118660.61 MWh   gen=     118660.61 MWh
17:45:46  INFO        [U4U LOOP]  Steam:  gen=     575429.23 MT
17:45:46  INFO      
17:45:46  INFO        [U4U LOOP]  Utility (ODS Material)            Old Demand    New Demand    U4U Demand    Change %
17:45:46  INFO        [U4U LOOP]  ------------------------------  ------------  ------------  ------------  ----------
17:45:46  INFO        [U4U LOOP]  AUXBOIL7_SHP STEAM                  86173.69      86181.63      88750.58     0.0092%
17:45:46  INFO        [U4U LOOP]  Boiler Feed Water                  391252.76     392025.46     392037.99     0.1971%
17:45:46  INFO        [U4U LOOP]  COMPRESED AIR_ASU                  720698.17     720729.07     720738.72     0.0043%
17:45:46  INFO        [U4U LOOP]  COMPRESSED AIR                   14131942.56   14132131.77    1512153.21     0.0013%
17:45:46  INFO        [U4U LOOP]  Condensate                        -152646.00    -152646.00          0.00     0.0000%
17:45:46  INFO        [U4U LOOP]  Cooling Water                      102591.94     102595.68       2381.23     0.0036%
17:45:46  INFO        [U4U LOOP]  D M Water                          537088.22     537096.48     352822.92     0.0015%
17:45:46  INFO        [U4U LOOP]  Effluent Treated                   389834.48     389849.35     389863.57     0.0038%
17:45:46  INFO        [U4U LOOP]  HP Steam PRDS                       18805.79      18859.60      18860.45     0.2853%
17:45:46  INFO        [U4U LOOP]  HP Steam_Dis                        18859.60      18860.45      30923.92     0.0045%
17:45:46  INFO        [U4U LOOP]  HRSG1_C2_SHP STEAM                 179986.93     180003.52     185369.14     0.0092%
17:45:46  INFO        [U4U LOOP]  HRSG2_C2_SHP STEAM                 113991.72     114002.23     117400.46     0.0092%
17:45:46  INFO        [U4U LOOP]  LP Steam PRDS                       22792.73      22857.86      22858.19     0.2849%
17:45:46  INFO        [U4U LOOP]  LP Steam_Dis                        62205.36      62206.28      39202.55     0.0015%
17:45:46  INFO        [U4U LOOP]  MP Steam PRDS SHP                   34304.94      34359.91      34360.03     0.1600%
17:45:46  INFO        [U4U LOOP]  MP Steam_Dis                        34359.91      34360.03      21879.60     0.0004%
17:45:46  INFO        [U4U LOOP]  NITROGEN_ASU                     13281170.03   13282199.75     535147.65     0.0078%
17:45:46  INFO        [U4U LOOP]  Power_Dis                          118657.92     118660.61      35800.65     0.0023%
17:45:46  INFO        [U4U LOOP]  SHP Steam_Dis                      380187.38     391520.18      31902.49     2.8946%
17:45:46  INFO        [U4U LOOP]  Utility Water                     1563236.15    1563237.61      34426.66     0.0001%
17:45:46  INFO      
17:45:46  INFO        [U4U LOOP]  U4U CONSUMPTION BREAKDOWN (per producer per material):
17:45:46  INFO        [U4U LOOP]  Producer                   Material Consumed              Norm      Quantity
17:45:46  INFO        [U4U LOOP]  -------------------------  -------------------------  --------  ------------
17:45:46  INFO        [U4U LOOP]  JMD - C2-GTG 1             SynGas(Unshift)            0.004368     236221.44
17:45:46  INFO        [U4U LOOP]  JMD - C2-GTG 1             COMPRESSED AIR             0.001280      69222.40
17:45:46  INFO        [U4U LOOP]  JMD - C2-GTG 1             Cooling Water              0.000007        378.56
17:45:46  INFO        [U4U LOOP]  JMD - C2-GTG 1             NITROGEN_ASU               0.001660      89772.80
17:45:46  INFO        [U4U LOOP]  JMD - C2-GTG 1             Power_Dis                  0.001350      73008.00
17:45:46  INFO        [U4U LOOP]  JMD - C2-GTG 1             Utility Water              0.000023       1243.84
17:45:46  INFO        [U4U LOOP]  JMD - C2-GTG 2             SynGas(Unshift)            0.004485     272086.11
17:45:46  INFO        [U4U LOOP]  JMD - C2-GTG 2             COMPRESSED AIR             0.001280      77652.22
17:45:46  INFO        [U4U LOOP]  JMD - C2-GTG 2             Cooling Water              0.000007        424.66
17:45:46  INFO        [U4U LOOP]  JMD - C2-GTG 2             NITROGEN_ASU               0.001660     100705.23
17:45:46  INFO        [U4U LOOP]  JMD - C2-GTG 2             Power_Dis                  0.001350      81898.83
17:45:46  INFO        [U4U LOOP]  JMD - C2-GTG 2             Utility Water              0.000023       1395.31
17:45:46  INFO        [U4U LOOP]  JMD - C2-STG 1             Cooling Water              0.000400       1565.92
17:45:46  INFO        [U4U LOOP]  JMD - C2-STG 1             NITROGEN_ASU               0.001030       4032.25
17:45:46  INFO        [U4U LOOP]  JMD - C2-STG 1             Power_Dis                  0.007050      27599.41
17:45:46  INFO        [U4U LOOP]  JMD - C2-STG 1             SHP Steam_Dis              0.003640      14249.91
17:45:46  INFO        [U4U LOOP]  AUXBOIL7_SHP STEAM         SynGas(Unshift)            2.876221     180684.20
17:45:46  INFO        [U4U LOOP]  AUXBOIL7_SHP STEAM         Boiler Feed Water          1.010000      63448.20
17:45:46  INFO        [U4U LOOP]  AUXBOIL7_SHP STEAM         Power_Dis                  3.850000     241857.00
17:45:46  INFO        [U4U LOOP]  AUXBOIL8_SHP STEAM         Boiler Feed Water          1.010000      65448.00
17:45:46  INFO        [U4U LOOP]  AUXBOIL8_SHP STEAM         Power_Dis                  3.850000     249480.00
17:45:46  INFO        [U4U LOOP]  HRSG1_C2_SHP STEAM         SynGas(Unshift)            3.376244     365174.55
17:45:46  INFO        [U4U LOOP]  HRSG1_C2_SHP STEAM         Boiler Feed Water          1.160000     125465.60
17:45:46  INFO        [U4U LOOP]  HRSG1_C2_SHP STEAM         Power_Dis                  0.285000      30825.60
17:45:46  INFO        [U4U LOOP]  HRSG2_C2_SHP STEAM         SynGas(Unshift)            3.357468     381408.36
17:45:46  INFO        [U4U LOOP]  HRSG2_C2_SHP STEAM         Boiler Feed Water          1.160000     131776.00
17:45:46  INFO        [U4U LOOP]  HRSG2_C2_SHP STEAM         Power_Dis                  0.285000      32376.00
17:45:47  INFO        [U4U LOOP]  Boiler Feed Water          D M Water                  0.900000     352822.92
17:45:47  INFO        [U4U LOOP]  Boiler Feed Water          LP Steam_Dis               0.100000      39202.55
17:45:47  INFO        [U4U LOOP]  Boiler Feed Water          Power_Dis                  8.100000    3175406.27
17:45:47  INFO        [U4U LOOP]  COMPRESED AIR_ASU          Power_Dis                  0.125000      90091.13
17:45:47  INFO        [U4U LOOP]  COMPRESSED AIR             COMPRESED AIR_ASU          0.051000     720738.72
17:45:47  INFO        [U4U LOOP]  COMPRESSED AIR             COMPRESSED AIR             0.002670      37732.79
17:45:47  INFO        [U4U LOOP]  COMPRESSED AIR             Power_Dis                  0.150000    2119819.77
17:45:47  INFO        [U4U LOOP]  Cooling Water              COMPRESSED AIR             0.974741     100004.21
17:45:47  INFO        [U4U LOOP]  Cooling Water              Effluent Treated           3.800000     389863.57
17:45:47  INFO        [U4U LOOP]  Cooling Water              Power_Dis                  210.900000   21637428.10
17:45:47  INFO        [U4U LOOP]  Cooling Water              SWRO WATER                 9.400000     964399.36
17:45:47  INFO        [U4U LOOP]  D M Water                  COMPRESSED AIR             0.049180      26414.41
17:45:47  INFO        [U4U LOOP]  D M Water                  NITROGEN_ASU               0.630000     338370.78
17:45:47  INFO        [U4U LOOP]  D M Water                  Power_Dis                  0.920000     494128.76
17:45:47  INFO        [U4U LOOP]  D M Water                  SWRO WATER                 1.150000     617660.96
17:45:47  INFO        [U4U LOOP]  Effluent Treated           COMPRESSED AIR             2.209302     861294.96
17:45:47  INFO        [U4U LOOP]  Effluent Treated           Cooling Water              0.000031         12.09
17:45:47  INFO        [U4U LOOP]  Effluent Treated           NITROGEN_ASU               0.005814       2266.58
17:45:47  INFO        [U4U LOOP]  Effluent Treated           Power_Dis                  3.200000    1247517.93
17:45:47  INFO        [U4U LOOP]  Effluent Treated           Utility Water              0.029070      11332.92
17:45:47  INFO        [U4U LOOP]  HP Steam PRDS              Boiler Feed Water          0.064000       1207.01
17:45:47  INFO        [U4U LOOP]  HP Steam PRDS              SHP Steam_Dis              0.936000      17652.59
17:45:47  INFO        [U4U LOOP]  LP Steam PRDS              Boiler Feed Water          0.055000       1257.18
17:45:47  INFO        [U4U LOOP]  LP Steam PRDS              MP Steam_Dis               0.945000      21600.67
17:45:47  INFO        [U4U LOOP]  MP Steam PRDS SHP          Boiler Feed Water          0.100000       3435.99
17:45:47  INFO        [U4U LOOP]  MP Steam PRDS SHP          HP Steam_Dis               0.900000      30923.92
17:45:47  INFO        [U4U LOOP]  NITROGEN_ASU               MP Steam_Dis               0.000021        278.93
17:45:47  INFO        [U4U LOOP]  NITROGEN_ASU               Power_Dis                  0.474260    6299216.05
17:45:47  INFO        [U4U LOOP]  NITROGEN_ASU               Ret steam condensate       -0.000011       -146.10
17:45:47  INFO        [U4U LOOP]  NITROGEN_ASU               Utility Water              0.001540      20454.59
17:45:47  INFO        [U4U LOOP]  Utility Water              COMPRESSED AIR             0.217390     339832.22
17:45:47  INFO        [U4U LOOP]  Utility Water              SWRO WATER                 1.100000    1719561.37
17:45:47  INFO        [U4U LOOP]  HP Steam_Dis               HP Steam PRDS              1.000000      18860.45
17:45:47  INFO        [U4U LOOP]  LP Steam_Dis               HRSG1_C2_LP STEAM          0.387271      24090.69
17:45:47  INFO        [U4U LOOP]  LP Steam_Dis               HRSG2_C2_LP STEAM          0.245271      15257.40
17:45:47  INFO        [U4U LOOP]  LP Steam_Dis               LP Steam PRDS              0.367458      22858.19
17:45:47  INFO        [U4U LOOP]  MP Steam_Dis               MP Steam PRDS SHP          1.000000      34360.03
17:45:47  INFO        [U4U LOOP]  SHP Steam_Dis              AUXBOIL7_SHP STEAM         0.226682      88750.58
17:45:47  INFO        [U4U LOOP]  SHP Steam_Dis              HRSG1_C2_SHP STEAM         0.473460     185369.14
17:45:47  INFO        [U4U LOOP]  SHP Steam_Dis              HRSG2_C2_SHP STEAM         0.299858     117400.46
17:45:47  INFO      
17:45:47  INFO        [U4U LOOP]  Not yet converged: 10 materials
17:45:47  INFO        [U4U LOOP]    AUXBOIL7_SHP STEAM              change=2.8946%
17:45:47  INFO        [U4U LOOP]    Cooling Water                   change=0.0233%
17:45:47  INFO        [U4U LOOP]    D M Water                       change=0.1971%
17:45:47  INFO        [U4U LOOP]    HP Steam_Dis                    change=0.1600%
17:45:47  INFO        [U4U LOOP]    HRSG1_C2_SHP STEAM              change=2.8946%
17:45:47  INFO        [U4U LOOP]    HRSG2_C2_SHP STEAM              change=2.8946%
17:45:47  INFO        [U4U LOOP]    LP Steam_Dis                    change=0.1971%
17:45:47  INFO        [U4U LOOP]    MP Steam_Dis                    change=0.2814%
17:45:47  INFO        [U4U LOOP]    Power_Dis                       change=0.0213%
17:45:47  INFO        [U4U LOOP]    SHP Steam_Dis                   change=0.1734%
17:45:47  INFO      
17:45:51  INFO      
17:45:51  INFO        POWER SPINNING MARGIN CONFIG
17:45:51  INFO        Most efficient asset: JMD - C2-GTG 2 (fixed_max = 120.00 MW)
17:45:51  INFO        Required margin: 120.00 MW
17:45:51  INFO        Asset                          Max MW     Eff Max     Reserve
17:45:51  INFO        -------------------------  ----------  ----------  ----------
17:45:51  INFO        JMD - C2-GTG 1                 110.00       80.00       30.00
17:45:51  INFO        JMD - C2-GTG 2                 110.00      110.00        0.00 (excluded)
17:45:51  INFO        JMD - C2-STG 1                  93.00        3.00       90.00
17:45:51  INFO        TOTAL RESERVED                                         120.00
17:45:51  INFO        → Margin of 120.00 MW successfully reserved
17:45:51  INFO      
17:45:51  INFO        ==============================================================================
17:45:51  INFO        POWER DISPATCH  (April 2026)
17:45:51  INFO        ==============================================================================
17:45:51  INFO        Demand:  Process = 62526.31 MWh  |  Fixed = 56141.94 MWh  |  Total = 118668.24 MWh
17:45:51  INFO      
17:45:51  INFO        Step 1: Mandatory assets at MIN load, then optional if needed
17:45:51  INFO        Asset                      Priority   Man    Min MW    Max MW     Hours       Min MWh
17:45:51  INFO        -------------------------  --------  ----  --------  --------  --------  ------------
17:45:51  INFO        JMD - C2-GTG 1                    2     Y     80.00    110.00    676.00      54080.00
17:45:51  INFO        JMD - C2-GTG 2                    1     Y     80.00    110.00    710.00      56800.00
17:45:51  INFO        JMD - C2-STG 1                    1     Y      0.00     93.00    719.00          0.00
17:45:51  INFO        TOTAL MIN GENERATION                                                        110880.00
17:45:51  INFO      
17:45:51  INFO        ⚠ DEFICIT: MAX generation (118668.24 MWh) BELOW demand (118668.24 MWh)
17:45:51  INFO          Deficit = 0.00 MWh
17:45:51  INFO      
17:45:51  INFO        FINAL DISPATCH
17:45:51  INFO        Asset                      Priority   Dispatched MW  Dispatched MWh    Load %   Avg Load MW   Free Steam MT        Aux Norm   Aux Power MWh
17:45:51  INFO        -------------------------  --------  --------------  --------------  --------  ------------  --------------  --------------  --------------
17:45:51  INFO        JMD - C2-GTG 1                    2           80.00        54080.00     72.7%         80.00       106537.60        0.001350           73.01
17:45:51  INFO        JMD - C2-GTG 2                    1           85.45        60669.59     77.7%         85.45       119519.09        0.001350           81.90
17:45:51  INFO        JMD - C2-STG 1                    1            5.45         3918.65      5.9%          5.45            0.00        0.007050           27.63
17:45:51  INFO        TOTAL                                                     118668.24                               226056.69                          182.54
17:45:51  INFO      
17:45:51  INFO        ✓ POWER SPINNING MARGIN OK: 142.10 MW reserved (required: 120.00 MW)
17:45:51  INFO        ==============================================================================
17:45:55  INFO      
17:45:55  INFO        SPINNING MARGIN CONFIG
17:45:55  INFO        Required margin: 250.00 TPH
17:45:55  INFO        Asset                         Max TPH     Eff Max     Reserve
17:45:55  INFO        -------------------------  ----------  ----------  ----------
17:45:55  INFO        AUXBOIL7_SHP STEAM             220.00      161.49       58.51
17:45:55  INFO        AUXBOIL8_SHP STEAM             220.00      161.49       58.51
17:45:55  INFO        HRSG1_C2_SHP STEAM             250.00      183.51       66.49
17:45:55  INFO        HRSG2_C2_SHP STEAM             250.00      183.51       66.49
17:45:55  INFO        TOTAL RESERVED                                         250.00
17:45:55  INFO        → Margin of 250.00 TPH successfully reserved
17:45:55  INFO      
17:45:55  INFO        ==============================================================================
17:45:55  INFO        STEAM DISPATCH  (April 2026)
17:45:55  INFO        ==============================================================================
17:45:55  INFO        Grade      Process/Fixed MT  Letdown MT  Byproduct MT     Net Demand MT
17:45:55  INFO        ---------  ----------------  ----------  ------------  ----------------
17:45:55  INFO        LP                 62283.55    27423.47     -33264.00          29019.55
17:45:55  INFO        MP                 34421.60    55660.56          0.00          61845.07
17:45:55  INFO        HP                 18909.92    69797.98          0.00          74570.49
17:45:55  INFO        SHP               391575.49        0.00          0.00         461373.47
17:45:55  INFO      
17:45:55  INFO        Total Free Steam available: 226056.69 MT
17:45:55  INFO      
17:45:55  INFO        FINAL SUPPLEMENTARY FIRING DISPATCH
17:45:55  INFO        Asset                      Priority   Man     Min TPH     Max TPH     Hours  Dispatched TPH   Dispatched MT    Load %
17:45:55  INFO        -------------------------  --------  ----  ----------  ----------  --------  --------------  --------------  --------
17:45:55  INFO        AUXBOIL7_SHP STEAM                1     Y       90.00      220.00    698.00           90.00        62820.00     40.9%
17:45:55  INFO        AUXBOIL8_SHP STEAM                1     Y       90.00      220.00    720.00           90.00        64800.00     40.9%
17:45:55  INFO        HRSG1_C2_SHP STEAM                2     Y      160.00      250.00    676.00          160.00       108160.00     64.0%
17:45:55  INFO        HRSG2_C2_SHP STEAM                1     Y      160.00      250.00    710.00          160.00       113600.00     64.0%
17:45:55  INFO        TOTAL SUPPLEMENTARY                                                                         349380.00          
17:45:55  INFO        TOTAL STEAM GENERATED                                                                       575436.69          
17:45:55  INFO        ✓ Steam demand fully met with surplus of 114063.22 MT
17:45:55  INFO      
17:45:55  INFO        ✓ STEAM SPINNING MARGIN OK: 440.00 TPH reserved (required: 250.00 TPH)
17:45:55  INFO        ==============================================================================
17:45:55  INFO      
17:45:55  INFO        [U4U LOOP] ==============================================================================
17:45:55  INFO        [U4U LOOP]  ITERATION 10
17:45:55  INFO        [U4U LOOP] ==============================================================================
17:45:55  INFO        [U4U LOOP]  Power:  demand=     118668.24 MWh   gen=     118668.24 MWh
17:45:55  INFO        [U4U LOOP]  Steam:  gen=     575436.69 MT
17:45:55  INFO      
17:45:55  INFO        [U4U LOOP]  Utility (ODS Material)            Old Demand    New Demand    U4U Demand    Change %
17:45:55  INFO        [U4U LOOP]  ------------------------------  ------------  ------------  ------------  ----------
17:45:55  INFO        [U4U LOOP]  AUXBOIL7_SHP STEAM                  86181.63      88750.58      88763.12     2.8946%
17:45:55  INFO        [U4U LOOP]  Boiler Feed Water                  392025.46     392037.99     392038.07     0.0032%
17:45:55  INFO        [U4U LOOP]  COMPRESED AIR_ASU                  720729.07     720738.72     720740.73     0.0013%
17:45:55  INFO        [U4U LOOP]  COMPRESSED AIR                   14132131.77   14132171.21    1512224.76     0.0003%
17:45:55  INFO        [U4U LOOP]  Condensate                        -152646.00    -152646.00          0.00     0.0000%
17:45:55  INFO        [U4U LOOP]  Cooling Water                      102595.68     102596.23       2382.79     0.0005%
17:45:55  INFO        [U4U LOOP]  D M Water                          537096.48     537791.92     352834.19     0.1293%
17:45:55  INFO        [U4U LOOP]  Effluent Treated                   389849.35     389863.57     389865.67     0.0036%
17:45:55  INFO        [U4U LOOP]  HP Steam PRDS                       18859.60      18860.45      18909.92     0.0045%
17:45:55  INFO        [U4U LOOP]  HP Steam_Dis                        18860.45      18909.92      30924.03     0.2616%
17:45:55  INFO        [U4U LOOP]  HRSG1_C2_SHP STEAM                 180003.52     185369.14     185395.33     2.8946%
17:45:55  INFO        [U4U LOOP]  HRSG2_C2_SHP STEAM                 114002.23     117400.46     117417.04     2.8946%
17:45:55  INFO        [U4U LOOP]  LP Steam PRDS                       22857.86      22858.19      22886.59     0.0015%
17:45:55  INFO        [U4U LOOP]  LP Steam_Dis                        62206.28      62283.55      39203.80     0.1241%
17:45:55  INFO        [U4U LOOP]  MP Steam PRDS SHP                   34359.91      34360.03      34421.60     0.0004%
17:45:55  INFO        [U4U LOOP]  MP Steam_Dis                        34360.03      34421.60      21879.92     0.1789%
17:45:55  INFO        [U4U LOOP]  NITROGEN_ASU                     13282199.75   13282208.65     535596.10     0.0001%
17:45:55  INFO        [U4U LOOP]  Power_Dis                          118660.61     118668.24      35801.60     0.0064%
17:45:55  INFO        [U4U LOOP]  SHP Steam_Dis                      391520.18     391575.49      31917.26     0.0141%
17:45:55  INFO        [U4U LOOP]  Utility Water                     1563237.61    1563239.66      34427.18     0.0001%
17:45:55  INFO      
17:45:55  INFO        [U4U LOOP]  U4U CONSUMPTION BREAKDOWN (per producer per material):
17:45:55  INFO        [U4U LOOP]  Producer                   Material Consumed              Norm      Quantity
17:45:55  INFO        [U4U LOOP]  -------------------------  -------------------------  --------  ------------
17:45:55  INFO        [U4U LOOP]  JMD - C2-GTG 1             SynGas(Unshift)            0.004368     236221.44
17:45:55  INFO        [U4U LOOP]  JMD - C2-GTG 1             COMPRESSED AIR             0.001280      69222.40
17:45:55  INFO        [U4U LOOP]  JMD - C2-GTG 1             Cooling Water              0.000007        378.56
17:45:55  INFO        [U4U LOOP]  JMD - C2-GTG 1             NITROGEN_ASU               0.001660      89772.80
17:45:55  INFO        [U4U LOOP]  JMD - C2-GTG 1             Power_Dis                  0.001350      73008.00
17:45:55  INFO        [U4U LOOP]  JMD - C2-GTG 1             Utility Water              0.000023       1243.84
17:45:55  INFO        [U4U LOOP]  JMD - C2-GTG 2             SynGas(Unshift)            0.004485     272103.11
17:45:55  INFO        [U4U LOOP]  JMD - C2-GTG 2             COMPRESSED AIR             0.001280      77657.08
17:45:55  INFO        [U4U LOOP]  JMD - C2-GTG 2             Cooling Water              0.000007        424.69
17:45:55  INFO        [U4U LOOP]  JMD - C2-GTG 2             NITROGEN_ASU               0.001660     100711.52
17:45:55  INFO        [U4U LOOP]  JMD - C2-GTG 2             Power_Dis                  0.001350      81903.95
17:45:55  INFO        [U4U LOOP]  JMD - C2-GTG 2             Utility Water              0.000023       1395.40
17:45:55  INFO        [U4U LOOP]  JMD - C2-STG 1             Cooling Water              0.000400       1567.46
17:45:55  INFO        [U4U LOOP]  JMD - C2-STG 1             NITROGEN_ASU               0.001030       4036.21
17:45:55  INFO        [U4U LOOP]  JMD - C2-STG 1             Power_Dis                  0.007050      27626.48
17:45:55  INFO        [U4U LOOP]  JMD - C2-STG 1             SHP Steam_Dis              0.003640      14263.89
17:45:55  INFO        [U4U LOOP]  AUXBOIL7_SHP STEAM         SynGas(Unshift)            2.876221     180684.20
17:45:55  INFO        [U4U LOOP]  AUXBOIL7_SHP STEAM         Boiler Feed Water          1.010000      63448.20
17:45:55  INFO        [U4U LOOP]  AUXBOIL7_SHP STEAM         Power_Dis                  3.850000     241857.00
17:45:55  INFO        [U4U LOOP]  AUXBOIL8_SHP STEAM         Boiler Feed Water          1.010000      65448.00
17:45:55  INFO        [U4U LOOP]  AUXBOIL8_SHP STEAM         Power_Dis                  3.850000     249480.00
17:45:55  INFO        [U4U LOOP]  HRSG1_C2_SHP STEAM         SynGas(Unshift)            3.376244     365174.55
17:45:55  INFO        [U4U LOOP]  HRSG1_C2_SHP STEAM         Boiler Feed Water          1.160000     125465.60
17:45:55  INFO        [U4U LOOP]  HRSG1_C2_SHP STEAM         Power_Dis                  0.285000      30825.60
17:45:55  INFO        [U4U LOOP]  HRSG2_C2_SHP STEAM         SynGas(Unshift)            3.357468     381408.36
17:45:55  INFO        [U4U LOOP]  HRSG2_C2_SHP STEAM         Boiler Feed Water          1.160000     131776.00
17:45:55  INFO        [U4U LOOP]  HRSG2_C2_SHP STEAM         Power_Dis                  0.285000      32376.00
17:45:55  INFO        [U4U LOOP]  Boiler Feed Water          D M Water                  0.900000     352834.19
17:45:55  INFO        [U4U LOOP]  Boiler Feed Water          LP Steam_Dis               0.100000      39203.80
17:45:55  INFO        [U4U LOOP]  Boiler Feed Water          Power_Dis                  8.100000    3175507.70
17:45:55  INFO        [U4U LOOP]  COMPRESED AIR_ASU          Power_Dis                  0.125000      90092.34
17:45:55  INFO        [U4U LOOP]  COMPRESSED AIR             COMPRESED AIR_ASU          0.051000     720740.73
17:45:55  INFO        [U4U LOOP]  COMPRESSED AIR             COMPRESSED AIR             0.002670      37732.90
17:45:55  INFO        [U4U LOOP]  COMPRESSED AIR             Power_Dis                  0.150000    2119825.68
17:45:55  INFO        [U4U LOOP]  Cooling Water              COMPRESSED AIR             0.974741     100004.75
17:45:55  INFO        [U4U LOOP]  Cooling Water              Effluent Treated           3.800000     389865.67
17:45:55  INFO        [U4U LOOP]  Cooling Water              Power_Dis                  210.900000   21637544.89
17:45:55  INFO        [U4U LOOP]  Cooling Water              SWRO WATER                 9.400000     964404.56
17:45:55  INFO        [U4U LOOP]  D M Water                  COMPRESSED AIR             0.049180      26448.61
17:45:55  INFO        [U4U LOOP]  D M Water                  NITROGEN_ASU               0.630000     338808.91
17:45:55  INFO        [U4U LOOP]  D M Water                  Power_Dis                  0.920000     494768.56
17:45:55  INFO        [U4U LOOP]  D M Water                  SWRO WATER                 1.150000     618460.71
17:45:55  INFO        [U4U LOOP]  Effluent Treated           COMPRESSED AIR             2.209302     861326.36
17:45:55  INFO        [U4U LOOP]  Effluent Treated           Cooling Water              0.000031         12.09
17:45:55  INFO        [U4U LOOP]  Effluent Treated           NITROGEN_ASU               0.005814       2266.67
17:45:55  INFO        [U4U LOOP]  Effluent Treated           Power_Dis                  3.200000    1247563.42
17:45:55  INFO        [U4U LOOP]  Effluent Treated           Utility Water              0.029070      11333.33
17:45:55  INFO        [U4U LOOP]  HP Steam PRDS              Boiler Feed Water          0.064000       1207.07
17:45:55  INFO        [U4U LOOP]  HP Steam PRDS              SHP Steam_Dis              0.936000      17653.38
17:45:55  INFO        [U4U LOOP]  LP Steam PRDS              Boiler Feed Water          0.055000       1257.20
17:45:55  INFO        [U4U LOOP]  LP Steam PRDS              MP Steam_Dis               0.945000      21600.99
17:45:55  INFO        [U4U LOOP]  MP Steam PRDS SHP          Boiler Feed Water          0.100000       3436.00
17:45:55  INFO        [U4U LOOP]  MP Steam PRDS SHP          HP Steam_Dis               0.900000      30924.03
17:45:55  INFO        [U4U LOOP]  NITROGEN_ASU               MP Steam_Dis               0.000021        278.93
17:45:55  INFO        [U4U LOOP]  NITROGEN_ASU               Power_Dis                  0.474260    6299220.27
17:45:55  INFO        [U4U LOOP]  NITROGEN_ASU               Ret steam condensate       -0.000011       -146.10
17:45:55  INFO        [U4U LOOP]  NITROGEN_ASU               Utility Water              0.001540      20454.60
17:45:55  INFO        [U4U LOOP]  Utility Water              COMPRESSED AIR             0.217390     339832.67
17:45:55  INFO        [U4U LOOP]  Utility Water              SWRO WATER                 1.100000    1719563.63
17:45:55  INFO        [U4U LOOP]  HP Steam_Dis               HP Steam PRDS              1.000000      18909.92
17:45:55  INFO        [U4U LOOP]  LP Steam_Dis               HRSG1_C2_LP STEAM          0.387271      24120.61
17:45:55  INFO        [U4U LOOP]  LP Steam_Dis               HRSG2_C2_LP STEAM          0.245271      15276.35
17:45:55  INFO        [U4U LOOP]  LP Steam_Dis               LP Steam PRDS              0.367458      22886.59
17:45:55  INFO        [U4U LOOP]  MP Steam_Dis               MP Steam PRDS SHP          1.000000      34421.60
17:45:55  INFO        [U4U LOOP]  SHP Steam_Dis              AUXBOIL7_SHP STEAM         0.226682      88763.12
17:45:55  INFO        [U4U LOOP]  SHP Steam_Dis              HRSG1_C2_SHP STEAM         0.473460     185395.33
17:45:55  INFO        [U4U LOOP]  SHP Steam_Dis              HRSG2_C2_SHP STEAM         0.299858     117417.04
17:45:55  INFO      
17:45:55  INFO        [U4U LOOP]  Not yet converged: 9 materials
17:45:55  INFO        [U4U LOOP]    AUXBOIL7_SHP STEAM              change=0.0141%
17:45:55  INFO        [U4U LOOP]    Cooling Water                   change=0.0656%
17:45:55  INFO        [U4U LOOP]    HP Steam PRDS                   change=0.2616%
17:45:55  INFO        [U4U LOOP]    HRSG1_C2_SHP STEAM              change=0.0141%
17:45:55  INFO        [U4U LOOP]    HRSG2_C2_SHP STEAM              change=0.0141%
17:45:55  INFO        [U4U LOOP]    LP Steam PRDS                   change=0.1241%
17:45:55  INFO        [U4U LOOP]    MP Steam PRDS SHP               change=0.1789%
17:45:55  INFO        [U4U LOOP]    NITROGEN_ASU                    change=0.0837%
17:45:55  INFO        [U4U LOOP]    SHP Steam_Dis                   change=0.0463%
17:45:55  INFO      
17:45:59  INFO      
17:45:59  INFO        POWER SPINNING MARGIN CONFIG
17:45:59  INFO        Most efficient asset: JMD - C2-GTG 2 (fixed_max = 120.00 MW)
17:45:59  INFO        Required margin: 120.00 MW
17:45:59  INFO        Asset                          Max MW     Eff Max     Reserve
17:45:59  INFO        -------------------------  ----------  ----------  ----------
17:45:59  INFO        JMD - C2-GTG 1                 110.00       80.00       30.00
17:45:59  INFO        JMD - C2-GTG 2                 110.00      110.00        0.00 (excluded)
17:45:59  INFO        JMD - C2-STG 1                  93.00        3.00       90.00
17:45:59  INFO        TOTAL RESERVED                                         120.00
17:45:59  INFO        → Margin of 120.00 MW successfully reserved
17:45:59  INFO      
17:45:59  INFO        ==============================================================================
17:45:59  INFO        POWER DISPATCH  (April 2026)
17:45:59  INFO        ==============================================================================
17:45:59  INFO        Demand:  Process = 62526.31 MWh  |  Fixed = 56142.88 MWh  |  Total = 118669.19 MWh
17:45:59  INFO      
17:45:59  INFO        Step 1: Mandatory assets at MIN load, then optional if needed
17:45:59  INFO        Asset                      Priority   Man    Min MW    Max MW     Hours       Min MWh
17:45:59  INFO        -------------------------  --------  ----  --------  --------  --------  ------------
17:45:59  INFO        JMD - C2-GTG 1                    2     Y     80.00    110.00    676.00      54080.00
17:45:59  INFO        JMD - C2-GTG 2                    1     Y     80.00    110.00    710.00      56800.00
17:45:59  INFO        JMD - C2-STG 1                    1     Y      0.00     93.00    719.00          0.00
17:45:59  INFO        TOTAL MIN GENERATION                                                        110880.00
17:45:59  INFO      
17:45:59  INFO        ✓ Demand met exactly or within tolerance
17:45:59  INFO      
17:45:59  INFO        FINAL DISPATCH
17:45:59  INFO        Asset                      Priority   Dispatched MW  Dispatched MWh    Load %   Avg Load MW   Free Steam MT        Aux Norm   Aux Power MWh
17:45:59  INFO        -------------------------  --------  --------------  --------------  --------  ------------  --------------  --------------  --------------
17:45:59  INFO        JMD - C2-GTG 1                    2           80.00        54080.00     72.7%         80.00       106537.60        0.001350           73.01
17:45:59  INFO        JMD - C2-GTG 2                    1           85.45        60670.07     77.7%         85.45       119520.04        0.001350           81.90
17:45:59  INFO        JMD - C2-STG 1                    1            5.45         3919.12      5.9%          5.45            0.00        0.007050           27.63
17:45:59  INFO        TOTAL                                                     118669.19                               226057.64                          182.54
17:45:59  INFO      
17:45:59  INFO        ✓ POWER SPINNING MARGIN OK: 142.10 MW reserved (required: 120.00 MW)
17:45:59  INFO        ==============================================================================
17:46:03  INFO      
17:46:03  INFO        SPINNING MARGIN CONFIG
17:46:03  INFO        Required margin: 250.00 TPH
17:46:03  INFO        Asset                         Max TPH     Eff Max     Reserve
17:46:03  INFO        -------------------------  ----------  ----------  ----------
17:46:03  INFO        AUXBOIL7_SHP STEAM             220.00      161.49       58.51
17:46:03  INFO        AUXBOIL8_SHP STEAM             220.00      161.49       58.51
17:46:03  INFO        HRSG1_C2_SHP STEAM             250.00      183.51       66.49
17:46:03  INFO        HRSG2_C2_SHP STEAM             250.00      183.51       66.49
17:46:03  INFO        TOTAL RESERVED                                         250.00
17:46:03  INFO        → Margin of 250.00 TPH successfully reserved
17:46:03  INFO      
17:46:03  INFO        ==============================================================================
17:46:03  INFO        STEAM DISPATCH  (April 2026)
17:46:03  INFO        ==============================================================================
17:46:03  INFO        Grade      Process/Fixed MT  Letdown MT  Byproduct MT     Net Demand MT
17:46:03  INFO        ---------  ----------------  ----------  ------------  ----------------
17:46:03  INFO        LP                 62284.80    27424.65     -33264.00          29020.80
17:46:03  INFO        MP                 34421.92    55661.92          0.00          61846.57
17:46:03  INFO        HP                 18910.03    69799.34          0.00          74571.95
17:46:03  INFO        SHP               391590.26        0.00          0.00         461389.61
17:46:03  INFO      
17:46:03  INFO        Total Free Steam available: 226057.64 MT
17:46:03  INFO      
17:46:03  INFO        FINAL SUPPLEMENTARY FIRING DISPATCH
17:46:03  INFO        Asset                      Priority   Man     Min TPH     Max TPH     Hours  Dispatched TPH   Dispatched MT    Load %
17:46:03  INFO        -------------------------  --------  ----  ----------  ----------  --------  --------------  --------------  --------
17:46:03  INFO        AUXBOIL7_SHP STEAM                1     Y       90.00      220.00    698.00           90.00        62820.00     40.9%
17:46:03  INFO        AUXBOIL8_SHP STEAM                1     Y       90.00      220.00    720.00           90.00        64800.00     40.9%
17:46:03  INFO        HRSG1_C2_SHP STEAM                2     Y      160.00      250.00    676.00          160.00       108160.00     64.0%
17:46:03  INFO        HRSG2_C2_SHP STEAM                1     Y      160.00      250.00    710.00          160.00       113600.00     64.0%
17:46:03  INFO        TOTAL SUPPLEMENTARY                                                                         349380.00          
17:46:03  INFO        TOTAL STEAM GENERATED                                                                       575437.64          
17:46:03  INFO        ✓ Steam demand fully met with surplus of 114048.03 MT
17:46:03  INFO      
17:46:03  INFO        ✓ STEAM SPINNING MARGIN OK: 440.00 TPH reserved (required: 250.00 TPH)
17:46:03  INFO        ==============================================================================
17:46:03  INFO      
17:46:03  INFO        [U4U LOOP] ==============================================================================
17:46:03  INFO        [U4U LOOP]  ITERATION 11
17:46:03  INFO        [U4U LOOP] ==============================================================================
17:46:03  INFO        [U4U LOOP]  Power:  demand=     118669.19 MWh   gen=     118669.19 MWh
17:46:03  INFO        [U4U LOOP]  Steam:  gen=     575437.64 MT
17:46:03  INFO      
17:46:03  INFO        [U4U LOOP]  Utility (ODS Material)            Old Demand    New Demand    U4U Demand    Change %
17:46:03  INFO        [U4U LOOP]  ------------------------------  ------------  ------------  ------------  ----------
17:46:03  INFO        [U4U LOOP]  AUXBOIL7_SHP STEAM                  88750.58      88763.12      88766.46     0.0141%
17:46:03  INFO        [U4U LOOP]  Boiler Feed Water                  392037.99     392038.07     392048.96     0.0000%
17:46:03  INFO        [U4U LOOP]  COMPRESED AIR_ASU                  720738.72     720740.73     720744.38     0.0003%
17:46:03  INFO        [U4U LOOP]  COMPRESSED AIR                   14132171.21   14132242.76    1512232.41     0.0005%
17:46:03  INFO        [U4U LOOP]  Condensate                        -152646.00    -152646.00          0.00     0.0000%
17:46:03  INFO        [U4U LOOP]  Cooling Water                      102596.23     102597.79       2382.98     0.0015%
17:46:03  INFO        [U4U LOOP]  D M Water                          537791.92     537803.19     352834.27     0.0021%
17:46:03  INFO        [U4U LOOP]  Effluent Treated                   389863.57     389865.67     389871.61     0.0005%
17:46:03  INFO        [U4U LOOP]  HP Steam PRDS                       18860.45      18909.92      18910.03     0.2616%
17:46:03  INFO        [U4U LOOP]  HP Steam_Dis                        18909.92      18910.03      30979.44     0.0006%
17:46:03  INFO        [U4U LOOP]  HRSG1_C2_SHP STEAM                 185369.14     185395.33     185402.33     0.0141%
17:46:03  INFO        [U4U LOOP]  HRSG2_C2_SHP STEAM                 117400.46     117417.04     117421.47     0.0141%
17:46:03  INFO        [U4U LOOP]  LP Steam PRDS                       22858.19      22886.59      22887.05     0.1241%
17:46:03  INFO        [U4U LOOP]  LP Steam_Dis                        62283.55      62284.80      39203.81     0.0020%
17:46:03  INFO        [U4U LOOP]  MP Steam PRDS SHP                   34360.03      34421.60      34421.92     0.1789%
17:46:03  INFO        [U4U LOOP]  MP Steam_Dis                        34421.60      34421.92      21906.76     0.0009%
17:46:03  INFO        [U4U LOOP]  NITROGEN_ASU                     13282208.65   13282657.10     535604.50     0.0034%
17:46:03  INFO        [U4U LOOP]  Power_Dis                          118668.24     118669.19      35802.17     0.0008%
17:46:03  INFO        [U4U LOOP]  SHP Steam_Dis                      391575.49     391590.26      31965.28     0.0038%
17:46:03  INFO        [U4U LOOP]  Utility Water                     1563239.66    1563240.18      34427.94     0.0000%
17:46:03  INFO      
17:46:03  INFO        [U4U LOOP]  U4U CONSUMPTION BREAKDOWN (per producer per material):
17:46:03  INFO        [U4U LOOP]  Producer                   Material Consumed              Norm      Quantity
17:46:03  INFO        [U4U LOOP]  -------------------------  -------------------------  --------  ------------
17:46:03  INFO        [U4U LOOP]  JMD - C2-GTG 1             SynGas(Unshift)            0.004368     236221.44
17:46:03  INFO        [U4U LOOP]  JMD - C2-GTG 1             COMPRESSED AIR             0.001280      69222.40
17:46:03  INFO        [U4U LOOP]  JMD - C2-GTG 1             Cooling Water              0.000007        378.56
17:46:03  INFO        [U4U LOOP]  JMD - C2-GTG 1             NITROGEN_ASU               0.001660      89772.80
17:46:03  INFO        [U4U LOOP]  JMD - C2-GTG 1             Power_Dis                  0.001350      73008.00
17:46:03  INFO        [U4U LOOP]  JMD - C2-GTG 1             Utility Water              0.000023       1243.84
17:46:03  INFO        [U4U LOOP]  JMD - C2-GTG 2             SynGas(Unshift)            0.004485     272105.26
17:46:03  INFO        [U4U LOOP]  JMD - C2-GTG 2             COMPRESSED AIR             0.001280      77657.69
17:46:03  INFO        [U4U LOOP]  JMD - C2-GTG 2             Cooling Water              0.000007        424.69
17:46:03  INFO        [U4U LOOP]  JMD - C2-GTG 2             NITROGEN_ASU               0.001660     100712.32
17:46:03  INFO        [U4U LOOP]  JMD - C2-GTG 2             Power_Dis                  0.001350      81904.59
17:46:03  INFO        [U4U LOOP]  JMD - C2-GTG 2             Utility Water              0.000023       1395.41
17:46:03  INFO        [U4U LOOP]  JMD - C2-STG 1             Cooling Water              0.000400       1567.65
17:46:03  INFO        [U4U LOOP]  JMD - C2-STG 1             NITROGEN_ASU               0.001030       4036.69
17:46:03  INFO        [U4U LOOP]  JMD - C2-STG 1             Power_Dis                  0.007050      27629.80
17:46:03  INFO        [U4U LOOP]  JMD - C2-STG 1             SHP Steam_Dis              0.003640      14265.60
17:46:03  INFO        [U4U LOOP]  AUXBOIL7_SHP STEAM         SynGas(Unshift)            2.876221     180684.20
17:46:03  INFO        [U4U LOOP]  AUXBOIL7_SHP STEAM         Boiler Feed Water          1.010000      63448.20
17:46:03  INFO        [U4U LOOP]  AUXBOIL7_SHP STEAM         Power_Dis                  3.850000     241857.00
17:46:03  INFO        [U4U LOOP]  AUXBOIL8_SHP STEAM         Boiler Feed Water          1.010000      65448.00
17:46:03  INFO        [U4U LOOP]  AUXBOIL8_SHP STEAM         Power_Dis                  3.850000     249480.00
17:46:03  INFO        [U4U LOOP]  HRSG1_C2_SHP STEAM         SynGas(Unshift)            3.376244     365174.55
17:46:03  INFO        [U4U LOOP]  HRSG1_C2_SHP STEAM         Boiler Feed Water          1.160000     125465.60
17:46:03  INFO        [U4U LOOP]  HRSG1_C2_SHP STEAM         Power_Dis                  0.285000      30825.60
17:46:03  INFO        [U4U LOOP]  HRSG2_C2_SHP STEAM         SynGas(Unshift)            3.357468     381408.36
17:46:03  INFO        [U4U LOOP]  HRSG2_C2_SHP STEAM         Boiler Feed Water          1.160000     131776.00
17:46:03  INFO        [U4U LOOP]  HRSG2_C2_SHP STEAM         Power_Dis                  0.285000      32376.00
17:46:03  INFO        [U4U LOOP]  Boiler Feed Water          D M Water                  0.900000     352834.27
17:46:03  INFO        [U4U LOOP]  Boiler Feed Water          LP Steam_Dis               0.100000      39203.81
17:46:03  INFO        [U4U LOOP]  Boiler Feed Water          Power_Dis                  8.100000    3175508.39
17:46:03  INFO        [U4U LOOP]  COMPRESED AIR_ASU          Power_Dis                  0.125000      90092.59
17:46:03  INFO        [U4U LOOP]  COMPRESSED AIR             COMPRESED AIR_ASU          0.051000     720744.38
17:46:03  INFO        [U4U LOOP]  COMPRESSED AIR             COMPRESSED AIR             0.002670      37733.09
17:46:03  INFO        [U4U LOOP]  COMPRESSED AIR             Power_Dis                  0.150000    2119836.41
17:46:03  INFO        [U4U LOOP]  Cooling Water              COMPRESSED AIR             0.974741     100006.28
17:46:03  INFO        [U4U LOOP]  Cooling Water              Effluent Treated           3.800000     389871.61
17:46:03  INFO        [U4U LOOP]  Cooling Water              Power_Dis                  210.900000   21637874.52
17:46:03  INFO        [U4U LOOP]  Cooling Water              SWRO WATER                 9.400000     964419.25
17:46:03  INFO        [U4U LOOP]  D M Water                  COMPRESSED AIR             0.049180      26449.16
17:46:03  INFO        [U4U LOOP]  D M Water                  NITROGEN_ASU               0.630000     338816.01
17:46:03  INFO        [U4U LOOP]  D M Water                  Power_Dis                  0.920000     494778.93
17:46:03  INFO        [U4U LOOP]  D M Water                  SWRO WATER                 1.150000     618473.67
17:46:03  INFO        [U4U LOOP]  Effluent Treated           COMPRESSED AIR             2.209302     861331.01
17:46:03  INFO        [U4U LOOP]  Effluent Treated           Cooling Water              0.000031         12.09
17:46:03  INFO        [U4U LOOP]  Effluent Treated           NITROGEN_ASU               0.005814       2266.68
17:46:03  INFO        [U4U LOOP]  Effluent Treated           Power_Dis                  3.200000    1247570.16
17:46:03  INFO        [U4U LOOP]  Effluent Treated           Utility Water              0.029070      11333.40
17:46:03  INFO        [U4U LOOP]  HP Steam PRDS              Boiler Feed Water          0.064000       1210.23
17:46:03  INFO        [U4U LOOP]  HP Steam PRDS              SHP Steam_Dis              0.936000      17699.69
17:46:03  INFO        [U4U LOOP]  LP Steam PRDS              Boiler Feed Water          0.055000       1258.76
17:46:03  INFO        [U4U LOOP]  LP Steam PRDS              MP Steam_Dis               0.945000      21627.83
17:46:03  INFO        [U4U LOOP]  MP Steam PRDS SHP          Boiler Feed Water          0.100000       3442.16
17:46:03  INFO        [U4U LOOP]  MP Steam PRDS SHP          HP Steam_Dis               0.900000      30979.44
17:46:03  INFO        [U4U LOOP]  NITROGEN_ASU               MP Steam_Dis               0.000021        278.94
17:46:03  INFO        [U4U LOOP]  NITROGEN_ASU               Power_Dis                  0.474260    6299432.96
17:46:03  INFO        [U4U LOOP]  NITROGEN_ASU               Ret steam condensate       -0.000011       -146.11
17:46:03  INFO        [U4U LOOP]  NITROGEN_ASU               Utility Water              0.001540      20455.29
17:46:03  INFO        [U4U LOOP]  Utility Water              COMPRESSED AIR             0.217390     339832.78
17:46:03  INFO        [U4U LOOP]  Utility Water              SWRO WATER                 1.100000    1719564.19
17:46:03  INFO        [U4U LOOP]  HP Steam_Dis               HP Steam PRDS              1.000000      18910.03
17:46:03  INFO        [U4U LOOP]  LP Steam_Dis               HRSG1_C2_LP STEAM          0.387271      24121.10
17:46:03  INFO        [U4U LOOP]  LP Steam_Dis               HRSG2_C2_LP STEAM          0.245271      15276.65
17:46:03  INFO        [U4U LOOP]  LP Steam_Dis               LP Steam PRDS              0.367458      22887.05
17:46:03  INFO        [U4U LOOP]  MP Steam_Dis               MP Steam PRDS SHP          1.000000      34421.92
17:46:03  INFO        [U4U LOOP]  SHP Steam_Dis              AUXBOIL7_SHP STEAM         0.226682      88766.46
17:46:03  INFO        [U4U LOOP]  SHP Steam_Dis              HRSG1_C2_SHP STEAM         0.473460     185402.33
17:46:03  INFO        [U4U LOOP]  SHP Steam_Dis              HRSG2_C2_SHP STEAM         0.299858     117421.47
17:46:03  INFO      
17:46:03  INFO        [U4U LOOP]  Not yet converged: 3 materials
17:46:03  INFO        [U4U LOOP]    HP Steam_Dis                    change=0.1789%
17:46:03  INFO        [U4U LOOP]    MP Steam_Dis                    change=0.1225%
17:46:03  INFO        [U4U LOOP]    SHP Steam_Dis                   change=0.1502%
17:46:03  INFO      
17:46:07  INFO      
17:46:07  INFO        POWER SPINNING MARGIN CONFIG
17:46:07  INFO        Most efficient asset: JMD - C2-GTG 2 (fixed_max = 120.00 MW)
17:46:07  INFO        Required margin: 120.00 MW
17:46:07  INFO        Asset                          Max MW     Eff Max     Reserve
17:46:07  INFO        -------------------------  ----------  ----------  ----------
17:46:07  INFO        JMD - C2-GTG 1                 110.00       80.00       30.00
17:46:07  INFO        JMD - C2-GTG 2                 110.00      110.00        0.00 (excluded)
17:46:07  INFO        JMD - C2-STG 1                  93.00        3.00       90.00
17:46:07  INFO        TOTAL RESERVED                                         120.00
17:46:07  INFO        → Margin of 120.00 MW successfully reserved
17:46:07  INFO      
17:46:07  INFO        ==============================================================================
17:46:07  INFO        POWER DISPATCH  (April 2026)
17:46:07  INFO        ==============================================================================
17:46:07  INFO        Demand:  Process = 62526.31 MWh  |  Fixed = 56143.46 MWh  |  Total = 118669.77 MWh
17:46:07  INFO      
17:46:07  INFO        Step 1: Mandatory assets at MIN load, then optional if needed
17:46:07  INFO        Asset                      Priority   Man    Min MW    Max MW     Hours       Min MWh
17:46:07  INFO        -------------------------  --------  ----  --------  --------  --------  ------------
17:46:07  INFO        JMD - C2-GTG 1                    2     Y     80.00    110.00    676.00      54080.00
17:46:07  INFO        JMD - C2-GTG 2                    1     Y     80.00    110.00    710.00      56800.00
17:46:07  INFO        JMD - C2-STG 1                    1     Y      0.00     93.00    719.00          0.00
17:46:07  INFO        TOTAL MIN GENERATION                                                        110880.00
17:46:07  INFO      
17:46:07  INFO        ✓ Demand met exactly or within tolerance
17:46:07  INFO      
17:46:07  INFO        FINAL DISPATCH
17:46:07  INFO        Asset                      Priority   Dispatched MW  Dispatched MWh    Load %   Avg Load MW   Free Steam MT        Aux Norm   Aux Power MWh
17:46:07  INFO        -------------------------  --------  --------------  --------------  --------  ------------  --------------  --------------  --------------
17:46:07  INFO        JMD - C2-GTG 1                    2           80.00        54080.00     72.7%         80.00       106537.60        0.001350           73.01
17:46:07  INFO        JMD - C2-GTG 2                    1           85.45        60670.35     77.7%         85.45       119520.59        0.001350           81.90
17:46:07  INFO        JMD - C2-STG 1                    1            5.45         3919.42      5.9%          5.45            0.00        0.007050           27.63
17:46:07  INFO        TOTAL                                                     118669.77                               226058.19                          182.54
17:46:07  INFO      
17:46:07  INFO        ✓ POWER SPINNING MARGIN OK: 142.10 MW reserved (required: 120.00 MW)
17:46:07  INFO        ==============================================================================
17:46:10  INFO      
17:46:10  INFO        SPINNING MARGIN CONFIG
17:46:10  INFO        Required margin: 250.00 TPH
17:46:10  INFO        Asset                         Max TPH     Eff Max     Reserve
17:46:10  INFO        -------------------------  ----------  ----------  ----------
17:46:10  INFO        AUXBOIL7_SHP STEAM             220.00      161.49       58.51
17:46:10  INFO        AUXBOIL8_SHP STEAM             220.00      161.49       58.51
17:46:10  INFO        HRSG1_C2_SHP STEAM             250.00      183.51       66.49
17:46:10  INFO        HRSG2_C2_SHP STEAM             250.00      183.51       66.49
17:46:10  INFO        TOTAL RESERVED                                         250.00
17:46:10  INFO        → Margin of 250.00 TPH successfully reserved
17:46:10  INFO      
17:46:10  INFO        ==============================================================================
17:46:10  INFO        STEAM DISPATCH  (April 2026)
17:46:10  INFO        ==============================================================================
17:46:10  INFO        Grade      Process/Fixed MT  Letdown MT  Byproduct MT     Net Demand MT
17:46:10  INFO        ---------  ----------------  ----------  ------------  ----------------
17:46:10  INFO        LP                 62284.81    27424.66     -33264.00          29020.81
17:46:10  INFO        MP                 34448.76    55686.08          0.00          61873.42
17:46:10  INFO        HP                 18965.44    69873.82          0.00          74651.52
17:46:10  INFO        SHP               391638.28        0.00          0.00         461512.11
17:46:10  INFO      
17:46:10  INFO        Total Free Steam available: 226058.19 MT
17:46:10  INFO      
17:46:10  INFO        FINAL SUPPLEMENTARY FIRING DISPATCH
17:46:10  INFO        Asset                      Priority   Man     Min TPH     Max TPH     Hours  Dispatched TPH   Dispatched MT    Load %
17:46:10  INFO        -------------------------  --------  ----  ----------  ----------  --------  --------------  --------------  --------
17:46:10  INFO        AUXBOIL7_SHP STEAM                1     Y       90.00      220.00    698.00           90.00        62820.00     40.9%
17:46:10  INFO        AUXBOIL8_SHP STEAM                1     Y       90.00      220.00    720.00           90.00        64800.00     40.9%
17:46:10  INFO        HRSG1_C2_SHP STEAM                2     Y      160.00      250.00    676.00          160.00       108160.00     64.0%
17:46:10  INFO        HRSG2_C2_SHP STEAM                1     Y      160.00      250.00    710.00          160.00       113600.00     64.0%
17:46:10  INFO        TOTAL SUPPLEMENTARY                                                                         349380.00          
17:46:10  INFO        TOTAL STEAM GENERATED                                                                       575438.19          
17:46:10  INFO        ✓ Steam demand fully met with surplus of 113926.08 MT
17:46:10  INFO      
17:46:10  INFO        ✓ STEAM SPINNING MARGIN OK: 440.00 TPH reserved (required: 250.00 TPH)
17:46:10  INFO        ==============================================================================
17:46:10  INFO      
17:46:10  INFO        [U4U LOOP] ==============================================================================
17:46:10  INFO        [U4U LOOP]  ITERATION 12
17:46:10  INFO        [U4U LOOP] ==============================================================================
17:46:10  INFO        [U4U LOOP]  Power:  demand=     118669.77 MWh   gen=     118669.77 MWh
17:46:10  INFO        [U4U LOOP]  Steam:  gen=     575438.19 MT
17:46:10  INFO      
17:46:10  INFO        [U4U LOOP]  Utility (ODS Material)            Old Demand    New Demand    U4U Demand    Change %
17:46:10  INFO        [U4U LOOP]  ------------------------------  ------------  ------------  ------------  ----------
17:46:10  INFO        [U4U LOOP]  AUXBOIL7_SHP STEAM                  88763.12      88766.46      88777.35     0.0038%
17:46:10  INFO        [U4U LOOP]  Boiler Feed Water                  392038.07     392048.96     392049.02     0.0028%
17:46:10  INFO        [U4U LOOP]  COMPRESED AIR_ASU                  720740.73     720744.38     720744.77     0.0005%
17:46:10  INFO        [U4U LOOP]  COMPRESSED AIR                   14132242.76   14132250.41    1512246.27     0.0001%
17:46:10  INFO        [U4U LOOP]  Condensate                        -152646.00    -152646.00          0.00     0.0000%
17:46:10  INFO        [U4U LOOP]  Cooling Water                      102597.79     102597.98       2383.11     0.0002%
17:46:10  INFO        [U4U LOOP]  D M Water                          537803.19     537803.27     352844.06     0.0000%
17:46:10  INFO        [U4U LOOP]  Effluent Treated                   389865.67     389871.61     389872.34     0.0015%
17:46:10  INFO        [U4U LOOP]  HP Steam PRDS                       18909.92      18910.03      18965.44     0.0006%
17:46:10  INFO        [U4U LOOP]  HP Steam_Dis                        18910.03      18965.44      30979.73     0.2922%
17:46:10  INFO        [U4U LOOP]  HRSG1_C2_SHP STEAM                 185395.33     185402.33     185425.06     0.0038%
17:46:10  INFO        [U4U LOOP]  HRSG2_C2_SHP STEAM                 117417.04     117421.47     117435.87     0.0038%
17:46:10  INFO        [U4U LOOP]  LP Steam PRDS                       22886.59      22887.05      22887.05     0.0020%
17:46:10  INFO        [U4U LOOP]  LP Steam_Dis                        62284.80      62284.81      39204.90     0.0000%
17:46:10  INFO        [U4U LOOP]  MP Steam PRDS SHP                   34421.60      34421.92      34448.76     0.0009%
17:46:10  INFO        [U4U LOOP]  MP Steam_Dis                        34421.92      34448.76      21907.20     0.0779%
17:46:10  INFO        [U4U LOOP]  NITROGEN_ASU                     13282657.10   13282665.50     535605.35     0.0001%
17:46:10  INFO        [U4U LOOP]  Power_Dis                          118669.19     118669.77      35802.33     0.0005%
17:46:10  INFO        [U4U LOOP]  SHP Steam_Dis                      391590.26     391638.28      31966.48     0.0123%
17:46:10  INFO        [U4U LOOP]  Utility Water                     1563240.18    1563240.94      34428.13     0.0000%
17:46:10  INFO      
17:46:10  INFO        [U4U LOOP]  U4U CONSUMPTION BREAKDOWN (per producer per material):
17:46:10  INFO        [U4U LOOP]  Producer                   Material Consumed              Norm      Quantity
17:46:10  INFO        [U4U LOOP]  -------------------------  -------------------------  --------  ------------
17:46:10  INFO        [U4U LOOP]  JMD - C2-GTG 1             SynGas(Unshift)            0.004368     236221.44
17:46:10  INFO        [U4U LOOP]  JMD - C2-GTG 1             COMPRESSED AIR             0.001280      69222.40
17:46:10  INFO        [U4U LOOP]  JMD - C2-GTG 1             Cooling Water              0.000007        378.56
17:46:10  INFO        [U4U LOOP]  JMD - C2-GTG 1             NITROGEN_ASU               0.001660      89772.80
17:46:10  INFO        [U4U LOOP]  JMD - C2-GTG 1             Power_Dis                  0.001350      73008.00
17:46:10  INFO        [U4U LOOP]  JMD - C2-GTG 1             Utility Water              0.000023       1243.84
17:46:10  INFO        [U4U LOOP]  JMD - C2-GTG 2             SynGas(Unshift)            0.004485     272106.52
17:46:10  INFO        [U4U LOOP]  JMD - C2-GTG 2             COMPRESSED AIR             0.001280      77658.05
17:46:10  INFO        [U4U LOOP]  JMD - C2-GTG 2             Cooling Water              0.000007        424.69
17:46:10  INFO        [U4U LOOP]  JMD - C2-GTG 2             NITROGEN_ASU               0.001660     100712.78
17:46:10  INFO        [U4U LOOP]  JMD - C2-GTG 2             Power_Dis                  0.001350      81904.97
17:46:10  INFO        [U4U LOOP]  JMD - C2-GTG 2             Utility Water              0.000023       1395.42
17:46:10  INFO        [U4U LOOP]  JMD - C2-STG 1             Cooling Water              0.000400       1567.77
17:46:10  INFO        [U4U LOOP]  JMD - C2-STG 1             NITROGEN_ASU               0.001030       4037.00
17:46:10  INFO        [U4U LOOP]  JMD - C2-STG 1             Power_Dis                  0.007050      27631.91
17:46:10  INFO        [U4U LOOP]  JMD - C2-STG 1             SHP Steam_Dis              0.003640      14266.69
17:46:10  INFO        [U4U LOOP]  AUXBOIL7_SHP STEAM         SynGas(Unshift)            2.876221     180684.20
17:46:10  INFO        [U4U LOOP]  AUXBOIL7_SHP STEAM         Boiler Feed Water          1.010000      63448.20
17:46:10  INFO        [U4U LOOP]  AUXBOIL7_SHP STEAM         Power_Dis                  3.850000     241857.00
17:46:10  INFO        [U4U LOOP]  AUXBOIL8_SHP STEAM         Boiler Feed Water          1.010000      65448.00
17:46:10  INFO        [U4U LOOP]  AUXBOIL8_SHP STEAM         Power_Dis                  3.850000     249480.00
17:46:10  INFO        [U4U LOOP]  HRSG1_C2_SHP STEAM         SynGas(Unshift)            3.376244     365174.55
17:46:10  INFO        [U4U LOOP]  HRSG1_C2_SHP STEAM         Boiler Feed Water          1.160000     125465.60
17:46:10  INFO        [U4U LOOP]  HRSG1_C2_SHP STEAM         Power_Dis                  0.285000      30825.60
17:46:10  INFO        [U4U LOOP]  HRSG2_C2_SHP STEAM         SynGas(Unshift)            3.357468     381408.36
17:46:10  INFO        [U4U LOOP]  HRSG2_C2_SHP STEAM         Boiler Feed Water          1.160000     131776.00
17:46:10  INFO        [U4U LOOP]  HRSG2_C2_SHP STEAM         Power_Dis                  0.285000      32376.00
17:46:10  INFO        [U4U LOOP]  Boiler Feed Water          D M Water                  0.900000     352844.06
17:46:10  INFO        [U4U LOOP]  Boiler Feed Water          LP Steam_Dis               0.100000      39204.90
17:46:10  INFO        [U4U LOOP]  Boiler Feed Water          Power_Dis                  8.100000    3175596.55
17:46:10  INFO        [U4U LOOP]  COMPRESED AIR_ASU          Power_Dis                  0.125000      90093.05
17:46:10  INFO        [U4U LOOP]  COMPRESSED AIR             COMPRESED AIR_ASU          0.051000     720744.77
17:46:10  INFO        [U4U LOOP]  COMPRESSED AIR             COMPRESSED AIR             0.002670      37733.11
17:46:10  INFO        [U4U LOOP]  COMPRESSED AIR             Power_Dis                  0.150000    2119837.56
17:46:10  INFO        [U4U LOOP]  Cooling Water              COMPRESSED AIR             0.974741     100006.46
17:46:10  INFO        [U4U LOOP]  Cooling Water              Effluent Treated           3.800000     389872.34
17:46:10  INFO        [U4U LOOP]  Cooling Water              Power_Dis                  210.900000   21637914.89
17:46:10  INFO        [U4U LOOP]  Cooling Water              SWRO WATER                 9.400000     964421.05
17:46:10  INFO        [U4U LOOP]  D M Water                  COMPRESSED AIR             0.049180      26449.16
17:46:10  INFO        [U4U LOOP]  D M Water                  NITROGEN_ASU               0.630000     338816.06
17:46:10  INFO        [U4U LOOP]  D M Water                  Power_Dis                  0.920000     494779.00
17:46:10  INFO        [U4U LOOP]  D M Water                  SWRO WATER                 1.150000     618473.76
17:46:10  INFO        [U4U LOOP]  Effluent Treated           COMPRESSED AIR             2.209302     861344.13
17:46:10  INFO        [U4U LOOP]  Effluent Treated           Cooling Water              0.000031         12.09
17:46:10  INFO        [U4U LOOP]  Effluent Treated           NITROGEN_ASU               0.005814       2266.71
17:46:10  INFO        [U4U LOOP]  Effluent Treated           Power_Dis                  3.200000    1247589.16
17:46:10  INFO        [U4U LOOP]  Effluent Treated           Utility Water              0.029070      11333.57
17:46:10  INFO        [U4U LOOP]  HP Steam PRDS              Boiler Feed Water          0.064000       1210.24
17:46:10  INFO        [U4U LOOP]  HP Steam PRDS              SHP Steam_Dis              0.936000      17699.79
17:46:10  INFO        [U4U LOOP]  LP Steam PRDS              Boiler Feed Water          0.055000       1258.79
17:46:10  INFO        [U4U LOOP]  LP Steam PRDS              MP Steam_Dis               0.945000      21628.26
17:46:10  INFO        [U4U LOOP]  MP Steam PRDS SHP          Boiler Feed Water          0.100000       3442.19
17:46:10  INFO        [U4U LOOP]  MP Steam PRDS SHP          HP Steam_Dis               0.900000      30979.73
17:46:10  INFO        [U4U LOOP]  NITROGEN_ASU               MP Steam_Dis               0.000021        278.94
17:46:10  INFO        [U4U LOOP]  NITROGEN_ASU               Power_Dis                  0.474260    6299436.94
17:46:10  INFO        [U4U LOOP]  NITROGEN_ASU               Ret steam condensate       -0.000011       -146.11
17:46:10  INFO        [U4U LOOP]  NITROGEN_ASU               Utility Water              0.001540      20455.30
17:46:10  INFO        [U4U LOOP]  Utility Water              COMPRESSED AIR             0.217390     339832.95
17:46:10  INFO        [U4U LOOP]  Utility Water              SWRO WATER                 1.100000    1719565.03
17:46:10  INFO        [U4U LOOP]  HP Steam_Dis               HP Steam PRDS              1.000000      18965.44
17:46:10  INFO        [U4U LOOP]  LP Steam_Dis               HRSG1_C2_LP STEAM          0.387271      24121.10
17:46:10  INFO        [U4U LOOP]  LP Steam_Dis               HRSG2_C2_LP STEAM          0.245271      15276.66
17:46:10  INFO        [U4U LOOP]  LP Steam_Dis               LP Steam PRDS              0.367458      22887.05
17:46:10  INFO        [U4U LOOP]  MP Steam_Dis               MP Steam PRDS SHP          1.000000      34448.76
17:46:10  INFO        [U4U LOOP]  SHP Steam_Dis              AUXBOIL7_SHP STEAM         0.226682      88777.35
17:46:10  INFO        [U4U LOOP]  SHP Steam_Dis              HRSG1_C2_SHP STEAM         0.473460     185425.06
17:46:10  INFO        [U4U LOOP]  SHP Steam_Dis              HRSG2_C2_SHP STEAM         0.299858     117435.87
17:46:10  INFO      
17:46:10  INFO        [U4U LOOP]  Not yet converged: 5 materials
17:46:10  INFO        [U4U LOOP]    AUXBOIL7_SHP STEAM              change=0.0123%
17:46:10  INFO        [U4U LOOP]    HP Steam PRDS                   change=0.2922%
17:46:10  INFO        [U4U LOOP]    HRSG1_C2_SHP STEAM              change=0.0123%
17:46:10  INFO        [U4U LOOP]    HRSG2_C2_SHP STEAM              change=0.0123%
17:46:10  INFO        [U4U LOOP]    MP Steam PRDS SHP               change=0.0779%
17:46:10  INFO      
17:46:15  INFO      
17:46:15  INFO        POWER SPINNING MARGIN CONFIG
17:46:15  INFO        Most efficient asset: JMD - C2-GTG 2 (fixed_max = 120.00 MW)
17:46:15  INFO        Required margin: 120.00 MW
17:46:15  INFO        Asset                          Max MW     Eff Max     Reserve
17:46:15  INFO        -------------------------  ----------  ----------  ----------
17:46:15  INFO        JMD - C2-GTG 1                 110.00       80.00       30.00
17:46:15  INFO        JMD - C2-GTG 2                 110.00      110.00        0.00 (excluded)
17:46:15  INFO        JMD - C2-STG 1                  93.00        3.00       90.00
17:46:15  INFO        TOTAL RESERVED                                         120.00
17:46:15  INFO        → Margin of 120.00 MW successfully reserved
17:46:15  INFO      
17:46:15  INFO        ==============================================================================
17:46:15  INFO        POWER DISPATCH  (April 2026)
17:46:15  INFO        ==============================================================================
17:46:15  INFO        Demand:  Process = 62526.31 MWh  |  Fixed = 56143.61 MWh  |  Total = 118669.92 MWh
17:46:15  INFO      
17:46:15  INFO        Step 1: Mandatory assets at MIN load, then optional if needed
17:46:15  INFO        Asset                      Priority   Man    Min MW    Max MW     Hours       Min MWh
17:46:15  INFO        -------------------------  --------  ----  --------  --------  --------  ------------
17:46:15  INFO        JMD - C2-GTG 1                    2     Y     80.00    110.00    676.00      54080.00
17:46:15  INFO        JMD - C2-GTG 2                    1     Y     80.00    110.00    710.00      56800.00
17:46:15  INFO        JMD - C2-STG 1                    1     Y      0.00     93.00    719.00          0.00
17:46:15  INFO        TOTAL MIN GENERATION                                                        110880.00
17:46:15  INFO      
17:46:15  INFO        ✓ Demand met exactly or within tolerance
17:46:15  INFO      
17:46:15  INFO        FINAL DISPATCH
17:46:15  INFO        Asset                      Priority   Dispatched MW  Dispatched MWh    Load %   Avg Load MW   Free Steam MT        Aux Norm   Aux Power MWh
17:46:15  INFO        -------------------------  --------  --------------  --------------  --------  ------------  --------------  --------------  --------------
17:46:15  INFO        JMD - C2-GTG 1                    2           80.00        54080.00     72.7%         80.00       106537.60        0.001350           73.01
17:46:15  INFO        JMD - C2-GTG 2                    1           85.45        60670.43     77.7%         85.45       119520.75        0.001350           81.91
17:46:15  INFO        JMD - C2-STG 1                    1            5.45         3919.49      5.9%          5.45            0.00        0.007050           27.63
17:46:15  INFO        TOTAL                                                     118669.92                               226058.35                          182.55
17:46:15  INFO      
17:46:15  INFO        ✓ POWER SPINNING MARGIN OK: 142.10 MW reserved (required: 120.00 MW)
17:46:15  INFO        ==============================================================================
17:46:18  INFO      
17:46:18  INFO        SPINNING MARGIN CONFIG
17:46:18  INFO        Required margin: 250.00 TPH
17:46:18  INFO        Asset                         Max TPH     Eff Max     Reserve
17:46:18  INFO        -------------------------  ----------  ----------  ----------
17:46:18  INFO        AUXBOIL7_SHP STEAM             220.00      161.49       58.51
17:46:18  INFO        AUXBOIL8_SHP STEAM             220.00      161.49       58.51
17:46:18  INFO        HRSG1_C2_SHP STEAM             250.00      183.51       66.49
17:46:18  INFO        HRSG2_C2_SHP STEAM             250.00      183.51       66.49
17:46:18  INFO        TOTAL RESERVED                                         250.00
17:46:18  INFO        → Margin of 250.00 TPH successfully reserved
17:46:18  INFO      
17:46:18  INFO        ==============================================================================
17:46:18  INFO        STEAM DISPATCH  (April 2026)
17:46:18  INFO        ==============================================================================
17:46:18  INFO        Grade      Process/Fixed MT  Letdown MT  Byproduct MT     Net Demand MT
17:46:18  INFO        ---------  ----------------  ----------  ------------  ----------------
17:46:18  INFO        LP                 62285.90    27425.69     -33264.00          29021.90
17:46:18  INFO        MP                 34449.20    55687.40          0.00          61874.89
17:46:18  INFO        HP                 18965.73    69875.33          0.00          74653.13
17:46:18  INFO        SHP               391639.48        0.00          0.00         461514.80
17:46:18  INFO      
17:46:18  INFO        Total Free Steam available: 226058.35 MT
17:46:18  INFO      
17:46:18  INFO        FINAL SUPPLEMENTARY FIRING DISPATCH
17:46:18  INFO        Asset                      Priority   Man     Min TPH     Max TPH     Hours  Dispatched TPH   Dispatched MT    Load %
17:46:18  INFO        -------------------------  --------  ----  ----------  ----------  --------  --------------  --------------  --------
17:46:18  INFO        AUXBOIL7_SHP STEAM                1     Y       90.00      220.00    698.00           90.00        62820.00     40.9%
17:46:18  INFO        AUXBOIL8_SHP STEAM                1     Y       90.00      220.00    720.00           90.00        64800.00     40.9%
17:46:18  INFO        HRSG1_C2_SHP STEAM                2     Y      160.00      250.00    676.00          160.00       108160.00     64.0%
17:46:18  INFO        HRSG2_C2_SHP STEAM                1     Y      160.00      250.00    710.00          160.00       113600.00     64.0%
17:46:18  INFO        TOTAL SUPPLEMENTARY                                                                         349380.00          
17:46:18  INFO        TOTAL STEAM GENERATED                                                                       575438.35          
17:46:18  INFO        ✓ Steam demand fully met with surplus of 113923.55 MT
17:46:18  INFO      
17:46:18  INFO        ✓ STEAM SPINNING MARGIN OK: 440.00 TPH reserved (required: 250.00 TPH)
17:46:18  INFO        ==============================================================================
17:46:18  INFO      
17:46:18  INFO        [U4U LOOP] ==============================================================================
17:46:18  INFO        [U4U LOOP]  ITERATION 13
17:46:18  INFO        [U4U LOOP] ==============================================================================
17:46:18  INFO        [U4U LOOP]  Power:  demand=     118669.92 MWh   gen=     118669.92 MWh
17:46:18  INFO        [U4U LOOP]  Steam:  gen=     575438.35 MT
17:46:18  INFO      
17:46:18  INFO        [U4U LOOP]  Utility (ODS Material)            Old Demand    New Demand    U4U Demand    Change %
17:46:18  INFO        [U4U LOOP]  ------------------------------  ------------  ------------  ------------  ----------
17:46:18  INFO        [U4U LOOP]  AUXBOIL7_SHP STEAM                  88766.46      88777.35      88777.62     0.0123%
17:46:18  INFO        [U4U LOOP]  Boiler Feed Water                  392048.96     392049.02     392055.25     0.0000%
17:46:18  INFO        [U4U LOOP]  COMPRESED AIR_ASU                  720744.38     720744.77     720745.48     0.0001%
17:46:18  INFO        [U4U LOOP]  COMPRESSED AIR                   14132250.41   14132264.27    1512248.65     0.0001%
17:46:18  INFO        [U4U LOOP]  Condensate                        -152646.00    -152646.00          0.00     0.0000%
17:46:18  INFO        [U4U LOOP]  Cooling Water                      102597.98     102598.11       2383.14     0.0001%
17:46:18  INFO        [U4U LOOP]  D M Water                          537803.27     537813.06     352844.12     0.0018%
17:46:18  INFO        [U4U LOOP]  Effluent Treated                   389871.61     389872.34     389872.80     0.0002%
17:46:18  INFO        [U4U LOOP]  HP Steam PRDS                       18910.03      18965.44      18965.73     0.2922%
17:46:18  INFO        [U4U LOOP]  HP Steam_Dis                        18965.44      18965.73      31003.88     0.0015%
17:46:18  INFO        [U4U LOOP]  HRSG1_C2_SHP STEAM                 185402.33     185425.06     185425.63     0.0123%
17:46:18  INFO        [U4U LOOP]  HRSG2_C2_SHP STEAM                 117421.47     117435.87     117436.23     0.0123%
17:46:18  INFO        [U4U LOOP]  LP Steam PRDS                       22887.05      22887.05      22887.45     0.0000%
17:46:18  INFO        [U4U LOOP]  LP Steam_Dis                        62284.81      62285.90      39204.90     0.0017%
17:46:18  INFO        [U4U LOOP]  MP Steam PRDS SHP                   34421.92      34448.76      34449.20     0.0779%
17:46:18  INFO        [U4U LOOP]  MP Steam_Dis                        34448.76      34449.20      21907.20     0.0013%
17:46:18  INFO        [U4U LOOP]  NITROGEN_ASU                     13282665.50   13282666.35     535611.74     0.0000%
17:46:18  INFO        [U4U LOOP]  Power_Dis                          118669.77     118669.92      35802.37     0.0001%
17:46:18  INFO        [U4U LOOP]  SHP Steam_Dis                      391638.28     391639.48      32018.60     0.0003%
17:46:18  INFO        [U4U LOOP]  Utility Water                     1563240.94    1563241.13      34428.16     0.0000%
17:46:18  INFO      
17:46:18  INFO        [U4U LOOP]  U4U CONSUMPTION BREAKDOWN (per producer per material):
17:46:18  INFO        [U4U LOOP]  Producer                   Material Consumed              Norm      Quantity
17:46:18  INFO        [U4U LOOP]  -------------------------  -------------------------  --------  ------------
17:46:18  INFO        [U4U LOOP]  JMD - C2-GTG 1             SynGas(Unshift)            0.004368     236221.44
17:46:18  INFO        [U4U LOOP]  JMD - C2-GTG 1             COMPRESSED AIR             0.001280      69222.40
17:46:18  INFO        [U4U LOOP]  JMD - C2-GTG 1             Cooling Water              0.000007        378.56
17:46:18  INFO        [U4U LOOP]  JMD - C2-GTG 1             NITROGEN_ASU               0.001660      89772.80
17:46:18  INFO        [U4U LOOP]  JMD - C2-GTG 1             Power_Dis                  0.001350      73008.00
17:46:18  INFO        [U4U LOOP]  JMD - C2-GTG 1             Utility Water              0.000023       1243.84
17:46:18  INFO        [U4U LOOP]  JMD - C2-GTG 2             SynGas(Unshift)            0.004485     272106.88
17:46:18  INFO        [U4U LOOP]  JMD - C2-GTG 2             COMPRESSED AIR             0.001280      77658.15
17:46:18  INFO        [U4U LOOP]  JMD - C2-GTG 2             Cooling Water              0.000007        424.69
17:46:18  INFO        [U4U LOOP]  JMD - C2-GTG 2             NITROGEN_ASU               0.001660     100712.91
17:46:18  INFO        [U4U LOOP]  JMD - C2-GTG 2             Power_Dis                  0.001350      81905.08
17:46:18  INFO        [U4U LOOP]  JMD - C2-GTG 2             Utility Water              0.000023       1395.42
17:46:18  INFO        [U4U LOOP]  JMD - C2-STG 1             Cooling Water              0.000400       1567.80
17:46:18  INFO        [U4U LOOP]  JMD - C2-STG 1             NITROGEN_ASU               0.001030       4037.07
17:46:18  INFO        [U4U LOOP]  JMD - C2-STG 1             Power_Dis                  0.007050      27632.40
17:46:18  INFO        [U4U LOOP]  JMD - C2-STG 1             SHP Steam_Dis              0.003640      14266.94
17:46:18  INFO        [U4U LOOP]  AUXBOIL7_SHP STEAM         SynGas(Unshift)            2.876221     180684.20
17:46:18  INFO        [U4U LOOP]  AUXBOIL7_SHP STEAM         Boiler Feed Water          1.010000      63448.20
17:46:18  INFO        [U4U LOOP]  AUXBOIL7_SHP STEAM         Power_Dis                  3.850000     241857.00
17:46:18  INFO        [U4U LOOP]  AUXBOIL8_SHP STEAM         Boiler Feed Water          1.010000      65448.00
17:46:18  INFO        [U4U LOOP]  AUXBOIL8_SHP STEAM         Power_Dis                  3.850000     249480.00
17:46:18  INFO        [U4U LOOP]  HRSG1_C2_SHP STEAM         SynGas(Unshift)            3.376244     365174.55
17:46:18  INFO        [U4U LOOP]  HRSG1_C2_SHP STEAM         Boiler Feed Water          1.160000     125465.60
17:46:18  INFO        [U4U LOOP]  HRSG1_C2_SHP STEAM         Power_Dis                  0.285000      30825.60
17:46:18  INFO        [U4U LOOP]  HRSG2_C2_SHP STEAM         SynGas(Unshift)            3.357468     381408.36
17:46:18  INFO        [U4U LOOP]  HRSG2_C2_SHP STEAM         Boiler Feed Water          1.160000     131776.00
17:46:18  INFO        [U4U LOOP]  HRSG2_C2_SHP STEAM         Power_Dis                  0.285000      32376.00
17:46:18  INFO        [U4U LOOP]  Boiler Feed Water          D M Water                  0.900000     352844.12
17:46:18  INFO        [U4U LOOP]  Boiler Feed Water          LP Steam_Dis               0.100000      39204.90
17:46:18  INFO        [U4U LOOP]  Boiler Feed Water          Power_Dis                  8.100000    3175597.07
17:46:18  INFO        [U4U LOOP]  COMPRESED AIR_ASU          Power_Dis                  0.125000      90093.10
17:46:18  INFO        [U4U LOOP]  COMPRESSED AIR             COMPRESED AIR_ASU          0.051000     720745.48
17:46:18  INFO        [U4U LOOP]  COMPRESSED AIR             COMPRESSED AIR             0.002670      37733.15
17:46:18  INFO        [U4U LOOP]  COMPRESSED AIR             Power_Dis                  0.150000    2119839.64
17:46:18  INFO        [U4U LOOP]  Cooling Water              COMPRESSED AIR             0.974741     100006.58
17:46:18  INFO        [U4U LOOP]  Cooling Water              Effluent Treated           3.800000     389872.80
17:46:18  INFO        [U4U LOOP]  Cooling Water              Power_Dis                  210.900000   21637940.65
17:46:18  INFO        [U4U LOOP]  Cooling Water              SWRO WATER                 9.400000     964422.20
17:46:18  INFO        [U4U LOOP]  D M Water                  COMPRESSED AIR             0.049180      26449.65
17:46:18  INFO        [U4U LOOP]  D M Water                  NITROGEN_ASU               0.630000     338822.23
17:46:18  INFO        [U4U LOOP]  D M Water                  Power_Dis                  0.920000     494788.02
17:46:18  INFO        [U4U LOOP]  D M Water                  SWRO WATER                 1.150000     618485.02
17:46:18  INFO        [U4U LOOP]  Effluent Treated           COMPRESSED AIR             2.209302     861345.74
17:46:18  INFO        [U4U LOOP]  Effluent Treated           Cooling Water              0.000031         12.09
17:46:18  INFO        [U4U LOOP]  Effluent Treated           NITROGEN_ASU               0.005814       2266.72
17:46:18  INFO        [U4U LOOP]  Effluent Treated           Power_Dis                  3.200000    1247591.49
17:46:18  INFO        [U4U LOOP]  Effluent Treated           Utility Water              0.029070      11333.59
17:46:18  INFO        [U4U LOOP]  HP Steam PRDS              Boiler Feed Water          0.064000       1213.79
17:46:18  INFO        [U4U LOOP]  HP Steam PRDS              SHP Steam_Dis              0.936000      17751.65
17:46:18  INFO        [U4U LOOP]  LP Steam PRDS              Boiler Feed Water          0.055000       1258.79
17:46:18  INFO        [U4U LOOP]  LP Steam PRDS              MP Steam_Dis               0.945000      21628.26
17:46:18  INFO        [U4U LOOP]  MP Steam PRDS SHP          Boiler Feed Water          0.100000       3444.88
17:46:18  INFO        [U4U LOOP]  MP Steam PRDS SHP          HP Steam_Dis               0.900000      31003.88
17:46:18  INFO        [U4U LOOP]  NITROGEN_ASU               MP Steam_Dis               0.000021        278.94
17:46:18  INFO        [U4U LOOP]  NITROGEN_ASU               Power_Dis                  0.474260    6299437.35
17:46:18  INFO        [U4U LOOP]  NITROGEN_ASU               Ret steam condensate       -0.000011       -146.11
17:46:18  INFO        [U4U LOOP]  NITROGEN_ASU               Utility Water              0.001540      20455.31
17:46:18  INFO        [U4U LOOP]  Utility Water              COMPRESSED AIR             0.217390     339832.99
17:46:18  INFO        [U4U LOOP]  Utility Water              SWRO WATER                 1.100000    1719565.24
17:46:18  INFO        [U4U LOOP]  HP Steam_Dis               HP Steam PRDS              1.000000      18965.73
17:46:18  INFO        [U4U LOOP]  LP Steam_Dis               HRSG1_C2_LP STEAM          0.387271      24121.52
17:46:18  INFO        [U4U LOOP]  LP Steam_Dis               HRSG2_C2_LP STEAM          0.245271      15276.92
17:46:18  INFO        [U4U LOOP]  LP Steam_Dis               LP Steam PRDS              0.367458      22887.45
17:46:18  INFO        [U4U LOOP]  MP Steam_Dis               MP Steam PRDS SHP          1.000000      34449.20
17:46:18  INFO        [U4U LOOP]  SHP Steam_Dis              AUXBOIL7_SHP STEAM         0.226682      88777.62
17:46:18  INFO        [U4U LOOP]  SHP Steam_Dis              HRSG1_C2_SHP STEAM         0.473460     185425.63
17:46:18  INFO        [U4U LOOP]  SHP Steam_Dis              HRSG2_C2_SHP STEAM         0.299858     117436.23
17:46:18  INFO      
17:46:18  INFO        [U4U LOOP]  Not yet converged: 2 materials
17:46:18  INFO        [U4U LOOP]    HP Steam_Dis                    change=0.0779%
17:46:18  INFO        [U4U LOOP]    SHP Steam_Dis                   change=0.1628%
17:46:18  INFO      
17:46:22  INFO      
17:46:22  INFO        POWER SPINNING MARGIN CONFIG
17:46:22  INFO        Most efficient asset: JMD - C2-GTG 2 (fixed_max = 120.00 MW)
17:46:22  INFO        Required margin: 120.00 MW
17:46:22  INFO        Asset                          Max MW     Eff Max     Reserve
17:46:22  INFO        -------------------------  ----------  ----------  ----------
17:46:22  INFO        JMD - C2-GTG 1                 110.00       80.00       30.00
17:46:22  INFO        JMD - C2-GTG 2                 110.00      110.00        0.00 (excluded)
17:46:22  INFO        JMD - C2-STG 1                  93.00        3.00       90.00
17:46:22  INFO        TOTAL RESERVED                                         120.00
17:46:22  INFO        → Margin of 120.00 MW successfully reserved
17:46:22  INFO      
17:46:22  INFO        ==============================================================================
17:46:22  INFO        POWER DISPATCH  (April 2026)
17:46:22  INFO        ==============================================================================
17:46:22  INFO        Demand:  Process = 62526.31 MWh  |  Fixed = 56143.65 MWh  |  Total = 118669.96 MWh
17:46:22  INFO      
17:46:22  INFO        Step 1: Mandatory assets at MIN load, then optional if needed
17:46:22  INFO        Asset                      Priority   Man    Min MW    Max MW     Hours       Min MWh
17:46:22  INFO        -------------------------  --------  ----  --------  --------  --------  ------------
17:46:22  INFO        JMD - C2-GTG 1                    2     Y     80.00    110.00    676.00      54080.00
17:46:22  INFO        JMD - C2-GTG 2                    1     Y     80.00    110.00    710.00      56800.00
17:46:22  INFO        JMD - C2-STG 1                    1     Y      0.00     93.00    719.00          0.00
17:46:22  INFO        TOTAL MIN GENERATION                                                        110880.00
17:46:22  INFO      
17:46:22  INFO        ⚠ DEFICIT: MAX generation (118669.96 MWh) BELOW demand (118669.96 MWh)
17:46:22  INFO          Deficit = 0.00 MWh
17:46:22  INFO      
17:46:22  INFO        FINAL DISPATCH
17:46:22  INFO        Asset                      Priority   Dispatched MW  Dispatched MWh    Load %   Avg Load MW   Free Steam MT        Aux Norm   Aux Power MWh
17:46:22  INFO        -------------------------  --------  --------------  --------------  --------  ------------  --------------  --------------  --------------
17:46:22  INFO        JMD - C2-GTG 1                    2           80.00        54080.00     72.7%         80.00       106537.60        0.001350           73.01
17:46:22  INFO        JMD - C2-GTG 2                    1           85.45        60670.45     77.7%         85.45       119520.79        0.001350           81.91
17:46:22  INFO        JMD - C2-STG 1                    1            5.45         3919.51      5.9%          5.45            0.00        0.007050           27.63
17:46:22  INFO        TOTAL                                                     118669.96                               226058.39                          182.55
17:46:22  INFO      
17:46:22  INFO        ✓ POWER SPINNING MARGIN OK: 142.10 MW reserved (required: 120.00 MW)
17:46:22  INFO        ==============================================================================
17:46:25  INFO      
17:46:25  INFO        SPINNING MARGIN CONFIG
17:46:25  INFO        Required margin: 250.00 TPH
17:46:25  INFO        Asset                         Max TPH     Eff Max     Reserve
17:46:25  INFO        -------------------------  ----------  ----------  ----------
17:46:25  INFO        AUXBOIL7_SHP STEAM             220.00      161.49       58.51
17:46:25  INFO        AUXBOIL8_SHP STEAM             220.00      161.49       58.51
17:46:25  INFO        HRSG1_C2_SHP STEAM             250.00      183.51       66.49
17:46:25  INFO        HRSG2_C2_SHP STEAM             250.00      183.51       66.49
17:46:25  INFO        TOTAL RESERVED                                         250.00
17:46:25  INFO        → Margin of 250.00 TPH successfully reserved
17:46:25  INFO      
17:46:25  INFO        ==============================================================================
17:46:25  INFO        STEAM DISPATCH  (April 2026)
17:46:25  INFO        ==============================================================================
17:46:25  INFO        Grade      Process/Fixed MT  Letdown MT  Byproduct MT     Net Demand MT
17:46:25  INFO        ---------  ----------------  ----------  ------------  ----------------
17:46:25  INFO        LP                 62285.90    27425.70     -33264.00          29021.90
17:46:25  INFO        MP                 34449.20    55687.41          0.00          61874.90
17:46:25  INFO        HP                 18989.88    69897.94          0.00          74677.29
17:46:25  INFO        SHP               391691.60        0.00          0.00         461589.54
17:46:25  INFO      
17:46:25  INFO        Total Free Steam available: 226058.39 MT
17:46:25  INFO      
17:46:25  INFO        FINAL SUPPLEMENTARY FIRING DISPATCH
17:46:25  INFO        Asset                      Priority   Man     Min TPH     Max TPH     Hours  Dispatched TPH   Dispatched MT    Load %
17:46:25  INFO        -------------------------  --------  ----  ----------  ----------  --------  --------------  --------------  --------
17:46:25  INFO        AUXBOIL7_SHP STEAM                1     Y       90.00      220.00    698.00           90.00        62820.00     40.9%
17:46:25  INFO        AUXBOIL8_SHP STEAM                1     Y       90.00      220.00    720.00           90.00        64800.00     40.9%
17:46:25  INFO        HRSG1_C2_SHP STEAM                2     Y      160.00      250.00    676.00          160.00       108160.00     64.0%
17:46:25  INFO        HRSG2_C2_SHP STEAM                1     Y      160.00      250.00    710.00          160.00       113600.00     64.0%
17:46:25  INFO        TOTAL SUPPLEMENTARY                                                                         349380.00          
17:46:25  INFO        TOTAL STEAM GENERATED                                                                       575438.39          
17:46:25  INFO        ✓ Steam demand fully met with surplus of 113848.85 MT
17:46:25  INFO      
17:46:25  INFO        ✓ STEAM SPINNING MARGIN OK: 440.00 TPH reserved (required: 250.00 TPH)
17:46:25  INFO        ==============================================================================
17:46:25  INFO      
17:46:25  INFO        [U4U LOOP] ==============================================================================
17:46:25  INFO        [U4U LOOP]  ITERATION 14
17:46:25  INFO        [U4U LOOP] ==============================================================================
17:46:25  INFO        [U4U LOOP]  Power:  demand=     118669.96 MWh   gen=     118669.96 MWh
17:46:25  INFO        [U4U LOOP]  Steam:  gen=     575438.39 MT
17:46:25  INFO      
17:46:25  INFO        [U4U LOOP]  Utility (ODS Material)            Old Demand    New Demand    U4U Demand    Change %
17:46:25  INFO        [U4U LOOP]  ------------------------------  ------------  ------------  ------------  ----------
17:46:25  INFO        [U4U LOOP]  AUXBOIL7_SHP STEAM                  88777.35      88777.62      88789.43     0.0003%
17:46:25  INFO        [U4U LOOP]  Boiler Feed Water                  392049.02     392055.25     392055.34     0.0016%
17:46:25  INFO        [U4U LOOP]  COMPRESED AIR_ASU                  720744.77     720745.48     720745.60     0.0001%
17:46:25  INFO        [U4U LOOP]  COMPRESSED AIR                   14132264.27   14132266.65    1512249.75     0.0000%
17:46:25  INFO        [U4U LOOP]  Condensate                        -152646.00    -152646.00          0.00     0.0000%
17:46:25  INFO        [U4U LOOP]  Cooling Water                      102598.11     102598.14       2383.14     0.0000%
17:46:25  INFO        [U4U LOOP]  D M Water                          537813.06     537813.12     352849.73     0.0000%
17:46:25  INFO        [U4U LOOP]  Effluent Treated                   389872.34     389872.80     389872.91     0.0001%
17:46:25  INFO        [U4U LOOP]  HP Steam PRDS                       18965.44      18965.73      18989.88     0.0015%
17:46:25  INFO        [U4U LOOP]  HP Steam_Dis                        18965.73      18989.88      31004.28     0.1272%
17:46:25  INFO        [U4U LOOP]  HRSG1_C2_SHP STEAM                 185425.06     185425.63     185450.30     0.0003%
17:46:25  INFO        [U4U LOOP]  HRSG2_C2_SHP STEAM                 117435.87     117436.23     117451.86     0.0003%
17:46:25  INFO        [U4U LOOP]  LP Steam PRDS                       22887.05      22887.45      22887.45     0.0017%
17:46:25  INFO        [U4U LOOP]  LP Steam_Dis                        62285.90      62285.90      39205.53     0.0000%
17:46:25  INFO        [U4U LOOP]  MP Steam PRDS SHP                   34448.76      34449.20      34449.20     0.0013%
17:46:25  INFO        [U4U LOOP]  MP Steam_Dis                        34449.20      34449.20      21907.58     0.0000%
17:46:25  INFO        [U4U LOOP]  NITROGEN_ASU                     13282666.35   13282672.74     535611.83     0.0000%
17:46:25  INFO        [U4U LOOP]  Power_Dis                          118669.92     118669.96      35802.43     0.0000%
17:46:25  INFO        [U4U LOOP]  SHP Steam_Dis                      391639.48     391691.60      32018.94     0.0133%
17:46:25  INFO        [U4U LOOP]  Utility Water                     1563241.13    1563241.16      34428.18     0.0000%
17:46:25  INFO      
17:46:25  INFO        [U4U LOOP]  U4U CONSUMPTION BREAKDOWN (per producer per material):
17:46:25  INFO        [U4U LOOP]  Producer                   Material Consumed              Norm      Quantity
17:46:25  INFO        [U4U LOOP]  -------------------------  -------------------------  --------  ------------
17:46:25  INFO        [U4U LOOP]  JMD - C2-GTG 1             SynGas(Unshift)            0.004368     236221.44
17:46:25  INFO        [U4U LOOP]  JMD - C2-GTG 1             COMPRESSED AIR             0.001280      69222.40
17:46:25  INFO        [U4U LOOP]  JMD - C2-GTG 1             Cooling Water              0.000007        378.56
17:46:25  INFO        [U4U LOOP]  JMD - C2-GTG 1             NITROGEN_ASU               0.001660      89772.80
17:46:25  INFO        [U4U LOOP]  JMD - C2-GTG 1             Power_Dis                  0.001350      73008.00
17:46:25  INFO        [U4U LOOP]  JMD - C2-GTG 1             Utility Water              0.000023       1243.84
17:46:25  INFO        [U4U LOOP]  JMD - C2-GTG 2             SynGas(Unshift)            0.004485     272106.97
17:46:25  INFO        [U4U LOOP]  JMD - C2-GTG 2             COMPRESSED AIR             0.001280      77658.18
17:46:25  INFO        [U4U LOOP]  JMD - C2-GTG 2             Cooling Water              0.000007        424.69
17:46:25  INFO        [U4U LOOP]  JMD - C2-GTG 2             NITROGEN_ASU               0.001660     100712.95
17:46:25  INFO        [U4U LOOP]  JMD - C2-GTG 2             Power_Dis                  0.001350      81905.11
17:46:25  INFO        [U4U LOOP]  JMD - C2-GTG 2             Utility Water              0.000023       1395.42
17:46:25  INFO        [U4U LOOP]  JMD - C2-STG 1             Cooling Water              0.000400       1567.80
17:46:25  INFO        [U4U LOOP]  JMD - C2-STG 1             NITROGEN_ASU               0.001030       4037.10
17:46:25  INFO        [U4U LOOP]  JMD - C2-STG 1             Power_Dis                  0.007050      27632.55
17:46:25  INFO        [U4U LOOP]  JMD - C2-STG 1             SHP Steam_Dis              0.003640      14267.02
17:46:25  INFO        [U4U LOOP]  AUXBOIL7_SHP STEAM         SynGas(Unshift)            2.876221     180684.20
17:46:25  INFO        [U4U LOOP]  AUXBOIL7_SHP STEAM         Boiler Feed Water          1.010000      63448.20
17:46:25  INFO        [U4U LOOP]  AUXBOIL7_SHP STEAM         Power_Dis                  3.850000     241857.00
17:46:25  INFO        [U4U LOOP]  AUXBOIL8_SHP STEAM         Boiler Feed Water          1.010000      65448.00
17:46:25  INFO        [U4U LOOP]  AUXBOIL8_SHP STEAM         Power_Dis                  3.850000     249480.00
17:46:25  INFO        [U4U LOOP]  HRSG1_C2_SHP STEAM         SynGas(Unshift)            3.376244     365174.55
17:46:25  INFO        [U4U LOOP]  HRSG1_C2_SHP STEAM         Boiler Feed Water          1.160000     125465.60
17:46:25  INFO        [U4U LOOP]  HRSG1_C2_SHP STEAM         Power_Dis                  0.285000      30825.60
17:46:25  INFO        [U4U LOOP]  HRSG2_C2_SHP STEAM         SynGas(Unshift)            3.357468     381408.36
17:46:25  INFO        [U4U LOOP]  HRSG2_C2_SHP STEAM         Boiler Feed Water          1.160000     131776.00
17:46:25  INFO        [U4U LOOP]  HRSG2_C2_SHP STEAM         Power_Dis                  0.285000      32376.00
17:46:25  INFO        [U4U LOOP]  Boiler Feed Water          D M Water                  0.900000     352849.73
17:46:25  INFO        [U4U LOOP]  Boiler Feed Water          LP Steam_Dis               0.100000      39205.53
17:46:25  INFO        [U4U LOOP]  Boiler Feed Water          Power_Dis                  8.100000    3175647.54
17:46:25  INFO        [U4U LOOP]  COMPRESED AIR_ASU          Power_Dis                  0.125000      90093.18
17:46:25  INFO        [U4U LOOP]  COMPRESSED AIR             COMPRESED AIR_ASU          0.051000     720745.60
17:46:25  INFO        [U4U LOOP]  COMPRESSED AIR             COMPRESSED AIR             0.002670      37733.15
17:46:25  INFO        [U4U LOOP]  COMPRESSED AIR             Power_Dis                  0.150000    2119840.00
17:46:25  INFO        [U4U LOOP]  Cooling Water              COMPRESSED AIR             0.974741     100006.61
17:46:25  INFO        [U4U LOOP]  Cooling Water              Effluent Treated           3.800000     389872.91
17:46:25  INFO        [U4U LOOP]  Cooling Water              Power_Dis                  210.900000   21637946.68
17:46:25  INFO        [U4U LOOP]  Cooling Water              SWRO WATER                 9.400000     964422.47
17:46:25  INFO        [U4U LOOP]  D M Water                  COMPRESSED AIR             0.049180      26449.65
17:46:25  INFO        [U4U LOOP]  D M Water                  NITROGEN_ASU               0.630000     338822.27
17:46:25  INFO        [U4U LOOP]  D M Water                  Power_Dis                  0.920000     494788.07
17:46:25  INFO        [U4U LOOP]  D M Water                  SWRO WATER                 1.150000     618485.09
17:46:25  INFO        [U4U LOOP]  Effluent Treated           COMPRESSED AIR             2.209302     861346.77
17:46:25  INFO        [U4U LOOP]  Effluent Treated           Cooling Water              0.000031         12.09
17:46:25  INFO        [U4U LOOP]  Effluent Treated           NITROGEN_ASU               0.005814       2266.72
17:46:25  INFO        [U4U LOOP]  Effluent Treated           Power_Dis                  3.200000    1247592.97
17:46:25  INFO        [U4U LOOP]  Effluent Treated           Utility Water              0.029070      11333.60
17:46:25  INFO        [U4U LOOP]  HP Steam PRDS              Boiler Feed Water          0.064000       1213.81
17:46:25  INFO        [U4U LOOP]  HP Steam PRDS              SHP Steam_Dis              0.936000      17751.92
17:46:25  INFO        [U4U LOOP]  LP Steam PRDS              Boiler Feed Water          0.055000       1258.81
17:46:25  INFO        [U4U LOOP]  LP Steam PRDS              MP Steam_Dis               0.945000      21628.64
17:46:25  INFO        [U4U LOOP]  MP Steam PRDS SHP          Boiler Feed Water          0.100000       3444.92
17:46:25  INFO        [U4U LOOP]  MP Steam PRDS SHP          HP Steam_Dis               0.900000      31004.28
17:46:25  INFO        [U4U LOOP]  NITROGEN_ASU               MP Steam_Dis               0.000021        278.94
17:46:25  INFO        [U4U LOOP]  NITROGEN_ASU               Power_Dis                  0.474260    6299440.37
17:46:25  INFO        [U4U LOOP]  NITROGEN_ASU               Ret steam condensate       -0.000011       -146.11
17:46:25  INFO        [U4U LOOP]  NITROGEN_ASU               Utility Water              0.001540      20455.32
17:46:25  INFO        [U4U LOOP]  Utility Water              COMPRESSED AIR             0.217390     339832.99
17:46:25  INFO        [U4U LOOP]  Utility Water              SWRO WATER                 1.100000    1719565.27
17:46:25  INFO        [U4U LOOP]  HP Steam_Dis               HP Steam PRDS              1.000000      18989.88
17:46:25  INFO        [U4U LOOP]  LP Steam_Dis               HRSG1_C2_LP STEAM          0.387271      24121.52
17:46:25  INFO        [U4U LOOP]  LP Steam_Dis               HRSG2_C2_LP STEAM          0.245271      15276.93
17:46:25  INFO        [U4U LOOP]  LP Steam_Dis               LP Steam PRDS              0.367458      22887.45
17:46:25  INFO        [U4U LOOP]  MP Steam_Dis               MP Steam PRDS SHP          1.000000      34449.20
17:46:25  INFO        [U4U LOOP]  SHP Steam_Dis              AUXBOIL7_SHP STEAM         0.226682      88789.43
17:46:25  INFO        [U4U LOOP]  SHP Steam_Dis              HRSG1_C2_SHP STEAM         0.473460     185450.30
17:46:25  INFO        [U4U LOOP]  SHP Steam_Dis              HRSG2_C2_SHP STEAM         0.299858     117451.86
17:46:25  INFO      
17:46:25  INFO        [U4U LOOP]  Not yet converged: 4 materials
17:46:25  INFO        [U4U LOOP]    AUXBOIL7_SHP STEAM              change=0.0133%
17:46:25  INFO        [U4U LOOP]    HP Steam PRDS                   change=0.1272%
17:46:25  INFO        [U4U LOOP]    HRSG1_C2_SHP STEAM              change=0.0133%
17:46:25  INFO        [U4U LOOP]    HRSG2_C2_SHP STEAM              change=0.0133%
17:46:25  INFO      
17:46:29  INFO      
17:46:29  INFO        POWER SPINNING MARGIN CONFIG
17:46:29  INFO        Most efficient asset: JMD - C2-GTG 2 (fixed_max = 120.00 MW)
17:46:29  INFO        Required margin: 120.00 MW
17:46:29  INFO        Asset                          Max MW     Eff Max     Reserve
17:46:29  INFO        -------------------------  ----------  ----------  ----------
17:46:29  INFO        JMD - C2-GTG 1                 110.00       80.00       30.00
17:46:29  INFO        JMD - C2-GTG 2                 110.00      110.00        0.00 (excluded)
17:46:29  INFO        JMD - C2-STG 1                  93.00        3.00       90.00
17:46:29  INFO        TOTAL RESERVED                                         120.00
17:46:29  INFO        → Margin of 120.00 MW successfully reserved
17:46:29  INFO      
17:46:29  INFO        ==============================================================================
17:46:29  INFO        POWER DISPATCH  (April 2026)
17:46:29  INFO        ==============================================================================
17:46:29  INFO        Demand:  Process = 62526.31 MWh  |  Fixed = 56143.72 MWh  |  Total = 118670.03 MWh
17:46:29  INFO      
17:46:29  INFO        Step 1: Mandatory assets at MIN load, then optional if needed
17:46:29  INFO        Asset                      Priority   Man    Min MW    Max MW     Hours       Min MWh
17:46:29  INFO        -------------------------  --------  ----  --------  --------  --------  ------------
17:46:29  INFO        JMD - C2-GTG 1                    2     Y     80.00    110.00    676.00      54080.00
17:46:29  INFO        JMD - C2-GTG 2                    1     Y     80.00    110.00    710.00      56800.00
17:46:29  INFO        JMD - C2-STG 1                    1     Y      0.00     93.00    719.00          0.00
17:46:29  INFO        TOTAL MIN GENERATION                                                        110880.00
17:46:29  INFO      
17:46:29  INFO        ⚠ SURPLUS: MIN generation (118670.03 MWh) EXCEEDS demand (118670.03 MWh)
17:46:29  INFO          Surplus = 0.00 MWh  (will be handled via export power in future)
17:46:29  INFO      
17:46:29  INFO        FINAL DISPATCH
17:46:29  INFO        Asset                      Priority   Dispatched MW  Dispatched MWh    Load %   Avg Load MW   Free Steam MT        Aux Norm   Aux Power MWh
17:46:29  INFO        -------------------------  --------  --------------  --------------  --------  ------------  --------------  --------------  --------------
17:46:29  INFO        JMD - C2-GTG 1                    2           80.00        54080.00     72.7%         80.00       106537.60        0.001350           73.01
17:46:29  INFO        JMD - C2-GTG 2                    1           85.45        60670.48     77.7%         85.45       119520.85        0.001350           81.91
17:46:29  INFO        JMD - C2-STG 1                    1            5.45         3919.55      5.9%          5.45            0.00        0.007050           27.63
17:46:29  INFO        TOTAL                                                     118670.03                               226058.45                          182.55
17:46:29  INFO      
17:46:29  INFO        ✓ POWER SPINNING MARGIN OK: 142.10 MW reserved (required: 120.00 MW)
17:46:29  INFO        ==============================================================================
17:46:32  INFO      
17:46:32  INFO        SPINNING MARGIN CONFIG
17:46:32  INFO        Required margin: 250.00 TPH
17:46:32  INFO        Asset                         Max TPH     Eff Max     Reserve
17:46:32  INFO        -------------------------  ----------  ----------  ----------
17:46:32  INFO        AUXBOIL7_SHP STEAM             220.00      161.49       58.51
17:46:32  INFO        AUXBOIL8_SHP STEAM             220.00      161.49       58.51
17:46:32  INFO        HRSG1_C2_SHP STEAM             250.00      183.51       66.49
17:46:32  INFO        HRSG2_C2_SHP STEAM             250.00      183.51       66.49
17:46:32  INFO        TOTAL RESERVED                                         250.00
17:46:32  INFO        → Margin of 250.00 TPH successfully reserved
17:46:32  INFO      
17:46:32  INFO        ==============================================================================
17:46:32  INFO        STEAM DISPATCH  (April 2026)
17:46:32  INFO        ==============================================================================
17:46:32  INFO        Grade      Process/Fixed MT  Letdown MT  Byproduct MT     Net Demand MT
17:46:32  INFO        ---------  ----------------  ----------  ------------  ----------------
17:46:32  INFO        LP                 62286.53    27426.29     -33264.00          29022.53
17:46:32  INFO        MP                 34449.58    55688.28          0.00          61875.86
17:46:32  INFO        HP                 18990.28    69899.13          0.00          74678.55
17:46:32  INFO        SHP               391691.94        0.00          0.00         461591.06
17:46:32  INFO      
17:46:32  INFO        Total Free Steam available: 226058.45 MT
17:46:32  INFO      
17:46:32  INFO        FINAL SUPPLEMENTARY FIRING DISPATCH
17:46:32  INFO        Asset                      Priority   Man     Min TPH     Max TPH     Hours  Dispatched TPH   Dispatched MT    Load %
17:46:32  INFO        -------------------------  --------  ----  ----------  ----------  --------  --------------  --------------  --------
17:46:32  INFO        AUXBOIL7_SHP STEAM                1     Y       90.00      220.00    698.00           90.00        62820.00     40.9%
17:46:32  INFO        AUXBOIL8_SHP STEAM                1     Y       90.00      220.00    720.00           90.00        64800.00     40.9%
17:46:32  INFO        HRSG1_C2_SHP STEAM                2     Y      160.00      250.00    676.00          160.00       108160.00     64.0%
17:46:32  INFO        HRSG2_C2_SHP STEAM                1     Y      160.00      250.00    710.00          160.00       113600.00     64.0%
17:46:32  INFO        TOTAL SUPPLEMENTARY                                                                         349380.00          
17:46:32  INFO        TOTAL STEAM GENERATED                                                                       575438.45          
17:46:32  INFO        ✓ Steam demand fully met with surplus of 113847.39 MT
17:46:32  INFO      
17:46:32  INFO        ✓ STEAM SPINNING MARGIN OK: 440.00 TPH reserved (required: 250.00 TPH)
17:46:32  INFO        ==============================================================================
17:46:32  INFO      
17:46:32  INFO        [U4U LOOP] ==============================================================================
17:46:32  INFO        [U4U LOOP]  ITERATION 15
17:46:32  INFO        [U4U LOOP] ==============================================================================
17:46:32  INFO        [U4U LOOP]  Power:  demand=     118670.03 MWh   gen=     118670.03 MWh
17:46:32  INFO        [U4U LOOP]  Steam:  gen=     575438.45 MT
17:46:32  INFO      
17:46:32  INFO        [U4U LOOP]  Utility (ODS Material)            Old Demand    New Demand    U4U Demand    Change %
17:46:32  INFO        [U4U LOOP]  ------------------------------  ------------  ------------  ------------  ----------
17:46:32  INFO        [U4U LOOP]  AUXBOIL7_SHP STEAM                  88777.62      88789.43      88789.51     0.0133%
17:46:32  INFO        [U4U LOOP]  Boiler Feed Water                  392055.25     392055.34     392056.88     0.0000%
17:46:32  INFO        [U4U LOOP]  COMPRESED AIR_ASU                  720745.48     720745.60     720745.66     0.0000%
17:46:32  INFO        [U4U LOOP]  COMPRESSED AIR                   14132266.65   14132267.75    1512250.32     0.0000%
17:46:32  INFO        [U4U LOOP]  Condensate                        -152646.00    -152646.00          0.00     0.0000%
17:46:32  INFO        [U4U LOOP]  Cooling Water                      102598.14     102598.14       2383.16     0.0000%
17:46:32  INFO        [U4U LOOP]  D M Water                          537813.12     537818.73     352849.80     0.0010%
17:46:32  INFO        [U4U LOOP]  Effluent Treated                   389872.80     389872.91     389872.94     0.0000%
17:46:32  INFO        [U4U LOOP]  HP Steam PRDS                       18965.73      18989.88      18990.28     0.1272%
17:46:32  INFO        [U4U LOOP]  HP Steam_Dis                        18989.88      18990.28      31004.28     0.0021%
17:46:32  INFO        [U4U LOOP]  HRSG1_C2_SHP STEAM                 185425.63     185450.30     185450.46     0.0133%
17:46:32  INFO        [U4U LOOP]  HRSG2_C2_SHP STEAM                 117436.23     117451.86     117451.96     0.0133%
17:46:32  INFO        [U4U LOOP]  LP Steam PRDS                       22887.45      22887.45      22887.68     0.0000%
17:46:32  INFO        [U4U LOOP]  LP Steam_Dis                        62285.90      62286.53      39205.53     0.0010%
17:46:32  INFO        [U4U LOOP]  MP Steam PRDS SHP                   34449.20      34449.20      34449.58     0.0000%
17:46:32  INFO        [U4U LOOP]  MP Steam_Dis                        34449.20      34449.58      21907.58     0.0011%
17:46:32  INFO        [U4U LOOP]  NITROGEN_ASU                     13282672.74   13282672.83     535615.45     0.0000%
17:46:32  INFO        [U4U LOOP]  Power_Dis                          118669.96     118670.03      35802.44     0.0001%
17:46:32  INFO        [U4U LOOP]  SHP Steam_Dis                      391691.60     391691.94      32041.69     0.0001%
17:46:32  INFO        [U4U LOOP]  Utility Water                     1563241.16    1563241.18      34428.18     0.0000%
17:46:32  INFO      
17:46:32  INFO        [U4U LOOP]  U4U CONSUMPTION BREAKDOWN (per producer per material):
17:46:32  INFO        [U4U LOOP]  Producer                   Material Consumed              Norm      Quantity
17:46:32  INFO        [U4U LOOP]  -------------------------  -------------------------  --------  ------------
17:46:32  INFO        [U4U LOOP]  JMD - C2-GTG 1             SynGas(Unshift)            0.004368     236221.44
17:46:32  INFO        [U4U LOOP]  JMD - C2-GTG 1             COMPRESSED AIR             0.001280      69222.40
17:46:32  INFO        [U4U LOOP]  JMD - C2-GTG 1             Cooling Water              0.000007        378.56
17:46:32  INFO        [U4U LOOP]  JMD - C2-GTG 1             NITROGEN_ASU               0.001660      89772.80
17:46:32  INFO        [U4U LOOP]  JMD - C2-GTG 1             Power_Dis                  0.001350      73008.00
17:46:32  INFO        [U4U LOOP]  JMD - C2-GTG 1             Utility Water              0.000023       1243.84
17:46:32  INFO        [U4U LOOP]  JMD - C2-GTG 2             SynGas(Unshift)            0.004485     272107.10
17:46:32  INFO        [U4U LOOP]  JMD - C2-GTG 2             COMPRESSED AIR             0.001280      77658.21
17:46:32  INFO        [U4U LOOP]  JMD - C2-GTG 2             Cooling Water              0.000007        424.69
17:46:32  INFO        [U4U LOOP]  JMD - C2-GTG 2             NITROGEN_ASU               0.001660     100713.00
17:46:32  INFO        [U4U LOOP]  JMD - C2-GTG 2             Power_Dis                  0.001350      81905.15
17:46:32  INFO        [U4U LOOP]  JMD - C2-GTG 2             Utility Water              0.000023       1395.42
17:46:32  INFO        [U4U LOOP]  JMD - C2-STG 1             Cooling Water              0.000400       1567.82
17:46:32  INFO        [U4U LOOP]  JMD - C2-STG 1             NITROGEN_ASU               0.001030       4037.14
17:46:32  INFO        [U4U LOOP]  JMD - C2-STG 1             Power_Dis                  0.007050      27632.83
17:46:32  INFO        [U4U LOOP]  JMD - C2-STG 1             SHP Steam_Dis              0.003640      14267.16
17:46:32  INFO        [U4U LOOP]  AUXBOIL7_SHP STEAM         SynGas(Unshift)            2.876221     180684.20
17:46:32  INFO        [U4U LOOP]  AUXBOIL7_SHP STEAM         Boiler Feed Water          1.010000      63448.20
17:46:32  INFO        [U4U LOOP]  AUXBOIL7_SHP STEAM         Power_Dis                  3.850000     241857.00
17:46:32  INFO        [U4U LOOP]  AUXBOIL8_SHP STEAM         Boiler Feed Water          1.010000      65448.00
17:46:32  INFO        [U4U LOOP]  AUXBOIL8_SHP STEAM         Power_Dis                  3.850000     249480.00
17:46:32  INFO        [U4U LOOP]  HRSG1_C2_SHP STEAM         SynGas(Unshift)            3.376244     365174.55
17:46:32  INFO        [U4U LOOP]  HRSG1_C2_SHP STEAM         Boiler Feed Water          1.160000     125465.60
17:46:32  INFO        [U4U LOOP]  HRSG1_C2_SHP STEAM         Power_Dis                  0.285000      30825.60
17:46:32  INFO        [U4U LOOP]  HRSG2_C2_SHP STEAM         SynGas(Unshift)            3.357468     381408.36
17:46:32  INFO        [U4U LOOP]  HRSG2_C2_SHP STEAM         Boiler Feed Water          1.160000     131776.00
17:46:32  INFO        [U4U LOOP]  HRSG2_C2_SHP STEAM         Power_Dis                  0.285000      32376.00
17:46:32  INFO        [U4U LOOP]  Boiler Feed Water          D M Water                  0.900000     352849.80
17:46:32  INFO        [U4U LOOP]  Boiler Feed Water          LP Steam_Dis               0.100000      39205.53
17:46:32  INFO        [U4U LOOP]  Boiler Feed Water          Power_Dis                  8.100000    3175648.22
17:46:32  INFO        [U4U LOOP]  COMPRESED AIR_ASU          Power_Dis                  0.125000      90093.20
17:46:32  INFO        [U4U LOOP]  COMPRESSED AIR             COMPRESED AIR_ASU          0.051000     720745.66
17:46:32  INFO        [U4U LOOP]  COMPRESSED AIR             COMPRESSED AIR             0.002670      37733.15
17:46:32  INFO        [U4U LOOP]  COMPRESSED AIR             Power_Dis                  0.150000    2119840.16
17:46:32  INFO        [U4U LOOP]  Cooling Water              COMPRESSED AIR             0.974741     100006.62
17:46:32  INFO        [U4U LOOP]  Cooling Water              Effluent Treated           3.800000     389872.94
17:46:32  INFO        [U4U LOOP]  Cooling Water              Power_Dis                  210.900000   21637948.40
17:46:32  INFO        [U4U LOOP]  Cooling Water              SWRO WATER                 9.400000     964422.55
17:46:32  INFO        [U4U LOOP]  D M Water                  COMPRESSED AIR             0.049180      26449.92
17:46:32  INFO        [U4U LOOP]  D M Water                  NITROGEN_ASU               0.630000     338825.80
17:46:32  INFO        [U4U LOOP]  D M Water                  Power_Dis                  0.920000     494793.23
17:46:32  INFO        [U4U LOOP]  D M Water                  SWRO WATER                 1.150000     618491.54
17:46:32  INFO        [U4U LOOP]  Effluent Treated           COMPRESSED AIR             2.209302     861347.01
17:46:32  INFO        [U4U LOOP]  Effluent Treated           Cooling Water              0.000031         12.09
17:46:32  INFO        [U4U LOOP]  Effluent Treated           NITROGEN_ASU               0.005814       2266.72
17:46:32  INFO        [U4U LOOP]  Effluent Treated           Power_Dis                  3.200000    1247593.32
17:46:32  INFO        [U4U LOOP]  Effluent Treated           Utility Water              0.029070      11333.61
17:46:32  INFO        [U4U LOOP]  HP Steam PRDS              Boiler Feed Water          0.064000       1215.35
17:46:32  INFO        [U4U LOOP]  HP Steam PRDS              SHP Steam_Dis              0.936000      17774.53
17:46:32  INFO        [U4U LOOP]  LP Steam PRDS              Boiler Feed Water          0.055000       1258.81
17:46:32  INFO        [U4U LOOP]  LP Steam PRDS              MP Steam_Dis               0.945000      21628.64
17:46:32  INFO        [U4U LOOP]  MP Steam PRDS SHP          Boiler Feed Water          0.100000       3444.92
17:46:32  INFO        [U4U LOOP]  MP Steam PRDS SHP          HP Steam_Dis               0.900000      31004.28
17:46:32  INFO        [U4U LOOP]  NITROGEN_ASU               MP Steam_Dis               0.000021        278.94
17:46:32  INFO        [U4U LOOP]  NITROGEN_ASU               Power_Dis                  0.474260    6299440.42
17:46:32  INFO        [U4U LOOP]  NITROGEN_ASU               Ret steam condensate       -0.000011       -146.11
17:46:32  INFO        [U4U LOOP]  NITROGEN_ASU               Utility Water              0.001540      20455.32
17:46:32  INFO        [U4U LOOP]  Utility Water              COMPRESSED AIR             0.217390     339833.00
17:46:32  INFO        [U4U LOOP]  Utility Water              SWRO WATER                 1.100000    1719565.30
17:46:32  INFO        [U4U LOOP]  HP Steam_Dis               HP Steam PRDS              1.000000      18990.28
17:46:32  INFO        [U4U LOOP]  LP Steam_Dis               HRSG1_C2_LP STEAM          0.387271      24121.76
17:46:32  INFO        [U4U LOOP]  LP Steam_Dis               HRSG2_C2_LP STEAM          0.245271      15277.08
17:46:32  INFO        [U4U LOOP]  LP Steam_Dis               LP Steam PRDS              0.367458      22887.68
17:46:32  INFO        [U4U LOOP]  MP Steam_Dis               MP Steam PRDS SHP          1.000000      34449.58
17:46:32  INFO        [U4U LOOP]  SHP Steam_Dis              AUXBOIL7_SHP STEAM         0.226682      88789.51
17:46:32  INFO        [U4U LOOP]  SHP Steam_Dis              HRSG1_C2_SHP STEAM         0.473460     185450.46
17:46:32  INFO        [U4U LOOP]  SHP Steam_Dis              HRSG2_C2_SHP STEAM         0.299858     117451.96
17:46:32  INFO      
17:46:32  INFO        [U4U LOOP]  Not yet converged: 1 materials
17:46:32  INFO        [U4U LOOP]    SHP Steam_Dis                   change=0.0710%
17:46:32  INFO      
17:46:35  INFO      
17:46:35  INFO        POWER SPINNING MARGIN CONFIG
17:46:35  INFO        Most efficient asset: JMD - C2-GTG 2 (fixed_max = 120.00 MW)
17:46:35  INFO        Required margin: 120.00 MW
17:46:35  INFO        Asset                          Max MW     Eff Max     Reserve
17:46:35  INFO        -------------------------  ----------  ----------  ----------
17:46:35  INFO        JMD - C2-GTG 1                 110.00       80.00       30.00
17:46:35  INFO        JMD - C2-GTG 2                 110.00      110.00        0.00 (excluded)
17:46:35  INFO        JMD - C2-STG 1                  93.00        3.00       90.00
17:46:35  INFO        TOTAL RESERVED                                         120.00
17:46:35  INFO        → Margin of 120.00 MW successfully reserved
17:46:35  INFO      
17:46:35  INFO        ==============================================================================
17:46:35  INFO        POWER DISPATCH  (April 2026)
17:46:35  INFO        ==============================================================================
17:46:35  INFO        Demand:  Process = 62526.31 MWh  |  Fixed = 56143.72 MWh  |  Total = 118670.03 MWh
17:46:35  INFO      
17:46:35  INFO        Step 1: Mandatory assets at MIN load, then optional if needed
17:46:35  INFO        Asset                      Priority   Man    Min MW    Max MW     Hours       Min MWh
17:46:35  INFO        -------------------------  --------  ----  --------  --------  --------  ------------
17:46:35  INFO        JMD - C2-GTG 1                    2     Y     80.00    110.00    676.00      54080.00
17:46:35  INFO        JMD - C2-GTG 2                    1     Y     80.00    110.00    710.00      56800.00
17:46:35  INFO        JMD - C2-STG 1                    1     Y      0.00     93.00    719.00          0.00
17:46:35  INFO        TOTAL MIN GENERATION                                                        110880.00
17:46:35  INFO      
17:46:35  INFO        ⚠ SURPLUS: MIN generation (118670.03 MWh) EXCEEDS demand (118670.03 MWh)
17:46:35  INFO          Surplus = 0.00 MWh  (will be handled via export power in future)
17:46:35  INFO      
17:46:36  INFO        FINAL DISPATCH
17:46:36  INFO        Asset                      Priority   Dispatched MW  Dispatched MWh    Load %   Avg Load MW   Free Steam MT        Aux Norm   Aux Power MWh
17:46:36  INFO        -------------------------  --------  --------------  --------------  --------  ------------  --------------  --------------  --------------
17:46:36  INFO        JMD - C2-GTG 1                    2           80.00        54080.00     72.7%         80.00       106537.60        0.001350           73.01
17:46:36  INFO        JMD - C2-GTG 2                    1           85.45        60670.48     77.7%         85.45       119520.85        0.001350           81.91
17:46:36  INFO        JMD - C2-STG 1                    1            5.45         3919.55      5.9%          5.45            0.00        0.007050           27.63
17:46:36  INFO        TOTAL                                                     118670.03                               226058.45                          182.55
17:46:36  INFO      
17:46:36  INFO        ✓ POWER SPINNING MARGIN OK: 142.10 MW reserved (required: 120.00 MW)
17:46:36  INFO        ==============================================================================
17:46:39  INFO      
17:46:39  INFO        SPINNING MARGIN CONFIG
17:46:39  INFO        Required margin: 250.00 TPH
17:46:39  INFO        Asset                         Max TPH     Eff Max     Reserve
17:46:39  INFO        -------------------------  ----------  ----------  ----------
17:46:39  INFO        AUXBOIL7_SHP STEAM             220.00      161.49       58.51
17:46:39  INFO        AUXBOIL8_SHP STEAM             220.00      161.49       58.51
17:46:39  INFO        HRSG1_C2_SHP STEAM             250.00      183.51       66.49
17:46:39  INFO        HRSG2_C2_SHP STEAM             250.00      183.51       66.49
17:46:39  INFO        TOTAL RESERVED                                         250.00
17:46:39  INFO        → Margin of 250.00 TPH successfully reserved
17:46:39  INFO      
17:46:39  INFO        ==============================================================================
17:46:39  INFO        STEAM DISPATCH  (April 2026)
17:46:39  INFO        ==============================================================================
17:46:39  INFO        Grade      Process/Fixed MT  Letdown MT  Byproduct MT     Net Demand MT
17:46:39  INFO        ---------  ----------------  ----------  ------------  ----------------
17:46:39  INFO        LP                 62286.53    27426.29     -33264.00          29022.53
17:46:39  INFO        MP                 34449.58    55688.29          0.00          61875.87
17:46:39  INFO        HP                 18990.28    69899.14          0.00          74678.57
17:46:39  INFO        SHP               391714.69        0.00          0.00         461613.83
17:46:39  INFO      
17:46:39  INFO        Total Free Steam available: 226058.45 MT
17:46:39  INFO      
17:46:39  INFO        FINAL SUPPLEMENTARY FIRING DISPATCH
17:46:39  INFO        Asset                      Priority   Man     Min TPH     Max TPH     Hours  Dispatched TPH   Dispatched MT    Load %
17:46:39  INFO        -------------------------  --------  ----  ----------  ----------  --------  --------------  --------------  --------
17:46:39  INFO        AUXBOIL7_SHP STEAM                1     Y       90.00      220.00    698.00           90.00        62820.00     40.9%
17:46:39  INFO        AUXBOIL8_SHP STEAM                1     Y       90.00      220.00    720.00           90.00        64800.00     40.9%
17:46:39  INFO        HRSG1_C2_SHP STEAM                2     Y      160.00      250.00    676.00          160.00       108160.00     64.0%
17:46:39  INFO        HRSG2_C2_SHP STEAM                1     Y      160.00      250.00    710.00          160.00       113600.00     64.0%
17:46:39  INFO        TOTAL SUPPLEMENTARY                                                                         349380.00          
17:46:39  INFO        TOTAL STEAM GENERATED                                                                       575438.45          
17:46:39  INFO        ✓ Steam demand fully met with surplus of 113824.62 MT
17:46:39  INFO      
17:46:39  INFO        ✓ STEAM SPINNING MARGIN OK: 440.00 TPH reserved (required: 250.00 TPH)
17:46:39  INFO        ==============================================================================
17:46:39  INFO      
17:46:39  INFO        [U4U LOOP] ==============================================================================
17:46:39  INFO        [U4U LOOP]  ITERATION 16
17:46:39  INFO        [U4U LOOP] ==============================================================================
17:46:39  INFO        [U4U LOOP]  Power:  demand=     118670.03 MWh   gen=     118670.03 MWh
17:46:39  INFO        [U4U LOOP]  Steam:  gen=     575438.45 MT
17:46:39  INFO      
17:46:39  INFO        [U4U LOOP]  Utility (ODS Material)            Old Demand    New Demand    U4U Demand    Change %
17:46:39  INFO        [U4U LOOP]  ------------------------------  ------------  ------------  ------------  ----------
17:46:39  INFO        [U4U LOOP]  AUXBOIL7_SHP STEAM                  88789.43      88789.51      88794.67     0.0001%
17:46:39  INFO        [U4U LOOP]  Boiler Feed Water                  392055.34     392056.88     392056.96     0.0004%
17:46:39  INFO        [U4U LOOP]  COMPRESED AIR_ASU                  720745.60     720745.66     720745.68     0.0000%
17:46:39  INFO        [U4U LOOP]  COMPRESSED AIR                   14132267.75   14132268.32    1512250.41     0.0000%
17:46:39  INFO        [U4U LOOP]  Condensate                        -152646.00    -152646.00          0.00     0.0000%
17:46:39  INFO        [U4U LOOP]  Cooling Water                      102598.14     102598.16       2383.16     0.0000%
17:46:39  INFO        [U4U LOOP]  D M Water                          537818.73     537818.80     352851.19     0.0000%
17:46:39  INFO        [U4U LOOP]  Effluent Treated                   389872.91     389872.94     389873.01     0.0000%
17:46:39  INFO        [U4U LOOP]  HP Steam PRDS                       18989.88      18990.28      18990.28     0.0021%
17:46:39  INFO        [U4U LOOP]  HP Steam_Dis                        18990.28      18990.28      31004.62     0.0000%
17:46:39  INFO        [U4U LOOP]  HRSG1_C2_SHP STEAM                 185450.30     185450.46     185461.24     0.0001%
17:46:39  INFO        [U4U LOOP]  HRSG2_C2_SHP STEAM                 117451.86     117451.96     117458.78     0.0001%
17:46:39  INFO        [U4U LOOP]  LP Steam PRDS                       22887.45      22887.68      22887.69     0.0010%
17:46:39  INFO        [U4U LOOP]  LP Steam_Dis                        62286.53      62286.53      39205.69     0.0000%
17:46:39  INFO        [U4U LOOP]  MP Steam PRDS SHP                   34449.20      34449.58      34449.58     0.0011%
17:46:39  INFO        [U4U LOOP]  MP Steam_Dis                        34449.58      34449.58      21907.80     0.0000%
17:46:39  INFO        [U4U LOOP]  NITROGEN_ASU                     13282672.83   13282676.45     535615.50     0.0000%
17:46:39  INFO        [U4U LOOP]  Power_Dis                          118670.03     118670.03      35802.46     0.0000%
17:46:39  INFO        [U4U LOOP]  SHP Steam_Dis                      391691.94     391714.69      32042.06     0.0058%
17:46:39  INFO        [U4U LOOP]  Utility Water                     1563241.18    1563241.18      34428.19     0.0000%
17:46:39  INFO      
17:46:39  INFO        [U4U LOOP]  U4U CONSUMPTION BREAKDOWN (per producer per material):
17:46:39  INFO        [U4U LOOP]  Producer                   Material Consumed              Norm      Quantity
17:46:39  INFO        [U4U LOOP]  -------------------------  -------------------------  --------  ------------
17:46:39  INFO        [U4U LOOP]  JMD - C2-GTG 1             SynGas(Unshift)            0.004368     236221.44
17:46:39  INFO        [U4U LOOP]  JMD - C2-GTG 1             COMPRESSED AIR             0.001280      69222.40
17:46:39  INFO        [U4U LOOP]  JMD - C2-GTG 1             Cooling Water              0.000007        378.56
17:46:39  INFO        [U4U LOOP]  JMD - C2-GTG 1             NITROGEN_ASU               0.001660      89772.80
17:46:39  INFO        [U4U LOOP]  JMD - C2-GTG 1             Power_Dis                  0.001350      73008.00
17:46:39  INFO        [U4U LOOP]  JMD - C2-GTG 1             Utility Water              0.000023       1243.84
17:46:39  INFO        [U4U LOOP]  JMD - C2-GTG 2             SynGas(Unshift)            0.004485     272107.10
17:46:39  INFO        [U4U LOOP]  JMD - C2-GTG 2             COMPRESSED AIR             0.001280      77658.21
17:46:39  INFO        [U4U LOOP]  JMD - C2-GTG 2             Cooling Water              0.000007        424.69
17:46:39  INFO        [U4U LOOP]  JMD - C2-GTG 2             NITROGEN_ASU               0.001660     100713.00
17:46:39  INFO        [U4U LOOP]  JMD - C2-GTG 2             Power_Dis                  0.001350      81905.15
17:46:39  INFO        [U4U LOOP]  JMD - C2-GTG 2             Utility Water              0.000023       1395.42
17:46:39  INFO        [U4U LOOP]  JMD - C2-STG 1             Cooling Water              0.000400       1567.82
17:46:39  INFO        [U4U LOOP]  JMD - C2-STG 1             NITROGEN_ASU               0.001030       4037.14
17:46:39  INFO        [U4U LOOP]  JMD - C2-STG 1             Power_Dis                  0.007050      27632.83
17:46:39  INFO        [U4U LOOP]  JMD - C2-STG 1             SHP Steam_Dis              0.003640      14267.16
17:46:39  INFO        [U4U LOOP]  AUXBOIL7_SHP STEAM         SynGas(Unshift)            2.876221     180684.20
17:46:39  INFO        [U4U LOOP]  AUXBOIL7_SHP STEAM         Boiler Feed Water          1.010000      63448.20
17:46:39  INFO        [U4U LOOP]  AUXBOIL7_SHP STEAM         Power_Dis                  3.850000     241857.00
17:46:39  INFO        [U4U LOOP]  AUXBOIL8_SHP STEAM         Boiler Feed Water          1.010000      65448.00
17:46:39  INFO        [U4U LOOP]  AUXBOIL8_SHP STEAM         Power_Dis                  3.850000     249480.00
17:46:39  INFO        [U4U LOOP]  HRSG1_C2_SHP STEAM         SynGas(Unshift)            3.376244     365174.55
17:46:39  INFO        [U4U LOOP]  HRSG1_C2_SHP STEAM         Boiler Feed Water          1.160000     125465.60
17:46:39  INFO        [U4U LOOP]  HRSG1_C2_SHP STEAM         Power_Dis                  0.285000      30825.60
17:46:39  INFO        [U4U LOOP]  HRSG2_C2_SHP STEAM         SynGas(Unshift)            3.357468     381408.36
17:46:39  INFO        [U4U LOOP]  HRSG2_C2_SHP STEAM         Boiler Feed Water          1.160000     131776.00
17:46:39  INFO        [U4U LOOP]  HRSG2_C2_SHP STEAM         Power_Dis                  0.285000      32376.00
17:46:39  INFO        [U4U LOOP]  Boiler Feed Water          D M Water                  0.900000     352851.19
17:46:39  INFO        [U4U LOOP]  Boiler Feed Water          LP Steam_Dis               0.100000      39205.69
17:46:39  INFO        [U4U LOOP]  Boiler Feed Water          Power_Dis                  8.100000    3175660.75
17:46:39  INFO        [U4U LOOP]  COMPRESED AIR_ASU          Power_Dis                  0.125000      90093.21
17:46:39  INFO        [U4U LOOP]  COMPRESSED AIR             COMPRESED AIR_ASU          0.051000     720745.68
17:46:39  INFO        [U4U LOOP]  COMPRESSED AIR             COMPRESSED AIR             0.002670      37733.16
17:46:39  INFO        [U4U LOOP]  COMPRESSED AIR             Power_Dis                  0.150000    2119840.25
17:46:39  INFO        [U4U LOOP]  Cooling Water              COMPRESSED AIR             0.974741     100006.63
17:46:39  INFO        [U4U LOOP]  Cooling Water              Effluent Treated           3.800000     389873.01
17:46:39  INFO        [U4U LOOP]  Cooling Water              Power_Dis                  210.900000   21637951.82
17:46:39  INFO        [U4U LOOP]  Cooling Water              SWRO WATER                 9.400000     964422.70
17:46:39  INFO        [U4U LOOP]  D M Water                  COMPRESSED AIR             0.049180      26449.93
17:46:39  INFO        [U4U LOOP]  D M Water                  NITROGEN_ASU               0.630000     338825.85
17:46:39  INFO        [U4U LOOP]  D M Water                  Power_Dis                  0.920000     494793.30
17:46:39  INFO        [U4U LOOP]  D M Water                  SWRO WATER                 1.150000     618491.62
17:46:39  INFO        [U4U LOOP]  Effluent Treated           COMPRESSED AIR             2.209302     861347.08
17:46:39  INFO        [U4U LOOP]  Effluent Treated           Cooling Water              0.000031         12.09
17:46:39  INFO        [U4U LOOP]  Effluent Treated           NITROGEN_ASU               0.005814       2266.72
17:46:39  INFO        [U4U LOOP]  Effluent Treated           Power_Dis                  3.200000    1247593.42
17:46:39  INFO        [U4U LOOP]  Effluent Treated           Utility Water              0.029070      11333.61
17:46:39  INFO        [U4U LOOP]  HP Steam PRDS              Boiler Feed Water          0.064000       1215.38
17:46:39  INFO        [U4U LOOP]  HP Steam PRDS              SHP Steam_Dis              0.936000      17774.90
17:46:39  INFO        [U4U LOOP]  LP Steam PRDS              Boiler Feed Water          0.055000       1258.82
17:46:39  INFO        [U4U LOOP]  LP Steam PRDS              MP Steam_Dis               0.945000      21628.86
17:46:39  INFO        [U4U LOOP]  MP Steam PRDS SHP          Boiler Feed Water          0.100000       3444.96
17:46:39  INFO        [U4U LOOP]  MP Steam PRDS SHP          HP Steam_Dis               0.900000      31004.62
17:46:39  INFO        [U4U LOOP]  NITROGEN_ASU               MP Steam_Dis               0.000021        278.94
17:46:39  INFO        [U4U LOOP]  NITROGEN_ASU               Power_Dis                  0.474260    6299442.13
17:46:39  INFO        [U4U LOOP]  NITROGEN_ASU               Ret steam condensate       -0.000011       -146.11
17:46:39  INFO        [U4U LOOP]  NITROGEN_ASU               Utility Water              0.001540      20455.32
17:46:39  INFO        [U4U LOOP]  Utility Water              COMPRESSED AIR             0.217390     339833.00
17:46:39  INFO        [U4U LOOP]  Utility Water              SWRO WATER                 1.100000    1719565.30
17:46:39  INFO        [U4U LOOP]  HP Steam_Dis               HP Steam PRDS              1.000000      18990.28
17:46:39  INFO        [U4U LOOP]  LP Steam_Dis               HRSG1_C2_LP STEAM          0.387271      24121.77
17:46:39  INFO        [U4U LOOP]  LP Steam_Dis               HRSG2_C2_LP STEAM          0.245271      15277.08
17:46:39  INFO        [U4U LOOP]  LP Steam_Dis               LP Steam PRDS              0.367458      22887.69
17:46:39  INFO        [U4U LOOP]  MP Steam_Dis               MP Steam PRDS SHP          1.000000      34449.58
17:46:39  INFO        [U4U LOOP]  SHP Steam_Dis              AUXBOIL7_SHP STEAM         0.226682      88794.67
17:46:39  INFO        [U4U LOOP]  SHP Steam_Dis              HRSG1_C2_SHP STEAM         0.473460     185461.24
17:46:39  INFO        [U4U LOOP]  SHP Steam_Dis              HRSG2_C2_SHP STEAM         0.299858     117458.78
17:46:39  INFO      
17:46:39  INFO        [U4U LOOP]  All materials converged within tolerance
17:46:39  INFO      
17:46:39  INFO      
17:46:39  INFO        [U4U LOOP] ✓ CONVERGED in 16 iterations
17:46:39  INFO      
17:46:39  INFO        ==============================================================================
17:46:39  INFO        U4U ITERATION LOOP — FINAL SUMMARY
17:46:39  INFO        ==============================================================================
17:46:39  INFO        Converged: ✓ YES  |  Iterations: 16
17:46:39  INFO      
17:46:39  INFO        ==============================================================================
17:46:39  INFO        EXCESS POWER & STEAM AVAILABILITY (for export)
17:46:39  INFO        ==============================================================================
17:46:39  INFO      
17:46:39  INFO        POWER BALANCE
17:46:39  INFO        Total Demand (incl U4U)              118670.03  MWh
17:46:39  INFO        Total Generation                     118670.03  MWh
17:46:39  INFO        Auxiliary Consumption                   182.55  MWh
17:46:39  INFO        ✓ Power demand met exactly — no surplus or deficit
17:46:39  INFO      
17:46:39  INFO        Power Asset Dispatch Summary:
17:46:39  INFO        Asset                       Gross MWh     Aux MWh     Net MWh      Status
17:46:39  INFO        -------------------------  ----------  ----------  ----------  ----------
17:46:39  INFO        JMD - C2-GTG 1               54080.00       73.01    54006.99      AT MIN
17:46:39  INFO        JMD - C2-GTG 2               60670.48       81.91    60588.57     PARTIAL
17:46:39  INFO        JMD - C2-STG 1                3919.55       27.63     3891.92     PARTIAL
17:46:39  INFO      
17:46:39  INFO        Total Plant Capacity (max)   219327.00  MWh
17:46:39  INFO        Total Plant Min             110880.00  MWh
17:46:39  INFO        Current Generation          118670.03  MWh
17:46:39  INFO        Headroom (max - gen)        100656.97  MWh  ★ ADDITIONAL EXPORT POTENTIAL
17:46:39  INFO      
17:46:39  INFO        STEAM BALANCE (SHP)
17:46:39  INFO        Total SHP Demand (incl U4U)          461613.83  MT
17:46:39  INFO        Free Steam (from GT exhaust)         226058.45  MT
17:46:39  INFO        Supplementary Firing                 349380.00  MT
17:46:39  INFO        Total Steam Generation               575438.45  MT
17:46:39  INFO      
17:46:39  INFO        ╔════════════════════════════════════════════════════════════╗
17:46:39  INFO        ║  ★ EXCESS STEAM AVAILABLE FOR EXPORT:      113824.62 MT       ║
17:46:39  INFO        ║    (158.09 TPH for 720 hrs @ 100% utilization factor)        ║
17:46:39  INFO        ╚════════════════════════════════════════════════════════════╝
17:46:39  INFO      
17:46:39  INFO        Steam Asset Dispatch Summary:
17:46:39  INFO        Asset                      Dispatched MT        Max MT        Min MT      Status
17:46:39  INFO        -------------------------  ------------  ------------  ------------  ----------
17:46:39  INFO        AUXBOIL7_SHP STEAM             62820.00        220.00         90.00      AT MAX
17:46:39  INFO        AUXBOIL8_SHP STEAM             64800.00        220.00         90.00      AT MAX
17:46:39  INFO        HRSG1_C2_SHP STEAM            108160.00        250.00        160.00      AT MAX
17:46:39  INFO        HRSG2_C2_SHP STEAM            113600.00        250.00        160.00      AT MAX
17:46:39  INFO      
17:46:39  INFO        Total Steam Capacity (max)        940.00  MT
17:46:39  INFO        Total Steam Min                  500.00  MT
17:46:39  INFO        Current Supp. Generation      349380.00  MT
17:46:39  INFO      
17:46:39  INFO        ==============================================================================
17:46:39  INFO      
17:46:39  INFO        Utility (ODS Material)              U4U Demand    Total Demand
17:46:39  INFO        ------------------------------  --------------  --------------
17:46:39  INFO        AUXBOIL7_SHP STEAM                    88794.67        88789.51
17:46:39  INFO        Boiler Feed Water                    392056.96       392056.88
17:46:39  INFO        COMPRESED AIR_ASU                    720745.68       720745.66
17:46:39  INFO        COMPRESSED AIR                      1512250.41     14132268.32
17:46:39  INFO        Cooling Water                          2383.16       102598.16
17:46:39  INFO        D M Water                            352851.19       537818.80
17:46:39  INFO        Effluent Treated                     389873.01       389872.94
17:46:39  INFO        HP Steam PRDS                         18990.28        18990.28
17:46:39  INFO        HP Steam_Dis                          31004.62        18990.28
17:46:39  INFO        HRSG1_C2_SHP STEAM                   185461.24       185450.46
17:46:39  INFO        HRSG2_C2_SHP STEAM                   117458.78       117451.96
17:46:39  INFO        LP Steam PRDS                         22887.69        22887.68
17:46:39  INFO        LP Steam_Dis                          39205.69        62286.53
17:46:39  INFO        MP Steam PRDS SHP                     34449.58        34449.58
17:46:39  INFO        MP Steam_Dis                          21907.80        34449.58
17:46:39  INFO        NITROGEN_ASU                         535615.50     13282676.45
17:46:39  INFO        Power_Dis                             35802.46       118670.03
17:46:39  INFO        SHP Steam_Dis                         32042.06       391714.69
17:46:39  INFO        Utility Water                         34428.19      1563241.18
17:46:39  INFO      
17:46:39  INFO        U4U CONSUMPTION TABLE (final iteration)
17:46:39  INFO        Utility Plant              Utility                    UOM            Gen Qty     BPC Gen Qty  Gen Diff %  Account       Material                   UOM             Norm        Quantity    BPC Quantity  Qty Diff %
17:46:39  INFO        -------------------------  -------------------------  ------  --------------  --------------  ----------  ------------  -------------------------  ------  ------------  --------------  --------------  ----------
17:46:39  INFO        JMD - C2-GTG 1             POWERGEN                   KWH        54080000.00     75215499.08     -28.10%  Raw Material  SynGas(Unshift)            MMBTU       0.004368       236221.44       328541.30     -28.10%
17:46:39  INFO        JMD - C2-GTG 1             POWERGEN                   KWH        54080000.00     75215499.08     -28.10%  Utilities     COMPRESSED AIR             NM3         0.001280        69222.40        96268.87     -28.09%
17:46:39  INFO        JMD - C2-GTG 1             POWERGEN                   KWH        54080000.00     75215499.08     -28.10%  Utilities     Cooling Water              KM3         0.000007          378.56          496.39     -23.74%
17:46:39  INFO        JMD - C2-GTG 1             POWERGEN                   KWH        54080000.00     75215499.08     -28.10%  Utilities     NITROGEN_ASU               NM3         0.001660        89772.80       124848.69     -28.09%
17:46:39  INFO        JMD - C2-GTG 1             POWERGEN                   KWH        54080000.00     75215499.08     -28.10%  Utilities     Power_Dis                  KWH         0.001350        73008.00       101533.57     -28.09%
17:46:39  INFO        JMD - C2-GTG 1             POWERGEN                   KWH        54080000.00     75215499.08     -28.10%  Utilities     Utility Water              M3          0.000023         1243.84         1744.87     -28.71%
17:46:39  INFO        JMD - C2-GTG 2             POWERGEN                   KWH        60670480.00     47632624.30      27.37%  Raw Material  SynGas(Unshift)            MMBTU       0.004485       272107.10       213632.32      27.37%
17:46:39  INFO        JMD - C2-GTG 2             POWERGEN                   KWH        60670480.00     47632624.30      27.37%  Utilities     COMPRESSED AIR             NM3         0.001280        77658.21        60970.28      27.37%
17:46:39  INFO        JMD - C2-GTG 2             POWERGEN                   KWH        60670480.00     47632624.30      27.37%  Utilities     Cooling Water              KM3         0.000007          424.69          314.38      35.09%
17:46:39  INFO        JMD - C2-GTG 2             POWERGEN                   KWH        60670480.00     47632624.30      27.37%  Utilities     NITROGEN_ASU               NM3         0.001660       100713.00        79070.84      27.37%
17:46:39  INFO        JMD - C2-GTG 2             POWERGEN                   KWH        60670480.00     47632624.30      27.37%  Utilities     Power_Dis                  KWH         0.001350        81905.15        64304.60      27.37%
17:46:39  INFO        JMD - C2-GTG 2             POWERGEN                   KWH        60670480.00     47632624.30      27.37%  Utilities     Utility Water              M3          0.000023         1395.42         1105.09      26.27%
17:46:39  INFO        JMD - C2-STG 1             POWERGEN                   KWH         3919550.00            0.00       0.00%  Utilities     Cooling Water              KM3         0.000400         1567.82            0.00       0.00%
17:46:39  INFO        JMD - C2-STG 1             POWERGEN                   KWH         3919550.00            0.00       0.00%  Utilities     NITROGEN_ASU               NM3         0.001030         4037.14            0.00       0.00%
17:46:39  INFO        JMD - C2-STG 1             POWERGEN                   KWH         3919550.00            0.00       0.00%  Utilities     Power_Dis                  KWH         0.007050        27632.83            0.00       0.00%
17:46:39  INFO        JMD - C2-STG 1             POWERGEN                   KWH         3919550.00            0.00       0.00%  Utilities     SHP Steam_Dis              MT          0.003640        14267.16            0.00       0.00%
17:46:39  INFO        AUXBOIL7_SHP STEAM         AUXBOIL7_SHP STEAM         MT            62820.00        86180.05     -27.11%  Raw Material  SynGas(Unshift)            MMBTU       2.876221       180684.20       247872.88     -27.11%
17:46:39  INFO        AUXBOIL7_SHP STEAM         AUXBOIL7_SHP STEAM         MT            62820.00        86180.05     -27.11%  Utilities     Boiler Feed Water          M3          1.010000        63448.20        87041.85     -27.11%
17:46:39  INFO        AUXBOIL7_SHP STEAM         AUXBOIL7_SHP STEAM         MT            62820.00        86180.05     -27.11%  Utilities     Power_Dis                  KWH         3.850000       241857.00       331793.20     -27.11%
17:46:39  INFO        AUXBOIL8_SHP STEAM         AUXBOIL8_SHP STEAM         MT            64800.00            0.00       0.00%  Utilities     Boiler Feed Water          M3          1.010000        65448.00            0.00       0.00%
17:46:39  INFO        AUXBOIL8_SHP STEAM         AUXBOIL8_SHP STEAM         MT            64800.00            0.00       0.00%  Utilities     Power_Dis                  KWH         3.850000       249480.00            0.00       0.00%
17:46:39  INFO        HRSG1_C2_SHP STEAM         HRSG1_C2_SHP STEAM         MT           108160.00       180000.10     -39.91%  Raw Material  SynGas(Unshift)            MMBTU       3.376244       365174.55       607724.26     -39.91%
17:46:39  INFO        HRSG1_C2_SHP STEAM         HRSG1_C2_SHP STEAM         MT           108160.00       180000.10     -39.91%  Utilities     Boiler Feed Water          M3          1.160000       125465.60       208800.13     -39.91%
17:46:39  INFO        HRSG1_C2_SHP STEAM         HRSG1_C2_SHP STEAM         MT           108160.00       180000.10     -39.91%  Utilities     Power_Dis                  KWH         0.285000        30825.60        51300.03     -39.91%
17:46:39  INFO        HRSG2_C2_SHP STEAM         HRSG2_C2_SHP STEAM         MT           113600.00       113999.85      -0.35%  Raw Material  SynGas(Unshift)            MMBTU       3.357468       381408.36       382750.85      -0.35%
17:46:39  INFO        HRSG2_C2_SHP STEAM         HRSG2_C2_SHP STEAM         MT           113600.00       113999.85      -0.35%  Utilities     Boiler Feed Water          M3          1.160000       131776.00       132239.82      -0.35%
17:46:39  INFO        HRSG2_C2_SHP STEAM         HRSG2_C2_SHP STEAM         MT           113600.00       113999.85      -0.35%  Utilities     Power_Dis                  KWH         0.285000        32376.00        32489.96      -0.35%
17:46:39  INFO        Boiler Feed Water          Boiler Feed Water          M3           392056.88       434662.43      -9.80%  Utilities     D M Water                  M3          0.900000       352851.19       391196.19      -9.80%
17:46:39  INFO        Boiler Feed Water          Boiler Feed Water          M3           392056.88       434662.43      -9.80%  Utilities     LP Steam_Dis               MT          0.100000        39205.69        43466.24      -9.80%
17:46:39  INFO        Boiler Feed Water          Boiler Feed Water          M3           392056.88       434662.43      -9.80%  Utilities     Power_Dis                  KWH         8.100000      3175660.75      3520765.68      -9.80%
17:46:39  INFO        COMPRESED AIR_ASU          COMPRESED AIR_ASU          NM3          720745.66       731759.52      -1.51%  Utilities     Power_Dis                  KWH         0.125000        90093.21        91469.94      -1.51%
17:46:39  INFO        COMPRESSED AIR             COMPRESSED AIR             NM3        14132268.32     14348225.29      -1.51%  Utilities     COMPRESED AIR_ASU          NM3         0.051000       720745.68       731759.49      -1.51%
17:46:39  INFO        COMPRESSED AIR             COMPRESSED AIR             NM3        14132268.32     14348225.29      -1.51%  Utilities     COMPRESSED AIR             NM3         0.002670        37733.16        38309.76      -1.51%
17:46:39  INFO        COMPRESSED AIR             COMPRESSED AIR             NM3        14132268.32     14348225.29      -1.51%  Utilities     Power_Dis                  KWH         0.150000      2119840.25      2152233.79      -1.51%
17:46:39  INFO        Cooling Water              Cooling Water              KM3          102598.16       105543.15      -2.79%  Utilities     COMPRESSED AIR             NM3         0.974741       100006.63       102877.24      -2.79%
17:46:39  INFO        Cooling Water              Cooling Water              KM3          102598.16       105543.15      -2.79%  Utilities     Effluent Treated           M3          3.800000       389873.01       401063.99      -2.79%
17:46:39  INFO        Cooling Water              Cooling Water              KM3          102598.16       105543.15      -2.79%  Utilities     Power_Dis                  KWH       210.900000     21637951.82     22259051.62      -2.79%
17:46:39  INFO        Cooling Water              Cooling Water              KM3          102598.16       105543.15      -2.79%  Utilities     SWRO WATER                 M3          9.400000       964422.70       992105.67      -2.79%
17:46:39  INFO        D M Water                  D M Water                  M3           537818.80       604780.60     -11.07%  Utilities     COMPRESSED AIR             NM3         0.049180        26449.93        29743.11     -11.07%
17:46:39  INFO        D M Water                  D M Water                  M3           537818.80       604780.60     -11.07%  Utilities     NITROGEN_ASU               NM3         0.630000       338825.85       381011.83     -11.07%
17:46:39  INFO        D M Water                  D M Water                  M3           537818.80       604780.60     -11.07%  Utilities     Power_Dis                  KWH         0.920000       494793.30       556398.22     -11.07%
17:46:39  INFO        D M Water                  D M Water                  M3           537818.80       604780.60     -11.07%  Utilities     SWRO WATER                 M3          1.150000       618491.62       695497.78     -11.07%
17:46:39  INFO        Effluent Treated           Effluent Treated           M3           389872.94       608424.78     -35.92%  Utilities     COMPRESSED AIR             NM3         2.209302       861347.08      1344194.09     -35.92%
17:46:39  INFO        Effluent Treated           Effluent Treated           M3           389872.94       608424.78     -35.92%  Utilities     Cooling Water              KM3         0.000031           12.09           19.10     -36.72%
17:46:39  INFO        Effluent Treated           Effluent Treated           M3           389872.94       608424.78     -35.92%  Utilities     NITROGEN_ASU               NM3         0.005814         2266.72         3537.38     -35.92%
17:46:39  INFO        Effluent Treated           Effluent Treated           M3           389872.94       608424.78     -35.92%  Utilities     Power_Dis                  KWH         3.200000      1247593.42      1946959.31     -35.92%
17:46:39  INFO        Effluent Treated           Effluent Treated           M3           389872.94       608424.78     -35.92%  Utilities     Utility Water              M3          0.029070        11333.61        17686.91     -35.92%
17:46:39  INFO        HP Steam PRDS              HP Steam PRDS              MT            18990.28        21910.00     -13.33%  Utilities     Boiler Feed Water          M3          0.064000         1215.38         1402.24     -13.33%
17:46:39  INFO        HP Steam PRDS              HP Steam PRDS              MT            18990.28        21910.00     -13.33%  Utilities     SHP Steam_Dis              MT          0.936000        17774.90        20507.71     -13.33%
17:46:39  INFO        LP Steam PRDS              LP Steam PRDS              MT            22887.68        25618.73     -10.66%  Utilities     Boiler Feed Water          M3          0.055000         1258.82         1409.03     -10.66%
17:46:39  INFO        LP Steam PRDS              LP Steam PRDS              MT            22887.68        25618.73     -10.66%  Utilities     MP Steam_Dis               MT          0.945000        21628.86        24209.64     -10.66%
17:46:39  INFO        MP Steam PRDS SHP          MP Steam PRDS SHP          MT            34449.58        37693.60      -8.61%  Utilities     Boiler Feed Water          M3          0.100000         3444.96         3769.36      -8.61%
17:46:39  INFO        MP Steam PRDS SHP          MP Steam PRDS SHP          MT            34449.58        37693.60      -8.61%  Utilities     HP Steam_Dis               MT          0.900000        31004.62        33924.20      -8.61%
17:46:39  INFO        NITROGEN_ASU               NITROGEN_ASU               NM3        13282676.45     13335714.29      -0.40%  Utilities     MP Steam_Dis               MT          0.000021          278.94          280.05      -0.40%
17:46:39  INFO        NITROGEN_ASU               NITROGEN_ASU               NM3        13282676.45     13335714.29      -0.40%  Utilities     Power_Dis                  KWH         0.474260      6299442.13      6324508.53      -0.40%
17:46:39  INFO        NITROGEN_ASU               NITROGEN_ASU               NM3        13282676.45     13335714.29      -0.40%  Utilities     Ret steam condensate       M3         -0.000011         -146.11         -146.69      -0.40%
17:46:39  INFO        NITROGEN_ASU               NITROGEN_ASU               NM3        13282676.45     13335714.29      -0.40%  Utilities     Utility Water              M3          0.001540        20455.32        20536.72      -0.40%
17:46:39  INFO        Utility Water              Utility Water              M3          1563241.18       256859.88     508.60%  Utilities     COMPRESSED AIR             NM3         0.217390       339833.00        55838.77     508.60%
17:46:39  INFO        Utility Water              Utility Water              M3          1563241.18       256859.88     508.60%  Utilities     SWRO WATER                 M3          1.100000      1719565.30       282545.86     508.60%
17:46:39  INFO        HP Steam_Dis               HP Steam_Dis               MT            18990.28        21909.94     -13.33%  Utilities     HP Steam PRDS              MT          1.000000        18990.28        21909.94     -13.33%
17:46:39  INFO        LP Steam_Dis               LP Steam_Dis               MT            62286.53        69718.67     -10.66%  Utilities     HRSG1_C2_LP STEAM          MT          0.387271        24121.77        27000.02     -10.66%
17:46:39  INFO        LP Steam_Dis               LP Steam_Dis               MT            62286.53        69718.67     -10.66%  Utilities     HRSG2_C2_LP STEAM          MT          0.245271        15277.08        17099.98     -10.66%
17:46:39  INFO        LP Steam_Dis               LP Steam_Dis               MT            62286.53        69718.67     -10.66%  Utilities     LP Steam PRDS              MT          0.367458        22887.69        25618.67     -10.66%
17:46:39  INFO        MP Steam_Dis               MP Steam_Dis               MT            34449.58        37693.55      -8.61%  Utilities     MP Steam PRDS SHP          MT          1.000000        34449.58        37693.55      -8.61%
17:46:39  INFO        SHP Steam_Dis              SHP Steam_Dis              MT           391714.69       380180.38       3.03%  Utilities     AUXBOIL7_SHP STEAM         MT          0.226682        88794.67        86180.05       3.03%
17:46:39  INFO        SHP Steam_Dis              SHP Steam_Dis              MT           391714.69       380180.38       3.03%  Utilities     HRSG1_C2_SHP STEAM         MT          0.473460       185461.24       180000.12       3.03%
17:46:39  INFO        SHP Steam_Dis              SHP Steam_Dis              MT           391714.69       380180.38       3.03%  Utilities     HRSG2_C2_SHP STEAM         MT          0.299858       117458.78       113999.85       3.03%
17:46:39  INFO      
17:46:39  INFO        TOTAL U4U CONSUMPTION BY MATERIAL:
17:46:39  INFO        Material                             Total Qty  UOM   
17:46:39  INFO        ------------------------------  --------------  ------
17:46:39  INFO        AUXBOIL7_SHP STEAM                    88794.67  MT    
17:46:39  INFO        Boiler Feed Water                    392056.96  M3    
17:46:39  INFO        COMPRESED AIR_ASU                    720745.68  NM3   
17:46:39  INFO        COMPRESSED AIR                      1512250.41  NM3   
17:46:39  INFO        Cooling Water                          2383.16  KM3   
17:46:39  INFO        D M Water                            352851.19  M3    
17:46:39  INFO        Effluent Treated                     389873.01  M3    
17:46:39  INFO        HP Steam PRDS                         18990.28  MT    
17:46:39  INFO        HP Steam_Dis                          31004.62  MT    
17:46:39  INFO        HRSG1_C2_LP STEAM                     24121.77  MT    
17:46:39  INFO        HRSG1_C2_SHP STEAM                   185461.24  MT    
17:46:39  INFO        HRSG2_C2_LP STEAM                     15277.08  MT    
17:46:39  INFO        HRSG2_C2_SHP STEAM                   117458.78  MT    
17:46:39  INFO        LP Steam PRDS                         22887.69  MT    
17:46:39  INFO        LP Steam_Dis                          39205.69  MT    
17:46:39  INFO        MP Steam PRDS SHP                     34449.58  MT    
17:46:39  INFO        MP Steam_Dis                          21907.80  MT    
17:46:39  INFO        NITROGEN_ASU                         535615.50  NM3   
17:46:39  INFO        Power_Dis                          35802459.45  KWH   
17:46:39  INFO        Ret steam condensate                   -146.11  M3    
17:46:39  INFO        SHP Steam_Dis                         32042.06  MT    
17:46:39  INFO        SWRO WATER                          3302479.62  M3    
17:46:39  INFO        SynGas(Unshift)                     1435595.66  MMBTU 
17:46:39  INFO        Utility Water                         34428.19  M3    
17:46:39  INFO        ==============================================================================
17:46:39  INFO      
17:46:39  INFO        [CALC] Done  4/2026  (136.8s)  assets=3  norms=0
