NMD Plant Run Log
Plant:     NMD CPP
Period:    4/2025
Generated: 2026-07-07 00:57:47
================================================================================


Fetching data for April 2025...
######################################################################
  NMD CPP  [23BCA1B3]  Period: 4/2025
######################################################################

======================================================================
  PLANT INFO
======================================================================
  plant_id:     23BCA1B3-56DD-4C15-A3D6-3C2C9A62E653
  name:         NMD-CPP
  display_name: NMD CPP
  short_code:   NMD

======================================================================
  POWER GENERATION ASSETS  (PowerGenerationAssets)
======================================================================
  4 asset(s):
  Asset                           Type      PlantCode   
  ------------------------------  --------  ------------
  NMD-Power Plant-1               GT        40NB        
  NMD-Power Plant-2               GT        40NC        
  NMD-Power Plant-3               GT        40ND        
  NMD-STG Power Plant             STG       40NE        

======================================================================
  ASSET SNAPSHOT  (April 2025)
======================================================================
  4 asset(s)
  Asset                         Type      Hours    MinMW    MaxMW   FixMin   FixMax   Prio   Avail
  ----------------------------  ------  -------  -------  -------  -------  -------  -----  ------
  NMD-Power Plant-1             -           0.0     1.00    21.90     1.00    22.00      1      No
  NMD-Power Plant-2             -         720.0     5.00    11.50     5.00    22.00      1     Yes
  NMD-Power Plant-3             -         720.0     5.00    12.80     5.00    22.00      1     Yes
  NMD-STG Power Plant           -         720.0     6.00    14.50     6.00    25.00      2     Yes

======================================================================
  GT HEAT RATE & FREE STEAM  (April 2025)
======================================================================
  GT Asset                  Curve    LoadMW    Hours    GrossMWh   HeatRate   FSFactor   FreeSteamMT  → HRSG    
  ------------------------  ------  -------  -------  ----------  ---------  ---------  ------------  ----------
  NMD-Power Plant-1         GT-1       0.00      0.0        0.00       0.00     0.0000          0.00  HRSG-1    
  NMD-Power Plant-2         GT-2      11.50    720.0     8280.00    4016.03     1.9700      16311.60  HRSG-2    
  NMD-Power Plant-3         GT-3      12.80    720.0     9216.00    3862.56     1.9700      18155.52  HRSG-3    
  ------------------------  ------  -------  -------  ----------  ---------  ---------  ------------  ----------
  TOTAL FREE STEAM                                                                          34467.12

  Free Steam (MT) = GrossMWh × FreeSteamFactor (from CPP_GTHeatRate at GT load)
  This free steam is transferred to the respective linked HRSG as SHP steam input.

======================================================================
  STEAM GENERATION ASSETS  (April 2025)
======================================================================
  7 asset(s):
  Asset                   Type    Steam     MinMT    MaxMT    Eff   Prio    Hours   AlwaysOn  LinkedGT        
  ----------------------  ------  ------  -------  -------  -----  -----  -------  ---------  ----------------
  HRSG-1                  HRSG    SHP        60.0    136.0   1.03      1      0.0         No  NMD-Power Plant-1
  HRSG-2                  HRSG    SHP        60.0    136.0   1.03      2    720.0         No  NMD-Power Plant-2
  HRSG-3                  HRSG    SHP        60.0    136.0   1.03      3    720.0         No  NMD-Power Plant-3
  STG                     STG     ALL         0.0  999999.0   1.00     10    720.0        Yes  -               
  HP Steam PRDS           PRDS    HP          0.0  999999.0   1.00     20    720.0        Yes  -               
  MP Steam PRDS           PRDS    MP          0.0  999999.0   1.00     21    720.0        Yes  -               
  LP Steam PRDS           PRDS    LP          0.0  999999.0   1.00     22    720.0        Yes  -               

======================================================================
  CONSOLIDATED DEMAND  (Process + Fixed)  (4/2025)
======================================================================
00:56:51  INFO        [CONSOLIDATED] 12 utilities (process + fixed) for 4/2025
  12 utility(ies)
  Utility                       UOM                Process             Fixed             Total
  ----------------------------  --------  ----------------  ----------------  ----------------
  COMPRESSED AIR                NM3             6051146.00          32959.59        6084105.59
  Cooling Water 1               KM3/MT OF E+P          15194.00              0.00          15194.00
  Cooling Water 2               KM3                9008.00              8.31           9016.31
  D M Water                     M3                55421.00            366.00          55787.00
  HP Steam_Dis                  MT/MT OF E+P           4972.00              0.00           4972.00
  LP Steam_Dis                  MT                20111.00           5169.51          25280.51
  MP Steam_Dis                  MT                14030.00            518.40          14548.40
  Nitrogen Gas                  NM3/MT OF E+P        5437630.00              0.00        5437630.00
  Oxygen                        TPH                5787.00              0.00           5787.00
  Power_Dis                     KWH            27636925.00        1605142.20       29242067.20
  SHP Steam_Dis                 TPH               20975.00              0.00          20975.00
  Water                         M3                23131.00         257240.80         280371.80
  ----------------------------  --------  ----------------  ----------------  ----------------
  GRAND TOTAL                                  39294330.00        1901404.81       41195734.81

  Note: Grand total mixes UOMs — for reference only.

======================================================================
  IMPORT POWER  (4/2025)
======================================================================
  Total Import Power: 18000.00 MWh  (0 sources)

======================================================================
  SUPPLY vs DEMAND ANALYSIS  (April 2025)
======================================================================
00:56:52  INFO        [CONSOLIDATED] 12 utilities (process + fixed) for 4/2025

  --- POWER BALANCE ---

  DEMAND                                     MWh
  ------------------------------  --------------
  Power (Process)                       27636.92
  Power (Fixed)                          1605.14
  Total Power Demand                    29242.07

  IMPORT POWER (reduces demand)     Cap MW     Hours             MWh
  ------------------------------  --------  --------  --------------
  MEL                                10.00     720.0         7200.00
  MSCB                               15.00     720.0        10800.00
  ------------------------------  --------  --------  --------------
  Total Import Power                                        18000.00

  Net Demand (after import)             11242.07

  SUPPLY (GT + STG Assets)          Max MW     Hours             MWh
  ------------------------------  --------  --------  --------------
  NMD-Power Plant-1                  21.90       0.0            0.00  [DOWN]
  NMD-Power Plant-2                  11.50     720.0         8280.00  [OK]
  NMD-Power Plant-3                  12.80     720.0         9216.00  [OK]
  NMD-STG Power Plant                14.50     720.0        10440.00  [OK]
  ------------------------------  --------  --------  --------------
  Total Power Supply                                        27936.00

  Power Balance (Supply - Net Demand)        16693.93 MWh  [SURPLUS]
  Supply / Net Demand                      248.5 %
  ** OK: Power supply can meet net demand with 16693.93 MWh surplus **


  --- STEAM BALANCE ---


  === SHP STEAM ===

  DEMAND                                      MT
  ------------------------------  --------------
  Total SHP Steam Demand                20975.00

  SUPPLY (Available Assets)         MaxMT/hr     Hours              MT
  ------------------------------  ----------  --------  --------------
  HRSG-1                               136.0       0.0            0.00  [DOWN]
  HRSG-2                               136.0     720.0        97920.00  [OK]
  HRSG-3                               136.0     720.0        97920.00  [OK]
  ------------------------------  ----------  --------  --------------
  Total SHP Steam Supply                                     195840.00

  SHP Steam Balance                    174865.00 MT  [SURPLUS]
  Supply / Demand                          933.7 %
  ** OK: SHP steam supply can meet demand with 174865.00 MT surplus **

  === HP STEAM ===

  DEMAND                                      MT
  ------------------------------  --------------
  Total HP Steam Demand                  4972.00

  SUPPLY (Available Assets)         MaxMT/hr     Hours              MT
  ------------------------------  ----------  --------  --------------
  HP Steam PRDS                     999999.0     720.0         4972.00  [ALWAYS]
  ------------------------------  ----------  --------  --------------
  Total HP Steam Supply                                        4972.00

  HP Steam Balance                          0.00 MT  [SURPLUS]
  Supply / Demand                          100.0 %
  ** OK: HP steam supply can meet demand with 0.00 MT surplus **

  === MP STEAM ===

  DEMAND                                      MT
  ------------------------------  --------------
  Total MP Steam Demand                 14548.40

  SUPPLY (Available Assets)         MaxMT/hr     Hours              MT
  ------------------------------  ----------  --------  --------------
  MP Steam PRDS                     999999.0     720.0        14548.40  [ALWAYS]
  ------------------------------  ----------  --------  --------------
  Total MP Steam Supply                                       14548.40

  MP Steam Balance                          0.00 MT  [SURPLUS]
  Supply / Demand                          100.0 %
  ** OK: MP steam supply can meet demand with 0.00 MT surplus **

  === LP STEAM ===

  DEMAND                                      MT
  ------------------------------  --------------
  Total LP Steam Demand                 25280.51

  SUPPLY (Available Assets)         MaxMT/hr     Hours              MT
  ------------------------------  ----------  --------  --------------
  LP Steam PRDS                     999999.0     720.0        25280.51  [ALWAYS]
  ------------------------------  ----------  --------  --------------
  Total LP Steam Supply                                       25280.51

  LP Steam Balance                          0.00 MT  [SURPLUS]
  Supply / Demand                          100.0 %
  ** OK: LP steam supply can meet demand with 0.00 MT surplus **

======================================================================
  GENERATION UTILITIES & U4U CONSUMPTION MATRIX  (April 2025)
======================================================================
  Producer Utilities (22): Boiler Feed Water, COMPRESSED AIR, Cooling Water 1, Cooling Water 2, D M Water, Effluent Treated, HP Steam PRDS, HP Steam_Dis, HRSG1_SHP STEAM, HRSG2_SHP STEAM, HRSG3_SHP STEAM, LP Steam PRDS, LP Steam_Dis, MP Steam PRDS SHP, MP Steam_Dis, Oxygen, POWERGEN, Power_Dis, SHP Steam_Dis, STG1_LP STEAM, STG1_MP STEAM, Treated Spent Caustic
  Consumer/U4U Utilities (20): Boiler Feed Water, COMPRESSED AIR, Cooling Water 2, D M Water, HP Steam PRDS, HRSG1_SHP STEAM, HRSG2_SHP STEAM, HRSG3_SHP STEAM, LP Steam PRDS, LP Steam_Dis, MP Steam PRDS SHP, MP Steam_Dis, POWERGEN, Power from MEL, Power_Dis, Ret steam condensate, SHP Steam_Dis, STG1_LP STEAM, STG1_MP STEAM, UREA,NITROGEN CONTENT 46%
  Total Unique Utilities: 25

  Plant                         Utility (Producer)      UOM         Generation  U4U Consumes                                      
  ----------------------------  ----------------------  ------  --------------  --------------------------------------------------
  NMD - Power Plant 1           POWERGEN                KWH               0.00  COMPRESSED AIR(0.0000); Cooling Water 2(0.0000)...
  NMD - Power Plant 2           POWERGEN                KWH         8280000.00  COMPRESSED AIR(0.0038); Cooling Water 2(0.0000)...
  NMD - Power Plant 3           POWERGEN                KWH         9216000.00  COMPRESSED AIR(0.0034); Cooling Water 2(0.0000)...
  NMD - STG Power Plant         POWERGEN                KWH         8650082.05  COMPRESSED AIR(0.0040); Cooling Water 2(0.0002)...
  NMD - Utility Plant           Boiler Feed Water       M3            94751.25  Cooling Water 2(0.0011); D M Water(0.8600); LP ...
  NMD - Utility Plant           COMPRESSED AIR          NM3         7098799.59  Cooling Water 2(0.0000); Power_Dis(0.1650)        
  NMD - Utility Plant           Cooling Water 1         KM3           15194.00  COMPRESSED AIR(0.1086); Power_Dis(245.0000)       
  NMD - Utility Plant           Cooling Water 2         KM3          287947.87  COMPRESSED AIR(0.1230); Power_Dis(250.0000)       
  NMD - Utility Plant           D M Water               M3           137273.07  COMPRESSED AIR(0.0770); Power_Dis(1.2100); Ret ...
  NMD - Utility Plant           Effluent Treated        M3                0.00  Power_Dis(3.5400); UREA,NITROGEN CONTENT 46%(0....
  NMD - Utility Plant           HP Steam PRDS           MT             4972.00  Boiler Feed Water(0.0768); SHP Steam_Dis(0.9232)  
  NMD - Utility Plant           HRSG1_SHP STEAM         MT                0.00  Boiler Feed Water(1.0240); COMPRESSED AIR(9.738...
  NMD - Utility Plant           HRSG2_SHP STEAM         MT            43727.51  Boiler Feed Water(1.0240); COMPRESSED AIR(9.853...
  NMD - Utility Plant           HRSG3_SHP STEAM         MT            43727.51  Boiler Feed Water(1.0240); COMPRESSED AIR(9.596...
  NMD - Utility Plant           LP Steam PRDS           MT            11594.72  Boiler Feed Water(0.2500); MP Steam_Dis(0.7500)   
  NMD - Utility Plant           MP Steam PRDS SHP       MT            21297.55  Boiler Feed Water(0.0900); SHP Steam_Dis(0.9100)  
  NMD - Utility Plant           Oxygen                  MT             5787.00  Cooling Water 2(0.2610); Power_Dis(968.6500)      
  NMD - Utility Plant           STG1_LP STEAM           MT            20646.72  SHP Steam_Dis(0.4800)                             
  NMD - Utility Plant           STG1_MP STEAM           MT             1946.89  SHP Steam_Dis(0.6900)                             
  NMD - Utility Plant           Treated Spent Caustic   M3                0.00  COMPRESSED AIR(0.0000); Cooling Water 2(0.0000)...
  NMD - Utility/Power Dist      HP Steam_Dis            MT             4972.00  HP Steam PRDS(1.0000)                             
  NMD - Utility/Power Dist      LP Steam_Dis            MT            32241.44  LP Steam PRDS(0.3596); STG1_LP STEAM(0.6404)      
  NMD - Utility/Power Dist      MP Steam_Dis            MT            23244.44  MP Steam PRDS SHP(0.9162); STG1_MP STEAM(0.0838)  
  NMD - Utility/Power Dist      Power_Dis               KWH        43884361.32  Power from MEL(0.4102); POWERGEN(0.0000); POWER...
  NMD - Utility/Power Dist      SHP Steam_Dis           MT            87455.02  HRSG1_SHP STEAM(0.0000); HRSG2_SHP STEAM(0.5000...

  --- U4U CONSUMPTION DETAILS ---

  Producer Utility        Consumes (Material)           Norm             Qty  UOM     Issuing Plant               
  ----------------------  ----------------------  ----------  --------------  ------  ----------------------------
  Boiler Feed Water       Cooling Water 2           0.001070          101.38  KM3     NMD - Utility Plant         
  Boiler Feed Water       D M Water                 0.860000        81486.07  M3      NMD - Utility Plant         
  Boiler Feed Water       LP Steam_Dis              0.145000        13738.93  MT      NMD - Utility/Power Dist    
  Boiler Feed Water       Power_Dis                 9.500000       900136.88  KWH     NMD - Utility/Power Dist    
  COMPRESSED AIR          Cooling Water 2           0.000025          177.47  KM3     NMD - Utility Plant         
  COMPRESSED AIR          Power_Dis                 0.165000      1171301.93  KWH     NMD - Utility/Power Dist    
  Cooling Water 1         COMPRESSED AIR            0.108592         1649.95  NM3     NMD - Utility Plant         
  Cooling Water 1         Power_Dis               244.999997      3722529.95  KWH     NMD - Utility/Power Dist    
  Cooling Water 2         COMPRESSED AIR            0.123044        35430.26  NM3     NMD - Utility Plant         
  Cooling Water 2         Power_Dis               249.999997     71986966.64  KWH     NMD - Utility/Power Dist    
  D M Water               COMPRESSED AIR            0.077000        10570.03  NM3     NMD - Utility Plant         
  D M Water               Power_Dis                 1.210000       166100.41  KWH     NMD - Utility/Power Dist    
  D M Water               Ret steam condensate      0.203000        27866.43  M3      NMD - STG Power Plant       
  Effluent Treated        Power_Dis                 3.540000            0.00  KWH     NMD - Utility/Power Dist    
  Effluent Treated        UREA,NITROGEN CONTENT 46%    0.000750            0.00  KG      NMD-Rev Proc                
  HP Steam PRDS           Boiler Feed Water         0.076800          381.85  M3      NMD - Utility Plant         
  HP Steam PRDS           SHP Steam_Dis             0.923200         4590.15  MT      NMD - Utility/Power Dist    
  HP Steam_Dis            HP Steam PRDS             1.000000         4972.00  MT      NMD - Utility Plant         
  HRSG1_SHP STEAM         Boiler Feed Water         1.024000            0.00  M3      NMD - Utility Plant         
  HRSG1_SHP STEAM         COMPRESSED AIR            9.738838            0.00  NM3     NMD - Utility Plant         
  HRSG1_SHP STEAM         LP Steam_Dis             -0.078000            0.00  MT      NMD - Utility/Power Dist    
  HRSG2_SHP STEAM         Boiler Feed Water         1.024000        44776.97  M3      NMD - Utility Plant         
  HRSG2_SHP STEAM         COMPRESSED AIR            9.853236       430857.48  NM3     NMD - Utility Plant         
  HRSG2_SHP STEAM         LP Steam_Dis             -0.078000        -3410.75  MT      NMD - Utility/Power Dist    
  HRSG3_SHP STEAM         Boiler Feed Water         1.024000        44776.97  M3      NMD - Utility Plant         
  HRSG3_SHP STEAM         COMPRESSED AIR            9.596520       419631.92  NM3     NMD - Utility Plant         
  HRSG3_SHP STEAM         LP Steam_Dis             -0.078000        -3410.75  MT      NMD - Utility/Power Dist    
  LP Steam PRDS           Boiler Feed Water         0.250000         2898.68  M3      NMD - Utility Plant         
  LP Steam PRDS           MP Steam_Dis              0.750000         8696.04  MT      NMD - Utility/Power Dist    
  LP Steam_Dis            LP Steam PRDS             0.359600        11594.02  MT      NMD - Utility Plant         
  LP Steam_Dis            STG1_LP STEAM             0.640400        20647.42  MT      NMD - Utility Plant         
  MP Steam PRDS SHP       Boiler Feed Water         0.090000         1916.78  M3      NMD - Utility Plant         
  MP Steam PRDS SHP       SHP Steam_Dis             0.910000        19380.77  MT      NMD - Utility/Power Dist    
  MP Steam_Dis            MP Steam PRDS SHP         0.916200        21296.56  MT      NMD - Utility Plant         
  MP Steam_Dis            STG1_MP STEAM             0.083800         1947.88  MT      NMD - Utility Plant         
  Oxygen                  Cooling Water 2           0.261000         1510.41  KM3     NMD - Utility Plant         
  Oxygen                  Power_Dis               968.650000      5605577.55  KWH     NMD - Utility/Power Dist    
  POWERGEN                COMPRESSED AIR            0.004011        34695.48  NM3     NMD - Utility Plant         
  POWERGEN                Cooling Water 2           0.000232         2006.82  KM3     NMD - Utility Plant         
  POWERGEN                Power_Dis                 0.002000        17300.16  KWH     NMD - Utility/Power Dist    
  POWERGEN                SHP Steam_Dis             0.003615        31271.02  MT      NMD - Utility/Power Dist    
  Power_Dis               POWERGEN                  0.196717      8632781.88  KWH     NMD - STG Power Plant       
  Power_Dis               Power from MEL            0.410169     18000000.00  KWH     NMD-Rev Proc                
  SHP Steam_Dis           HRSG1_SHP STEAM           0.000000            0.00  MT      NMD - Utility Plant         
  SHP Steam_Dis           HRSG2_SHP STEAM           0.500000        43727.51  MT      NMD - Utility Plant         
  SHP Steam_Dis           HRSG3_SHP STEAM           0.500000        43727.51  MT      NMD - Utility Plant         
  STG1_LP STEAM           SHP Steam_Dis             0.480000         9910.43  MT      NMD - Utility/Power Dist    
  STG1_MP STEAM           SHP Steam_Dis             0.690000         1343.35  MT      NMD - Utility/Power Dist    
  Treated Spent Caustic   COMPRESSED AIR            0.000000            8.00  NM3     NMD - Utility Plant         
  Treated Spent Caustic   Cooling Water 2           0.000000            0.00  KM3     NMD - Utility Plant         
  Treated Spent Caustic   MP Steam_Dis             17.040000            0.00  MT      NMD - Utility/Power Dist    
  Treated Spent Caustic   Power_Dis                 1.000000         4971.91  KWH     NMD - Utility/Power Dist    

  Note: Norm = consumption per unit generation. Qty = actual consumption for the month.
  U4U consumption adds to total demand for each consumed utility.

======================================================================
  CPPNORMS — U4U CONSUMPTION NORMS  (April 2025)
======================================================================
  Financial Year: 2025-26  |  Norm Column: Apr_Norms  |  Total Rows: 64

  Plant                         Generation Utility      UOM     U4U Material                    Norm  UOM     Issuing Plant               
  ----------------------------  ----------------------  ------  ----------------------  ------------  ------  ----------------------------
  NMD - Power Plant 1           POWERGEN                KWH     COMPRESSED AIR              0.000000  NM3     NMD - Utility Plant         
                                                                Cooling Water 2             0.000000  KM3     NMD - Utility Plant         
                                                                Power_Dis                   0.000000  KWH     NMD - Utility/Power Dist    
  NMD - Power Plant 2           POWERGEN                KWH     COMPRESSED AIR              0.003839  NM3     NMD - Utility Plant         
                                                                Cooling Water 2             0.000013  KM3     NMD - Utility Plant         
                                                                Power_Dis                   0.014000  KWH     NMD - Utility/Power Dist    
  NMD - Power Plant 3           POWERGEN                KWH     COMPRESSED AIR              0.003420  NM3     NMD - Utility Plant         
                                                                Cooling Water 2             0.000012  KM3     NMD - Utility Plant         
                                                                Power_Dis                   0.014000  KWH     NMD - Utility/Power Dist    
  NMD - STG Power Plant         POWERGEN                KWH     COMPRESSED AIR              0.004011  NM3     NMD - Utility Plant         
                                                                Cooling Water 2             0.000232  KM3     NMD - Utility Plant         
                                                                Power_Dis                   0.002000  KWH     NMD - Utility/Power Dist    
                                                                SHP Steam_Dis               0.003615  MT      NMD - Utility/Power Dist    
  NMD - Utility Plant           Boiler Feed Water       M3      Cooling Water 2             0.001070  KM3     NMD - Utility Plant         
                                                                D M Water                   0.860000  M3      NMD - Utility Plant         
                                                                LP Steam_Dis                0.145000  MT      NMD - Utility/Power Dist    
                                                                Power_Dis                   9.500000  KWH     NMD - Utility/Power Dist    
  NMD - Utility Plant           COMPRESSED AIR          NM3     Cooling Water 2             0.000025  KM3     NMD - Utility Plant         
                                                                Power_Dis                   0.165000  KWH     NMD - Utility/Power Dist    
  NMD - Utility Plant           Cooling Water 1         KM3     COMPRESSED AIR              0.108592  NM3     NMD - Utility Plant         
                                                                Power_Dis                 244.999997  KWH     NMD - Utility/Power Dist    
  NMD - Utility Plant           Cooling Water 2         KM3     COMPRESSED AIR              0.123044  NM3     NMD - Utility Plant         
                                                                Power_Dis                 249.999997  KWH     NMD - Utility/Power Dist    
  NMD - Utility Plant           D M Water               M3      COMPRESSED AIR              0.077000  NM3     NMD - Utility Plant         
                                                                Power_Dis                   1.210000  KWH     NMD - Utility/Power Dist    
                                                                Ret steam condensate        0.203000  M3      NMD - STG Power Plant       
  NMD - Utility Plant           Effluent Treated        M3      Power_Dis                   3.540000  KWH     NMD - Utility/Power Dist    
                                                                UREA,NITROGEN CONTENT 46%      0.000750  KG      NMD-Rev Proc                
  NMD - Utility Plant           HP Steam PRDS           MT      Boiler Feed Water           0.076800  M3      NMD - Utility Plant         
                                                                SHP Steam_Dis               0.923200  MT      NMD - Utility/Power Dist    
  NMD - Utility Plant           HRSG1_SHP STEAM         MT      Boiler Feed Water           1.024000  M3      NMD - Utility Plant         
                                                                COMPRESSED AIR              9.738838  NM3     NMD - Utility Plant         
                                                                LP Steam_Dis               -0.078000  MT      NMD - Utility/Power Dist    
  NMD - Utility Plant           HRSG2_SHP STEAM         MT      Boiler Feed Water           1.024000  M3      NMD - Utility Plant         
                                                                COMPRESSED AIR              9.853236  NM3     NMD - Utility Plant         
                                                                LP Steam_Dis               -0.078000  MT      NMD - Utility/Power Dist    
  NMD - Utility Plant           HRSG3_SHP STEAM         MT      Boiler Feed Water           1.024000  M3      NMD - Utility Plant         
                                                                COMPRESSED AIR              9.596520  NM3     NMD - Utility Plant         
                                                                LP Steam_Dis               -0.078000  MT      NMD - Utility/Power Dist    
  NMD - Utility Plant           LP Steam PRDS           MT      Boiler Feed Water           0.250000  M3      NMD - Utility Plant         
                                                                MP Steam_Dis                0.750000  MT      NMD - Utility/Power Dist    
  NMD - Utility Plant           MP Steam PRDS SHP       MT      Boiler Feed Water           0.090000  M3      NMD - Utility Plant         
                                                                SHP Steam_Dis               0.910000  MT      NMD - Utility/Power Dist    
  NMD - Utility Plant           Oxygen                  MT      Cooling Water 2             0.261000  KM3     NMD - Utility Plant         
                                                                Power_Dis                 968.650000  KWH     NMD - Utility/Power Dist    
  NMD - Utility Plant           STG1_LP STEAM           MT      SHP Steam_Dis               0.480000  MT      NMD - Utility/Power Dist    
  NMD - Utility Plant           STG1_MP STEAM           MT      SHP Steam_Dis               0.690000  MT      NMD - Utility/Power Dist    
  NMD - Utility Plant           Treated Spent Caustic   M3      COMPRESSED AIR              0.000000  NM3     NMD - Utility Plant         
                                                                Cooling Water 2             0.000000  KM3     NMD - Utility Plant         
                                                                MP Steam_Dis               17.040000  MT      NMD - Utility/Power Dist    
                                                                Power_Dis                   1.000000  KWH     NMD - Utility/Power Dist    
  NMD - Utility/Power Dist      HP Steam_Dis            MT      HP Steam PRDS               1.000000  MT      NMD - Utility Plant         
  NMD - Utility/Power Dist      LP Steam_Dis            MT      LP Steam PRDS               0.359600  MT      NMD - Utility Plant         
                                                                STG1_LP STEAM               0.640400  MT      NMD - Utility Plant         
  NMD - Utility/Power Dist      MP Steam_Dis            MT      MP Steam PRDS SHP           0.916200  MT      NMD - Utility Plant         
                                                                STG1_MP STEAM               0.083800  MT      NMD - Utility Plant         
  NMD - Utility/Power Dist      Power_Dis               KWH     Power from MEL              0.410169  KWH     NMD-Rev Proc                
                                                                POWERGEN                    0.000000  KWH     NMD - Power Plant 1         
                                                                POWERGEN                    0.186036  KWH     NMD - Power Plant 2         
                                                                POWERGEN                    0.207066  KWH     NMD - Power Plant 3         
                                                                POWERGEN                    0.196717  KWH     NMD - STG Power Plant       
  NMD - Utility/Power Dist      SHP Steam_Dis           MT      HRSG1_SHP STEAM             0.000000  MT      NMD - Utility Plant         
                                                                HRSG2_SHP STEAM             0.500000  MT      NMD - Utility Plant         
                                                                HRSG3_SHP STEAM             0.500000  MT      NMD - Utility Plant         

  Norm = U4U consumption per unit of generation utility.
  Consumption QTY = Norm × Generation QTY (from NormsMonthDetail).

======================================================================
  U4U ITERATIVE BALANCING
======================================================================
00:56:56  INFO        [NMD NormsReader] Loaded 118 rows for 4/2025 — 22 generation utilities, 34 U4U materials
00:56:57  INFO        [CONSOLIDATED] 12 utilities (process + fixed) for 4/2025
00:56:57  INFO        [U4U LOOP] Initial demands: 24 utilities (24 from demand, 22 from norms)
00:56:57  INFO        [U4U LOOP] Pass-through utilities (demand but no norms): Nitrogen Gas, Water
00:56:57  INFO      
00:56:57  INFO        ==========================================================================================
00:56:57  INFO        U4U ITERATION LOOP  (April 2025)
00:56:57  INFO        ==========================================================================================
00:56:57  INFO        Tolerance: 0.0100% (U4U)  |  0.02 MWh (power)  |  Max iterations: 50
00:56:57  INFO        Total utilities: 24  |  Generation utilities: 22  |  Pass-through: 2
00:56:57  INFO        Pass-through (no norms): Nitrogen Gas, Water
00:56:57  INFO      
00:56:58  INFO        [DISPATCH] Total demand: 29242.07 MWh, Import: 18000.00 MWh, Net for GT/STG: 11242.07 MWh
00:56:59  WARNING     [DISPATCH] No aux power norm for 'NMD-Power Plant-2'; using 0.0
00:56:59  WARNING     [DISPATCH] No aux power norm for 'NMD-Power Plant-3'; using 0.0
00:56:59  WARNING     [DISPATCH] No aux power norm for 'NMD-STG Power Plant'; using 0.0
00:56:59  INFO        ==============================================================================
00:56:59  INFO        POWER DISPATCH  (April 2025)
00:56:59  INFO        ==============================================================================
00:56:59  INFO        Demand:  Process = 29242.07 MWh  |  Fixed = 0.00 MWh  |  Total = 29242.07 MWh
00:56:59  INFO      
00:56:59  INFO        Asset                      Priority    Min MW    Max MW     Hours   Dispatched MW  Dispatched MWh    Load %  Free Steam MT  Aux Power MWh
00:56:59  INFO        -------------------------  --------  --------  --------  --------  --------------  --------------  --------  ------------  ------------
00:56:59  INFO        NMD-Power Plant-2                 1      5.00     11.50    720.00            5.00         3600.00     43.5%       7092.00          0.00
00:56:59  INFO        NMD-Power Plant-3                 1      5.00     12.80    720.00            5.00         3600.00     39.1%       7092.00          0.00
00:56:59  INFO        NMD-STG Power Plant               2      6.00     14.50    720.00            6.00         4320.00     41.4%          0.00          0.00
00:56:59  INFO        TOTAL                                                                                    11520.00                14184.00          0.00
00:56:59  INFO        DEFICIT: 17722.07 MWh under-generation
00:56:59  INFO        ==============================================================================
00:56:59  INFO        ==============================================================================
00:56:59  INFO        STEAM DISPATCH  (April 2025)
00:56:59  INFO        ==============================================================================
00:56:59  INFO        Grade      Process/Fixed MT  Letdown MT  Byproduct MT     Net Demand MT
00:56:59  INFO        ---------  ----------------  ----------  ------------  ----------------
00:56:59  INFO        MP                 14548.40    10911.30          0.00          14548.40
00:56:59  INFO        SHP                20975.00    19364.12          0.00          20975.00
00:56:59  INFO      
00:56:59  INFO        Total Free Steam available: 14184.00 MT
00:56:59  INFO      
00:56:59  INFO        FINAL SUPPLEMENTARY FIRING DISPATCH
00:56:59  INFO        Asset                      Priority     Min TPH     Max TPH     Hours  Dispatched TPH   Dispatched MT    Load %
00:56:59  INFO        -------------------------  --------  ----------  ----------  --------  --------------  --------------  --------
00:56:59  INFO        HRSG-1                          999       60.00      136.00      0.00            0.00            0.00      0.0%
00:56:59  INFO        HRSG-2                            1       50.15      126.15    720.00           50.15        36108.00     44.1%
00:56:59  INFO        HRSG-3                            1       50.15      126.15    720.00           50.15        36108.00     44.1%
00:56:59  INFO        TOTAL SUPPLEMENTARY                                                                          72216.00          
00:56:59  INFO        TOTAL STEAM GENERATED                                                                        86400.00          
00:56:59  INFO        SURPLUS: 65425.00 MT
00:56:59  INFO        ==============================================================================
00:56:59  INFO        [REVERSE NG] Found GT asset: NMD-Power Plant-3, plant: NMD - Power Plant 3, heat_rate: 5405.67, free_steam: 1.97
00:56:59  INFO        [REVERSE NG] NMD - Power Plant 3: gen_qty=3600000 KWH, heat_rate=5405.67, free_steam=1.9700, consumed=55774.46 MMBTU (REVERSE)
00:56:59  INFO        [REVERSE NG] Found GT asset: NMD-Power Plant-2, plant: NMD - Power Plant 2, heat_rate: 5405.67, free_steam: 1.97
00:56:59  INFO        [REVERSE NG] NMD - Power Plant 2: gen_qty=3600000 KWH, heat_rate=5405.67, free_steam=1.9700, consumed=55774.46 MMBTU (REVERSE)
00:56:59  INFO        [REVERSE NG HRSG] Found HRSG: HRSG-2, supp_steam=36108.00 MT, free_steam=7092.00 MT, total_steam=43200.00 MT
00:56:59  INFO        [REVERSE NG HRSG] HRSG2_SHP STEAM: total_steam=43200.00 MT, norm=2.954424, consumed=127631.12 MMBTU (REVERSE, BPC method)
00:56:59  INFO        [REVERSE NG HRSG] Found HRSG: HRSG-3, supp_steam=36108.00 MT, free_steam=7092.00 MT, total_steam=43200.00 MT
00:56:59  INFO        [REVERSE NG HRSG] HRSG3_SHP STEAM: total_steam=43200.00 MT, norm=2.954424, consumed=127631.12 MMBTU (REVERSE, BPC method)
00:56:59  INFO        [U4U LOOP] Excess SHP: 65425.00 MT → STG +18377.81 MWh, GT -16693.93 MWh (capped from 18377.81 to meet demand)
00:56:59  INFO      
00:56:59  INFO        ------------------------------------------------------------------------------------------
00:56:59  INFO        ITERATION 1
00:56:59  INFO        ------------------------------------------------------------------------------------------
00:56:59  INFO        Power:  Demand =    29242067.20 KWH  |  Gen =       11520.00 MWh  |  Surplus =   277.93  |  Deficit =     0.00
00:56:59  INFO        Steam:  Gen =       86400.00 MT  |  Surplus = 65425.00  |  Deficit =     0.00
00:56:59  INFO        Excess SHP:   65425.00 MT → STG override = 22697.81 MWh, GT reduction = 16693.93 MWh
00:56:59  INFO        Power delta: 29242067.2000 MWh  |  Converged: NO
00:56:59  INFO      
00:56:59  INFO        Utility                                Total Demand      U4U Demand         Initial    Change %
00:56:59  INFO        -----------------------------------  --------------  --------------  --------------  ----------
00:56:59  INFO        Boiler Feed Water                              0.00        88473.60            0.00     0.0000%
00:56:59  INFO        COMPRESSED AIR                           6084105.59       890744.33      6084105.59   100.0000%
00:56:59  INFO        Cooling Water 1                            15194.00            0.00        15194.00   100.0000%
00:56:59  INFO        Cooling Water 2                             9016.31         2754.75         9016.31   100.0000%
00:56:59  INFO        D M Water                                  55787.00            0.00        55787.00   100.0000%
00:56:59  INFO        HP Steam PRDS                                  0.00         4972.00            0.00     0.0000%
00:56:59  INFO        HP Steam_Dis                                4972.00            0.00         4972.00   100.0000%
00:56:59  INFO        HRSG2_SHP STEAM                                0.00        10487.50            0.00     0.0000%
00:56:59  INFO        HRSG3_SHP STEAM                                0.00        10487.50            0.00     0.0000%
00:56:59  INFO        LP Steam PRDS                                  0.00         9090.87            0.00     0.0000%
00:56:59  INFO        LP Steam_Dis                               25280.51            0.00        25280.51   100.0000%
00:56:59  INFO        MP Steam PRDS SHP                              0.00        13329.24            0.00     0.0000%
00:56:59  INFO        MP Steam_Dis                               14548.40            0.00        14548.40   100.0000%
00:56:59  INFO        Nitrogen Gas                             5437630.00            0.00      5437630.00   100.0000% (PT)
00:56:59  INFO        Oxygen                                      5787.00            0.00         5787.00   100.0000%
00:56:59  INFO        POWERGEN                                       0.00     17411456.88            0.00     0.0000%
00:56:59  INFO        Power_Dis                               29242067.20     12763004.67     29242067.20   100.0000%
00:56:59  INFO        SHP Steam_Dis                              20975.00        15616.80        20975.00   100.0000%
00:56:59  INFO        STG1_LP STEAM                                  0.00        16189.64            0.00     0.0000%
00:56:59  INFO        STG1_MP STEAM                                  0.00         1219.16            0.00     0.0000%
00:56:59  INFO        Water                                     280371.80       330387.44       280371.80   100.0000% (PT)
00:56:59  INFO      
00:56:59  INFO        U4U CONSUMPTION BREAKDOWN (per producer per material):
00:56:59  INFO        Producer                        Material Consumed                     Norm        Quantity  Credit
00:56:59  INFO        ------------------------------  ------------------------------  ----------  --------------  ------
00:56:59  INFO        COMPRESSED AIR                  Cooling Water 2                   0.000025          152.10  
00:56:59  INFO        COMPRESSED AIR                  Power_Dis                         0.165000      1003877.42  
00:56:59  INFO        Cooling Water 1                 COMPRESSED AIR                    0.108592         1649.95  
00:56:59  INFO        Cooling Water 1                 Power_Dis                       244.999997      3722529.95  
00:56:59  INFO        Cooling Water 1                 SULPHURIC ACID                    0.000158            2.40  
00:56:59  INFO        Cooling Water 1                 Water                            11.050000       167893.70  
00:56:59  INFO        Cooling Water 2                 COMPRESSED AIR                    0.123044         1109.40  
00:56:59  INFO        Cooling Water 2                 Power_Dis                       249.999997      2254077.47  
00:56:59  INFO        Cooling Water 2                 SULPHURIC ACID                    0.000158            1.42  
00:56:59  INFO        Cooling Water 2                 Water                            11.500000       103687.56  
00:56:59  INFO        D M Water                       CAUSTIC SODA LYE – GRADE 1        0.000226           12.61  
00:56:59  INFO        D M Water                       CHEM  SODIUM SULPHITE;PN:MIS 1    0.000701           39.11  
00:56:59  INFO        D M Water                       CHEM ALUM.SULFATE, AL2(SO4)3,1    0.000757           42.23  
00:56:59  INFO        D M Water                       COMPRESSED AIR                    0.077000         4295.60  
00:56:59  INFO        D M Water                       HYDRO CHLORIC ACID (30%) -VIRG    0.000226           12.61  
00:56:59  INFO        D M Water                       POLYELECTROLYTE                   0.000578           32.24  
00:56:59  INFO        D M Water                       Power_Dis                         1.210000        67502.27  
00:56:59  INFO        D M Water                       Ret steam condensate              0.203000        11324.76  
00:56:59  INFO        D M Water                       SODIUM CHLORIDE IS 797 GRADE1     0.000010            0.56  
00:56:59  INFO        D M Water                       Water                             1.050000        58576.35  
00:56:59  INFO        HP Steam_Dis                    HP Steam PRDS                     1.000000         4972.00  
00:56:59  INFO        HRSG2_SHP STEAM                 Boiler Feed Water                 1.024000        44236.80  
00:56:59  INFO        HRSG2_SHP STEAM                 CHEM TRISODIUM PHOSPHATE          0.000900           38.88  
00:56:59  INFO        HRSG2_SHP STEAM                 COMPRESSED AIR                    9.853236       425659.80  
00:56:59  INFO        HRSG2_SHP STEAM                 FURNACE OIL ( MEDIUM VISCOSITY    0.000098            4.23  
00:56:59  INFO        HRSG2_SHP STEAM                 LP Steam_Dis                     -0.078000        -3369.60  YES
00:56:59  INFO        HRSG2_SHP STEAM                 NATURAL GAS                       2.954424       127631.12  
00:56:59  INFO        HRSG2_SHP STEAM                 Water                             0.002660          114.91  
00:56:59  INFO        HRSG3_SHP STEAM                 Boiler Feed Water                 1.024000        44236.80  
00:56:59  INFO        HRSG3_SHP STEAM                 CHEM TRISODIUM PHOSPHATE          0.000900           38.88  
00:56:59  INFO        HRSG3_SHP STEAM                 COMPRESSED AIR                    9.596520       414569.66  
00:56:59  INFO        HRSG3_SHP STEAM                 FURNACE OIL ( MEDIUM VISCOSITY    0.000098            4.23  
00:56:59  INFO        HRSG3_SHP STEAM                 LP Steam_Dis                     -0.078000        -3369.60  YES
00:56:59  INFO        HRSG3_SHP STEAM                 NATURAL GAS                       2.954424       127631.12  
00:56:59  INFO        HRSG3_SHP STEAM                 Water                             0.002660          114.91  
00:56:59  INFO        LP Steam_Dis                    LP Steam PRDS                     0.359600         9090.87  
00:56:59  INFO        LP Steam_Dis                    STG1_LP STEAM                     0.640400        16189.64  
00:56:59  INFO        MP Steam_Dis                    MP Steam PRDS SHP                 0.916200        13329.24  
00:56:59  INFO        MP Steam_Dis                    STG1_MP STEAM                     0.083800         1219.16  
00:56:59  INFO        Oxygen                          Cooling Water 2                   0.261000         1510.41  
00:56:59  INFO        Oxygen                          Power_Dis                       968.650000      5605577.55  
00:56:59  INFO        POWERGEN                        COMPRESSED AIR                    0.004011        17327.52  
00:56:59  INFO        POWERGEN                        COMPRESSED AIR                    0.003420        12312.00  
00:56:59  INFO        POWERGEN                        COMPRESSED AIR                    0.003839        13820.40  
00:56:59  INFO        POWERGEN                        COMPRESSED AIR                    0.000000            0.00  
00:56:59  INFO        POWERGEN                        Cooling Water 2                   0.000232         1002.24  
00:56:59  INFO        POWERGEN                        Cooling Water 2                   0.000012           43.20  
00:56:59  INFO        POWERGEN                        Cooling Water 2                   0.000013           46.80  
00:56:59  INFO        POWERGEN                        Cooling Water 2                   0.000000            0.00  
00:56:59  INFO        POWERGEN                        NATURAL GAS                       0.009373        55774.46  
00:56:59  INFO        POWERGEN                        NATURAL GAS                       0.009982        55774.46  
00:56:59  INFO        POWERGEN                        NATURAL GAS                       0.009472            0.00  
00:56:59  INFO        POWERGEN                        Power_Dis                         0.002000         8640.00  
00:56:59  INFO        POWERGEN                        Power_Dis                         0.014000        50400.00  
00:56:59  INFO        POWERGEN                        Power_Dis                         0.014000        50400.00  
00:56:59  INFO        POWERGEN                        Power_Dis                         0.000000            0.00  
00:56:59  INFO        POWERGEN                        SHP Steam_Dis                     0.003615        15616.80  
00:56:59  INFO        Power_Dis                       POWERGEN                          0.186036      5491782.72  
00:56:59  INFO        Power_Dis                       POWERGEN                          0.196717      5807085.84  
00:56:59  INFO        Power_Dis                       POWERGEN                          0.207066      6112588.32  
00:56:59  INFO        Power_Dis                       Power from MEL                    0.410169     18000000.00  
00:56:59  INFO        SHP Steam_Dis                   HRSG2_SHP STEAM                   0.500000        10487.50  
00:56:59  INFO        SHP Steam_Dis                   HRSG3_SHP STEAM                   0.500000        10487.50  
00:56:59  INFO      
00:56:59  INFO        Not yet converged: 26 materials
00:56:59  INFO          Boiler Feed Water               change = 100.0000%
00:56:59  INFO          CAUSTIC SODA LYE – GRADE 1      change = 100.0000%
00:56:59  INFO          CHEM  SODIUM SULPHITE;PN:MIS 19OX  change = 100.0000%
00:56:59  INFO          CHEM ALUM.SULFATE, AL2(SO4)3,18H2O  change = 100.0000%
00:56:59  INFO          CHEM TRISODIUM PHOSPHATE        change = 100.0000%
00:56:59  INFO          COMPRESSED AIR                  change = 100.0000%
00:56:59  INFO          Cooling Water 2                 change = 100.0000%
00:56:59  INFO          FURNACE OIL ( MEDIUM VISCOSITY GRADE )  change = 100.0000%
00:56:59  INFO          HP Steam PRDS                   change = 100.0000%
00:56:59  INFO          HRSG2_SHP STEAM                 change = 100.0000%
00:56:59  INFO          HRSG3_SHP STEAM                 change = 100.0000%
00:56:59  INFO          HYDRO CHLORIC ACID (30%) -VIRGIN  change = 100.0000%
00:56:59  INFO          LP Steam PRDS                   change = 100.0000%
00:56:59  INFO          MP Steam PRDS SHP               change = 100.0000%
00:56:59  INFO          NATURAL GAS                     change = 100.0000%
00:56:59  INFO          POLYELECTROLYTE                 change = 100.0000%
00:56:59  INFO          POWERGEN                        change = 100.0000%
00:56:59  INFO          Power from MEL                  change = 100.0000%
00:56:59  INFO          Power_Dis                       change = 100.0000%
00:56:59  INFO          Ret steam condensate            change = 100.0000%
00:56:59  INFO          SHP Steam_Dis                   change = 100.0000%
00:56:59  INFO          SODIUM CHLORIDE IS 797 GRADE1   change = 100.0000%
00:56:59  INFO          STG1_LP STEAM                   change = 100.0000%
00:56:59  INFO          STG1_MP STEAM                   change = 100.0000%
00:56:59  INFO          SULPHURIC ACID                  change = 100.0000%
00:56:59  INFO          Water                           change = 100.0000%
00:56:59  INFO        ------------------------------------------------------------------------------------------
00:57:00  INFO        [DISPATCH] Total demand: 42005.07 MWh, Import: 18000.00 MWh, Net for GT/STG: 24005.07 MWh
00:57:00  WARNING     [DISPATCH] No aux power norm for 'NMD-Power Plant-2'; using 0.0
00:57:00  WARNING     [DISPATCH] No aux power norm for 'NMD-Power Plant-3'; using 0.0
00:57:00  WARNING     [DISPATCH] No aux power norm for 'NMD-STG Power Plant'; using 0.0
00:57:00  INFO        ==============================================================================
00:57:00  INFO        POWER DISPATCH  (April 2025)
00:57:00  INFO        ==============================================================================
00:57:00  INFO        Demand:  Process = 42005.07 MWh  |  Fixed = 0.00 MWh  |  Total = 42005.07 MWh
00:57:00  INFO      
00:57:00  INFO        Asset                      Priority    Min MW    Max MW     Hours   Dispatched MW  Dispatched MWh    Load %  Free Steam MT  Aux Power MWh
00:57:00  INFO        -------------------------  --------  --------  --------  --------  --------------  --------------  --------  ------------  ------------
00:57:00  INFO        NMD-Power Plant-2                 1      5.00      5.00    720.00            5.00         3600.00    100.0%       7092.00          0.00
00:57:00  INFO        NMD-Power Plant-3                 1      5.00      5.00    720.00            5.00         3600.00    100.0%       7092.00          0.00
00:57:00  INFO        NMD-STG Power Plant               2      6.00     14.50    720.00           14.50        10440.00    100.0%          0.00          0.00
00:57:00  INFO        TOTAL                                                                                    17640.00                14184.00          0.00
00:57:00  INFO        DEFICIT: 24365.07 MWh under-generation
00:57:00  INFO        ==============================================================================
00:57:00  INFO        ==============================================================================
00:57:00  INFO        STEAM DISPATCH  (April 2025)
00:57:00  INFO        ==============================================================================
00:57:00  INFO        Grade      Process/Fixed MT  Letdown MT  Byproduct MT     Net Demand MT
00:57:00  INFO        ---------  ----------------  ----------  ------------  ----------------
00:57:00  INFO        MP                 14548.40    10911.30          0.00          14548.40
00:57:00  INFO        SHP                36591.80    33781.55          0.00          36591.80
00:57:00  INFO      
00:57:00  INFO        Total Free Steam available: 14184.00 MT
00:57:00  INFO      
00:57:00  INFO        FINAL SUPPLEMENTARY FIRING DISPATCH
00:57:00  INFO        Asset                      Priority     Min TPH     Max TPH     Hours  Dispatched TPH   Dispatched MT    Load %
00:57:00  INFO        -------------------------  --------  ----------  ----------  --------  --------------  --------------  --------
00:57:00  INFO        HRSG-1                          999       60.00      136.00      0.00            0.00            0.00      0.0%
00:57:00  INFO        HRSG-2                            1       50.15      126.15    720.00           50.15        36108.00     44.1%
00:57:00  INFO        HRSG-3                            1       50.15      126.15    720.00           50.15        36108.00     44.1%
00:57:00  INFO        TOTAL SUPPLEMENTARY                                                                          72216.00          
00:57:00  INFO        TOTAL STEAM GENERATED                                                                        86400.00          
00:57:00  INFO        SURPLUS: 49808.20 MT
00:57:00  INFO        ==============================================================================
00:57:00  INFO        [REVERSE NG] Found GT asset: NMD-Power Plant-3, plant: NMD - Power Plant 3, heat_rate: 5405.67, free_steam: 1.97
00:57:00  INFO        [REVERSE NG] NMD - Power Plant 3: gen_qty=3600000 KWH, heat_rate=5405.67, free_steam=1.9700, consumed=55774.46 MMBTU (REVERSE)
00:57:00  INFO        [REVERSE NG] Found GT asset: NMD-Power Plant-2, plant: NMD - Power Plant 2, heat_rate: 5405.67, free_steam: 1.97
00:57:00  INFO        [REVERSE NG] NMD - Power Plant 2: gen_qty=3600000 KWH, heat_rate=5405.67, free_steam=1.9700, consumed=55774.46 MMBTU (REVERSE)
00:57:00  INFO        [REVERSE NG HRSG] Found HRSG: HRSG-2, supp_steam=36108.00 MT, free_steam=7092.00 MT, total_steam=43200.00 MT
00:57:00  INFO        [REVERSE NG HRSG] HRSG2_SHP STEAM: total_steam=43200.00 MT, norm=2.954424, consumed=127631.12 MMBTU (REVERSE, BPC method)
00:57:00  INFO        [REVERSE NG HRSG] Found HRSG: HRSG-3, supp_steam=36108.00 MT, free_steam=7092.00 MT, total_steam=43200.00 MT
00:57:00  INFO        [REVERSE NG HRSG] HRSG3_SHP STEAM: total_steam=43200.00 MT, norm=2.954424, consumed=127631.12 MMBTU (REVERSE, BPC method)
00:57:00  INFO        [U4U LOOP] Excess SHP: 49808.20 MT → STG +13991.07 MWh, GT reduction skipped (power deficit: 6365.07 MWh)
00:57:00  INFO      
00:57:00  INFO        ------------------------------------------------------------------------------------------
00:57:00  INFO        ITERATION 2
00:57:00  INFO        ------------------------------------------------------------------------------------------
00:57:00  INFO        Power:  Demand =    42005071.87 KWH  |  Gen =       17640.00 MWh  |  Surplus =     0.00  |  Deficit =  6365.07
00:57:00  INFO        Steam:  Gen =       86400.00 MT  |  Surplus = 49808.20  |  Deficit =     0.00
00:57:00  INFO        Excess SHP:   49808.20 MT → STG override = 24431.07 MWh, GT reduction = 5008.18 MWh
00:57:00  INFO        Power delta: 12763004.6697 MWh  |  Converged: NO
00:57:00  INFO      
00:57:00  INFO        Utility                                Total Demand      U4U Demand         Initial    Change %
00:57:00  INFO        -----------------------------------  --------------  --------------  --------------  ----------
00:57:00  INFO        Boiler Feed Water                          88473.60        92327.80            0.00   100.0000%
00:57:00  INFO        COMPRESSED AIR                           6974849.92       915630.60      6084105.59   100.0000%
00:57:00  INFO        Cooling Water 1                            15194.00            0.00        15194.00   100.0000%
00:57:00  INFO        Cooling Water 2                            11771.06         4291.52         9016.31   100.0000%
00:57:00  INFO        D M Water                                  55787.00        76087.30        55787.00   100.0000%
00:57:00  INFO        HP Steam PRDS                               4972.00         4972.00            0.00   100.0000%
00:57:00  INFO        HP Steam_Dis                                4972.00            0.00         4972.00   100.0000%
00:57:00  INFO        HRSG2_SHP STEAM                            10487.50        18295.90            0.00   100.0000%
00:57:00  INFO        HRSG3_SHP STEAM                            10487.50        18295.90            0.00   100.0000%
00:57:00  INFO        LP Steam PRDS                               9090.87         9090.87            0.00   100.0000%
00:57:00  INFO        LP Steam_Dis                               25280.51        12828.67        25280.51   100.0000%
00:57:00  INFO        MP Steam PRDS SHP                          13329.24        13329.24            0.00   100.0000%
00:57:00  INFO        MP Steam_Dis                               14548.40         6818.15        14548.40   100.0000%
00:57:00  INFO        Nitrogen Gas                             5437630.00            0.00      5437630.00   100.0000% (PT)
00:57:00  INFO        Oxygen                                      5787.00            0.00         5787.00   100.0000%
00:57:00  INFO        POWERGEN                                17411456.88     21021149.16            0.00   100.0000%
00:57:00  INFO        Power_Dis                               42005071.87     14451404.09     29242067.20   100.0000%
00:57:00  INFO        SHP Steam_Dis                              36591.80        63072.61        20975.00   100.0000%
00:57:00  INFO        STG1_LP STEAM                              16189.64        16189.64            0.00   100.0000%
00:57:00  INFO        STG1_MP STEAM                               1219.16         1219.16            0.00   100.0000%
00:57:00  INFO        Water                                     610759.24       362067.06       280371.80   100.0000% (PT)
00:57:00  INFO      
00:57:00  INFO        U4U CONSUMPTION BREAKDOWN (per producer per material):
00:57:00  INFO        Producer                        Material Consumed                     Norm        Quantity  Credit
00:57:00  INFO        ------------------------------  ------------------------------  ----------  --------------  ------
00:57:00  INFO        Boiler Feed Water               CHEM CYCLO HEXY                   0.000100            8.85  
00:57:00  INFO        Boiler Feed Water               CHEM MORPHOLENE                   0.000002            0.18  
00:57:00  INFO        Boiler Feed Water               Cooling Water 2                   0.001070           94.67  
00:57:00  INFO        Boiler Feed Water               D M Water                         0.860000        76087.30  
00:57:00  INFO        Boiler Feed Water               KEM WATREAT B 70M                 0.000570           50.43  
00:57:00  INFO        Boiler Feed Water               LP Steam_Dis                      0.145000        12828.67  
00:57:00  INFO        Boiler Feed Water               Power_Dis                         9.500000       840499.20  
00:57:00  INFO        COMPRESSED AIR                  Cooling Water 2                   0.000025          174.37  
00:57:00  INFO        COMPRESSED AIR                  Power_Dis                         0.165000      1150850.24  
00:57:00  INFO        Cooling Water 1                 COMPRESSED AIR                    0.108592         1649.95  
00:57:00  INFO        Cooling Water 1                 Power_Dis                       244.999997      3722529.95  
00:57:00  INFO        Cooling Water 1                 SULPHURIC ACID                    0.000158            2.40  
00:57:00  INFO        Cooling Water 1                 Water                            11.050000       167893.70  
00:57:00  INFO        Cooling Water 2                 COMPRESSED AIR                    0.123044         1448.36  
00:57:00  INFO        Cooling Water 2                 Power_Dis                       249.999997      2942764.87  
00:57:00  INFO        Cooling Water 2                 SULPHURIC ACID                    0.000158            1.86  
00:57:00  INFO        Cooling Water 2                 Water                            11.500000       135367.19  
00:57:00  INFO        D M Water                       CAUSTIC SODA LYE – GRADE 1        0.000226           12.61  
00:57:00  INFO        D M Water                       CHEM  SODIUM SULPHITE;PN:MIS 1    0.000701           39.11  
00:57:00  INFO        D M Water                       CHEM ALUM.SULFATE, AL2(SO4)3,1    0.000757           42.23  
00:57:00  INFO        D M Water                       COMPRESSED AIR                    0.077000         4295.60  
00:57:00  INFO        D M Water                       HYDRO CHLORIC ACID (30%) -VIRG    0.000226           12.61  
00:57:00  INFO        D M Water                       POLYELECTROLYTE                   0.000578           32.24  
00:57:00  INFO        D M Water                       Power_Dis                         1.210000        67502.27  
00:57:00  INFO        D M Water                       Ret steam condensate              0.203000        11324.76  
00:57:00  INFO        D M Water                       SODIUM CHLORIDE IS 797 GRADE1     0.000010            0.56  
00:57:00  INFO        D M Water                       Water                             1.050000        58576.35  
00:57:00  INFO        HP Steam PRDS                   Boiler Feed Water                 0.076800          381.85  
00:57:00  INFO        HP Steam PRDS                   SHP Steam_Dis                     0.923200         4590.15  
00:57:00  INFO        HP Steam_Dis                    HP Steam PRDS                     1.000000         4972.00  
00:57:00  INFO        HRSG2_SHP STEAM                 Boiler Feed Water                 1.024000        44236.80  
00:57:00  INFO        HRSG2_SHP STEAM                 CHEM TRISODIUM PHOSPHATE          0.000900           38.88  
00:57:00  INFO        HRSG2_SHP STEAM                 COMPRESSED AIR                    9.853236       425659.80  
00:57:00  INFO        HRSG2_SHP STEAM                 FURNACE OIL ( MEDIUM VISCOSITY    0.000098            4.23  
00:57:00  INFO        HRSG2_SHP STEAM                 LP Steam_Dis                     -0.078000        -3369.60  YES
00:57:00  INFO        HRSG2_SHP STEAM                 NATURAL GAS                       2.954424       127631.12  
00:57:00  INFO        HRSG2_SHP STEAM                 Water                             0.002660          114.91  
00:57:00  INFO        HRSG3_SHP STEAM                 Boiler Feed Water                 1.024000        44236.80  
00:57:00  INFO        HRSG3_SHP STEAM                 CHEM TRISODIUM PHOSPHATE          0.000900           38.88  
00:57:00  INFO        HRSG3_SHP STEAM                 COMPRESSED AIR                    9.596520       414569.66  
00:57:00  INFO        HRSG3_SHP STEAM                 FURNACE OIL ( MEDIUM VISCOSITY    0.000098            4.23  
00:57:00  INFO        HRSG3_SHP STEAM                 LP Steam_Dis                     -0.078000        -3369.60  YES
00:57:00  INFO        HRSG3_SHP STEAM                 NATURAL GAS                       2.954424       127631.12  
00:57:00  INFO        HRSG3_SHP STEAM                 Water                             0.002660          114.91  
00:57:00  INFO        LP Steam PRDS                   Boiler Feed Water                 0.250000         2272.72  
00:57:00  INFO        LP Steam PRDS                   MP Steam_Dis                      0.750000         6818.15  
00:57:00  INFO        LP Steam_Dis                    LP Steam PRDS                     0.359600         9090.87  
00:57:00  INFO        LP Steam_Dis                    STG1_LP STEAM                     0.640400        16189.64  
00:57:00  INFO        MP Steam PRDS SHP               Boiler Feed Water                 0.090000         1199.63  
00:57:00  INFO        MP Steam PRDS SHP               SHP Steam_Dis                     0.910000        12129.61  
00:57:00  INFO        MP Steam_Dis                    MP Steam PRDS SHP                 0.916200        13329.24  
00:57:00  INFO        MP Steam_Dis                    STG1_MP STEAM                     0.083800         1219.16  
00:57:00  INFO        Oxygen                          Cooling Water 2                   0.261000         1510.41  
00:57:00  INFO        Oxygen                          Power_Dis                       968.650000      5605577.55  
00:57:00  INFO        POWERGEN                        COMPRESSED AIR                    0.004011        41874.84  
00:57:00  INFO        POWERGEN                        COMPRESSED AIR                    0.003420        12312.00  
00:57:00  INFO        POWERGEN                        COMPRESSED AIR                    0.003839        13820.40  
00:57:00  INFO        POWERGEN                        COMPRESSED AIR                    0.000000            0.00  
00:57:00  INFO        POWERGEN                        Cooling Water 2                   0.000232         2422.08  
00:57:00  INFO        POWERGEN                        Cooling Water 2                   0.000012           43.20  
00:57:00  INFO        POWERGEN                        Cooling Water 2                   0.000013           46.80  
00:57:00  INFO        POWERGEN                        Cooling Water 2                   0.000000            0.00  
00:57:00  INFO        POWERGEN                        NATURAL GAS                       0.009373        55774.46  
00:57:00  INFO        POWERGEN                        NATURAL GAS                       0.009982        55774.46  
00:57:00  INFO        POWERGEN                        NATURAL GAS                       0.009472            0.00  
00:57:00  INFO        POWERGEN                        Power_Dis                         0.002000        20880.00  
00:57:00  INFO        POWERGEN                        Power_Dis                         0.014000        50400.00  
00:57:00  INFO        POWERGEN                        Power_Dis                         0.014000        50400.00  
00:57:00  INFO        POWERGEN                        Power_Dis                         0.000000            0.00  
00:57:00  INFO        POWERGEN                        SHP Steam_Dis                     0.003615        37740.60  
00:57:00  INFO        Power_Dis                       POWERGEN                          0.186036      6630323.04  
00:57:00  INFO        Power_Dis                       POWERGEN                          0.196717      7010993.88  
00:57:00  INFO        Power_Dis                       POWERGEN                          0.207066      7379832.24  
00:57:00  INFO        Power_Dis                       Power from MEL                    0.410169     18000000.00  
00:57:00  INFO        SHP Steam_Dis                   HRSG2_SHP STEAM                   0.500000        18295.90  
00:57:00  INFO        SHP Steam_Dis                   HRSG3_SHP STEAM                   0.500000        18295.90  
00:57:00  INFO        STG1_LP STEAM                   SHP Steam_Dis                     0.480000         7771.03  
00:57:00  INFO        STG1_MP STEAM                   SHP Steam_Dis                     0.690000          841.22  
00:57:00  INFO      
00:57:00  INFO        Not yet converged: 16 materials
00:57:00  INFO          Boiler Feed Water               change = 4.1745%
00:57:00  INFO          CHEM CYCLO HEXY                 change = 100.0000%
00:57:00  INFO          CHEM MORPHOLENE                 change = 100.0000%
00:57:00  INFO          COMPRESSED AIR                  change = 2.7179%
00:57:00  INFO          Cooling Water 2                 change = 35.8095%
00:57:00  INFO          D M Water                       change = 100.0000%
00:57:00  INFO          HRSG2_SHP STEAM                 change = 42.6784%
00:57:00  INFO          HRSG3_SHP STEAM                 change = 42.6784%
00:57:00  INFO          KEM WATREAT B 70M               change = 100.0000%
00:57:00  INFO          LP Steam_Dis                    change = 100.0000%
00:57:00  INFO          MP Steam_Dis                    change = 100.0000%
00:57:00  INFO          POWERGEN                        change = 17.1717%
00:57:00  INFO          Power_Dis                       change = 11.6833%
00:57:00  INFO          SHP Steam_Dis                   change = 75.2400%
00:57:00  INFO          SULPHURIC ACID                  change = 10.2160%
00:57:00  INFO          Water                           change = 8.7497%
00:57:00  INFO        ------------------------------------------------------------------------------------------
00:57:01  INFO        [DISPATCH] Total demand: 43693.47 MWh, Import: 18000.00 MWh, Net for GT/STG: 25693.47 MWh
00:57:01  WARNING     [DISPATCH] No aux power norm for 'NMD-Power Plant-2'; using 0.0
00:57:01  WARNING     [DISPATCH] No aux power norm for 'NMD-Power Plant-3'; using 0.0
00:57:01  WARNING     [DISPATCH] No aux power norm for 'NMD-STG Power Plant'; using 0.0
00:57:01  INFO        ==============================================================================
00:57:01  INFO        POWER DISPATCH  (April 2025)
00:57:01  INFO        ==============================================================================
00:57:01  INFO        Demand:  Process = 43693.47 MWh  |  Fixed = 0.00 MWh  |  Total = 43693.47 MWh
00:57:01  INFO      
00:57:01  INFO        Asset                      Priority    Min MW    Max MW     Hours   Dispatched MW  Dispatched MWh    Load %  Free Steam MT  Aux Power MWh
00:57:01  INFO        -------------------------  --------  --------  --------  --------  --------------  --------------  --------  ------------  ------------
00:57:01  INFO        NMD-Power Plant-2                 1      5.00      8.02    720.00            8.02         5775.91    100.0%      11378.54          0.00
00:57:01  INFO        NMD-Power Plant-3                 1      5.00      9.32    720.00            9.32         6711.91    100.0%      13222.46          0.00
00:57:01  INFO        NMD-STG Power Plant               2      6.00     14.50    720.00           14.50        10440.00    100.0%          0.00          0.00
00:57:01  INFO        TOTAL                                                                                    22927.82                24601.00          0.00
00:57:01  INFO        DEFICIT: 20765.65 MWh under-generation
00:57:01  INFO        ==============================================================================
00:57:02  INFO        ==============================================================================
00:57:02  INFO        STEAM DISPATCH  (April 2025)
00:57:02  INFO        ==============================================================================
00:57:02  INFO        Grade      Process/Fixed MT  Letdown MT  Byproduct MT     Net Demand MT
00:57:02  INFO        ---------  ----------------  ----------  ------------  ----------------
00:57:02  INFO        MP                 21366.55    16024.92          0.00          21366.55
00:57:02  INFO        SHP                84047.61    77592.75          0.00          84047.61
00:57:02  INFO      
00:57:02  INFO        Total Free Steam available: 24601.00 MT
00:57:02  INFO      
00:57:02  INFO        FINAL SUPPLEMENTARY FIRING DISPATCH
00:57:02  INFO        Asset                      Priority     Min TPH     Max TPH     Hours  Dispatched TPH   Dispatched MT    Load %
00:57:02  INFO        -------------------------  --------  ----------  ----------  --------  --------------  --------------  --------
00:57:02  INFO        HRSG-1                          999       60.00      136.00      0.00            0.00            0.00      0.0%
00:57:02  INFO        HRSG-2                            1       44.20      120.20    720.00           44.20        31821.46     44.1%
00:57:02  INFO        HRSG-3                            1       41.64      117.64    720.00           41.64        29977.54     44.1%
00:57:02  INFO        TOTAL SUPPLEMENTARY                                                                          61799.00          
00:57:02  INFO        TOTAL STEAM GENERATED                                                                        86400.00          
00:57:02  INFO        SURPLUS: 2352.39 MT
00:57:02  INFO        ==============================================================================
00:57:02  INFO        [REVERSE NG] Found GT asset: NMD-Power Plant-3, plant: NMD - Power Plant 3, heat_rate: 4371.89, free_steam: 1.97
00:57:02  INFO        [REVERSE NG] NMD - Power Plant 3: gen_qty=6711910 KWH, heat_rate=4371.89, free_steam=1.9700, consumed=76470.64 MMBTU (REVERSE)
00:57:02  INFO        [REVERSE NG] Found GT asset: NMD-Power Plant-2, plant: NMD - Power Plant 2, heat_rate: 4674.15, free_steam: 1.97
00:57:02  INFO        [REVERSE NG] NMD - Power Plant 2: gen_qty=5775910 KWH, heat_rate=4674.15, free_steam=1.9700, consumed=72729.90 MMBTU (REVERSE)
00:57:02  INFO        [REVERSE NG HRSG] Found HRSG: HRSG-2, supp_steam=31821.46 MT, free_steam=11378.54 MT, total_steam=43200.00 MT
00:57:02  INFO        [REVERSE NG HRSG] HRSG2_SHP STEAM: total_steam=43200.00 MT, norm=2.954424, consumed=127631.12 MMBTU (REVERSE, BPC method)
00:57:02  INFO        [REVERSE NG HRSG] Found HRSG: HRSG-3, supp_steam=29977.54 MT, free_steam=13222.46 MT, total_steam=43200.00 MT
00:57:02  INFO        [REVERSE NG HRSG] HRSG3_SHP STEAM: total_steam=43200.00 MT, norm=2.954424, consumed=127631.12 MMBTU (REVERSE, BPC method)
00:57:02  INFO        [U4U LOOP] Excess SHP: 2352.39 MT → STG +660.78 MWh, GT reduction skipped (power deficit: 2765.65 MWh)
00:57:02  INFO      
00:57:02  INFO        ------------------------------------------------------------------------------------------
00:57:02  INFO        ITERATION 3
00:57:02  INFO        ------------------------------------------------------------------------------------------
00:57:02  INFO        Power:  Demand =    43693471.29 KWH  |  Gen =       22927.82 MWh  |  Surplus =     0.00  |  Deficit =  2765.65
00:57:02  INFO        Steam:  Gen =       86400.00 MT  |  Surplus =  2352.39  |  Deficit =     0.00
00:57:02  INFO        Excess SHP:    2352.39 MT → STG override = 11100.78 MWh, GT reduction = 1502.45 MWh
00:57:02  INFO        Power delta: 1688399.4158 MWh  |  Converged: NO
00:57:02  INFO      
00:57:02  INFO        Utility                                Total Demand      U4U Demand         Initial    Change %
00:57:02  INFO        -----------------------------------  --------------  --------------  --------------  ----------
00:57:02  INFO        Boiler Feed Water                          92327.80        92327.80            0.00     4.1745%
00:57:02  INFO        COMPRESSED AIR                           6999736.19       940674.47      6084105.59    87.2746%
00:57:02  INFO        Cooling Water 1                            15194.00            0.00        15194.00   100.0000%
00:57:02  INFO        Cooling Water 2                            13307.83         4361.90         9016.31    79.2998%
00:57:02  INFO        D M Water                                 131874.30        79401.91        55787.00   100.0000%
00:57:02  INFO        HP Steam PRDS                               4972.00         4972.00            0.00     0.0000%
00:57:02  INFO        HP Steam_Dis                                4972.00            0.00         4972.00   100.0000%
00:57:02  INFO        HRSG2_SHP STEAM                            18295.90        42023.80            0.00    42.6784%
00:57:02  INFO        HRSG3_SHP STEAM                            18295.90        42023.80            0.00    42.6784%
00:57:02  INFO        LP Steam PRDS                               9090.87        13704.06            0.00     0.0000%
00:57:02  INFO        LP Steam_Dis                               38109.18        13387.53        25280.51   100.0000%
00:57:02  INFO        MP Steam PRDS SHP                          13329.24        19576.04            0.00     0.0000%
00:57:02  INFO        MP Steam_Dis                               21366.55         6818.15        14548.40   100.0000%
00:57:02  INFO        Nitrogen Gas                             5437630.00            0.00      5437630.00   100.0000% (PT)
00:57:02  INFO        Oxygen                                      5787.00            0.00         5787.00   100.0000%
00:57:02  INFO        POWERGEN                                21021149.16     24140005.86            0.00    17.1717%
00:57:02  INFO        Power_Dis                               43693471.29     15042414.16     29242067.20    70.7897%
00:57:02  INFO        SHP Steam_Dis                              84047.61        63072.61        20975.00    81.4191%
00:57:02  INFO        STG1_LP STEAM                              16189.64        24405.12            0.00     0.0000%
00:57:02  INFO        STG1_MP STEAM                               1219.16         1790.52            0.00     0.0000%
00:57:02  INFO        Water                                     642438.86       459631.64       280371.80    48.5729% (PT)
00:57:02  INFO      
00:57:02  INFO        U4U CONSUMPTION BREAKDOWN (per producer per material):
00:57:02  INFO        Producer                        Material Consumed                     Norm        Quantity  Credit
00:57:02  INFO        ------------------------------  ------------------------------  ----------  --------------  ------
00:57:02  INFO        Boiler Feed Water               CHEM CYCLO HEXY                   0.000100            9.23  
00:57:02  INFO        Boiler Feed Water               CHEM MORPHOLENE                   0.000002            0.18  
00:57:02  INFO        Boiler Feed Water               Cooling Water 2                   0.001070           98.79  
00:57:02  INFO        Boiler Feed Water               D M Water                         0.860000        79401.91  
00:57:02  INFO        Boiler Feed Water               KEM WATREAT B 70M                 0.000570           52.63  
00:57:02  INFO        Boiler Feed Water               LP Steam_Dis                      0.145000        13387.53  
00:57:02  INFO        Boiler Feed Water               Power_Dis                         9.500000       877114.09  
00:57:02  INFO        COMPRESSED AIR                  Cooling Water 2                   0.000025          174.99  
00:57:02  INFO        COMPRESSED AIR                  Power_Dis                         0.165000      1154956.47  
00:57:02  INFO        Cooling Water 1                 COMPRESSED AIR                    0.108592         1649.95  
00:57:02  INFO        Cooling Water 1                 Power_Dis                       244.999997      3722529.95  
00:57:02  INFO        Cooling Water 1                 SULPHURIC ACID                    0.000158            2.40  
00:57:02  INFO        Cooling Water 1                 Water                            11.050000       167893.70  
00:57:02  INFO        Cooling Water 2                 COMPRESSED AIR                    0.123044         1637.45  
00:57:02  INFO        Cooling Water 2                 Power_Dis                       249.999997      3326958.71  
00:57:02  INFO        Cooling Water 2                 SULPHURIC ACID                    0.000158            2.10  
00:57:02  INFO        Cooling Water 2                 Water                            11.500000       153040.10  
00:57:02  INFO        D M Water                       CAUSTIC SODA LYE – GRADE 1        0.000226           29.80  
00:57:02  INFO        D M Water                       CHEM  SODIUM SULPHITE;PN:MIS 1    0.000701           92.44  
00:57:02  INFO        D M Water                       CHEM ALUM.SULFATE, AL2(SO4)3,1    0.000757           99.83  
00:57:02  INFO        D M Water                       COMPRESSED AIR                    0.077000        10154.32  
00:57:02  INFO        D M Water                       HYDRO CHLORIC ACID (30%) -VIRG    0.000226           29.80  
00:57:02  INFO        D M Water                       POLYELECTROLYTE                   0.000578           76.22  
00:57:02  INFO        D M Water                       Power_Dis                         1.210000       159567.90  
00:57:02  INFO        D M Water                       Ret steam condensate              0.203000        26770.48  
00:57:02  INFO        D M Water                       SODIUM CHLORIDE IS 797 GRADE1     0.000010            1.32  
00:57:02  INFO        D M Water                       Water                             1.050000       138468.01  
00:57:02  INFO        HP Steam PRDS                   Boiler Feed Water                 0.076800          381.85  
00:57:02  INFO        HP Steam PRDS                   SHP Steam_Dis                     0.923200         4590.15  
00:57:02  INFO        HP Steam_Dis                    HP Steam PRDS                     1.000000         4972.00  
00:57:02  INFO        HRSG2_SHP STEAM                 Boiler Feed Water                 1.024000        44236.80  
00:57:02  INFO        HRSG2_SHP STEAM                 CHEM TRISODIUM PHOSPHATE          0.000900           38.88  
00:57:02  INFO        HRSG2_SHP STEAM                 COMPRESSED AIR                    9.853236       425659.80  
00:57:02  INFO        HRSG2_SHP STEAM                 FURNACE OIL ( MEDIUM VISCOSITY    0.000098            4.23  
00:57:02  INFO        HRSG2_SHP STEAM                 LP Steam_Dis                     -0.078000        -3369.60  YES
00:57:02  INFO        HRSG2_SHP STEAM                 NATURAL GAS                       2.954424       127631.12  
00:57:02  INFO        HRSG2_SHP STEAM                 Water                             0.002660          114.91  
00:57:02  INFO        HRSG3_SHP STEAM                 Boiler Feed Water                 1.024000        44236.80  
00:57:02  INFO        HRSG3_SHP STEAM                 CHEM TRISODIUM PHOSPHATE          0.000900           38.88  
00:57:02  INFO        HRSG3_SHP STEAM                 COMPRESSED AIR                    9.596520       414569.66  
00:57:02  INFO        HRSG3_SHP STEAM                 FURNACE OIL ( MEDIUM VISCOSITY    0.000098            4.23  
00:57:02  INFO        HRSG3_SHP STEAM                 LP Steam_Dis                     -0.078000        -3369.60  YES
00:57:02  INFO        HRSG3_SHP STEAM                 NATURAL GAS                       2.954424       127631.12  
00:57:02  INFO        HRSG3_SHP STEAM                 Water                             0.002660          114.91  
00:57:02  INFO        LP Steam PRDS                   Boiler Feed Water                 0.250000         2272.72  
00:57:02  INFO        LP Steam PRDS                   MP Steam_Dis                      0.750000         6818.15  
00:57:02  INFO        LP Steam_Dis                    LP Steam PRDS                     0.359600        13704.06  
00:57:02  INFO        LP Steam_Dis                    STG1_LP STEAM                     0.640400        24405.12  
00:57:02  INFO        MP Steam PRDS SHP               Boiler Feed Water                 0.090000         1199.63  
00:57:02  INFO        MP Steam PRDS SHP               SHP Steam_Dis                     0.910000        12129.61  
00:57:02  INFO        MP Steam_Dis                    MP Steam PRDS SHP                 0.916200        19576.04  
00:57:02  INFO        MP Steam_Dis                    STG1_MP STEAM                     0.083800         1790.52  
00:57:02  INFO        Oxygen                          Cooling Water 2                   0.261000         1510.41  
00:57:02  INFO        Oxygen                          Power_Dis                       968.650000      5605577.55  
00:57:02  INFO        POWERGEN                        COMPRESSED AIR                    0.004011        41874.84  
00:57:02  INFO        POWERGEN                        COMPRESSED AIR                    0.003420        22954.73  
00:57:02  INFO        POWERGEN                        COMPRESSED AIR                    0.003839        22173.72  
00:57:02  INFO        POWERGEN                        COMPRESSED AIR                    0.000000            0.00  
00:57:02  INFO        POWERGEN                        Cooling Water 2                   0.000232         2422.08  
00:57:02  INFO        POWERGEN                        Cooling Water 2                   0.000012           80.54  
00:57:02  INFO        POWERGEN                        Cooling Water 2                   0.000013           75.09  
00:57:02  INFO        POWERGEN                        Cooling Water 2                   0.000000            0.00  
00:57:02  INFO        POWERGEN                        NATURAL GAS                       0.009373        76470.64  
00:57:02  INFO        POWERGEN                        NATURAL GAS                       0.009982        72729.90  
00:57:02  INFO        POWERGEN                        NATURAL GAS                       0.009472            0.00  
00:57:02  INFO        POWERGEN                        Power_Dis                         0.002000        20880.00  
00:57:02  INFO        POWERGEN                        Power_Dis                         0.014000        93966.74  
00:57:02  INFO        POWERGEN                        Power_Dis                         0.014000        80862.74  
00:57:02  INFO        POWERGEN                        Power_Dis                         0.000000            0.00  
00:57:02  INFO        POWERGEN                        SHP Steam_Dis                     0.003615        37740.60  
00:57:02  INFO        Power_Dis                       POWERGEN                          0.186036      7614047.92  
00:57:02  INFO        Power_Dis                       POWERGEN                          0.196717      8051197.97  
00:57:02  INFO        Power_Dis                       POWERGEN                          0.207066      8474759.98  
00:57:02  INFO        Power_Dis                       Power from MEL                    0.410169     18000000.00  
00:57:02  INFO        SHP Steam_Dis                   HRSG2_SHP STEAM                   0.500000        42023.80  
00:57:02  INFO        SHP Steam_Dis                   HRSG3_SHP STEAM                   0.500000        42023.80  
00:57:02  INFO        STG1_LP STEAM                   SHP Steam_Dis                     0.480000         7771.03  
00:57:02  INFO        STG1_MP STEAM                   SHP Steam_Dis                     0.690000          841.22  
00:57:02  INFO      
00:57:02  INFO        Not yet converged: 25 materials
00:57:02  INFO          CAUSTIC SODA LYE – GRADE 1      change = 57.6968%
00:57:02  INFO          CHEM  SODIUM SULPHITE;PN:MIS 19OX  change = 57.6968%
00:57:02  INFO          CHEM ALUM.SULFATE, AL2(SO4)3,18H2O  change = 57.6968%
00:57:02  INFO          CHEM CYCLO HEXY                 change = 4.1745%
00:57:02  INFO          CHEM MORPHOLENE                 change = 4.1745%
00:57:02  INFO          COMPRESSED AIR                  change = 2.6623%
00:57:02  INFO          Cooling Water 2                 change = 1.6134%
00:57:02  INFO          D M Water                       change = 4.1745%
00:57:02  INFO          HRSG2_SHP STEAM                 change = 56.4630%
00:57:02  INFO          HRSG3_SHP STEAM                 change = 56.4630%
00:57:02  INFO          HYDRO CHLORIC ACID (30%) -VIRGIN  change = 57.6968%
00:57:02  INFO          KEM WATREAT B 70M               change = 4.1745%
00:57:02  INFO          LP Steam PRDS                   change = 33.6629%
00:57:02  INFO          LP Steam_Dis                    change = 4.1745%
00:57:02  INFO          MP Steam PRDS SHP               change = 31.9104%
00:57:02  INFO          NATURAL GAS                     change = 9.3090%
00:57:02  INFO          POLYELECTROLYTE                 change = 57.6968%
00:57:02  INFO          POWERGEN                        change = 12.9199%
00:57:02  INFO          Power_Dis                       change = 3.9290%
00:57:02  INFO          Ret steam condensate            change = 57.6968%
00:57:02  INFO          SODIUM CHLORIDE IS 797 GRADE1   change = 57.6968%
00:57:02  INFO          STG1_LP STEAM                   change = 33.6629%
00:57:02  INFO          STG1_MP STEAM                   change = 31.9104%
00:57:02  INFO          SULPHURIC ACID                  change = 5.3918%
00:57:02  INFO          Water                           change = 21.2267%
00:57:02  INFO        ------------------------------------------------------------------------------------------
00:57:03  INFO        [DISPATCH] Total demand: 44284.48 MWh, Import: 18000.00 MWh, Net for GT/STG: 26284.48 MWh
00:57:03  WARNING     [DISPATCH] No aux power norm for 'NMD-Power Plant-2'; using 0.0
00:57:03  WARNING     [DISPATCH] No aux power norm for 'NMD-Power Plant-3'; using 0.0
00:57:03  WARNING     [DISPATCH] No aux power norm for 'NMD-STG Power Plant'; using 0.0
00:57:03  INFO        ==============================================================================
00:57:03  INFO        POWER DISPATCH  (April 2025)
00:57:03  INFO        ==============================================================================
00:57:03  INFO        Demand:  Process = 44284.48 MWh  |  Fixed = 0.00 MWh  |  Total = 44284.48 MWh
00:57:03  INFO      
00:57:03  INFO        Asset                      Priority    Min MW    Max MW     Hours   Dispatched MW  Dispatched MWh    Load %  Free Steam MT  Aux Power MWh
00:57:03  INFO        -------------------------  --------  --------  --------  --------  --------------  --------------  --------  ------------  ------------
00:57:03  INFO        NMD-Power Plant-2                 1      5.00     10.46    720.00           10.46         7528.77    100.0%      14831.68          0.00
00:57:03  INFO        NMD-Power Plant-3                 1      5.00     11.76    720.00           11.55         8315.71     98.2%      16381.95          0.00
00:57:03  INFO        NMD-STG Power Plant               2      6.00     14.50    720.00           14.50        10440.00    100.0%          0.00          0.00
00:57:03  INFO        TOTAL                                                                                    26284.48                31213.63          0.00
00:57:03  INFO        DEFICIT: 18000.00 MWh under-generation
00:57:03  INFO        ==============================================================================
00:57:03  INFO        ==============================================================================
00:57:03  INFO        STEAM DISPATCH  (April 2025)
00:57:03  INFO        ==============================================================================
00:57:03  INFO        Grade      Process/Fixed MT  Letdown MT  Byproduct MT     Net Demand MT
00:57:03  INFO        ---------  ----------------  ----------  ------------  ----------------
00:57:03  INFO        MP                 21366.55    16024.92          0.00          21366.55
00:57:03  INFO        SHP                84047.61    77592.75          0.00          84047.61
00:57:03  INFO      
00:57:03  INFO        Total Free Steam available: 31213.63 MT
00:57:03  INFO      
00:57:03  INFO        FINAL SUPPLEMENTARY FIRING DISPATCH
00:57:03  INFO        Asset                      Priority     Min TPH     Max TPH     Hours  Dispatched TPH   Dispatched MT    Load %
00:57:03  INFO        -------------------------  --------  ----------  ----------  --------  --------------  --------------  --------
00:57:03  INFO        HRSG-1                          999       60.00      136.00      0.00            0.00            0.00      0.0%
00:57:03  INFO        HRSG-2                            1       39.40      115.40    720.00           39.40        28368.32     44.1%
00:57:03  INFO        HRSG-3                            1       37.25      113.25    720.00           37.25        26818.05     44.1%
00:57:03  INFO        TOTAL SUPPLEMENTARY                                                                          55186.37          
00:57:03  INFO        TOTAL STEAM GENERATED                                                                        86400.00          
00:57:03  INFO        SURPLUS: 2352.39 MT
00:57:03  INFO        ==============================================================================
00:57:03  INFO        [REVERSE NG] Found GT asset: NMD-Power Plant-3, plant: NMD - Power Plant 3, heat_rate: 4009.71, free_steam: 1.97
00:57:03  INFO        [REVERSE NG] NMD - Power Plant 3: gen_qty=8315710 KWH, heat_rate=4009.71, free_steam=1.9700, consumed=82799.43 MMBTU (REVERSE)
00:57:03  INFO        [REVERSE NG] Found GT asset: NMD-Power Plant-2, plant: NMD - Power Plant 2, heat_rate: 4167.05, free_steam: 1.97
00:57:03  INFO        [REVERSE NG] NMD - Power Plant 2: gen_qty=7528770 KWH, heat_rate=4167.05, free_steam=1.9700, consumed=79661.52 MMBTU (REVERSE)
00:57:03  INFO        [REVERSE NG HRSG] Found HRSG: HRSG-2, supp_steam=28368.32 MT, free_steam=14831.68 MT, total_steam=43200.00 MT
00:57:03  INFO        [REVERSE NG HRSG] HRSG2_SHP STEAM: total_steam=43200.00 MT, norm=2.954424, consumed=127631.12 MMBTU (REVERSE, BPC method)
00:57:03  INFO        [REVERSE NG HRSG] Found HRSG: HRSG-3, supp_steam=26818.05 MT, free_steam=16381.95 MT, total_steam=43200.00 MT
00:57:03  INFO        [REVERSE NG HRSG] HRSG3_SHP STEAM: total_steam=43200.00 MT, norm=2.954424, consumed=127631.12 MMBTU (REVERSE, BPC method)
00:57:03  INFO        [U4U LOOP] Excess SHP: 2352.39 MT → STG +660.78 MWh, GT -149.07 MWh (capped from 660.78 to meet demand)
00:57:03  INFO      
00:57:03  INFO        ------------------------------------------------------------------------------------------
00:57:03  INFO        ITERATION 4
00:57:03  INFO        ------------------------------------------------------------------------------------------
00:57:03  INFO        Power:  Demand =    44284481.36 KWH  |  Gen =       26284.48 MWh  |  Surplus =     0.00  |  Deficit =     0.00
00:57:03  INFO        Steam:  Gen =       86400.00 MT  |  Surplus =  2352.39  |  Deficit =     0.00
00:57:03  INFO        Excess SHP:    2352.39 MT → STG override = 11100.78 MWh, GT reduction = 555.08 MWh
00:57:03  INFO        Power delta: 591010.0735 MWh  |  Converged: NO
00:57:03  INFO      
00:57:03  INFO        Utility                                Total Demand      U4U Demand         Initial    Change %
00:57:03  INFO        -----------------------------------  --------------  --------------  --------------  ----------
00:57:03  INFO        Boiler Feed Water                          92327.80        94043.31            0.00     0.0000%
00:57:03  INFO        COMPRESSED AIR                           7024780.06       953152.58      6084105.59    86.9657%
00:57:03  INFO        Cooling Water 1                            15194.00            0.00        15194.00   100.0000%
00:57:03  INFO        Cooling Water 2                            13378.21         4404.56         9016.31    67.9215%
00:57:03  INFO        D M Water                                 135188.91        79401.91        55787.00    43.7178%
00:57:03  INFO        HP Steam PRDS                               4972.00         4972.00            0.00     0.0000%
00:57:03  INFO        HP Steam_Dis                                4972.00            0.00         4972.00   100.0000%
00:57:03  INFO        HRSG2_SHP STEAM                            42023.80        42023.80            0.00    56.4630%
00:57:03  INFO        HRSG3_SHP STEAM                            42023.80        42023.80            0.00    56.4630%
00:57:03  INFO        LP Steam PRDS                              13704.06        13905.03            0.00    33.6629%
00:57:03  INFO        LP Steam_Dis                               38668.04        13387.53        25280.51    66.8236%
00:57:03  INFO        MP Steam PRDS SHP                          19576.04        19576.04            0.00    31.9104%
00:57:03  INFO        MP Steam_Dis                               21366.55        10278.05        14548.40    68.0896%
00:57:03  INFO        Nitrogen Gas                             5437630.00            0.00      5437630.00   100.0000% (PT)
00:57:03  INFO        Oxygen                                      5787.00            0.00         5787.00   100.0000%
00:57:03  INFO        POWERGEN                                24140005.86     26119827.71            0.00    12.9199%
00:57:03  INFO        Power_Dis                               44284481.36     15115144.29     29242067.20    67.3669%
00:57:03  INFO        SHP Steam_Dis                              84047.61        73094.86        20975.00    24.9561%
00:57:03  INFO        STG1_LP STEAM                              24405.12        24763.01            0.00    33.6629%
00:57:03  INFO        STG1_MP STEAM                               1790.52         1790.52            0.00    31.9104%
00:57:03  INFO        Water                                     740003.44       463921.30       280371.80    51.0722% (PT)
00:57:03  INFO      
00:57:03  INFO        U4U CONSUMPTION BREAKDOWN (per producer per material):
00:57:03  INFO        Producer                        Material Consumed                     Norm        Quantity  Credit
00:57:03  INFO        ------------------------------  ------------------------------  ----------  --------------  ------
00:57:03  INFO        Boiler Feed Water               CHEM CYCLO HEXY                   0.000100            9.23  
00:57:03  INFO        Boiler Feed Water               CHEM MORPHOLENE                   0.000002            0.18  
00:57:03  INFO        Boiler Feed Water               Cooling Water 2                   0.001070           98.79  
00:57:03  INFO        Boiler Feed Water               D M Water                         0.860000        79401.91  
00:57:03  INFO        Boiler Feed Water               KEM WATREAT B 70M                 0.000570           52.63  
00:57:03  INFO        Boiler Feed Water               LP Steam_Dis                      0.145000        13387.53  
00:57:03  INFO        Boiler Feed Water               Power_Dis                         9.500000       877114.09  
00:57:03  INFO        COMPRESSED AIR                  Cooling Water 2                   0.000025          175.62  
00:57:03  INFO        COMPRESSED AIR                  Power_Dis                         0.165000      1159088.71  
00:57:03  INFO        Cooling Water 1                 COMPRESSED AIR                    0.108592         1649.95  
00:57:03  INFO        Cooling Water 1                 Power_Dis                       244.999997      3722529.95  
00:57:03  INFO        Cooling Water 1                 SULPHURIC ACID                    0.000158            2.40  
00:57:03  INFO        Cooling Water 1                 Water                            11.050000       167893.70  
00:57:03  INFO        Cooling Water 2                 COMPRESSED AIR                    0.123044         1646.11  
00:57:03  INFO        Cooling Water 2                 Power_Dis                       249.999997      3344552.68  
00:57:03  INFO        Cooling Water 2                 SULPHURIC ACID                    0.000158            2.11  
00:57:03  INFO        Cooling Water 2                 Water                            11.500000       153849.43  
00:57:03  INFO        D M Water                       CAUSTIC SODA LYE – GRADE 1        0.000226           30.55  
00:57:03  INFO        D M Water                       CHEM  SODIUM SULPHITE;PN:MIS 1    0.000701           94.77  
00:57:03  INFO        D M Water                       CHEM ALUM.SULFATE, AL2(SO4)3,1    0.000757          102.34  
00:57:03  INFO        D M Water                       COMPRESSED AIR                    0.077000        10409.55  
00:57:03  INFO        D M Water                       HYDRO CHLORIC ACID (30%) -VIRG    0.000226           30.55  
00:57:03  INFO        D M Water                       POLYELECTROLYTE                   0.000578           78.14  
00:57:03  INFO        D M Water                       Power_Dis                         1.210000       163578.58  
00:57:03  INFO        D M Water                       Ret steam condensate              0.203000        27443.35  
00:57:03  INFO        D M Water                       SODIUM CHLORIDE IS 797 GRADE1     0.000010            1.35  
00:57:03  INFO        D M Water                       Water                             1.050000       141948.35  
00:57:03  INFO        HP Steam PRDS                   Boiler Feed Water                 0.076800          381.85  
00:57:03  INFO        HP Steam PRDS                   SHP Steam_Dis                     0.923200         4590.15  
00:57:03  INFO        HP Steam_Dis                    HP Steam PRDS                     1.000000         4972.00  
00:57:03  INFO        HRSG2_SHP STEAM                 Boiler Feed Water                 1.024000        44236.80  
00:57:03  INFO        HRSG2_SHP STEAM                 CHEM TRISODIUM PHOSPHATE          0.000900           38.88  
00:57:03  INFO        HRSG2_SHP STEAM                 COMPRESSED AIR                    9.853236       425659.80  
00:57:03  INFO        HRSG2_SHP STEAM                 FURNACE OIL ( MEDIUM VISCOSITY    0.000098            4.23  
00:57:03  INFO        HRSG2_SHP STEAM                 LP Steam_Dis                     -0.078000        -3369.60  YES
00:57:03  INFO        HRSG2_SHP STEAM                 NATURAL GAS                       2.954424       127631.12  
00:57:03  INFO        HRSG2_SHP STEAM                 Water                             0.002660          114.91  
00:57:03  INFO        HRSG3_SHP STEAM                 Boiler Feed Water                 1.024000        44236.80  
00:57:03  INFO        HRSG3_SHP STEAM                 CHEM TRISODIUM PHOSPHATE          0.000900           38.88  
00:57:03  INFO        HRSG3_SHP STEAM                 COMPRESSED AIR                    9.596520       414569.66  
00:57:03  INFO        HRSG3_SHP STEAM                 FURNACE OIL ( MEDIUM VISCOSITY    0.000098            4.23  
00:57:03  INFO        HRSG3_SHP STEAM                 LP Steam_Dis                     -0.078000        -3369.60  YES
00:57:03  INFO        HRSG3_SHP STEAM                 NATURAL GAS                       2.954424       127631.12  
00:57:03  INFO        HRSG3_SHP STEAM                 Water                             0.002660          114.91  
00:57:03  INFO        LP Steam PRDS                   Boiler Feed Water                 0.250000         3426.02  
00:57:03  INFO        LP Steam PRDS                   MP Steam_Dis                      0.750000        10278.05  
00:57:03  INFO        LP Steam_Dis                    LP Steam PRDS                     0.359600        13905.03  
00:57:03  INFO        LP Steam_Dis                    STG1_LP STEAM                     0.640400        24763.01  
00:57:03  INFO        MP Steam PRDS SHP               Boiler Feed Water                 0.090000         1761.84  
00:57:03  INFO        MP Steam PRDS SHP               SHP Steam_Dis                     0.910000        17814.19  
00:57:03  INFO        MP Steam_Dis                    MP Steam PRDS SHP                 0.916200        19576.04  
00:57:03  INFO        MP Steam_Dis                    STG1_MP STEAM                     0.083800         1790.52  
00:57:03  INFO        Oxygen                          Cooling Water 2                   0.261000         1510.41  
00:57:03  INFO        Oxygen                          Power_Dis                       968.650000      5605577.55  
00:57:03  INFO        POWERGEN                        COMPRESSED AIR                    0.004011        41874.84  
00:57:03  INFO        POWERGEN                        COMPRESSED AIR                    0.003420        28439.73  
00:57:03  INFO        POWERGEN                        COMPRESSED AIR                    0.003839        28902.95  
00:57:03  INFO        POWERGEN                        COMPRESSED AIR                    0.000000            0.00  
00:57:03  INFO        POWERGEN                        Cooling Water 2                   0.000232         2422.08  
00:57:03  INFO        POWERGEN                        Cooling Water 2                   0.000012           99.79  
00:57:03  INFO        POWERGEN                        Cooling Water 2                   0.000013           97.87  
00:57:03  INFO        POWERGEN                        Cooling Water 2                   0.000000            0.00  
00:57:03  INFO        POWERGEN                        NATURAL GAS                       0.009373        82799.43  
00:57:03  INFO        POWERGEN                        NATURAL GAS                       0.009982        79661.52  
00:57:03  INFO        POWERGEN                        NATURAL GAS                       0.009472            0.00  
00:57:03  INFO        POWERGEN                        Power_Dis                         0.002000        20880.00  
00:57:03  INFO        POWERGEN                        Power_Dis                         0.014000       116419.94  
00:57:03  INFO        POWERGEN                        Power_Dis                         0.014000       105402.78  
00:57:03  INFO        POWERGEN                        Power_Dis                         0.000000            0.00  
00:57:03  INFO        POWERGEN                        SHP Steam_Dis                     0.003615        37740.60  
00:57:03  INFO        Power_Dis                       POWERGEN                          0.186036      8238507.52  
00:57:03  INFO        Power_Dis                       POWERGEN                          0.196717      8711510.05  
00:57:03  INFO        Power_Dis                       POWERGEN                          0.207066      9169810.14  
00:57:03  INFO        Power_Dis                       Power from MEL                    0.410169     18000000.00  
00:57:03  INFO        SHP Steam_Dis                   HRSG2_SHP STEAM                   0.500000        42023.80  
00:57:03  INFO        SHP Steam_Dis                   HRSG3_SHP STEAM                   0.500000        42023.80  
00:57:03  INFO        STG1_LP STEAM                   SHP Steam_Dis                     0.480000        11714.46  
00:57:03  INFO        STG1_MP STEAM                   SHP Steam_Dis                     0.690000         1235.46  
00:57:03  INFO      
00:57:03  INFO        Not yet converged: 19 materials
00:57:03  INFO          Boiler Feed Water               change = 1.8242%
00:57:03  INFO          CAUSTIC SODA LYE – GRADE 1      change = 2.4518%
00:57:03  INFO          CHEM  SODIUM SULPHITE;PN:MIS 19OX  change = 2.4518%
00:57:03  INFO          CHEM ALUM.SULFATE, AL2(SO4)3,18H2O  change = 2.4518%
00:57:03  INFO          COMPRESSED AIR                  change = 1.3091%
00:57:03  INFO          Cooling Water 2                 change = 0.9685%
00:57:03  INFO          HYDRO CHLORIC ACID (30%) -VIRGIN  change = 2.4518%
00:57:03  INFO          LP Steam PRDS                   change = 1.4453%
00:57:03  INFO          MP Steam_Dis                    change = 33.6629%
00:57:03  INFO          NATURAL GAS                     change = 3.1744%
00:57:03  INFO          POLYELECTROLYTE                 change = 2.4518%
00:57:03  INFO          POWERGEN                        change = 7.5798%
00:57:03  INFO          Power_Dis                       change = 0.4812%
00:57:03  INFO          Ret steam condensate            change = 2.4518%
00:57:03  INFO          SHP Steam_Dis                   change = 13.7113%
00:57:03  INFO          SODIUM CHLORIDE IS 797 GRADE1   change = 2.4518%
00:57:03  INFO          STG1_LP STEAM                   change = 1.4453%
00:57:03  INFO          SULPHURIC ACID                  change = 0.2463%
00:57:03  INFO          Water                           change = 0.9247%
00:57:03  INFO        ------------------------------------------------------------------------------------------
00:57:04  INFO        [DISPATCH] Total demand: 44357.21 MWh, Import: 18000.00 MWh, Net for GT/STG: 26357.21 MWh
00:57:04  WARNING     [DISPATCH] No aux power norm for 'NMD-Power Plant-2'; using 0.0
00:57:04  WARNING     [DISPATCH] No aux power norm for 'NMD-Power Plant-3'; using 0.0
00:57:04  WARNING     [DISPATCH] No aux power norm for 'NMD-STG Power Plant'; using 0.0
00:57:04  INFO        ==============================================================================
00:57:04  INFO        POWER DISPATCH  (April 2025)
00:57:04  INFO        ==============================================================================
00:57:04  INFO        Demand:  Process = 44357.21 MWh  |  Fixed = 0.00 MWh  |  Total = 44357.21 MWh
00:57:04  INFO      
00:57:04  INFO        Asset                      Priority    Min MW    Max MW     Hours   Dispatched MW  Dispatched MWh    Load %  Free Steam MT  Aux Power MWh
00:57:04  INFO        -------------------------  --------  --------  --------  --------  --------------  --------------  --------  ------------  ------------
00:57:04  INFO        NMD-Power Plant-2                 1      5.00     11.11    720.00           11.05         7958.60     99.5%      15678.44          0.00
00:57:04  INFO        NMD-Power Plant-3                 1      5.00     12.41    720.00           11.05         7958.60     89.0%      15678.44          0.00
00:57:04  INFO        NMD-STG Power Plant               2      6.00     14.50    720.00           14.50        10440.00    100.0%          0.00          0.00
00:57:04  INFO        TOTAL                                                                                    26357.20                31356.88          0.00
00:57:04  INFO        DEFICIT: 18000.01 MWh under-generation
00:57:04  INFO        ==============================================================================
00:57:05  INFO        ==============================================================================
00:57:05  INFO        STEAM DISPATCH  (April 2025)
00:57:05  INFO        ==============================================================================
00:57:05  INFO        Grade      Process/Fixed MT  Letdown MT  Byproduct MT     Net Demand MT
00:57:05  INFO        ---------  ----------------  ----------  ------------  ----------------
00:57:05  INFO        MP                 24826.45    18619.83          0.00          24826.45
00:57:05  INFO        SHP                94069.86    86845.29          0.00          94069.86
00:57:05  INFO      
00:57:05  INFO        Total Free Steam available: 31356.88 MT
00:57:05  INFO      
00:57:05  INFO        FINAL SUPPLEMENTARY FIRING DISPATCH
00:57:05  INFO        Asset                      Priority     Min TPH     Max TPH     Hours  Dispatched TPH   Dispatched MT    Load %
00:57:05  INFO        -------------------------  --------  ----------  ----------  --------  --------------  --------------  --------
00:57:05  INFO        HRSG-1                          999       60.00      136.00      0.00            0.00            0.00      0.0%
00:57:05  INFO        HRSG-2                            1       38.22      114.22    720.00           43.55        31356.49     48.0%
00:57:05  INFO        HRSG-3                            1       38.22      114.22    720.00           43.55        31356.49     48.0%
00:57:05  INFO        TOTAL SUPPLEMENTARY                                                                          62712.98          
00:57:05  INFO        TOTAL STEAM GENERATED                                                                        94069.86          
00:57:05  INFO        Demand met
00:57:05  INFO        ==============================================================================
00:57:05  INFO        [REVERSE NG] Found GT asset: NMD-Power Plant-3, plant: NMD - Power Plant 3, heat_rate: 4078.05, free_steam: 1.97
00:57:05  INFO        [REVERSE NG] NMD - Power Plant 3: gen_qty=7958600 KWH, heat_rate=4078.05, free_steam=1.9700, consumed=81400.58 MMBTU (REVERSE)
00:57:05  INFO        [REVERSE NG] Found GT asset: NMD-Power Plant-2, plant: NMD - Power Plant 2, heat_rate: 4078.05, free_steam: 1.97
00:57:05  INFO        [REVERSE NG] NMD - Power Plant 2: gen_qty=7958600 KWH, heat_rate=4078.05, free_steam=1.9700, consumed=81400.58 MMBTU (REVERSE)
00:57:05  INFO        [REVERSE NG HRSG] Found HRSG: HRSG-2, supp_steam=31356.49 MT, free_steam=15678.44 MT, total_steam=47034.93 MT
00:57:05  INFO        [REVERSE NG HRSG] HRSG2_SHP STEAM: total_steam=47034.93 MT, norm=2.954424, consumed=138961.13 MMBTU (REVERSE, BPC method)
00:57:05  INFO        [REVERSE NG HRSG] Found HRSG: HRSG-3, supp_steam=31356.49 MT, free_steam=15678.44 MT, total_steam=47034.93 MT
00:57:05  INFO        [REVERSE NG HRSG] HRSG3_SHP STEAM: total_steam=47034.93 MT, norm=2.954424, consumed=138961.13 MMBTU (REVERSE, BPC method)
00:57:05  INFO      
00:57:05  INFO        ------------------------------------------------------------------------------------------
00:57:05  INFO        ITERATION 5
00:57:05  INFO        ------------------------------------------------------------------------------------------
00:57:05  INFO        Power:  Demand =    44357211.49 KWH  |  Gen =       26357.20 MWh  |  Surplus =     0.00  |  Deficit =     0.01
00:57:05  INFO        Steam:  Gen =       94069.86 MT  |  Surplus =     0.00  |  Deficit =     0.00
00:57:05  INFO        Power delta: 72730.1322 MWh  |  Converged: NO
00:57:05  INFO      
00:57:05  INFO        Utility                                Total Demand      U4U Demand         Initial    Change %
00:57:05  INFO        -----------------------------------  --------------  --------------  --------------  ----------
00:57:05  INFO        Boiler Feed Water                          94043.31       101947.49            0.00     1.8242%
00:57:05  INFO        COMPRESSED AIR                           7037258.17      1028175.08      6084105.59    86.6329%
00:57:05  INFO        Cooling Water 1                            15194.00            0.00        15194.00   100.0000%
00:57:05  INFO        Cooling Water 2                            13420.87         4408.01         9016.31    67.4991%
00:57:05  INFO        D M Water                                 135188.91        80877.25        55787.00    41.2660%
00:57:05  INFO        HP Steam PRDS                               4972.00         4972.00            0.00     0.0000%
00:57:05  INFO        HP Steam_Dis                                4972.00            0.00         4972.00   100.0000%
00:57:05  INFO        HRSG2_SHP STEAM                            42023.80        47034.93            0.00     0.0000%
00:57:05  INFO        HRSG3_SHP STEAM                            42023.80        47034.93            0.00     0.0000%
00:57:05  INFO        LP Steam PRDS                              13905.03        13905.03            0.00     1.4453%
00:57:05  INFO        LP Steam_Dis                               38668.04        13636.28        25280.51    65.3783%
00:57:05  INFO        MP Steam PRDS SHP                          19576.04        22745.99            0.00     0.0000%
00:57:05  INFO        MP Steam_Dis                               24826.45        10428.77        14548.40    72.5367%
00:57:05  INFO        Nitrogen Gas                             5437630.00            0.00      5437630.00   100.0000% (PT)
00:57:05  INFO        Oxygen                                      5787.00            0.00         5787.00   100.0000%
00:57:05  INFO        POWERGEN                                26119827.71     26162719.35            0.00     7.5798%
00:57:05  INFO        Power_Dis                               44357211.49     15145183.31     29242067.20    66.0880%
00:57:05  INFO        SHP Steam_Dis                              94069.86        73266.65        20975.00    32.9513%
00:57:05  INFO        STG1_LP STEAM                              24763.01        24763.01            0.00     1.4453%
00:57:05  INFO        STG1_MP STEAM                               1790.52         2080.46            0.00     0.0000%
00:57:05  INFO        Water                                     744293.10       464432.28       280371.80    38.2459% (PT)
00:57:05  INFO      
00:57:05  INFO        U4U CONSUMPTION BREAKDOWN (per producer per material):
00:57:05  INFO        Producer                        Material Consumed                     Norm        Quantity  Credit
00:57:05  INFO        ------------------------------  ------------------------------  ----------  --------------  ------
00:57:05  INFO        Boiler Feed Water               CHEM CYCLO HEXY                   0.000100            9.40  
00:57:05  INFO        Boiler Feed Water               CHEM MORPHOLENE                   0.000002            0.19  
00:57:05  INFO        Boiler Feed Water               Cooling Water 2                   0.001070          100.63  
00:57:05  INFO        Boiler Feed Water               D M Water                         0.860000        80877.25  
00:57:05  INFO        Boiler Feed Water               KEM WATREAT B 70M                 0.000570           53.60  
00:57:05  INFO        Boiler Feed Water               LP Steam_Dis                      0.145000        13636.28  
00:57:05  INFO        Boiler Feed Water               Power_Dis                         9.500000       893411.43  
00:57:05  INFO        COMPRESSED AIR                  Cooling Water 2                   0.000025          175.93  
00:57:05  INFO        COMPRESSED AIR                  Power_Dis                         0.165000      1161147.60  
00:57:05  INFO        Cooling Water 1                 COMPRESSED AIR                    0.108592         1649.95  
00:57:05  INFO        Cooling Water 1                 Power_Dis                       244.999997      3722529.95  
00:57:05  INFO        Cooling Water 1                 SULPHURIC ACID                    0.000158            2.40  
00:57:05  INFO        Cooling Water 1                 Water                            11.050000       167893.70  
00:57:05  INFO        Cooling Water 2                 COMPRESSED AIR                    0.123044         1651.36  
00:57:05  INFO        Cooling Water 2                 Power_Dis                       249.999997      3355217.40  
00:57:05  INFO        Cooling Water 2                 SULPHURIC ACID                    0.000158            2.12  
00:57:05  INFO        Cooling Water 2                 Water                            11.500000       154340.00  
00:57:05  INFO        D M Water                       CAUSTIC SODA LYE – GRADE 1        0.000226           30.55  
00:57:05  INFO        D M Water                       CHEM  SODIUM SULPHITE;PN:MIS 1    0.000701           94.77  
00:57:05  INFO        D M Water                       CHEM ALUM.SULFATE, AL2(SO4)3,1    0.000757          102.34  
00:57:05  INFO        D M Water                       COMPRESSED AIR                    0.077000        10409.55  
00:57:05  INFO        D M Water                       HYDRO CHLORIC ACID (30%) -VIRG    0.000226           30.55  
00:57:05  INFO        D M Water                       POLYELECTROLYTE                   0.000578           78.14  
00:57:05  INFO        D M Water                       Power_Dis                         1.210000       163578.58  
00:57:05  INFO        D M Water                       Ret steam condensate              0.203000        27443.35  
00:57:05  INFO        D M Water                       SODIUM CHLORIDE IS 797 GRADE1     0.000010            1.35  
00:57:05  INFO        D M Water                       Water                             1.050000       141948.35  
00:57:05  INFO        HP Steam PRDS                   Boiler Feed Water                 0.076800          381.85  
00:57:05  INFO        HP Steam PRDS                   SHP Steam_Dis                     0.923200         4590.15  
00:57:05  INFO        HP Steam_Dis                    HP Steam PRDS                     1.000000         4972.00  
00:57:05  INFO        HRSG2_SHP STEAM                 Boiler Feed Water                 1.024000        48163.77  
00:57:05  INFO        HRSG2_SHP STEAM                 CHEM TRISODIUM PHOSPHATE          0.000900           42.33  
00:57:05  INFO        HRSG2_SHP STEAM                 COMPRESSED AIR                    9.853236       463446.27  
00:57:05  INFO        HRSG2_SHP STEAM                 FURNACE OIL ( MEDIUM VISCOSITY    0.000098            4.61  
00:57:05  INFO        HRSG2_SHP STEAM                 LP Steam_Dis                     -0.078000        -3668.72  YES
00:57:05  INFO        HRSG2_SHP STEAM                 NATURAL GAS                       2.954424       138961.13  
00:57:05  INFO        HRSG2_SHP STEAM                 Water                             0.002660          125.11  
00:57:05  INFO        HRSG3_SHP STEAM                 Boiler Feed Water                 1.024000        48163.77  
00:57:05  INFO        HRSG3_SHP STEAM                 CHEM TRISODIUM PHOSPHATE          0.000900           42.33  
00:57:05  INFO        HRSG3_SHP STEAM                 COMPRESSED AIR                    9.596520       451371.65  
00:57:05  INFO        HRSG3_SHP STEAM                 FURNACE OIL ( MEDIUM VISCOSITY    0.000098            4.61  
00:57:05  INFO        HRSG3_SHP STEAM                 LP Steam_Dis                     -0.078000        -3668.72  YES
00:57:05  INFO        HRSG3_SHP STEAM                 NATURAL GAS                       2.954424       138961.13  
00:57:05  INFO        HRSG3_SHP STEAM                 Water                             0.002660          125.11  
00:57:05  INFO        LP Steam PRDS                   Boiler Feed Water                 0.250000         3476.26  
00:57:05  INFO        LP Steam PRDS                   MP Steam_Dis                      0.750000        10428.77  
00:57:05  INFO        LP Steam_Dis                    LP Steam PRDS                     0.359600        13905.03  
00:57:05  INFO        LP Steam_Dis                    STG1_LP STEAM                     0.640400        24763.01  
00:57:05  INFO        MP Steam PRDS SHP               Boiler Feed Water                 0.090000         1761.84  
00:57:05  INFO        MP Steam PRDS SHP               SHP Steam_Dis                     0.910000        17814.19  
00:57:05  INFO        MP Steam_Dis                    MP Steam PRDS SHP                 0.916200        22745.99  
00:57:05  INFO        MP Steam_Dis                    STG1_MP STEAM                     0.083800         2080.46  
00:57:05  INFO        Oxygen                          Cooling Water 2                   0.261000         1510.41  
00:57:05  INFO        Oxygen                          Power_Dis                       968.650000      5605577.55  
00:57:05  INFO        POWERGEN                        COMPRESSED AIR                    0.004011        41874.84  
00:57:05  INFO        POWERGEN                        COMPRESSED AIR                    0.003420        27218.41  
00:57:05  INFO        POWERGEN                        COMPRESSED AIR                    0.003839        30553.07  
00:57:05  INFO        POWERGEN                        COMPRESSED AIR                    0.000000            0.00  
00:57:05  INFO        POWERGEN                        Cooling Water 2                   0.000232         2422.08  
00:57:05  INFO        POWERGEN                        Cooling Water 2                   0.000012           95.50  
00:57:05  INFO        POWERGEN                        Cooling Water 2                   0.000013          103.46  
00:57:05  INFO        POWERGEN                        Cooling Water 2                   0.000000            0.00  
00:57:05  INFO        POWERGEN                        NATURAL GAS                       0.009373        81400.58  
00:57:05  INFO        POWERGEN                        NATURAL GAS                       0.009982        81400.58  
00:57:05  INFO        POWERGEN                        NATURAL GAS                       0.009472            0.00  
00:57:05  INFO        POWERGEN                        Power_Dis                         0.002000        20880.00  
00:57:05  INFO        POWERGEN                        Power_Dis                         0.014000       111420.40  
00:57:05  INFO        POWERGEN                        Power_Dis                         0.014000       111420.40  
00:57:05  INFO        POWERGEN                        Power_Dis                         0.000000            0.00  
00:57:05  INFO        POWERGEN                        SHP Steam_Dis                     0.003615        37740.60  
00:57:05  INFO        Power_Dis                       POWERGEN                          0.186036      8252036.06  
00:57:05  INFO        Power_Dis                       POWERGEN                          0.196717      8725815.31  
00:57:05  INFO        Power_Dis                       POWERGEN                          0.207066      9184867.98  
00:57:05  INFO        Power_Dis                       Power from MEL                    0.410169     18000000.00  
00:57:05  INFO        SHP Steam_Dis                   HRSG2_SHP STEAM                   0.500000        47034.93  
00:57:05  INFO        SHP Steam_Dis                   HRSG3_SHP STEAM                   0.500000        47034.93  
00:57:05  INFO        STG1_LP STEAM                   SHP Steam_Dis                     0.480000        11886.25  
00:57:05  INFO        STG1_MP STEAM                   SHP Steam_Dis                     0.690000         1235.46  
00:57:05  INFO      
00:57:05  INFO        Not yet converged: 21 materials
00:57:05  INFO          Boiler Feed Water               change = 7.7532%
00:57:05  INFO          CHEM CYCLO HEXY                 change = 1.8242%
00:57:05  INFO          CHEM MORPHOLENE                 change = 1.8242%
00:57:05  INFO          CHEM TRISODIUM PHOSPHATE        change = 8.1534%
00:57:05  INFO          COMPRESSED AIR                  change = 7.2967%
00:57:05  INFO          Cooling Water 2                 change = 0.0783%
00:57:05  INFO          D M Water                       change = 1.8242%
00:57:05  INFO          FURNACE OIL ( MEDIUM VISCOSITY GRADE )  change = 8.1534%
00:57:05  INFO          HRSG2_SHP STEAM                 change = 10.6541%
00:57:05  INFO          HRSG3_SHP STEAM                 change = 10.6541%
00:57:05  INFO          KEM WATREAT B 70M               change = 1.8242%
00:57:05  INFO          LP Steam_Dis                    change = 1.8242%
00:57:05  INFO          MP Steam PRDS SHP               change = 13.9363%
00:57:05  INFO          MP Steam_Dis                    change = 1.4453%
00:57:05  INFO          NATURAL GAS                     change = 5.2187%
00:57:05  INFO          POWERGEN                        change = 0.1639%
00:57:05  INFO          Power_Dis                       change = 0.1983%
00:57:05  INFO          SHP Steam_Dis                   change = 0.2345%
00:57:05  INFO          STG1_MP STEAM                   change = 13.9363%
00:57:05  INFO          SULPHURIC ACID                  change = 0.1491%
00:57:05  INFO          Water                           change = 0.1100%
00:57:05  INFO        ------------------------------------------------------------------------------------------
00:57:06  INFO        [DISPATCH] Total demand: 44387.25 MWh, Import: 18000.00 MWh, Net for GT/STG: 26387.25 MWh
00:57:06  WARNING     [DISPATCH] No aux power norm for 'NMD-Power Plant-2'; using 0.0
00:57:06  WARNING     [DISPATCH] No aux power norm for 'NMD-Power Plant-3'; using 0.0
00:57:06  WARNING     [DISPATCH] No aux power norm for 'NMD-STG Power Plant'; using 0.0
00:57:06  INFO        ==============================================================================
00:57:06  INFO        POWER DISPATCH  (April 2025)
00:57:06  INFO        ==============================================================================
00:57:06  INFO        Demand:  Process = 44387.25 MWh  |  Fixed = 0.00 MWh  |  Total = 44387.25 MWh
00:57:06  INFO      
00:57:06  INFO        Asset                      Priority    Min MW    Max MW     Hours   Dispatched MW  Dispatched MWh    Load %  Free Steam MT  Aux Power MWh
00:57:06  INFO        -------------------------  --------  --------  --------  --------  --------------  --------------  --------  ------------  ------------
00:57:06  INFO        NMD-Power Plant-2                 1      5.00     11.50    720.00           11.50         8280.00    100.0%      16311.60          0.00
00:57:06  INFO        NMD-Power Plant-3                 1      5.00     12.80    720.00           12.80         9216.00    100.0%      18155.52          0.00
00:57:06  INFO        NMD-STG Power Plant               2      6.00     14.50    720.00           12.35         8891.25     85.2%          0.00          0.00
00:57:06  INFO        TOTAL                                                                                    26387.25                34467.12          0.00
00:57:06  INFO        DEFICIT: 18000.00 MWh under-generation
00:57:06  INFO        ==============================================================================
00:57:06  INFO        ==============================================================================
00:57:06  INFO        STEAM DISPATCH  (April 2025)
00:57:06  INFO        ==============================================================================
00:57:06  INFO        Grade      Process/Fixed MT  Letdown MT  Byproduct MT     Net Demand MT
00:57:06  INFO        ---------  ----------------  ----------  ------------  ----------------
00:57:06  INFO        MP                 24977.17    18732.88          0.00          24977.17
00:57:06  INFO        SHP                94241.65    87003.89          0.00          94241.65
00:57:06  INFO      
00:57:06  INFO        Total Free Steam available: 34467.12 MT
00:57:06  INFO      
00:57:06  INFO        FINAL SUPPLEMENTARY FIRING DISPATCH
00:57:06  INFO        Asset                      Priority     Min TPH     Max TPH     Hours  Dispatched TPH   Dispatched MT    Load %
00:57:06  INFO        -------------------------  --------  ----------  ----------  --------  --------------  --------------  --------
00:57:06  INFO        HRSG-1                          999       60.00      136.00      0.00            0.00            0.00      0.0%
00:57:06  INFO        HRSG-2                            1       37.34      113.34    720.00           42.79        30809.22     48.1%
00:57:06  INFO        HRSG-3                            1       34.78      110.78    720.00           40.23        28965.30     48.1%
00:57:06  INFO        TOTAL SUPPLEMENTARY                                                                          59774.52          
00:57:06  INFO        TOTAL STEAM GENERATED                                                                        94241.64          
00:57:06  INFO        DEFICIT: 0.01 MT
00:57:06  INFO        ==============================================================================
00:57:06  INFO        [REVERSE NG] Found GT asset: NMD-Power Plant-3, plant: NMD - Power Plant 3, heat_rate: 3862.56, free_steam: 1.97
00:57:06  INFO        [REVERSE NG] NMD - Power Plant 3: gen_qty=9216000 KWH, heat_rate=3862.56, free_steam=1.9700, consumed=86385.63 MMBTU (REVERSE)
00:57:06  INFO        [REVERSE NG] Found GT asset: NMD-Power Plant-2, plant: NMD - Power Plant 2, heat_rate: 4016.03, free_steam: 1.97
00:57:06  INFO        [REVERSE NG] NMD - Power Plant 2: gen_qty=8280000 KWH, heat_rate=4016.03, free_steam=1.9700, consumed=82651.39 MMBTU (REVERSE)
00:57:06  INFO        [REVERSE NG HRSG] Found HRSG: HRSG-2, supp_steam=30809.22 MT, free_steam=16311.60 MT, total_steam=47120.82 MT
00:57:06  INFO        [REVERSE NG HRSG] HRSG2_SHP STEAM: total_steam=47120.82 MT, norm=2.954424, consumed=139214.88 MMBTU (REVERSE, BPC method)
00:57:06  INFO        [REVERSE NG HRSG] Found HRSG: HRSG-3, supp_steam=28965.30 MT, free_steam=18155.52 MT, total_steam=47120.82 MT
00:57:06  INFO        [REVERSE NG HRSG] HRSG3_SHP STEAM: total_steam=47120.82 MT, norm=2.954424, consumed=139214.88 MMBTU (REVERSE, BPC method)
00:57:06  INFO      
00:57:06  INFO        ------------------------------------------------------------------------------------------
00:57:06  INFO        ITERATION 6
00:57:06  INFO        ------------------------------------------------------------------------------------------
00:57:06  INFO        Power:  Demand =    44387250.51 KWH  |  Gen =       26387.25 MWh  |  Surplus =     0.00  |  Deficit =     0.00
00:57:06  INFO        Steam:  Gen =       94241.64 MT  |  Surplus =     0.00  |  Deficit =     0.01
00:57:06  INFO        Power delta: 30039.0219 MWh  |  Converged: NO
00:57:06  INFO      
00:57:06  INFO        Utility                                Total Demand      U4U Demand         Initial    Change %
00:57:06  INFO        -----------------------------------  --------------  --------------  --------------  ----------
00:57:06  INFO        Boiler Feed Water                         101947.49       102408.68            0.00     7.7532%
00:57:06  INFO        COMPRESSED AIR                           7112280.67      1029281.77      6084105.59    86.5985%
00:57:06  INFO        Cooling Water 1                            15194.00            0.00        15194.00   100.0000%
00:57:06  INFO        Cooling Water 2                            13424.32         4078.30         9016.31    67.1897%
00:57:06  INFO        D M Water                                 136664.25        87674.84        55787.00    41.9000%
00:57:06  INFO        HP Steam PRDS                               4972.00         4972.00            0.00     0.0000%
00:57:06  INFO        HP Steam_Dis                                4972.00            0.00         4972.00   100.0000%
00:57:06  INFO        HRSG2_SHP STEAM                            47034.93        47120.82            0.00    10.6541%
00:57:06  INFO        HRSG3_SHP STEAM                            47034.93        47120.82            0.00    10.6541%
00:57:06  INFO        LP Steam PRDS                              13905.03        13994.48            0.00     0.0000%
00:57:06  INFO        LP Steam_Dis                               38916.79        14782.39        25280.51    65.5996%
00:57:06  INFO        MP Steam PRDS SHP                          22745.99        22884.08            0.00    13.9363%
00:57:06  INFO        MP Steam_Dis                               24977.17        10428.77        14548.40    58.8502%
00:57:06  INFO        Nitrogen Gas                             5437630.00            0.00      5437630.00   100.0000% (PT)
00:57:06  INFO        Oxygen                                      5787.00            0.00         5787.00   100.0000%
00:57:06  INFO        POWERGEN                                26162719.35     26180443.41            0.00     0.1639%
00:57:06  INFO        Power_Dis                               44387250.51     15254305.08     29242067.20    65.9471%
00:57:06  INFO        SHP Steam_Dis                              94241.65        70752.63        20975.00    22.4389%
00:57:06  INFO        STG1_LP STEAM                              24763.01        24922.31            0.00     0.0000%
00:57:06  INFO        STG1_MP STEAM                               2080.46         2093.09            0.00    13.9363%
00:57:06  INFO        Water                                     744804.08       466021.52       280371.80    37.7123% (PT)
00:57:06  INFO      
00:57:06  INFO        U4U CONSUMPTION BREAKDOWN (per producer per material):
00:57:06  INFO        Producer                        Material Consumed                     Norm        Quantity  Credit
00:57:06  INFO        ------------------------------  ------------------------------  ----------  --------------  ------
00:57:06  INFO        Boiler Feed Water               CHEM CYCLO HEXY                   0.000100           10.19  
00:57:06  INFO        Boiler Feed Water               CHEM MORPHOLENE                   0.000002            0.20  
00:57:06  INFO        Boiler Feed Water               Cooling Water 2                   0.001070          109.08  
00:57:06  INFO        Boiler Feed Water               D M Water                         0.860000        87674.84  
00:57:06  INFO        Boiler Feed Water               KEM WATREAT B 70M                 0.000570           58.11  
00:57:06  INFO        Boiler Feed Water               LP Steam_Dis                      0.145000        14782.39  
00:57:06  INFO        Boiler Feed Water               Power_Dis                         9.500000       968501.12  
00:57:06  INFO        COMPRESSED AIR                  Cooling Water 2                   0.000025          177.81  
00:57:06  INFO        COMPRESSED AIR                  Power_Dis                         0.165000      1173526.31  
00:57:06  INFO        Cooling Water 1                 COMPRESSED AIR                    0.108592         1649.95  
00:57:06  INFO        Cooling Water 1                 Power_Dis                       244.999997      3722529.95  
00:57:06  INFO        Cooling Water 1                 SULPHURIC ACID                    0.000158            2.40  
00:57:06  INFO        Cooling Water 1                 Water                            11.050000       167893.70  
00:57:06  INFO        Cooling Water 2                 COMPRESSED AIR                    0.123044         1651.78  
00:57:06  INFO        Cooling Water 2                 Power_Dis                       249.999997      3356079.91  
00:57:06  INFO        Cooling Water 2                 SULPHURIC ACID                    0.000158            2.12  
00:57:06  INFO        Cooling Water 2                 Water                            11.500000       154379.68  
00:57:06  INFO        D M Water                       CAUSTIC SODA LYE – GRADE 1        0.000226           30.89  
00:57:06  INFO        D M Water                       CHEM  SODIUM SULPHITE;PN:MIS 1    0.000701           95.80  
00:57:06  INFO        D M Water                       CHEM ALUM.SULFATE, AL2(SO4)3,1    0.000757          103.45  
00:57:06  INFO        D M Water                       COMPRESSED AIR                    0.077000        10523.15  
00:57:06  INFO        D M Water                       HYDRO CHLORIC ACID (30%) -VIRG    0.000226           30.89  
00:57:06  INFO        D M Water                       POLYELECTROLYTE                   0.000578           78.99  
00:57:06  INFO        D M Water                       Power_Dis                         1.210000       165363.74  
00:57:06  INFO        D M Water                       Ret steam condensate              0.203000        27742.84  
00:57:06  INFO        D M Water                       SODIUM CHLORIDE IS 797 GRADE1     0.000010            1.37  
00:57:06  INFO        D M Water                       Water                             1.050000       143497.46  
00:57:06  INFO        HP Steam PRDS                   Boiler Feed Water                 0.076800          381.85  
00:57:06  INFO        HP Steam PRDS                   SHP Steam_Dis                     0.923200         4590.15  
00:57:06  INFO        HP Steam_Dis                    HP Steam PRDS                     1.000000         4972.00  
00:57:06  INFO        HRSG2_SHP STEAM                 Boiler Feed Water                 1.024000        48251.72  
00:57:06  INFO        HRSG2_SHP STEAM                 CHEM TRISODIUM PHOSPHATE          0.000900           42.41  
00:57:06  INFO        HRSG2_SHP STEAM                 COMPRESSED AIR                    9.853236       464292.56  
00:57:06  INFO        HRSG2_SHP STEAM                 FURNACE OIL ( MEDIUM VISCOSITY    0.000098            4.62  
00:57:06  INFO        HRSG2_SHP STEAM                 LP Steam_Dis                     -0.078000        -3675.42  YES
00:57:06  INFO        HRSG2_SHP STEAM                 NATURAL GAS                       2.954424       139214.88  
00:57:06  INFO        HRSG2_SHP STEAM                 Water                             0.002660          125.34  
00:57:06  INFO        HRSG3_SHP STEAM                 Boiler Feed Water                 1.024000        48251.72  
00:57:06  INFO        HRSG3_SHP STEAM                 CHEM TRISODIUM PHOSPHATE          0.000900           42.41  
00:57:06  INFO        HRSG3_SHP STEAM                 COMPRESSED AIR                    9.596520       452195.89  
00:57:06  INFO        HRSG3_SHP STEAM                 FURNACE OIL ( MEDIUM VISCOSITY    0.000098            4.62  
00:57:06  INFO        HRSG3_SHP STEAM                 LP Steam_Dis                     -0.078000        -3675.42  YES
00:57:06  INFO        HRSG3_SHP STEAM                 NATURAL GAS                       2.954424       139214.88  
00:57:06  INFO        HRSG3_SHP STEAM                 Water                             0.002660          125.34  
00:57:06  INFO        LP Steam PRDS                   Boiler Feed Water                 0.250000         3476.26  
00:57:06  INFO        LP Steam PRDS                   MP Steam_Dis                      0.750000        10428.77  
00:57:06  INFO        LP Steam_Dis                    LP Steam PRDS                     0.359600        13994.48  
00:57:06  INFO        LP Steam_Dis                    STG1_LP STEAM                     0.640400        24922.31  
00:57:06  INFO        MP Steam PRDS SHP               Boiler Feed Water                 0.090000         2047.14  
00:57:06  INFO        MP Steam PRDS SHP               SHP Steam_Dis                     0.910000        20698.85  
00:57:06  INFO        MP Steam_Dis                    MP Steam PRDS SHP                 0.916200        22884.08  
00:57:06  INFO        MP Steam_Dis                    STG1_MP STEAM                     0.083800         2093.09  
00:57:06  INFO        Oxygen                          Cooling Water 2                   0.261000         1510.41  
00:57:06  INFO        Oxygen                          Power_Dis                       968.650000      5605577.55  
00:57:06  INFO        POWERGEN                        COMPRESSED AIR                    0.004011        35662.80  
00:57:06  INFO        POWERGEN                        COMPRESSED AIR                    0.003420        31518.72  
00:57:06  INFO        POWERGEN                        COMPRESSED AIR                    0.003839        31786.92  
00:57:06  INFO        POWERGEN                        COMPRESSED AIR                    0.000000            0.00  
00:57:06  INFO        POWERGEN                        Cooling Water 2                   0.000232         2062.77  
00:57:06  INFO        POWERGEN                        Cooling Water 2                   0.000012          110.59  
00:57:06  INFO        POWERGEN                        Cooling Water 2                   0.000013          107.64  
00:57:06  INFO        POWERGEN                        Cooling Water 2                   0.000000            0.00  
00:57:06  INFO        POWERGEN                        NATURAL GAS                       0.009373        86385.63  
00:57:06  INFO        POWERGEN                        NATURAL GAS                       0.009982        82651.39  
00:57:06  INFO        POWERGEN                        NATURAL GAS                       0.009472            0.00  
00:57:06  INFO        POWERGEN                        Power_Dis                         0.002000        17782.50  
00:57:06  INFO        POWERGEN                        Power_Dis                         0.014000       129024.00  
00:57:06  INFO        POWERGEN                        Power_Dis                         0.014000       115920.00  
00:57:06  INFO        POWERGEN                        Power_Dis                         0.000000            0.00  
00:57:06  INFO        POWERGEN                        SHP Steam_Dis                     0.003615        32141.87  
00:57:06  INFO        Power_Dis                       POWERGEN                          0.186036      8257626.44  
00:57:06  INFO        Power_Dis                       POWERGEN                          0.196717      8731726.66  
00:57:06  INFO        Power_Dis                       POWERGEN                          0.207066      9191090.31  
00:57:06  INFO        Power_Dis                       Power from MEL                    0.410169     18000000.00  
00:57:06  INFO        SHP Steam_Dis                   HRSG2_SHP STEAM                   0.500000        47120.82  
00:57:06  INFO        SHP Steam_Dis                   HRSG3_SHP STEAM                   0.500000        47120.82  
00:57:06  INFO        STG1_LP STEAM                   SHP Steam_Dis                     0.480000        11886.25  
00:57:06  INFO        STG1_MP STEAM                   SHP Steam_Dis                     0.690000         1435.51  
00:57:06  INFO      
00:57:06  INFO        Not yet converged: 29 materials
00:57:06  INFO          Boiler Feed Water               change = 0.4504%
00:57:06  INFO          CAUSTIC SODA LYE – GRADE 1      change = 1.0795%
00:57:06  INFO          CHEM  SODIUM SULPHITE;PN:MIS 19OX  change = 1.0795%
00:57:06  INFO          CHEM ALUM.SULFATE, AL2(SO4)3,18H2O  change = 1.0795%
00:57:06  INFO          CHEM CYCLO HEXY                 change = 7.7532%
00:57:06  INFO          CHEM MORPHOLENE                 change = 7.7532%
00:57:06  INFO          CHEM TRISODIUM PHOSPHATE        change = 0.1823%
00:57:06  INFO          COMPRESSED AIR                  change = 0.1075%
00:57:06  INFO          Cooling Water 2                 change = 8.0845%
00:57:06  INFO          D M Water                       change = 7.7532%
00:57:06  INFO          FURNACE OIL ( MEDIUM VISCOSITY GRADE )  change = 0.1823%
00:57:06  INFO          HRSG2_SHP STEAM                 change = 0.1823%
00:57:06  INFO          HRSG3_SHP STEAM                 change = 0.1823%
00:57:06  INFO          HYDRO CHLORIC ACID (30%) -VIRGIN  change = 1.0795%
00:57:06  INFO          KEM WATREAT B 70M               change = 7.7532%
00:57:06  INFO          LP Steam PRDS                   change = 0.6392%
00:57:06  INFO          LP Steam_Dis                    change = 7.7532%
00:57:06  INFO          MP Steam PRDS SHP               change = 0.6034%
00:57:06  INFO          NATURAL GAS                     change = 1.5070%
00:57:06  INFO          POLYELECTROLYTE                 change = 1.0795%
00:57:06  INFO          POWERGEN                        change = 0.0677%
00:57:06  INFO          Power_Dis                       change = 0.7154%
00:57:06  INFO          Ret steam condensate            change = 1.0795%
00:57:06  INFO          SHP Steam_Dis                   change = 3.5532%
00:57:06  INFO          SODIUM CHLORIDE IS 797 GRADE1   change = 1.0795%
00:57:06  INFO          STG1_LP STEAM                   change = 0.6392%
00:57:06  INFO          STG1_MP STEAM                   change = 0.6034%
00:57:06  INFO          SULPHURIC ACID                  change = 0.0121%
00:57:06  INFO          Water                           change = 0.3410%
00:57:06  INFO        ------------------------------------------------------------------------------------------
00:57:07  INFO        [DISPATCH] Total demand: 44496.37 MWh, Import: 18000.00 MWh, Net for GT/STG: 26496.37 MWh
00:57:07  WARNING     [DISPATCH] No aux power norm for 'NMD-Power Plant-2'; using 0.0
00:57:07  WARNING     [DISPATCH] No aux power norm for 'NMD-Power Plant-3'; using 0.0
00:57:07  WARNING     [DISPATCH] No aux power norm for 'NMD-STG Power Plant'; using 0.0
00:57:07  INFO        ==============================================================================
00:57:07  INFO        POWER DISPATCH  (April 2025)
00:57:07  INFO        ==============================================================================
00:57:07  INFO        Demand:  Process = 44496.37 MWh  |  Fixed = 0.00 MWh  |  Total = 44496.37 MWh
00:57:07  INFO      
00:57:07  INFO        Asset                      Priority    Min MW    Max MW     Hours   Dispatched MW  Dispatched MWh    Load %  Free Steam MT  Aux Power MWh
00:57:07  INFO        -------------------------  --------  --------  --------  --------  --------------  --------------  --------  ------------  ------------
00:57:07  INFO        NMD-Power Plant-2                 1      5.00     11.50    720.00           11.50         8280.00    100.0%      16311.60          0.00
00:57:07  INFO        NMD-Power Plant-3                 1      5.00     12.80    720.00           12.80         9216.00    100.0%      18155.52          0.00
00:57:07  INFO        NMD-STG Power Plant               2      6.00     14.50    720.00           12.50         9000.37     86.2%          0.00          0.00
00:57:07  INFO        TOTAL                                                                                    26496.37                34467.12          0.00
00:57:07  INFO        DEFICIT: 18000.00 MWh under-generation
00:57:07  INFO        ==============================================================================
00:57:07  INFO        ==============================================================================
00:57:07  INFO        STEAM DISPATCH  (April 2025)
00:57:07  INFO        ==============================================================================
00:57:07  INFO        Grade      Process/Fixed MT  Letdown MT  Byproduct MT     Net Demand MT
00:57:07  INFO        ---------  ----------------  ----------  ------------  ----------------
00:57:07  INFO        MP                 24977.17    18732.88          0.00          24977.17
00:57:07  INFO        SHP                91727.63    84682.95          0.00          91727.63
00:57:07  INFO      
00:57:07  INFO        Total Free Steam available: 34467.12 MT
00:57:07  INFO      
00:57:07  INFO        FINAL SUPPLEMENTARY FIRING DISPATCH
00:57:07  INFO        Asset                      Priority     Min TPH     Max TPH     Hours  Dispatched TPH   Dispatched MT    Load %
00:57:07  INFO        -------------------------  --------  ----------  ----------  --------  --------------  --------------  --------
00:57:07  INFO        HRSG-1                          999       60.00      136.00      0.00            0.00            0.00      0.0%
00:57:07  INFO        HRSG-2                            1       37.34      113.34    720.00           41.04        29552.22     46.8%
00:57:07  INFO        HRSG-3                            1       34.78      110.78    720.00           38.48        27708.30     46.8%
00:57:07  INFO        TOTAL SUPPLEMENTARY                                                                          57260.52          
00:57:07  INFO        TOTAL STEAM GENERATED                                                                        91727.64          
00:57:07  INFO        SURPLUS: 0.01 MT
00:57:07  INFO        ==============================================================================
00:57:07  INFO        [REVERSE NG] Found GT asset: NMD-Power Plant-3, plant: NMD - Power Plant 3, heat_rate: 3862.56, free_steam: 1.97
00:57:07  INFO        [REVERSE NG] NMD - Power Plant 3: gen_qty=9216000 KWH, heat_rate=3862.56, free_steam=1.9700, consumed=86385.63 MMBTU (REVERSE)
00:57:07  INFO        [REVERSE NG] Found GT asset: NMD-Power Plant-2, plant: NMD - Power Plant 2, heat_rate: 4016.03, free_steam: 1.97
00:57:07  INFO        [REVERSE NG] NMD - Power Plant 2: gen_qty=8280000 KWH, heat_rate=4016.03, free_steam=1.9700, consumed=82651.39 MMBTU (REVERSE)
00:57:07  INFO        [REVERSE NG HRSG] Found HRSG: HRSG-2, supp_steam=29552.22 MT, free_steam=16311.60 MT, total_steam=45863.82 MT
00:57:07  INFO        [REVERSE NG HRSG] HRSG2_SHP STEAM: total_steam=45863.82 MT, norm=2.954424, consumed=135501.17 MMBTU (REVERSE, BPC method)
00:57:07  INFO        [REVERSE NG HRSG] Found HRSG: HRSG-3, supp_steam=27708.30 MT, free_steam=18155.52 MT, total_steam=45863.82 MT
00:57:07  INFO        [REVERSE NG HRSG] HRSG3_SHP STEAM: total_steam=45863.82 MT, norm=2.954424, consumed=135501.17 MMBTU (REVERSE, BPC method)
00:57:07  INFO      
00:57:07  INFO        ------------------------------------------------------------------------------------------
00:57:07  INFO        ITERATION 7
00:57:07  INFO        ------------------------------------------------------------------------------------------
00:57:07  INFO        Power:  Demand =    44496372.28 KWH  |  Gen =       26496.37 MWh  |  Surplus =     0.00  |  Deficit =     0.00
00:57:07  INFO        Steam:  Gen =       91727.64 MT  |  Surplus =     0.01  |  Deficit =     0.00
00:57:07  INFO        Power delta: 109121.7674 MWh  |  Converged: NO
00:57:07  INFO      
00:57:07  INFO        Utility                                Total Demand      U4U Demand         Initial    Change %
00:57:07  INFO        -----------------------------------  --------------  --------------  --------------  ----------
00:57:07  INFO        Boiler Feed Water                         102408.68        99869.14            0.00     0.4504%
00:57:07  INFO        COMPRESSED AIR                           7113387.36      1005753.95      6084105.59    85.5459%
00:57:07  INFO        Cooling Water 1                            15194.00            0.00        15194.00   100.0000%
00:57:07  INFO        Cooling Water 2                            13094.61         4104.14         9016.31    66.3372%
00:57:07  INFO        D M Water                                 143461.84        88071.47        55787.00    43.6246%
00:57:07  INFO        HP Steam PRDS                               4972.00         4972.00            0.00     0.0000%
00:57:07  INFO        HP Steam_Dis                                4972.00            0.00         4972.00   100.0000%
00:57:07  INFO        HRSG2_SHP STEAM                            47120.82        45863.82            0.00     0.1823%
00:57:07  INFO        HRSG3_SHP STEAM                            47120.82        45863.82            0.00     0.1823%
00:57:07  INFO        LP Steam PRDS                              13994.48        14406.62            0.00     0.6392%
00:57:08  INFO        LP Steam_Dis                               40062.90        14849.26        25280.51    65.9628%
00:57:08  INFO        MP Steam PRDS SHP                          22884.08        22884.08            0.00     0.6034%
00:57:08  INFO        MP Steam_Dis                               24977.17        10495.86        14548.40    58.2468%
00:57:08  INFO        Nitrogen Gas                             5437630.00            0.00      5437630.00   100.0000% (PT)
00:57:08  INFO        Oxygen                                      5787.00            0.00         5787.00   100.0000%
00:57:08  INFO        POWERGEN                                26180443.41     26244804.46            0.00     0.0677%
00:57:08  INFO        Power_Dis                               44496372.28     15184884.91     29242067.20    65.9631%
00:57:08  INFO        SHP Steam_Dis                              91727.63        71357.94        20975.00    20.1259%
00:57:08  INFO        STG1_LP STEAM                              24922.31        25656.28            0.00     0.6392%
00:57:08  INFO        STG1_MP STEAM                               2093.09         2093.09            0.00     0.6034%
00:57:08  INFO        Water                                     746393.32       469360.64       280371.80    37.7765% (PT)
00:57:08  INFO      
00:57:08  INFO        U4U CONSUMPTION BREAKDOWN (per producer per material):
00:57:08  INFO        Producer                        Material Consumed                     Norm        Quantity  Credit
00:57:08  INFO        ------------------------------  ------------------------------  ----------  --------------  ------
00:57:08  INFO        Boiler Feed Water               CHEM CYCLO HEXY                   0.000100           10.24  
00:57:08  INFO        Boiler Feed Water               CHEM MORPHOLENE                   0.000002            0.20  
00:57:08  INFO        Boiler Feed Water               Cooling Water 2                   0.001070          109.58  
00:57:08  INFO        Boiler Feed Water               D M Water                         0.860000        88071.47  
00:57:08  INFO        Boiler Feed Water               KEM WATREAT B 70M                 0.000570           58.37  
00:57:08  INFO        Boiler Feed Water               LP Steam_Dis                      0.145000        14849.26  
00:57:08  INFO        Boiler Feed Water               Power_Dis                         9.500000       972882.51  
00:57:08  INFO        COMPRESSED AIR                  Cooling Water 2                   0.000025          177.83  
00:57:08  INFO        COMPRESSED AIR                  Power_Dis                         0.165000      1173708.91  
00:57:08  INFO        Cooling Water 1                 COMPRESSED AIR                    0.108592         1649.95  
00:57:08  INFO        Cooling Water 1                 Power_Dis                       244.999997      3722529.95  
00:57:08  INFO        Cooling Water 1                 SULPHURIC ACID                    0.000158            2.40  
00:57:08  INFO        Cooling Water 1                 Water                            11.050000       167893.70  
00:57:08  INFO        Cooling Water 2                 COMPRESSED AIR                    0.123044         1611.21  
00:57:08  INFO        Cooling Water 2                 Power_Dis                       249.999997      3273652.42  
00:57:08  INFO        Cooling Water 2                 SULPHURIC ACID                    0.000158            2.07  
00:57:08  INFO        Cooling Water 2                 Water                            11.500000       150588.01  
00:57:08  INFO        D M Water                       CAUSTIC SODA LYE – GRADE 1        0.000226           32.42  
00:57:08  INFO        D M Water                       CHEM  SODIUM SULPHITE;PN:MIS 1    0.000701          100.57  
00:57:08  INFO        D M Water                       CHEM ALUM.SULFATE, AL2(SO4)3,1    0.000757          108.60  
00:57:08  INFO        D M Water                       COMPRESSED AIR                    0.077000        11046.56  
00:57:08  INFO        D M Water                       HYDRO CHLORIC ACID (30%) -VIRG    0.000226           32.42  
00:57:08  INFO        D M Water                       POLYELECTROLYTE                   0.000578           82.92  
00:57:08  INFO        D M Water                       Power_Dis                         1.210000       173588.82  
00:57:08  INFO        D M Water                       Ret steam condensate              0.203000        29122.75  
00:57:08  INFO        D M Water                       SODIUM CHLORIDE IS 797 GRADE1     0.000010            1.43  
00:57:08  INFO        D M Water                       Water                             1.050000       150634.93  
00:57:08  INFO        HP Steam PRDS                   Boiler Feed Water                 0.076800          381.85  
00:57:08  INFO        HP Steam PRDS                   SHP Steam_Dis                     0.923200         4590.15  
00:57:08  INFO        HP Steam_Dis                    HP Steam PRDS                     1.000000         4972.00  
00:57:08  INFO        HRSG2_SHP STEAM                 Boiler Feed Water                 1.024000        46964.55  
00:57:08  INFO        HRSG2_SHP STEAM                 CHEM TRISODIUM PHOSPHATE          0.000900           41.28  
00:57:08  INFO        HRSG2_SHP STEAM                 COMPRESSED AIR                    9.853236       451907.04  
00:57:08  INFO        HRSG2_SHP STEAM                 FURNACE OIL ( MEDIUM VISCOSITY    0.000098            4.49  
00:57:08  INFO        HRSG2_SHP STEAM                 LP Steam_Dis                     -0.078000        -3577.38  YES
00:57:08  INFO        HRSG2_SHP STEAM                 NATURAL GAS                       2.954424       135501.17  
00:57:08  INFO        HRSG2_SHP STEAM                 Water                             0.002660          122.00  
00:57:08  INFO        HRSG3_SHP STEAM                 Boiler Feed Water                 1.024000        46964.55  
00:57:08  INFO        HRSG3_SHP STEAM                 CHEM TRISODIUM PHOSPHATE          0.000900           41.28  
00:57:08  INFO        HRSG3_SHP STEAM                 COMPRESSED AIR                    9.596520       440133.07  
00:57:08  INFO        HRSG3_SHP STEAM                 FURNACE OIL ( MEDIUM VISCOSITY    0.000098            4.49  
00:57:08  INFO        HRSG3_SHP STEAM                 LP Steam_Dis                     -0.078000        -3577.38  YES
00:57:08  INFO        HRSG3_SHP STEAM                 NATURAL GAS                       2.954424       135501.17  
00:57:08  INFO        HRSG3_SHP STEAM                 Water                             0.002660          122.00  
00:57:08  INFO        LP Steam PRDS                   Boiler Feed Water                 0.250000         3498.62  
00:57:08  INFO        LP Steam PRDS                   MP Steam_Dis                      0.750000        10495.86  
00:57:08  INFO        LP Steam_Dis                    LP Steam PRDS                     0.359600        14406.62  
00:57:08  INFO        LP Steam_Dis                    STG1_LP STEAM                     0.640400        25656.28  
00:57:08  INFO        MP Steam PRDS SHP               Boiler Feed Water                 0.090000         2059.57  
00:57:08  INFO        MP Steam PRDS SHP               SHP Steam_Dis                     0.910000        20824.52  
00:57:08  INFO        MP Steam_Dis                    MP Steam PRDS SHP                 0.916200        22884.08  
00:57:08  INFO        MP Steam_Dis                    STG1_MP STEAM                     0.083800         2093.09  
00:57:08  INFO        Oxygen                          Cooling Water 2                   0.261000         1510.41  
00:57:08  INFO        Oxygen                          Power_Dis                       968.650000      5605577.55  
00:57:08  INFO        POWERGEN                        COMPRESSED AIR                    0.004011        36100.48  
00:57:08  INFO        POWERGEN                        COMPRESSED AIR                    0.003420        31518.72  
00:57:08  INFO        POWERGEN                        COMPRESSED AIR                    0.003839        31786.92  
00:57:08  INFO        POWERGEN                        COMPRESSED AIR                    0.000000            0.00  
00:57:08  INFO        POWERGEN                        Cooling Water 2                   0.000232         2088.09  
00:57:08  INFO        POWERGEN                        Cooling Water 2                   0.000012          110.59  
00:57:08  INFO        POWERGEN                        Cooling Water 2                   0.000013          107.64  
00:57:08  INFO        POWERGEN                        Cooling Water 2                   0.000000            0.00  
00:57:08  INFO        POWERGEN                        NATURAL GAS                       0.009373        86385.63  
00:57:08  INFO        POWERGEN                        NATURAL GAS                       0.009982        82651.39  
00:57:08  INFO        POWERGEN                        NATURAL GAS                       0.009472            0.00  
00:57:08  INFO        POWERGEN                        Power_Dis                         0.002000        18000.74  
00:57:08  INFO        POWERGEN                        Power_Dis                         0.014000       129024.00  
00:57:08  INFO        POWERGEN                        Power_Dis                         0.014000       115920.00  
00:57:08  INFO        POWERGEN                        Power_Dis                         0.000000            0.00  
00:57:08  INFO        POWERGEN                        SHP Steam_Dis                     0.003615        32536.34  
00:57:08  INFO        Power_Dis                       POWERGEN                          0.186036      8277926.69  
00:57:08  INFO        Power_Dis                       POWERGEN                          0.196717      8753192.42  
00:57:08  INFO        Power_Dis                       POWERGEN                          0.207066      9213685.35  
00:57:08  INFO        Power_Dis                       Power from MEL                    0.410169     18000000.00  
00:57:08  INFO        SHP Steam_Dis                   HRSG2_SHP STEAM                   0.500000        45863.82  
00:57:08  INFO        SHP Steam_Dis                   HRSG3_SHP STEAM                   0.500000        45863.82  
00:57:08  INFO        STG1_LP STEAM                   SHP Steam_Dis                     0.480000        11962.71  
00:57:08  INFO        STG1_MP STEAM                   SHP Steam_Dis                     0.690000         1444.23  
00:57:08  INFO      
00:57:08  INFO        Not yet converged: 28 materials
00:57:08  INFO          Boiler Feed Water               change = 2.5429%
00:57:08  INFO          CAUSTIC SODA LYE – GRADE 1      change = 4.7383%
00:57:08  INFO          CHEM  SODIUM SULPHITE;PN:MIS 19OX  change = 4.7383%
00:57:08  INFO          CHEM ALUM.SULFATE, AL2(SO4)3,18H2O  change = 4.7383%
00:57:08  INFO          CHEM CYCLO HEXY                 change = 0.4504%
00:57:08  INFO          CHEM MORPHOLENE                 change = 0.4504%
00:57:08  INFO          CHEM TRISODIUM PHOSPHATE        change = 2.7407%
00:57:08  INFO          COMPRESSED AIR                  change = 2.3393%
00:57:08  INFO          Cooling Water 2                 change = 0.6295%
00:57:08  INFO          D M Water                       change = 0.4504%
00:57:08  INFO          FURNACE OIL ( MEDIUM VISCOSITY GRADE )  change = 2.7407%
00:57:08  INFO          HRSG2_SHP STEAM                 change = 2.7407%
00:57:08  INFO          HRSG3_SHP STEAM                 change = 2.7407%
00:57:08  INFO          HYDRO CHLORIC ACID (30%) -VIRGIN  change = 4.7383%
00:57:08  INFO          KEM WATREAT B 70M               change = 0.4504%
00:57:08  INFO          LP Steam PRDS                   change = 2.8608%
00:57:08  INFO          LP Steam_Dis                    change = 0.4504%
00:57:08  INFO          MP Steam_Dis                    change = 0.6392%
00:57:08  INFO          NATURAL GAS                     change = 1.6879%
00:57:08  INFO          POLYELECTROLYTE                 change = 4.7383%
00:57:08  INFO          POWERGEN                        change = 0.2452%
00:57:08  INFO          Power_Dis                       change = 0.4572%
00:57:08  INFO          Ret steam condensate            change = 4.7383%
00:57:08  INFO          SHP Steam_Dis                   change = 0.8483%
00:57:08  INFO          SODIUM CHLORIDE IS 797 GRADE1   change = 4.7383%
00:57:08  INFO          STG1_LP STEAM                   change = 2.8608%
00:57:08  INFO          SULPHURIC ACID                  change = 1.1655%
00:57:08  INFO          Water                           change = 0.7114%
00:57:08  INFO        ------------------------------------------------------------------------------------------
00:57:09  INFO        [DISPATCH] Total demand: 44426.95 MWh, Import: 18000.00 MWh, Net for GT/STG: 26426.95 MWh
00:57:09  WARNING     [DISPATCH] No aux power norm for 'NMD-Power Plant-2'; using 0.0
00:57:09  WARNING     [DISPATCH] No aux power norm for 'NMD-Power Plant-3'; using 0.0
00:57:09  WARNING     [DISPATCH] No aux power norm for 'NMD-STG Power Plant'; using 0.0
00:57:09  INFO        ==============================================================================
00:57:09  INFO        POWER DISPATCH  (April 2025)
00:57:09  INFO        ==============================================================================
00:57:09  INFO        Demand:  Process = 44426.95 MWh  |  Fixed = 0.00 MWh  |  Total = 44426.95 MWh
00:57:09  INFO      
00:57:09  INFO        Asset                      Priority    Min MW    Max MW     Hours   Dispatched MW  Dispatched MWh    Load %  Free Steam MT  Aux Power MWh
00:57:09  INFO        -------------------------  --------  --------  --------  --------  --------------  --------------  --------  ------------  ------------
00:57:09  INFO        NMD-Power Plant-2                 1      5.00     11.50    720.00           11.50         8280.00    100.0%      16311.60          0.00
00:57:09  INFO        NMD-Power Plant-3                 1      5.00     12.80    720.00           12.80         9216.00    100.0%      18155.52          0.00
00:57:09  INFO        NMD-STG Power Plant               2      6.00     14.50    720.00           12.40         8930.95     85.5%          0.00          0.00
00:57:09  INFO        TOTAL                                                                                    26426.95                34467.12          0.00
00:57:09  INFO        DEFICIT: 18000.00 MWh under-generation
00:57:09  INFO        ==============================================================================
00:57:09  INFO        ==============================================================================
00:57:09  INFO        STEAM DISPATCH  (April 2025)
00:57:09  INFO        ==============================================================================
00:57:09  INFO        Grade      Process/Fixed MT  Letdown MT  Byproduct MT     Net Demand MT
00:57:09  INFO        ---------  ----------------  ----------  ------------  ----------------
00:57:09  INFO        MP                 25044.26    18783.19          0.00          25044.26
00:57:09  INFO        SHP                92332.94    85241.77          0.00          92332.94
00:57:09  INFO      
00:57:09  INFO        Total Free Steam available: 34467.12 MT
00:57:09  INFO      
00:57:09  INFO        FINAL SUPPLEMENTARY FIRING DISPATCH
00:57:09  INFO        Asset                      Priority     Min TPH     Max TPH     Hours  Dispatched TPH   Dispatched MT    Load %
00:57:09  INFO        -------------------------  --------  ----------  ----------  --------  --------------  --------------  --------
00:57:09  INFO        HRSG-1                          999       60.00      136.00      0.00            0.00            0.00      0.0%
00:57:09  INFO        HRSG-2                            1       37.34      113.34    720.00           41.47        29854.87     47.1%
00:57:09  INFO        HRSG-3                            1       34.78      110.78    720.00           38.90        28010.95     47.1%
00:57:09  INFO        TOTAL SUPPLEMENTARY                                                                          57865.82          
00:57:09  INFO        TOTAL STEAM GENERATED                                                                        92332.94          
00:57:09  INFO        Demand met
00:57:09  INFO        ==============================================================================
00:57:09  INFO        [REVERSE NG] Found GT asset: NMD-Power Plant-3, plant: NMD - Power Plant 3, heat_rate: 3862.56, free_steam: 1.97
00:57:09  INFO        [REVERSE NG] NMD - Power Plant 3: gen_qty=9216000 KWH, heat_rate=3862.56, free_steam=1.9700, consumed=86385.63 MMBTU (REVERSE)
00:57:09  INFO        [REVERSE NG] Found GT asset: NMD-Power Plant-2, plant: NMD - Power Plant 2, heat_rate: 4016.03, free_steam: 1.97
00:57:09  INFO        [REVERSE NG] NMD - Power Plant 2: gen_qty=8280000 KWH, heat_rate=4016.03, free_steam=1.9700, consumed=82651.39 MMBTU (REVERSE)
00:57:09  INFO        [REVERSE NG HRSG] Found HRSG: HRSG-2, supp_steam=29854.87 MT, free_steam=16311.60 MT, total_steam=46166.47 MT
00:57:09  INFO        [REVERSE NG HRSG] HRSG2_SHP STEAM: total_steam=46166.47 MT, norm=2.954424, consumed=136395.33 MMBTU (REVERSE, BPC method)
00:57:09  INFO        [REVERSE NG HRSG] Found HRSG: HRSG-3, supp_steam=28010.95 MT, free_steam=18155.52 MT, total_steam=46166.47 MT
00:57:09  INFO        [REVERSE NG HRSG] HRSG3_SHP STEAM: total_steam=46166.47 MT, norm=2.954424, consumed=136395.33 MMBTU (REVERSE, BPC method)
00:57:09  INFO      
00:57:09  INFO        ------------------------------------------------------------------------------------------
00:57:09  INFO        ITERATION 8
00:57:09  INFO        ------------------------------------------------------------------------------------------
00:57:09  INFO        Power:  Demand =    44426952.11 KWH  |  Gen =       26426.95 MWh  |  Surplus =     0.00  |  Deficit =     0.00
00:57:09  INFO        Steam:  Gen =       92332.94 MT  |  Surplus =     0.00  |  Deficit =     0.00
00:57:09  INFO        Power delta: 69420.1726 MWh  |  Converged: NO
00:57:09  INFO      
00:57:09  INFO        Utility                                Total Demand      U4U Demand         Initial    Change %
00:57:09  INFO        -----------------------------------  --------------  --------------  --------------  ----------
00:57:09  INFO        Boiler Feed Water                          99869.14       100592.00            0.00     2.5429%
00:57:09  INFO        COMPRESSED AIR                           7089859.54      1011395.70      6084105.59    85.4823%
00:57:09  INFO        Cooling Water 1                            15194.00            0.00        15194.00   100.0000%
00:57:09  INFO        Cooling Water 2                            13120.45         4084.73         9016.31    68.9165%
00:57:09  INFO        D M Water                                 143858.47        85887.46        55787.00    39.0548%
00:57:09  INFO        HP Steam PRDS                               4972.00         4972.00            0.00     0.0000%
00:57:09  INFO        HP Steam_Dis                                4972.00            0.00         4972.00   100.0000%
00:57:09  INFO        HRSG2_SHP STEAM                            45863.82        46166.47            0.00     2.7407%
00:57:09  INFO        HRSG3_SHP STEAM                            45863.82        46166.47            0.00     2.7407%
00:57:09  INFO        LP Steam PRDS                              14406.62        14430.67            0.00     2.8608%
00:57:09  INFO        LP Steam_Dis                               40129.77        14481.03        25280.51    63.1635%
00:57:09  INFO        MP Steam PRDS SHP                          22884.08        22945.55            0.00     0.0000%
00:57:09  INFO        MP Steam_Dis                               25044.26        10804.96        14548.40    58.3586%
00:57:09  INFO        Nitrogen Gas                             5437630.00            0.00      5437630.00   100.0000% (PT)
00:57:09  INFO        Oxygen                                      5787.00            0.00         5787.00   100.0000%
00:57:09  INFO        POWERGEN                                26244804.46     26203859.22            0.00     0.2452%
00:57:09  INFO        Power_Dis                               44426952.11     15163677.47     29242067.20    65.6643%
00:57:09  INFO        SHP Steam_Dis                              92332.94        71459.29        20975.00    23.3723%
00:57:09  INFO        STG1_LP STEAM                              25656.28        25699.10            0.00     2.8608%
00:57:09  INFO        STG1_MP STEAM                               2093.09         2098.71            0.00     0.0000%
00:57:09  INFO        Water                                     749732.44       470075.84       280371.80    37.8416% (PT)
00:57:09  INFO      
00:57:09  INFO        U4U CONSUMPTION BREAKDOWN (per producer per material):
00:57:09  INFO        Producer                        Material Consumed                     Norm        Quantity  Credit
00:57:09  INFO        ------------------------------  ------------------------------  ----------  --------------  ------
00:57:09  INFO        Boiler Feed Water               CHEM CYCLO HEXY                   0.000100            9.99  
00:57:09  INFO        Boiler Feed Water               CHEM MORPHOLENE                   0.000002            0.20  
00:57:09  INFO        Boiler Feed Water               Cooling Water 2                   0.001070          106.86  
00:57:09  INFO        Boiler Feed Water               D M Water                         0.860000        85887.46  
00:57:09  INFO        Boiler Feed Water               KEM WATREAT B 70M                 0.000570           56.93  
00:57:09  INFO        Boiler Feed Water               LP Steam_Dis                      0.145000        14481.03  
00:57:09  INFO        Boiler Feed Water               Power_Dis                         9.500000       948756.83  
00:57:09  INFO        COMPRESSED AIR                  Cooling Water 2                   0.000025          177.25  
00:57:09  INFO        COMPRESSED AIR                  Power_Dis                         0.165000      1169826.82  
00:57:09  INFO        Cooling Water 1                 COMPRESSED AIR                    0.108592         1649.95  
00:57:09  INFO        Cooling Water 1                 Power_Dis                       244.999997      3722529.95  
00:57:09  INFO        Cooling Water 1                 SULPHURIC ACID                    0.000158            2.40  
00:57:09  INFO        Cooling Water 1                 Water                            11.050000       167893.70  
00:57:09  INFO        Cooling Water 2                 COMPRESSED AIR                    0.123044         1614.39  
00:57:09  INFO        Cooling Water 2                 Power_Dis                       249.999997      3280111.66  
00:57:09  INFO        Cooling Water 2                 SULPHURIC ACID                    0.000158            2.07  
00:57:09  INFO        Cooling Water 2                 Water                            11.500000       150885.14  
00:57:09  INFO        D M Water                       CAUSTIC SODA LYE – GRADE 1        0.000226           32.51  
00:57:09  INFO        D M Water                       CHEM  SODIUM SULPHITE;PN:MIS 1    0.000701          100.84  
00:57:09  INFO        D M Water                       CHEM ALUM.SULFATE, AL2(SO4)3,1    0.000757          108.90  
00:57:09  INFO        D M Water                       COMPRESSED AIR                    0.077000        11077.10  
00:57:09  INFO        D M Water                       HYDRO CHLORIC ACID (30%) -VIRG    0.000226           32.51  
00:57:09  INFO        D M Water                       POLYELECTROLYTE                   0.000578           83.15  
00:57:09  INFO        D M Water                       Power_Dis                         1.210000       174068.75  
00:57:09  INFO        D M Water                       Ret steam condensate              0.203000        29203.27  
00:57:09  INFO        D M Water                       SODIUM CHLORIDE IS 797 GRADE1     0.000010            1.44  
00:57:09  INFO        D M Water                       Water                             1.050000       151051.39  
00:57:09  INFO        HP Steam PRDS                   Boiler Feed Water                 0.076800          381.85  
00:57:09  INFO        HP Steam PRDS                   SHP Steam_Dis                     0.923200         4590.15  
00:57:09  INFO        HP Steam_Dis                    HP Steam PRDS                     1.000000         4972.00  
00:57:09  INFO        HRSG2_SHP STEAM                 Boiler Feed Water                 1.024000        47274.47  
00:57:09  INFO        HRSG2_SHP STEAM                 CHEM TRISODIUM PHOSPHATE          0.000900           41.55  
00:57:09  INFO        HRSG2_SHP STEAM                 COMPRESSED AIR                    9.853236       454889.12  
00:57:09  INFO        HRSG2_SHP STEAM                 FURNACE OIL ( MEDIUM VISCOSITY    0.000098            4.52  
00:57:09  INFO        HRSG2_SHP STEAM                 LP Steam_Dis                     -0.078000        -3600.98  YES
00:57:09  INFO        HRSG2_SHP STEAM                 NATURAL GAS                       2.954424       136395.33  
00:57:09  INFO        HRSG2_SHP STEAM                 Water                             0.002660          122.80  
00:57:09  INFO        HRSG3_SHP STEAM                 Boiler Feed Water                 1.024000        47274.47  
00:57:09  INFO        HRSG3_SHP STEAM                 CHEM TRISODIUM PHOSPHATE          0.000900           41.55  
00:57:09  INFO        HRSG3_SHP STEAM                 COMPRESSED AIR                    9.596520       443037.45  
00:57:09  INFO        HRSG3_SHP STEAM                 FURNACE OIL ( MEDIUM VISCOSITY    0.000098            4.52  
00:57:09  INFO        HRSG3_SHP STEAM                 LP Steam_Dis                     -0.078000        -3600.98  YES
00:57:09  INFO        HRSG3_SHP STEAM                 NATURAL GAS                       2.954424       136395.33  
00:57:09  INFO        HRSG3_SHP STEAM                 Water                             0.002660          122.80  
00:57:09  INFO        LP Steam PRDS                   Boiler Feed Water                 0.250000         3601.65  
00:57:09  INFO        LP Steam PRDS                   MP Steam_Dis                      0.750000        10804.96  
00:57:09  INFO        LP Steam_Dis                    LP Steam PRDS                     0.359600        14430.67  
00:57:09  INFO        LP Steam_Dis                    STG1_LP STEAM                     0.640400        25699.10  
00:57:09  INFO        MP Steam PRDS SHP               Boiler Feed Water                 0.090000         2059.57  
00:57:09  INFO        MP Steam PRDS SHP               SHP Steam_Dis                     0.910000        20824.52  
00:57:09  INFO        MP Steam_Dis                    MP Steam PRDS SHP                 0.916200        22945.55  
00:57:09  INFO        MP Steam_Dis                    STG1_MP STEAM                     0.083800         2098.71  
00:57:09  INFO        Oxygen                          Cooling Water 2                   0.261000         1510.41  
00:57:09  INFO        Oxygen                          Power_Dis                       968.650000      5605577.55  
00:57:09  INFO        POWERGEN                        COMPRESSED AIR                    0.004011        35822.04  
00:57:09  INFO        POWERGEN                        COMPRESSED AIR                    0.003420        31518.72  
00:57:09  INFO        POWERGEN                        COMPRESSED AIR                    0.003839        31786.92  
00:57:09  INFO        POWERGEN                        COMPRESSED AIR                    0.000000            0.00  
00:57:09  INFO        POWERGEN                        Cooling Water 2                   0.000232         2071.98  
00:57:09  INFO        POWERGEN                        Cooling Water 2                   0.000012          110.59  
00:57:09  INFO        POWERGEN                        Cooling Water 2                   0.000013          107.64  
00:57:09  INFO        POWERGEN                        Cooling Water 2                   0.000000            0.00  
00:57:09  INFO        POWERGEN                        NATURAL GAS                       0.009373        86385.63  
00:57:09  INFO        POWERGEN                        NATURAL GAS                       0.009982        82651.39  
00:57:09  INFO        POWERGEN                        NATURAL GAS                       0.009472            0.00  
00:57:09  INFO        POWERGEN                        Power_Dis                         0.002000        17861.90  
00:57:09  INFO        POWERGEN                        Power_Dis                         0.014000       129024.00  
00:57:09  INFO        POWERGEN                        Power_Dis                         0.014000       115920.00  
00:57:09  INFO        POWERGEN                        Power_Dis                         0.000000            0.00  
00:57:09  INFO        POWERGEN                        SHP Steam_Dis                     0.003615        32285.38  
00:57:09  INFO        Power_Dis                       POWERGEN                          0.186036      8265012.07  
00:57:09  INFO        Power_Dis                       POWERGEN                          0.196717      8739536.32  
00:57:09  INFO        Power_Dis                       POWERGEN                          0.207066      9199310.83  
00:57:09  INFO        Power_Dis                       Power from MEL                    0.410169     18000000.00  
00:57:09  INFO        SHP Steam_Dis                   HRSG2_SHP STEAM                   0.500000        46166.47  
00:57:09  INFO        SHP Steam_Dis                   HRSG3_SHP STEAM                   0.500000        46166.47  
00:57:09  INFO        STG1_LP STEAM                   SHP Steam_Dis                     0.480000        12315.01  
00:57:09  INFO        STG1_MP STEAM                   SHP Steam_Dis                     0.690000         1444.23  
00:57:09  INFO      
00:57:09  INFO        Not yet converged: 30 materials
00:57:09  INFO          Boiler Feed Water               change = 0.7186%
00:57:09  INFO          CAUSTIC SODA LYE – GRADE 1      change = 0.2757%
00:57:09  INFO          CHEM  SODIUM SULPHITE;PN:MIS 19OX  change = 0.2757%
00:57:09  INFO          CHEM ALUM.SULFATE, AL2(SO4)3,18H2O  change = 0.2757%
00:57:09  INFO          CHEM CYCLO HEXY                 change = 2.5429%
00:57:09  INFO          CHEM MORPHOLENE                 change = 2.5429%
00:57:09  INFO          CHEM TRISODIUM PHOSPHATE        change = 0.6556%
00:57:09  INFO          COMPRESSED AIR                  change = 0.5578%
00:57:09  INFO          Cooling Water 2                 change = 0.4752%
00:57:09  INFO          D M Water                       change = 2.5429%
00:57:09  INFO          FURNACE OIL ( MEDIUM VISCOSITY GRADE )  change = 0.6556%
00:57:09  INFO          HRSG2_SHP STEAM                 change = 0.6556%
00:57:09  INFO          HRSG3_SHP STEAM                 change = 0.6556%
00:57:09  INFO          HYDRO CHLORIC ACID (30%) -VIRGIN  change = 0.2757%
00:57:09  INFO          KEM WATREAT B 70M               change = 2.5429%
00:57:09  INFO          LP Steam PRDS                   change = 0.1666%
00:57:09  INFO          LP Steam_Dis                    change = 2.5429%
00:57:09  INFO          MP Steam PRDS SHP               change = 0.2679%
00:57:09  INFO          MP Steam_Dis                    change = 2.8608%
00:57:09  INFO          NATURAL GAS                     change = 0.4048%
00:57:09  INFO          POLYELECTROLYTE                 change = 0.2757%
00:57:09  INFO          POWERGEN                        change = 0.1563%
00:57:09  INFO          Power_Dis                       change = 0.1399%
00:57:09  INFO          Ret steam condensate            change = 0.2757%
00:57:09  INFO          SHP Steam_Dis                   change = 0.1418%
00:57:09  INFO          SODIUM CHLORIDE IS 797 GRADE1   change = 0.2757%
00:57:09  INFO          STG1_LP STEAM                   change = 0.1666%
00:57:09  INFO          STG1_MP STEAM                   change = 0.2679%
00:57:09  INFO          SULPHURIC ACID                  change = 0.0913%
00:57:09  INFO          Water                           change = 0.1521%
00:57:09  INFO        ------------------------------------------------------------------------------------------
00:57:10  INFO        [DISPATCH] Total demand: 44405.74 MWh, Import: 18000.00 MWh, Net for GT/STG: 26405.74 MWh
00:57:10  WARNING     [DISPATCH] No aux power norm for 'NMD-Power Plant-2'; using 0.0
00:57:10  WARNING     [DISPATCH] No aux power norm for 'NMD-Power Plant-3'; using 0.0
00:57:10  WARNING     [DISPATCH] No aux power norm for 'NMD-STG Power Plant'; using 0.0
00:57:10  INFO        ==============================================================================
00:57:10  INFO        POWER DISPATCH  (April 2025)
00:57:10  INFO        ==============================================================================
00:57:10  INFO        Demand:  Process = 44405.74 MWh  |  Fixed = 0.00 MWh  |  Total = 44405.74 MWh
00:57:10  INFO      
00:57:10  INFO        Asset                      Priority    Min MW    Max MW     Hours   Dispatched MW  Dispatched MWh    Load %  Free Steam MT  Aux Power MWh
00:57:10  INFO        -------------------------  --------  --------  --------  --------  --------------  --------------  --------  ------------  ------------
00:57:10  INFO        NMD-Power Plant-2                 1      5.00     11.50    720.00           11.50         8280.00    100.0%      16311.60          0.00
00:57:10  INFO        NMD-Power Plant-3                 1      5.00     12.80    720.00           12.80         9216.00    100.0%      18155.52          0.00
00:57:10  INFO        NMD-STG Power Plant               2      6.00     14.50    720.00           12.37         8909.74     85.3%          0.00          0.00
00:57:10  INFO        TOTAL                                                                                    26405.74                34467.12          0.00
00:57:10  INFO        DEFICIT: 18000.00 MWh under-generation
00:57:10  INFO        ==============================================================================
00:57:10  INFO        ==============================================================================
00:57:10  INFO        STEAM DISPATCH  (April 2025)
00:57:10  INFO        ==============================================================================
00:57:10  INFO        Grade      Process/Fixed MT  Letdown MT  Byproduct MT     Net Demand MT
00:57:10  INFO        ---------  ----------------  ----------  ------------  ----------------
00:57:10  INFO        MP                 25353.36    19015.02          0.00          25353.36
00:57:10  INFO        SHP                92434.29    85335.34          0.00          92434.29
00:57:10  INFO      
00:57:10  INFO        Total Free Steam available: 34467.12 MT
00:57:10  INFO      
00:57:10  INFO        FINAL SUPPLEMENTARY FIRING DISPATCH
00:57:10  INFO        Asset                      Priority     Min TPH     Max TPH     Hours  Dispatched TPH   Dispatched MT    Load %
00:57:10  INFO        -------------------------  --------  ----------  ----------  --------  --------------  --------------  --------
00:57:10  INFO        HRSG-1                          999       60.00      136.00      0.00            0.00            0.00      0.0%
00:57:10  INFO        HRSG-2                            1       37.34      113.34    720.00           41.54        29905.55     47.2%
00:57:10  INFO        HRSG-3                            1       34.78      110.78    720.00           38.97        28061.63     47.2%
00:57:10  INFO        TOTAL SUPPLEMENTARY                                                                          57967.18          
00:57:10  INFO        TOTAL STEAM GENERATED                                                                        92434.30          
00:57:10  INFO        SURPLUS: 0.01 MT
00:57:10  INFO        ==============================================================================
00:57:10  INFO        [REVERSE NG] Found GT asset: NMD-Power Plant-3, plant: NMD - Power Plant 3, heat_rate: 3862.56, free_steam: 1.97
00:57:10  INFO        [REVERSE NG] NMD - Power Plant 3: gen_qty=9216000 KWH, heat_rate=3862.56, free_steam=1.9700, consumed=86385.63 MMBTU (REVERSE)
00:57:10  INFO        [REVERSE NG] Found GT asset: NMD-Power Plant-2, plant: NMD - Power Plant 2, heat_rate: 4016.03, free_steam: 1.97
00:57:10  INFO        [REVERSE NG] NMD - Power Plant 2: gen_qty=8280000 KWH, heat_rate=4016.03, free_steam=1.9700, consumed=82651.39 MMBTU (REVERSE)
00:57:10  INFO        [REVERSE NG HRSG] Found HRSG: HRSG-2, supp_steam=29905.55 MT, free_steam=16311.60 MT, total_steam=46217.15 MT
00:57:10  INFO        [REVERSE NG HRSG] HRSG2_SHP STEAM: total_steam=46217.15 MT, norm=2.954424, consumed=136545.06 MMBTU (REVERSE, BPC method)
00:57:10  INFO        [REVERSE NG HRSG] Found HRSG: HRSG-3, supp_steam=28061.63 MT, free_steam=18155.52 MT, total_steam=46217.15 MT
00:57:10  INFO        [REVERSE NG HRSG] HRSG3_SHP STEAM: total_steam=46217.15 MT, norm=2.954424, consumed=136545.06 MMBTU (REVERSE, BPC method)
00:57:10  INFO      
00:57:10  INFO        ------------------------------------------------------------------------------------------
00:57:10  INFO        ITERATION 9
00:57:10  INFO        ------------------------------------------------------------------------------------------
00:57:10  INFO        Power:  Demand =    44405744.67 KWH  |  Gen =       26405.74 MWh  |  Surplus =     0.00  |  Deficit =     0.00
00:57:10  INFO        Steam:  Gen =       92434.30 MT  |  Surplus =     0.01  |  Deficit =     0.00
00:57:10  INFO        Power delta: 21207.4373 MWh  |  Converged: NO
00:57:10  INFO      
00:57:10  INFO        Utility                                Total Demand      U4U Demand         Initial    Change %
00:57:10  INFO        -----------------------------------  --------------  --------------  --------------  ----------
00:57:10  INFO        Boiler Feed Water                         100592.00       100707.34            0.00     0.7186%
00:57:10  INFO        COMPRESSED AIR                           7095501.29      1012125.78      6084105.59    85.8255%
00:57:10  INFO        Cooling Water 1                            15194.00            0.00        15194.00   100.0000%
00:57:10  INFO        Cooling Water 2                            13101.04         4080.72         9016.31    68.6732%
00:57:10  INFO        D M Water                                 141674.46        86509.12        55787.00    37.8353%
00:57:10  INFO        HP Steam PRDS                               4972.00         4972.00            0.00     0.0000%
00:57:10  INFO        HP Steam_Dis                                4972.00            0.00         4972.00   100.0000%
00:57:10  INFO        HRSG2_SHP STEAM                            46166.47        46217.15            0.00     0.6556%
00:57:10  INFO        HRSG3_SHP STEAM                            46166.47        46217.15            0.00     0.6556%
00:57:10  INFO        LP Steam PRDS                              14430.67        14298.25            0.00     0.1666%
00:57:10  INFO        LP Steam_Dis                               39761.54        14585.84        25280.51    62.6542%
00:57:10  INFO        MP Steam PRDS SHP                          22945.55        23228.75            0.00     0.2679%
00:57:10  INFO        MP Steam_Dis                               25353.36        10823.00        14548.40    58.6017%
00:57:10  INFO        Nitrogen Gas                             5437630.00            0.00      5437630.00   100.0000% (PT)
00:57:10  INFO        Oxygen                                      5787.00            0.00         5787.00   100.0000%
00:57:10  INFO        POWERGEN                                26203859.22     26191349.16            0.00     0.1563%
00:57:10  INFO        Power_Dis                               44405744.67     15163937.74     29242067.20    65.8042%
00:57:10  INFO        SHP Steam_Dis                              92434.29        71462.99        20975.00    22.8014%
00:57:10  INFO        STG1_LP STEAM                              25699.10        25463.29            0.00     0.1666%
00:57:10  INFO        STG1_MP STEAM                               2098.71         2124.61            0.00     0.2679%
00:57:10  INFO        Water                                     750447.64       467559.67       280371.80    37.4559% (PT)
00:57:10  INFO      
00:57:10  INFO        U4U CONSUMPTION BREAKDOWN (per producer per material):
00:57:10  INFO        Producer                        Material Consumed                     Norm        Quantity  Credit
00:57:10  INFO        ------------------------------  ------------------------------  ----------  --------------  ------
00:57:10  INFO        Boiler Feed Water               CHEM CYCLO HEXY                   0.000100           10.06  
00:57:10  INFO        Boiler Feed Water               CHEM MORPHOLENE                   0.000002            0.20  
00:57:10  INFO        Boiler Feed Water               Cooling Water 2                   0.001070          107.63  
00:57:10  INFO        Boiler Feed Water               D M Water                         0.860000        86509.12  
00:57:10  INFO        Boiler Feed Water               KEM WATREAT B 70M                 0.000570           57.34  
00:57:10  INFO        Boiler Feed Water               LP Steam_Dis                      0.145000        14585.84  
00:57:10  INFO        Boiler Feed Water               Power_Dis                         9.500000       955624.02  
00:57:10  INFO        COMPRESSED AIR                  Cooling Water 2                   0.000025          177.39  
00:57:10  INFO        COMPRESSED AIR                  Power_Dis                         0.165000      1170757.71  
00:57:10  INFO        Cooling Water 1                 COMPRESSED AIR                    0.108592         1649.95  
00:57:10  INFO        Cooling Water 1                 Power_Dis                       244.999997      3722529.95  
00:57:10  INFO        Cooling Water 1                 SULPHURIC ACID                    0.000158            2.40  
00:57:10  INFO        Cooling Water 1                 Water                            11.050000       167893.70  
00:57:10  INFO        Cooling Water 2                 COMPRESSED AIR                    0.123044         1612.00  
00:57:10  INFO        Cooling Water 2                 Power_Dis                       249.999997      3275258.93  
00:57:10  INFO        Cooling Water 2                 SULPHURIC ACID                    0.000158            2.07  
00:57:10  INFO        Cooling Water 2                 Water                            11.500000       150661.91  
00:57:10  INFO        D M Water                       CAUSTIC SODA LYE – GRADE 1        0.000226           32.02  
00:57:10  INFO        D M Water                       CHEM  SODIUM SULPHITE;PN:MIS 1    0.000701           99.31  
00:57:10  INFO        D M Water                       CHEM ALUM.SULFATE, AL2(SO4)3,1    0.000757          107.25  
00:57:10  INFO        D M Water                       COMPRESSED AIR                    0.077000        10908.93  
00:57:10  INFO        D M Water                       HYDRO CHLORIC ACID (30%) -VIRG    0.000226           32.02  
00:57:10  INFO        D M Water                       POLYELECTROLYTE                   0.000578           81.89  
00:57:10  INFO        D M Water                       Power_Dis                         1.210000       171426.10  
00:57:10  INFO        D M Water                       Ret steam condensate              0.203000        28759.92  
00:57:10  INFO        D M Water                       SODIUM CHLORIDE IS 797 GRADE1     0.000010            1.42  
00:57:10  INFO        D M Water                       Water                             1.050000       148758.18  
00:57:10  INFO        HP Steam PRDS                   Boiler Feed Water                 0.076800          381.85  
00:57:10  INFO        HP Steam PRDS                   SHP Steam_Dis                     0.923200         4590.15  
00:57:10  INFO        HP Steam_Dis                    HP Steam PRDS                     1.000000         4972.00  
00:57:10  INFO        HRSG2_SHP STEAM                 Boiler Feed Water                 1.024000        47326.36  
00:57:10  INFO        HRSG2_SHP STEAM                 CHEM TRISODIUM PHOSPHATE          0.000900           41.60  
00:57:10  INFO        HRSG2_SHP STEAM                 COMPRESSED AIR                    9.853236       455388.49  
00:57:10  INFO        HRSG2_SHP STEAM                 FURNACE OIL ( MEDIUM VISCOSITY    0.000098            4.53  
00:57:10  INFO        HRSG2_SHP STEAM                 LP Steam_Dis                     -0.078000        -3604.94  YES
00:57:10  INFO        HRSG2_SHP STEAM                 NATURAL GAS                       2.954424       136545.06  
00:57:10  INFO        HRSG2_SHP STEAM                 Water                             0.002660          122.94  
00:57:10  INFO        HRSG3_SHP STEAM                 Boiler Feed Water                 1.024000        47326.36  
00:57:10  INFO        HRSG3_SHP STEAM                 CHEM TRISODIUM PHOSPHATE          0.000900           41.60  
00:57:10  INFO        HRSG3_SHP STEAM                 COMPRESSED AIR                    9.596520       443523.80  
00:57:10  INFO        HRSG3_SHP STEAM                 FURNACE OIL ( MEDIUM VISCOSITY    0.000098            4.53  
00:57:10  INFO        HRSG3_SHP STEAM                 LP Steam_Dis                     -0.078000        -3604.94  YES
00:57:10  INFO        HRSG3_SHP STEAM                 NATURAL GAS                       2.954424       136545.06  
00:57:10  INFO        HRSG3_SHP STEAM                 Water                             0.002660          122.94  
00:57:10  INFO        LP Steam PRDS                   Boiler Feed Water                 0.250000         3607.67  
00:57:10  INFO        LP Steam PRDS                   MP Steam_Dis                      0.750000        10823.00  
00:57:10  INFO        LP Steam_Dis                    LP Steam PRDS                     0.359600        14298.25  
00:57:10  INFO        LP Steam_Dis                    STG1_LP STEAM                     0.640400        25463.29  
00:57:10  INFO        MP Steam PRDS SHP               Boiler Feed Water                 0.090000         2065.10  
00:57:10  INFO        MP Steam PRDS SHP               SHP Steam_Dis                     0.910000        20880.45  
00:57:10  INFO        MP Steam_Dis                    MP Steam PRDS SHP                 0.916200        23228.75  
00:57:10  INFO        MP Steam_Dis                    STG1_MP STEAM                     0.083800         2124.61  
00:57:10  INFO        Oxygen                          Cooling Water 2                   0.261000         1510.41  
00:57:10  INFO        Oxygen                          Power_Dis                       968.650000      5605577.55  
00:57:10  INFO        POWERGEN                        COMPRESSED AIR                    0.004011        35736.97  
00:57:10  INFO        POWERGEN                        COMPRESSED AIR                    0.003420        31518.72  
00:57:10  INFO        POWERGEN                        COMPRESSED AIR                    0.003839        31786.92  
00:57:10  INFO        POWERGEN                        COMPRESSED AIR                    0.000000            0.00  
00:57:10  INFO        POWERGEN                        Cooling Water 2                   0.000232         2067.06  
00:57:10  INFO        POWERGEN                        Cooling Water 2                   0.000012          110.59  
00:57:10  INFO        POWERGEN                        Cooling Water 2                   0.000013          107.64  
00:57:10  INFO        POWERGEN                        Cooling Water 2                   0.000000            0.00  
00:57:10  INFO        POWERGEN                        NATURAL GAS                       0.009373        86385.63  
00:57:10  INFO        POWERGEN                        NATURAL GAS                       0.009982        82651.39  
00:57:10  INFO        POWERGEN                        NATURAL GAS                       0.009472            0.00  
00:57:10  INFO        POWERGEN                        Power_Dis                         0.002000        17819.48  
00:57:10  INFO        POWERGEN                        Power_Dis                         0.014000       129024.00  
00:57:10  INFO        POWERGEN                        Power_Dis                         0.014000       115920.00  
00:57:10  INFO        POWERGEN                        Power_Dis                         0.000000            0.00  
00:57:10  INFO        POWERGEN                        SHP Steam_Dis                     0.003615        32208.71  
00:57:10  INFO        Power_Dis                       POWERGEN                          0.186036      8261066.25  
00:57:10  INFO        Power_Dis                       POWERGEN                          0.196717      8735363.96  
00:57:10  INFO        Power_Dis                       POWERGEN                          0.207066      9194918.96  
00:57:10  INFO        Power_Dis                       Power from MEL                    0.410169     18000000.00  
00:57:10  INFO        SHP Steam_Dis                   HRSG2_SHP STEAM                   0.500000        46217.15  
00:57:10  INFO        SHP Steam_Dis                   HRSG3_SHP STEAM                   0.500000        46217.15  
00:57:10  INFO        STG1_LP STEAM                   SHP Steam_Dis                     0.480000        12335.57  
00:57:10  INFO        STG1_MP STEAM                   SHP Steam_Dis                     0.690000         1448.11  
00:57:10  INFO      
00:57:10  INFO        Not yet converged: 28 materials
00:57:10  INFO          Boiler Feed Water               change = 0.1145%
00:57:10  INFO          CAUSTIC SODA LYE – GRADE 1      change = 1.5416%
00:57:10  INFO          CHEM  SODIUM SULPHITE;PN:MIS 19OX  change = 1.5416%
00:57:10  INFO          CHEM ALUM.SULFATE, AL2(SO4)3,18H2O  change = 1.5416%
00:57:10  INFO          CHEM CYCLO HEXY                 change = 0.7186%
00:57:10  INFO          CHEM MORPHOLENE                 change = 0.7186%
00:57:10  INFO          CHEM TRISODIUM PHOSPHATE        change = 0.1097%
00:57:10  INFO          COMPRESSED AIR                  change = 0.0721%
00:57:10  INFO          Cooling Water 2                 change = 0.0982%
00:57:10  INFO          D M Water                       change = 0.7186%
00:57:10  INFO          FURNACE OIL ( MEDIUM VISCOSITY GRADE )  change = 0.1097%
00:57:10  INFO          HRSG2_SHP STEAM                 change = 0.1096%
00:57:10  INFO          HRSG3_SHP STEAM                 change = 0.1096%
00:57:10  INFO          HYDRO CHLORIC ACID (30%) -VIRGIN  change = 1.5416%
00:57:10  INFO          KEM WATREAT B 70M               change = 0.7186%
00:57:10  INFO          LP Steam PRDS                   change = 0.9261%
00:57:10  INFO          LP Steam_Dis                    change = 0.7186%
00:57:10  INFO          MP Steam PRDS SHP               change = 1.2192%
00:57:10  INFO          MP Steam_Dis                    change = 0.1666%
00:57:10  INFO          NATURAL GAS                     change = 0.0677%
00:57:10  INFO          POLYELECTROLYTE                 change = 1.5416%
00:57:10  INFO          POWERGEN                        change = 0.0478%
00:57:10  INFO          Ret steam condensate            change = 1.5416%
00:57:10  INFO          SODIUM CHLORIDE IS 797 GRADE1   change = 1.5416%
00:57:10  INFO          STG1_LP STEAM                   change = 0.9261%
00:57:10  INFO          STG1_MP STEAM                   change = 1.2192%
00:57:10  INFO          SULPHURIC ACID                  change = 0.0686%
00:57:10  INFO          Water                           change = 0.5381%
00:57:10  INFO        ------------------------------------------------------------------------------------------
00:57:12  INFO        [DISPATCH] Total demand: 44406.00 MWh, Import: 18000.00 MWh, Net for GT/STG: 26406.00 MWh
00:57:12  WARNING     [DISPATCH] No aux power norm for 'NMD-Power Plant-2'; using 0.0
00:57:12  WARNING     [DISPATCH] No aux power norm for 'NMD-Power Plant-3'; using 0.0
00:57:12  WARNING     [DISPATCH] No aux power norm for 'NMD-STG Power Plant'; using 0.0
00:57:12  INFO        ==============================================================================
00:57:12  INFO        POWER DISPATCH  (April 2025)
00:57:12  INFO        ==============================================================================
00:57:12  INFO        Demand:  Process = 44406.00 MWh  |  Fixed = 0.00 MWh  |  Total = 44406.00 MWh
00:57:12  INFO      
00:57:12  INFO        Asset                      Priority    Min MW    Max MW     Hours   Dispatched MW  Dispatched MWh    Load %  Free Steam MT  Aux Power MWh
00:57:12  INFO        -------------------------  --------  --------  --------  --------  --------------  --------------  --------  ------------  ------------
00:57:12  INFO        NMD-Power Plant-2                 1      5.00     11.50    720.00           11.50         8280.00    100.0%      16311.60          0.00
00:57:12  INFO        NMD-Power Plant-3                 1      5.00     12.80    720.00           12.80         9216.00    100.0%      18155.52          0.00
00:57:12  INFO        NMD-STG Power Plant               2      6.00     14.50    720.00           12.38         8910.00     85.3%          0.00          0.00
00:57:12  INFO        TOTAL                                                                                    26406.00                34467.12          0.00
00:57:12  INFO        DEFICIT: 18000.00 MWh under-generation
00:57:12  INFO        ==============================================================================
00:57:12  INFO        ==============================================================================
00:57:12  INFO        STEAM DISPATCH  (April 2025)
00:57:12  INFO        ==============================================================================
00:57:12  INFO        Grade      Process/Fixed MT  Letdown MT  Byproduct MT     Net Demand MT
00:57:12  INFO        ---------  ----------------  ----------  ------------  ----------------
00:57:12  INFO        MP                 25371.40    19028.55          0.00          25371.40
00:57:12  INFO        SHP                92437.99    85338.75          0.00          92437.99
00:57:12  INFO      
00:57:12  INFO        Total Free Steam available: 34467.12 MT
00:57:12  INFO      
00:57:12  INFO        FINAL SUPPLEMENTARY FIRING DISPATCH
00:57:12  INFO        Asset                      Priority     Min TPH     Max TPH     Hours  Dispatched TPH   Dispatched MT    Load %
00:57:12  INFO        -------------------------  --------  ----------  ----------  --------  --------------  --------------  --------
00:57:12  INFO        HRSG-1                          999       60.00      136.00      0.00            0.00            0.00      0.0%
00:57:12  INFO        HRSG-2                            1       37.34      113.34    720.00           41.54        29907.39     47.2%
00:57:12  INFO        HRSG-3                            1       34.78      110.78    720.00           38.98        28063.47     47.2%
00:57:12  INFO        TOTAL SUPPLEMENTARY                                                                          57970.86          
00:57:12  INFO        TOTAL STEAM GENERATED                                                                        92437.98          
00:57:12  INFO        DEFICIT: 0.01 MT
00:57:12  INFO        ==============================================================================
00:57:12  INFO        [REVERSE NG] Found GT asset: NMD-Power Plant-3, plant: NMD - Power Plant 3, heat_rate: 3862.56, free_steam: 1.97
00:57:12  INFO        [REVERSE NG] NMD - Power Plant 3: gen_qty=9216000 KWH, heat_rate=3862.56, free_steam=1.9700, consumed=86385.63 MMBTU (REVERSE)
00:57:12  INFO        [REVERSE NG] Found GT asset: NMD-Power Plant-2, plant: NMD - Power Plant 2, heat_rate: 4016.03, free_steam: 1.97
00:57:12  INFO        [REVERSE NG] NMD - Power Plant 2: gen_qty=8280000 KWH, heat_rate=4016.03, free_steam=1.9700, consumed=82651.39 MMBTU (REVERSE)
00:57:12  INFO        [REVERSE NG HRSG] Found HRSG: HRSG-2, supp_steam=29907.39 MT, free_steam=16311.60 MT, total_steam=46218.99 MT
00:57:12  INFO        [REVERSE NG HRSG] HRSG2_SHP STEAM: total_steam=46218.99 MT, norm=2.954424, consumed=136550.49 MMBTU (REVERSE, BPC method)
00:57:12  INFO        [REVERSE NG HRSG] Found HRSG: HRSG-3, supp_steam=28063.47 MT, free_steam=18155.52 MT, total_steam=46218.99 MT
00:57:12  INFO        [REVERSE NG HRSG] HRSG3_SHP STEAM: total_steam=46218.99 MT, norm=2.954424, consumed=136550.49 MMBTU (REVERSE, BPC method)
00:57:12  INFO      
00:57:12  INFO        ------------------------------------------------------------------------------------------
00:57:12  INFO        ITERATION 10
00:57:12  INFO        ------------------------------------------------------------------------------------------
00:57:12  INFO        Power:  Demand =    44406004.94 KWH  |  Gen =       26406.00 MWh  |  Surplus =     0.00  |  Deficit =     0.00
00:57:12  INFO        Steam:  Gen =       92437.98 MT  |  Surplus =     0.00  |  Deficit =     0.01
00:57:12  INFO        Power delta: 260.2703 MWh  |  Converged: NO
00:57:12  INFO      
00:57:12  INFO        Utility                                Total Demand      U4U Demand         Initial    Change %
00:57:12  INFO        -----------------------------------  --------------  --------------  --------------  ----------
00:57:12  INFO        Boiler Feed Water                         100707.34       100703.49            0.00     0.1145%
00:57:12  INFO        COMPRESSED AIR                           7096231.37      1012209.99      6084105.59    85.7474%
00:57:12  INFO        Cooling Water 1                            15194.00            0.00        15194.00   100.0000%
00:57:12  INFO        Cooling Water 2                            13097.03         4080.92         9016.31    68.8118%
00:57:12  INFO        D M Water                                 142296.12        86608.31        55787.00    39.6417%
00:57:12  INFO        HP Steam PRDS                               4972.00         4972.00            0.00     0.0000%
00:57:12  INFO        HP Steam_Dis                                4972.00            0.00         4972.00   100.0000%
00:57:12  INFO        HRSG2_SHP STEAM                            46217.15        46218.99            0.00     0.1096%
00:57:12  INFO        HRSG3_SHP STEAM                            46217.15        46218.99            0.00     0.1096%
00:57:12  INFO        LP Steam PRDS                              14298.25        14335.94            0.00     0.9261%
00:57:12  INFO        LP Steam_Dis                               39866.35        14602.56        25280.51    63.6761%
00:57:12  INFO        MP Steam PRDS SHP                          23228.75        23245.28            0.00     1.2192%
00:57:12  INFO        MP Steam_Dis                               25371.40        10723.69        14548.40    57.4128%
00:57:12  INFO        Nitrogen Gas                             5437630.00            0.00      5437630.00   100.0000% (PT)
00:57:12  INFO        Oxygen                                      5787.00            0.00         5787.00   100.0000%
00:57:12  INFO        POWERGEN                                26191349.16     26191502.51            0.00     0.0478%
00:57:12  INFO        Power_Dis                               44406004.94     15164905.08     29242067.20    65.8522%
00:57:12  INFO        SHP Steam_Dis                              92437.99        71626.32        20975.00    22.6949%
00:57:12  INFO        STG1_LP STEAM                              25463.29        25530.41            0.00     0.9261%
00:57:12  INFO        STG1_MP STEAM                               2124.61         2126.12            0.00     1.2192%
00:57:12  INFO        Water                                     747931.47       468166.35       280371.80    37.1499% (PT)
00:57:12  INFO      
00:57:12  INFO        U4U CONSUMPTION BREAKDOWN (per producer per material):
00:57:12  INFO        Producer                        Material Consumed                     Norm        Quantity  Credit
00:57:12  INFO        ------------------------------  ------------------------------  ----------  --------------  ------
00:57:12  INFO        Boiler Feed Water               CHEM CYCLO HEXY                   0.000100           10.07  
00:57:12  INFO        Boiler Feed Water               CHEM MORPHOLENE                   0.000002            0.20  
00:57:12  INFO        Boiler Feed Water               Cooling Water 2                   0.001070          107.76  
00:57:12  INFO        Boiler Feed Water               D M Water                         0.860000        86608.31  
00:57:12  INFO        Boiler Feed Water               KEM WATREAT B 70M                 0.000570           57.40  
00:57:12  INFO        Boiler Feed Water               LP Steam_Dis                      0.145000        14602.56  
00:57:12  INFO        Boiler Feed Water               Power_Dis                         9.500000       956719.72  
00:57:12  INFO        COMPRESSED AIR                  Cooling Water 2                   0.000025          177.41  
00:57:12  INFO        COMPRESSED AIR                  Power_Dis                         0.165000      1170878.18  
00:57:12  INFO        Cooling Water 1                 COMPRESSED AIR                    0.108592         1649.95  
00:57:12  INFO        Cooling Water 1                 Power_Dis                       244.999997      3722529.95  
00:57:12  INFO        Cooling Water 1                 SULPHURIC ACID                    0.000158            2.40  
00:57:12  INFO        Cooling Water 1                 Water                            11.050000       167893.70  
00:57:12  INFO        Cooling Water 2                 COMPRESSED AIR                    0.123044         1611.51  
00:57:12  INFO        Cooling Water 2                 Power_Dis                       249.999997      3274257.37  
00:57:12  INFO        Cooling Water 2                 SULPHURIC ACID                    0.000158            2.07  
00:57:12  INFO        Cooling Water 2                 Water                            11.500000       150615.84  
00:57:12  INFO        D M Water                       CAUSTIC SODA LYE – GRADE 1        0.000226           32.16  
00:57:12  INFO        D M Water                       CHEM  SODIUM SULPHITE;PN:MIS 1    0.000701           99.75  
00:57:12  INFO        D M Water                       CHEM ALUM.SULFATE, AL2(SO4)3,1    0.000757          107.72  
00:57:12  INFO        D M Water                       COMPRESSED AIR                    0.077000        10956.80  
00:57:12  INFO        D M Water                       HYDRO CHLORIC ACID (30%) -VIRG    0.000226           32.16  
00:57:12  INFO        D M Water                       POLYELECTROLYTE                   0.000578           82.25  
00:57:12  INFO        D M Water                       Power_Dis                         1.210000       172178.31  
00:57:12  INFO        D M Water                       Ret steam condensate              0.203000        28886.11  
00:57:12  INFO        D M Water                       SODIUM CHLORIDE IS 797 GRADE1     0.000010            1.42  
00:57:12  INFO        D M Water                       Water                             1.050000       149410.93  
00:57:12  INFO        HP Steam PRDS                   Boiler Feed Water                 0.076800          381.85  
00:57:12  INFO        HP Steam PRDS                   SHP Steam_Dis                     0.923200         4590.15  
00:57:12  INFO        HP Steam_Dis                    HP Steam PRDS                     1.000000         4972.00  
00:57:12  INFO        HRSG2_SHP STEAM                 Boiler Feed Water                 1.024000        47328.25  
00:57:12  INFO        HRSG2_SHP STEAM                 CHEM TRISODIUM PHOSPHATE          0.000900           41.60  
00:57:12  INFO        HRSG2_SHP STEAM                 COMPRESSED AIR                    9.853236       455406.62  
00:57:12  INFO        HRSG2_SHP STEAM                 FURNACE OIL ( MEDIUM VISCOSITY    0.000098            4.53  
00:57:12  INFO        HRSG2_SHP STEAM                 LP Steam_Dis                     -0.078000        -3605.08  YES
00:57:12  INFO        HRSG2_SHP STEAM                 NATURAL GAS                       2.954424       136550.49  
00:57:12  INFO        HRSG2_SHP STEAM                 Water                             0.002660          122.94  
00:57:12  INFO        HRSG3_SHP STEAM                 Boiler Feed Water                 1.024000        47328.25  
00:57:12  INFO        HRSG3_SHP STEAM                 CHEM TRISODIUM PHOSPHATE          0.000900           41.60  
00:57:12  INFO        HRSG3_SHP STEAM                 COMPRESSED AIR                    9.596520       443541.46  
00:57:12  INFO        HRSG3_SHP STEAM                 FURNACE OIL ( MEDIUM VISCOSITY    0.000098            4.53  
00:57:12  INFO        HRSG3_SHP STEAM                 LP Steam_Dis                     -0.078000        -3605.08  YES
00:57:12  INFO        HRSG3_SHP STEAM                 NATURAL GAS                       2.954424       136550.49  
00:57:12  INFO        HRSG3_SHP STEAM                 Water                             0.002660          122.94  
00:57:12  INFO        LP Steam PRDS                   Boiler Feed Water                 0.250000         3574.56  
00:57:12  INFO        LP Steam PRDS                   MP Steam_Dis                      0.750000        10723.69  
00:57:12  INFO        LP Steam_Dis                    LP Steam PRDS                     0.359600        14335.94  
00:57:12  INFO        LP Steam_Dis                    STG1_LP STEAM                     0.640400        25530.41  
00:57:12  INFO        MP Steam PRDS SHP               Boiler Feed Water                 0.090000         2090.59  
00:57:12  INFO        MP Steam PRDS SHP               SHP Steam_Dis                     0.910000        21138.16  
00:57:12  INFO        MP Steam_Dis                    MP Steam PRDS SHP                 0.916200        23245.28  
00:57:12  INFO        MP Steam_Dis                    STG1_MP STEAM                     0.083800         2126.12  
00:57:12  INFO        Oxygen                          Cooling Water 2                   0.261000         1510.41  
00:57:12  INFO        Oxygen                          Power_Dis                       968.650000      5605577.55  
00:57:12  INFO        POWERGEN                        COMPRESSED AIR                    0.004011        35738.01  
00:57:12  INFO        POWERGEN                        COMPRESSED AIR                    0.003420        31518.72  
00:57:12  INFO        POWERGEN                        COMPRESSED AIR                    0.003839        31786.92  
00:57:12  INFO        POWERGEN                        COMPRESSED AIR                    0.000000            0.00  
00:57:12  INFO        POWERGEN                        Cooling Water 2                   0.000232         2067.12  
00:57:12  INFO        POWERGEN                        Cooling Water 2                   0.000012          110.59  
00:57:12  INFO        POWERGEN                        Cooling Water 2                   0.000013          107.64  
00:57:12  INFO        POWERGEN                        Cooling Water 2                   0.000000            0.00  
00:57:12  INFO        POWERGEN                        NATURAL GAS                       0.009373        86385.63  
00:57:12  INFO        POWERGEN                        NATURAL GAS                       0.009982        82651.39  
00:57:12  INFO        POWERGEN                        NATURAL GAS                       0.009472            0.00  
00:57:12  INFO        POWERGEN                        Power_Dis                         0.002000        17820.00  
00:57:12  INFO        POWERGEN                        Power_Dis                         0.014000       129024.00  
00:57:12  INFO        POWERGEN                        Power_Dis                         0.014000       115920.00  
00:57:12  INFO        POWERGEN                        Power_Dis                         0.000000            0.00  
00:57:12  INFO        POWERGEN                        SHP Steam_Dis                     0.003615        32209.65  
00:57:12  INFO        Power_Dis                       POWERGEN                          0.186036      8261114.62  
00:57:12  INFO        Power_Dis                       POWERGEN                          0.196717      8735415.10  
00:57:12  INFO        Power_Dis                       POWERGEN                          0.207066      9194972.80  
00:57:12  INFO        Power_Dis                       Power from MEL                    0.410169     18000000.00  
00:57:12  INFO        SHP Steam_Dis                   HRSG2_SHP STEAM                   0.500000        46218.99  
00:57:12  INFO        SHP Steam_Dis                   HRSG3_SHP STEAM                   0.500000        46218.99  
00:57:12  INFO        STG1_LP STEAM                   SHP Steam_Dis                     0.480000        12222.38  
00:57:12  INFO        STG1_MP STEAM                   SHP Steam_Dis                     0.690000         1465.98  
00:57:12  INFO      
00:57:12  INFO        Not yet converged: 20 materials
00:57:12  INFO          CAUSTIC SODA LYE – GRADE 1      change = 0.4369%
00:57:12  INFO          CHEM  SODIUM SULPHITE;PN:MIS 19OX  change = 0.4369%
00:57:12  INFO          CHEM ALUM.SULFATE, AL2(SO4)3,18H2O  change = 0.4369%
00:57:12  INFO          CHEM CYCLO HEXY                 change = 0.1145%
00:57:12  INFO          CHEM MORPHOLENE                 change = 0.1145%
00:57:12  INFO          D M Water                       change = 0.1145%
00:57:12  INFO          HYDRO CHLORIC ACID (30%) -VIRGIN  change = 0.4369%
00:57:12  INFO          KEM WATREAT B 70M               change = 0.1145%
00:57:12  INFO          LP Steam PRDS                   change = 0.2629%
00:57:12  INFO          LP Steam_Dis                    change = 0.1145%
00:57:12  INFO          MP Steam PRDS SHP               change = 0.0711%
00:57:12  INFO          MP Steam_Dis                    change = 0.9261%
00:57:12  INFO          POLYELECTROLYTE                 change = 0.4369%
00:57:12  INFO          Ret steam condensate            change = 0.4369%
00:57:12  INFO          SHP Steam_Dis                   change = 0.2280%
00:57:12  INFO          SODIUM CHLORIDE IS 797 GRADE1   change = 0.4369%
00:57:12  INFO          STG1_LP STEAM                   change = 0.2629%
00:57:12  INFO          STG1_MP STEAM                   change = 0.0711%
00:57:12  INFO          SULPHURIC ACID                  change = 0.0142%
00:57:12  INFO          Water                           change = 0.1296%
00:57:12  INFO        ------------------------------------------------------------------------------------------
00:57:13  INFO        [DISPATCH] Total demand: 44406.97 MWh, Import: 18000.00 MWh, Net for GT/STG: 26406.97 MWh
00:57:13  WARNING     [DISPATCH] No aux power norm for 'NMD-Power Plant-2'; using 0.0
00:57:13  WARNING     [DISPATCH] No aux power norm for 'NMD-Power Plant-3'; using 0.0
00:57:13  WARNING     [DISPATCH] No aux power norm for 'NMD-STG Power Plant'; using 0.0
00:57:13  INFO        ==============================================================================
00:57:13  INFO        POWER DISPATCH  (April 2025)
00:57:13  INFO        ==============================================================================
00:57:13  INFO        Demand:  Process = 44406.97 MWh  |  Fixed = 0.00 MWh  |  Total = 44406.97 MWh
00:57:13  INFO      
00:57:13  INFO        Asset                      Priority    Min MW    Max MW     Hours   Dispatched MW  Dispatched MWh    Load %  Free Steam MT  Aux Power MWh
00:57:13  INFO        -------------------------  --------  --------  --------  --------  --------------  --------------  --------  ------------  ------------
00:57:13  INFO        NMD-Power Plant-2                 1      5.00     11.50    720.00           11.50         8280.00    100.0%      16311.60          0.00
00:57:13  INFO        NMD-Power Plant-3                 1      5.00     12.80    720.00           12.80         9216.00    100.0%      18155.52          0.00
00:57:13  INFO        NMD-STG Power Plant               2      6.00     14.50    720.00           12.38         8910.97     85.4%          0.00          0.00
00:57:13  INFO        TOTAL                                                                                    26406.97                34467.12          0.00
00:57:13  INFO        DEFICIT: 18000.00 MWh under-generation
00:57:13  INFO        ==============================================================================
00:57:13  INFO        ==============================================================================
00:57:13  INFO        STEAM DISPATCH  (April 2025)
00:57:13  INFO        ==============================================================================
00:57:13  INFO        Grade      Process/Fixed MT  Letdown MT  Byproduct MT     Net Demand MT
00:57:13  INFO        ---------  ----------------  ----------  ------------  ----------------
00:57:13  INFO        MP                 25272.09    18954.06          0.00          25272.09
00:57:13  INFO        SHP                92601.32    85489.54          0.00          92601.32
00:57:13  INFO      
00:57:13  INFO        Total Free Steam available: 34467.12 MT
00:57:13  INFO      
00:57:13  INFO        FINAL SUPPLEMENTARY FIRING DISPATCH
00:57:13  INFO        Asset                      Priority     Min TPH     Max TPH     Hours  Dispatched TPH   Dispatched MT    Load %
00:57:13  INFO        -------------------------  --------  ----------  ----------  --------  --------------  --------------  --------
00:57:13  INFO        HRSG-1                          999       60.00      136.00      0.00            0.00            0.00      0.0%
00:57:13  INFO        HRSG-2                            1       37.34      113.34    720.00           41.65        29989.06     47.3%
00:57:13  INFO        HRSG-3                            1       34.78      110.78    720.00           39.09        28145.14     47.3%
00:57:13  INFO        TOTAL SUPPLEMENTARY                                                                          58134.20          
00:57:13  INFO        TOTAL STEAM GENERATED                                                                        92601.32          
00:57:13  INFO        Demand met
00:57:13  INFO        ==============================================================================
00:57:13  INFO        [REVERSE NG] Found GT asset: NMD-Power Plant-3, plant: NMD - Power Plant 3, heat_rate: 3862.56, free_steam: 1.97
00:57:13  INFO        [REVERSE NG] NMD - Power Plant 3: gen_qty=9216000 KWH, heat_rate=3862.56, free_steam=1.9700, consumed=86385.63 MMBTU (REVERSE)
00:57:13  INFO        [REVERSE NG] Found GT asset: NMD-Power Plant-2, plant: NMD - Power Plant 2, heat_rate: 4016.03, free_steam: 1.97
00:57:13  INFO        [REVERSE NG] NMD - Power Plant 2: gen_qty=8280000 KWH, heat_rate=4016.03, free_steam=1.9700, consumed=82651.39 MMBTU (REVERSE)
00:57:13  INFO        [REVERSE NG HRSG] Found HRSG: HRSG-2, supp_steam=29989.06 MT, free_steam=16311.60 MT, total_steam=46300.66 MT
00:57:13  INFO        [REVERSE NG HRSG] HRSG2_SHP STEAM: total_steam=46300.66 MT, norm=2.954424, consumed=136791.78 MMBTU (REVERSE, BPC method)
00:57:13  INFO        [REVERSE NG HRSG] Found HRSG: HRSG-3, supp_steam=28145.14 MT, free_steam=18155.52 MT, total_steam=46300.66 MT
00:57:13  INFO        [REVERSE NG HRSG] HRSG3_SHP STEAM: total_steam=46300.66 MT, norm=2.954424, consumed=136791.78 MMBTU (REVERSE, BPC method)
00:57:13  INFO      
00:57:13  INFO        ------------------------------------------------------------------------------------------
00:57:13  INFO        ITERATION 11
00:57:13  INFO        ------------------------------------------------------------------------------------------
00:57:13  INFO        Power:  Demand =    44406972.28 KWH  |  Gen =       26406.97 MWh  |  Surplus =     0.00  |  Deficit =     0.00
00:57:13  INFO        Steam:  Gen =       92601.32 MT  |  Surplus =     0.00  |  Deficit =     0.00
00:57:13  INFO        Power delta: 967.3373 MWh  |  Converged: NO
00:57:13  INFO      
00:57:13  INFO        Utility                                Total Demand      U4U Demand         Initial    Change %
00:57:13  INFO        -----------------------------------  --------------  --------------  --------------  ----------
00:57:13  INFO        Boiler Feed Water                         100703.49       100881.66            0.00     0.0038%
00:57:13  INFO        COMPRESSED AIR                           7096315.58      1013810.00      6084105.59    85.7373%
00:57:13  INFO        Cooling Water 1                            15194.00            0.00        15194.00   100.0000%
00:57:13  INFO        Cooling Water 2                            13097.23         4081.14         9016.31    68.8429%
00:57:13  INFO        D M Water                                 142395.31        86605.00        55787.00    39.2472%
00:57:13  INFO        HP Steam PRDS                               4972.00         4972.00            0.00     0.0000%
00:57:13  INFO        HP Steam_Dis                                4972.00            0.00         4972.00   100.0000%
00:57:13  INFO        HRSG2_SHP STEAM                            46218.99        46300.66            0.00     0.0040%
00:57:13  INFO        HRSG3_SHP STEAM                            46218.99        46300.66            0.00     0.0040%
00:57:13  INFO        LP Steam PRDS                              14335.94        14341.95            0.00     0.2629%
00:57:13  INFO        LP Steam_Dis                               39883.07        14602.01        25280.51    63.4285%
00:57:13  INFO        MP Steam PRDS SHP                          23245.28        23154.29            0.00     0.0711%
00:57:13  INFO        MP Steam_Dis                               25272.09        10751.95        14548.40    57.1741%
00:57:13  INFO        Nitrogen Gas                             5437630.00            0.00      5437630.00   100.0000% (PT)
00:57:13  INFO        Oxygen                                      5787.00            0.00         5787.00   100.0000%
00:57:13  INFO        POWERGEN                                26191502.51     26192074.64            0.00     0.0006%
00:57:13  INFO        Power_Dis                               44406972.28     15165054.87     29242067.20    65.8523%
00:57:13  INFO        SHP Steam_Dis                              92601.32        71678.13        20975.00    22.8272%
00:57:13  INFO        STG1_LP STEAM                              25530.41        25541.12            0.00     0.2629%
00:57:13  INFO        STG1_MP STEAM                               2126.12         2117.80            0.00     0.0711%
00:57:13  INFO        Water                                     748538.15       468273.26       280371.80    37.5370% (PT)
00:57:13  INFO      
00:57:13  INFO        U4U CONSUMPTION BREAKDOWN (per producer per material):
00:57:13  INFO        Producer                        Material Consumed                     Norm        Quantity  Credit
00:57:13  INFO        ------------------------------  ------------------------------  ----------  --------------  ------
00:57:13  INFO        Boiler Feed Water               CHEM CYCLO HEXY                   0.000100           10.07  
00:57:13  INFO        Boiler Feed Water               CHEM MORPHOLENE                   0.000002            0.20  
00:57:13  INFO        Boiler Feed Water               Cooling Water 2                   0.001070          107.75  
00:57:13  INFO        Boiler Feed Water               D M Water                         0.860000        86605.00  
00:57:13  INFO        Boiler Feed Water               KEM WATREAT B 70M                 0.000570           57.40  
00:57:13  INFO        Boiler Feed Water               LP Steam_Dis                      0.145000        14602.01  
00:57:13  INFO        Boiler Feed Water               Power_Dis                         9.500000       956683.16  
00:57:13  INFO        COMPRESSED AIR                  Cooling Water 2                   0.000025          177.41  
00:57:13  INFO        COMPRESSED AIR                  Power_Dis                         0.165000      1170892.07  
00:57:13  INFO        Cooling Water 1                 COMPRESSED AIR                    0.108592         1649.95  
00:57:13  INFO        Cooling Water 1                 Power_Dis                       244.999997      3722529.95  
00:57:13  INFO        Cooling Water 1                 SULPHURIC ACID                    0.000158            2.40  
00:57:13  INFO        Cooling Water 1                 Water                            11.050000       167893.70  
00:57:13  INFO        Cooling Water 2                 COMPRESSED AIR                    0.123044         1611.54  
00:57:13  INFO        Cooling Water 2                 Power_Dis                       249.999997      3274307.87  
00:57:13  INFO        Cooling Water 2                 SULPHURIC ACID                    0.000158            2.07  
00:57:13  INFO        Cooling Water 2                 Water                            11.500000       150618.16  
00:57:13  INFO        D M Water                       CAUSTIC SODA LYE – GRADE 1        0.000226           32.18  
00:57:13  INFO        D M Water                       CHEM  SODIUM SULPHITE;PN:MIS 1    0.000701           99.82  
00:57:13  INFO        D M Water                       CHEM ALUM.SULFATE, AL2(SO4)3,1    0.000757          107.79  
00:57:13  INFO        D M Water                       COMPRESSED AIR                    0.077000        10964.44  
00:57:13  INFO        D M Water                       HYDRO CHLORIC ACID (30%) -VIRG    0.000226           32.18  
00:57:13  INFO        D M Water                       POLYELECTROLYTE                   0.000578           82.30  
00:57:13  INFO        D M Water                       Power_Dis                         1.210000       172298.33  
00:57:13  INFO        D M Water                       Ret steam condensate              0.203000        28906.25  
00:57:13  INFO        D M Water                       SODIUM CHLORIDE IS 797 GRADE1     0.000010            1.42  
00:57:13  INFO        D M Water                       Water                             1.050000       149515.08  
00:57:13  INFO        HP Steam PRDS                   Boiler Feed Water                 0.076800          381.85  
00:57:13  INFO        HP Steam PRDS                   SHP Steam_Dis                     0.923200         4590.15  
00:57:13  INFO        HP Steam_Dis                    HP Steam PRDS                     1.000000         4972.00  
00:57:13  INFO        HRSG2_SHP STEAM                 Boiler Feed Water                 1.024000        47411.88  
00:57:13  INFO        HRSG2_SHP STEAM                 CHEM TRISODIUM PHOSPHATE          0.000900           41.67  
00:57:13  INFO        HRSG2_SHP STEAM                 COMPRESSED AIR                    9.853236       456211.33  
00:57:13  INFO        HRSG2_SHP STEAM                 FURNACE OIL ( MEDIUM VISCOSITY    0.000098            4.54  
00:57:13  INFO        HRSG2_SHP STEAM                 LP Steam_Dis                     -0.078000        -3611.45  YES
00:57:13  INFO        HRSG2_SHP STEAM                 NATURAL GAS                       2.954424       136791.78  
00:57:13  INFO        HRSG2_SHP STEAM                 Water                             0.002660          123.16  
00:57:13  INFO        HRSG3_SHP STEAM                 Boiler Feed Water                 1.024000        47411.88  
00:57:13  INFO        HRSG3_SHP STEAM                 CHEM TRISODIUM PHOSPHATE          0.000900           41.67  
00:57:13  INFO        HRSG3_SHP STEAM                 COMPRESSED AIR                    9.596520       444325.21  
00:57:13  INFO        HRSG3_SHP STEAM                 FURNACE OIL ( MEDIUM VISCOSITY    0.000098            4.54  
00:57:13  INFO        HRSG3_SHP STEAM                 LP Steam_Dis                     -0.078000        -3611.45  YES
00:57:13  INFO        HRSG3_SHP STEAM                 NATURAL GAS                       2.954424       136791.78  
00:57:13  INFO        HRSG3_SHP STEAM                 Water                             0.002660          123.16  
00:57:13  INFO        LP Steam PRDS                   Boiler Feed Water                 0.250000         3583.98  
00:57:13  INFO        LP Steam PRDS                   MP Steam_Dis                      0.750000        10751.95  
00:57:13  INFO        LP Steam_Dis                    LP Steam PRDS                     0.359600        14341.95  
00:57:13  INFO        LP Steam_Dis                    STG1_LP STEAM                     0.640400        25541.12  
00:57:13  INFO        MP Steam PRDS SHP               Boiler Feed Water                 0.090000         2092.07  
00:57:13  INFO        MP Steam PRDS SHP               SHP Steam_Dis                     0.910000        21153.20  
00:57:13  INFO        MP Steam_Dis                    MP Steam PRDS SHP                 0.916200        23154.29  
00:57:13  INFO        MP Steam_Dis                    STG1_MP STEAM                     0.083800         2117.80  
00:57:13  INFO        Oxygen                          Cooling Water 2                   0.261000         1510.41  
00:57:13  INFO        Oxygen                          Power_Dis                       968.650000      5605577.55  
00:57:13  INFO        POWERGEN                        COMPRESSED AIR                    0.004011        35741.90  
00:57:13  INFO        POWERGEN                        COMPRESSED AIR                    0.003420        31518.72  
00:57:13  INFO        POWERGEN                        COMPRESSED AIR                    0.003839        31786.92  
00:57:13  INFO        POWERGEN                        COMPRESSED AIR                    0.000000            0.00  
00:57:13  INFO        POWERGEN                        Cooling Water 2                   0.000232         2067.35  
00:57:13  INFO        POWERGEN                        Cooling Water 2                   0.000012          110.59  
00:57:13  INFO        POWERGEN                        Cooling Water 2                   0.000013          107.64  
00:57:13  INFO        POWERGEN                        Cooling Water 2                   0.000000            0.00  
00:57:13  INFO        POWERGEN                        NATURAL GAS                       0.009373        86385.63  
00:57:13  INFO        POWERGEN                        NATURAL GAS                       0.009982        82651.39  
00:57:13  INFO        POWERGEN                        NATURAL GAS                       0.009472            0.00  
00:57:13  INFO        POWERGEN                        Power_Dis                         0.002000        17821.94  
00:57:13  INFO        POWERGEN                        Power_Dis                         0.014000       129024.00  
00:57:13  INFO        POWERGEN                        Power_Dis                         0.014000       115920.00  
00:57:13  INFO        POWERGEN                        Power_Dis                         0.000000            0.00  
00:57:13  INFO        POWERGEN                        SHP Steam_Dis                     0.003615        32213.16  
00:57:13  INFO        Power_Dis                       POWERGEN                          0.186036      8261295.07  
00:57:13  INFO        Power_Dis                       POWERGEN                          0.196717      8735605.92  
00:57:13  INFO        Power_Dis                       POWERGEN                          0.207066      9195173.65  
00:57:13  INFO        Power_Dis                       Power from MEL                    0.410169     18000000.00  
00:57:13  INFO        SHP Steam_Dis                   HRSG2_SHP STEAM                   0.500000        46300.66  
00:57:13  INFO        SHP Steam_Dis                   HRSG3_SHP STEAM                   0.500000        46300.66  
00:57:13  INFO        STG1_LP STEAM                   SHP Steam_Dis                     0.480000        12254.60  
00:57:13  INFO        STG1_MP STEAM                   SHP Steam_Dis                     0.690000         1467.03  
00:57:13  INFO      
00:57:13  INFO        Not yet converged: 21 materials
00:57:13  INFO          Boiler Feed Water               change = 0.1766%
00:57:13  INFO          CAUSTIC SODA LYE – GRADE 1      change = 0.0697%
00:57:13  INFO          CHEM  SODIUM SULPHITE;PN:MIS 19OX  change = 0.0697%
00:57:13  INFO          CHEM ALUM.SULFATE, AL2(SO4)3,18H2O  change = 0.0697%
00:57:13  INFO          CHEM TRISODIUM PHOSPHATE        change = 0.1764%
00:57:13  INFO          COMPRESSED AIR                  change = 0.1578%
00:57:13  INFO          FURNACE OIL ( MEDIUM VISCOSITY GRADE )  change = 0.1764%
00:57:13  INFO          HRSG2_SHP STEAM                 change = 0.1764%
00:57:13  INFO          HRSG3_SHP STEAM                 change = 0.1764%
00:57:13  INFO          HYDRO CHLORIC ACID (30%) -VIRGIN  change = 0.0697%
00:57:13  INFO          LP Steam PRDS                   change = 0.0419%
00:57:13  INFO          MP Steam PRDS SHP               change = 0.3930%
00:57:13  INFO          MP Steam_Dis                    change = 0.2629%
00:57:13  INFO          NATURAL GAS                     change = 0.1090%
00:57:13  INFO          POLYELECTROLYTE                 change = 0.0697%
00:57:13  INFO          Ret steam condensate            change = 0.0697%
00:57:13  INFO          SHP Steam_Dis                   change = 0.0723%
00:57:13  INFO          SODIUM CHLORIDE IS 797 GRADE1   change = 0.0697%
00:57:13  INFO          STG1_LP STEAM                   change = 0.0419%
00:57:13  INFO          STG1_MP STEAM                   change = 0.3930%
00:57:13  INFO          Water                           change = 0.0228%
00:57:13  INFO        ------------------------------------------------------------------------------------------
00:57:14  INFO        [DISPATCH] Total demand: 44407.12 MWh, Import: 18000.00 MWh, Net for GT/STG: 26407.12 MWh
00:57:15  WARNING     [DISPATCH] No aux power norm for 'NMD-Power Plant-2'; using 0.0
00:57:15  WARNING     [DISPATCH] No aux power norm for 'NMD-Power Plant-3'; using 0.0
00:57:15  WARNING     [DISPATCH] No aux power norm for 'NMD-STG Power Plant'; using 0.0
00:57:15  INFO        ==============================================================================
00:57:15  INFO        POWER DISPATCH  (April 2025)
00:57:15  INFO        ==============================================================================
00:57:15  INFO        Demand:  Process = 44407.12 MWh  |  Fixed = 0.00 MWh  |  Total = 44407.12 MWh
00:57:15  INFO      
00:57:15  INFO        Asset                      Priority    Min MW    Max MW     Hours   Dispatched MW  Dispatched MWh    Load %  Free Steam MT  Aux Power MWh
00:57:15  INFO        -------------------------  --------  --------  --------  --------  --------------  --------------  --------  ------------  ------------
00:57:15  INFO        NMD-Power Plant-2                 1      5.00     11.50    720.00           11.50         8280.00    100.0%      16311.60          0.00
00:57:15  INFO        NMD-Power Plant-3                 1      5.00     12.80    720.00           12.80         9216.00    100.0%      18155.52          0.00
00:57:15  INFO        NMD-STG Power Plant               2      6.00     14.50    720.00           12.38         8911.12     85.4%          0.00          0.00
00:57:15  INFO        TOTAL                                                                                    26407.12                34467.12          0.00
00:57:15  INFO        DEFICIT: 18000.00 MWh under-generation
00:57:15  INFO        ==============================================================================
00:57:15  INFO        ==============================================================================
00:57:15  INFO        STEAM DISPATCH  (April 2025)
00:57:15  INFO        ==============================================================================
00:57:15  INFO        Grade      Process/Fixed MT  Letdown MT  Byproduct MT     Net Demand MT
00:57:15  INFO        ---------  ----------------  ----------  ------------  ----------------
00:57:15  INFO        MP                 25300.35    18975.27          0.00          25300.35
00:57:15  INFO        SHP                92653.13    85537.37          0.00          92653.13
00:57:15  INFO      
00:57:15  INFO        Total Free Steam available: 34467.12 MT
00:57:15  INFO      
00:57:15  INFO        FINAL SUPPLEMENTARY FIRING DISPATCH
00:57:15  INFO        Asset                      Priority     Min TPH     Max TPH     Hours  Dispatched TPH   Dispatched MT    Load %
00:57:15  INFO        -------------------------  --------  ----------  ----------  --------  --------------  --------------  --------
00:57:15  INFO        HRSG-1                          999       60.00      136.00      0.00            0.00            0.00      0.0%
00:57:15  INFO        HRSG-2                            1       37.34      113.34    720.00           41.69        30014.96     47.3%
00:57:15  INFO        HRSG-3                            1       34.78      110.78    720.00           39.13        28171.04     47.3%
00:57:15  INFO        TOTAL SUPPLEMENTARY                                                                          58186.00          
00:57:15  INFO        TOTAL STEAM GENERATED                                                                        92653.12          
00:57:15  INFO        DEFICIT: 0.01 MT
00:57:15  INFO        ==============================================================================
00:57:15  INFO        [REVERSE NG] Found GT asset: NMD-Power Plant-3, plant: NMD - Power Plant 3, heat_rate: 3862.56, free_steam: 1.97
00:57:15  INFO        [REVERSE NG] NMD - Power Plant 3: gen_qty=9216000 KWH, heat_rate=3862.56, free_steam=1.9700, consumed=86385.63 MMBTU (REVERSE)
00:57:15  INFO        [REVERSE NG] Found GT asset: NMD-Power Plant-2, plant: NMD - Power Plant 2, heat_rate: 4016.03, free_steam: 1.97
00:57:15  INFO        [REVERSE NG] NMD - Power Plant 2: gen_qty=8280000 KWH, heat_rate=4016.03, free_steam=1.9700, consumed=82651.39 MMBTU (REVERSE)
00:57:15  INFO        [REVERSE NG HRSG] Found HRSG: HRSG-2, supp_steam=30014.96 MT, free_steam=16311.60 MT, total_steam=46326.56 MT
00:57:15  INFO        [REVERSE NG HRSG] HRSG2_SHP STEAM: total_steam=46326.56 MT, norm=2.954424, consumed=136868.30 MMBTU (REVERSE, BPC method)
00:57:15  INFO        [REVERSE NG HRSG] Found HRSG: HRSG-3, supp_steam=28171.04 MT, free_steam=18155.52 MT, total_steam=46326.56 MT
00:57:15  INFO        [REVERSE NG HRSG] HRSG3_SHP STEAM: total_steam=46326.56 MT, norm=2.954424, consumed=136868.30 MMBTU (REVERSE, BPC method)
00:57:15  INFO      
00:57:15  INFO        ------------------------------------------------------------------------------------------
00:57:15  INFO        ITERATION 12
00:57:15  INFO        ------------------------------------------------------------------------------------------
00:57:15  INFO        Power:  Demand =    44407122.07 KWH  |  Gen =       26407.12 MWh  |  Surplus =     0.00  |  Deficit =     0.00
00:57:15  INFO        Steam:  Gen =       92653.12 MT  |  Surplus =     0.00  |  Deficit =     0.01
00:57:15  INFO        Power delta: 149.7949 MWh  |  Converged: NO
00:57:15  INFO      
00:57:15  INFO        Utility                                Total Demand      U4U Demand         Initial    Change %
00:57:15  INFO        -----------------------------------  --------------  --------------  --------------  ----------
00:57:15  INFO        Boiler Feed Water                         100881.66       100928.02            0.00     0.1766%
00:57:15  INFO        COMPRESSED AIR                           7097915.59      1014314.12      6084105.59    85.7393%
00:57:15  INFO        Cooling Water 1                            15194.00            0.00        15194.00   100.0000%
00:57:15  INFO        Cooling Water 2                            13097.45         4081.41         9016.31    68.8419%
00:57:15  INFO        D M Water                                 142392.00        86758.23        55787.00    39.1761%
00:57:15  INFO        HP Steam PRDS                               4972.00         4972.00            0.00     0.0000%
00:57:15  INFO        HP Steam_Dis                                4972.00            0.00         4972.00   100.0000%
00:57:15  INFO        HRSG2_SHP STEAM                            46300.66        46326.56            0.00     0.1764%
00:57:15  INFO        HRSG3_SHP STEAM                            46300.66        46326.56            0.00     0.1764%
00:57:15  INFO        LP Steam PRDS                              14341.95        14341.75            0.00     0.0419%
00:57:15  INFO        LP Steam_Dis                               39882.52        14627.84        25280.51    63.3861%
00:57:15  INFO        MP Steam PRDS SHP                          23154.29        23180.18            0.00     0.3930%
00:57:15  INFO        MP Steam_Dis                               25300.35        10756.47        14548.40    57.6145%
00:57:15  INFO        Nitrogen Gas                             5437630.00            0.00      5437630.00   100.0000% (PT)
00:57:15  INFO        Oxygen                                      5787.00            0.00         5787.00   100.0000%
00:57:15  INFO        POWERGEN                                26192074.64     26192163.11            0.00     0.0022%
00:57:15  INFO        Power_Dis                               44407122.07     15167063.55     29242067.20    65.8503%
00:57:15  INFO        SHP Steam_Dis                              92653.13        71595.27        20975.00    22.6941%
00:57:15  INFO        STG1_LP STEAM                              25541.12        25540.76            0.00     0.0419%
00:57:15  INFO        STG1_MP STEAM                               2117.80         2120.17            0.00     0.3930%
00:57:15  INFO        Water                                     748645.06       468272.49       280371.80    37.4648% (PT)
00:57:15  INFO      
00:57:15  INFO        U4U CONSUMPTION BREAKDOWN (per producer per material):
00:57:15  INFO        Producer                        Material Consumed                     Norm        Quantity  Credit
00:57:15  INFO        ------------------------------  ------------------------------  ----------  --------------  ------
00:57:15  INFO        Boiler Feed Water               CHEM CYCLO HEXY                   0.000100           10.09  
00:57:15  INFO        Boiler Feed Water               CHEM MORPHOLENE                   0.000002            0.20  
00:57:15  INFO        Boiler Feed Water               Cooling Water 2                   0.001070          107.94  
00:57:15  INFO        Boiler Feed Water               D M Water                         0.860000        86758.23  
00:57:15  INFO        Boiler Feed Water               KEM WATREAT B 70M                 0.000570           57.50  
00:57:15  INFO        Boiler Feed Water               LP Steam_Dis                      0.145000        14627.84  
00:57:15  INFO        Boiler Feed Water               Power_Dis                         9.500000       958375.78  
00:57:15  INFO        COMPRESSED AIR                  Cooling Water 2                   0.000025          177.45  
00:57:15  INFO        COMPRESSED AIR                  Power_Dis                         0.165000      1171156.07  
00:57:15  INFO        Cooling Water 1                 COMPRESSED AIR                    0.108592         1649.95  
00:57:15  INFO        Cooling Water 1                 Power_Dis                       244.999997      3722529.95  
00:57:15  INFO        Cooling Water 1                 SULPHURIC ACID                    0.000158            2.40  
00:57:15  INFO        Cooling Water 1                 Water                            11.050000       167893.70  
00:57:15  INFO        Cooling Water 2                 COMPRESSED AIR                    0.123044         1611.56  
00:57:15  INFO        Cooling Water 2                 Power_Dis                       249.999997      3274363.63  
00:57:15  INFO        Cooling Water 2                 SULPHURIC ACID                    0.000158            2.07  
00:57:15  INFO        Cooling Water 2                 Water                            11.500000       150620.73  
00:57:15  INFO        D M Water                       CAUSTIC SODA LYE – GRADE 1        0.000226           32.18  
00:57:15  INFO        D M Water                       CHEM  SODIUM SULPHITE;PN:MIS 1    0.000701           99.82  
00:57:15  INFO        D M Water                       CHEM ALUM.SULFATE, AL2(SO4)3,1    0.000757          107.79  
00:57:15  INFO        D M Water                       COMPRESSED AIR                    0.077000        10964.18  
00:57:15  INFO        D M Water                       HYDRO CHLORIC ACID (30%) -VIRG    0.000226           32.18  
00:57:15  INFO        D M Water                       POLYELECTROLYTE                   0.000578           82.30  
00:57:15  INFO        D M Water                       Power_Dis                         1.210000       172294.32  
00:57:15  INFO        D M Water                       Ret steam condensate              0.203000        28905.58  
00:57:15  INFO        D M Water                       SODIUM CHLORIDE IS 797 GRADE1     0.000010            1.42  
00:57:15  INFO        D M Water                       Water                             1.050000       149511.60  
00:57:15  INFO        HP Steam PRDS                   Boiler Feed Water                 0.076800          381.85  
00:57:15  INFO        HP Steam PRDS                   SHP Steam_Dis                     0.923200         4590.15  
00:57:15  INFO        HP Steam_Dis                    HP Steam PRDS                     1.000000         4972.00  
00:57:15  INFO        HRSG2_SHP STEAM                 Boiler Feed Water                 1.024000        47438.40  
00:57:15  INFO        HRSG2_SHP STEAM                 CHEM TRISODIUM PHOSPHATE          0.000900           41.69  
00:57:15  INFO        HRSG2_SHP STEAM                 COMPRESSED AIR                    9.853236       456466.53  
00:57:15  INFO        HRSG2_SHP STEAM                 FURNACE OIL ( MEDIUM VISCOSITY    0.000098            4.54  
00:57:15  INFO        HRSG2_SHP STEAM                 LP Steam_Dis                     -0.078000        -3613.47  YES
00:57:15  INFO        HRSG2_SHP STEAM                 NATURAL GAS                       2.954424       136868.30  
00:57:15  INFO        HRSG2_SHP STEAM                 Water                             0.002660          123.23  
00:57:15  INFO        HRSG3_SHP STEAM                 Boiler Feed Water                 1.024000        47438.40  
00:57:15  INFO        HRSG3_SHP STEAM                 CHEM TRISODIUM PHOSPHATE          0.000900           41.69  
00:57:15  INFO        HRSG3_SHP STEAM                 COMPRESSED AIR                    9.596520       444573.76  
00:57:15  INFO        HRSG3_SHP STEAM                 FURNACE OIL ( MEDIUM VISCOSITY    0.000098            4.54  
00:57:15  INFO        HRSG3_SHP STEAM                 LP Steam_Dis                     -0.078000        -3613.47  YES
00:57:15  INFO        HRSG3_SHP STEAM                 NATURAL GAS                       2.954424       136868.30  
00:57:15  INFO        HRSG3_SHP STEAM                 Water                             0.002660          123.23  
00:57:15  INFO        LP Steam PRDS                   Boiler Feed Water                 0.250000         3585.49  
00:57:15  INFO        LP Steam PRDS                   MP Steam_Dis                      0.750000        10756.47  
00:57:15  INFO        LP Steam_Dis                    LP Steam PRDS                     0.359600        14341.75  
00:57:15  INFO        LP Steam_Dis                    STG1_LP STEAM                     0.640400        25540.76  
00:57:15  INFO        MP Steam PRDS SHP               Boiler Feed Water                 0.090000         2083.89  
00:57:15  INFO        MP Steam PRDS SHP               SHP Steam_Dis                     0.910000        21070.40  
00:57:15  INFO        MP Steam_Dis                    MP Steam PRDS SHP                 0.916200        23180.18  
00:57:15  INFO        MP Steam_Dis                    STG1_MP STEAM                     0.083800         2120.17  
00:57:15  INFO        Oxygen                          Cooling Water 2                   0.261000         1510.41  
00:57:15  INFO        Oxygen                          Power_Dis                       968.650000      5605577.55  
00:57:15  INFO        POWERGEN                        COMPRESSED AIR                    0.004011        35742.50  
00:57:15  INFO        POWERGEN                        COMPRESSED AIR                    0.003420        31518.72  
00:57:15  INFO        POWERGEN                        COMPRESSED AIR                    0.003839        31786.92  
00:57:15  INFO        POWERGEN                        COMPRESSED AIR                    0.000000            0.00  
00:57:15  INFO        POWERGEN                        Cooling Water 2                   0.000232         2067.38  
00:57:15  INFO        POWERGEN                        Cooling Water 2                   0.000012          110.59  
00:57:15  INFO        POWERGEN                        Cooling Water 2                   0.000013          107.64  
00:57:15  INFO        POWERGEN                        Cooling Water 2                   0.000000            0.00  
00:57:15  INFO        POWERGEN                        NATURAL GAS                       0.009373        86385.63  
00:57:15  INFO        POWERGEN                        NATURAL GAS                       0.009982        82651.39  
00:57:15  INFO        POWERGEN                        NATURAL GAS                       0.009472            0.00  
00:57:15  INFO        POWERGEN                        Power_Dis                         0.002000        17822.24  
00:57:15  INFO        POWERGEN                        Power_Dis                         0.014000       129024.00  
00:57:15  INFO        POWERGEN                        Power_Dis                         0.014000       115920.00  
00:57:15  INFO        POWERGEN                        Power_Dis                         0.000000            0.00  
00:57:15  INFO        POWERGEN                        SHP Steam_Dis                     0.003615        32213.70  
00:57:15  INFO        Power_Dis                       POWERGEN                          0.186036      8261322.98  
00:57:15  INFO        Power_Dis                       POWERGEN                          0.196717      8735635.43  
00:57:15  INFO        Power_Dis                       POWERGEN                          0.207066      9195204.71  
00:57:15  INFO        Power_Dis                       Power from MEL                    0.410169     18000000.00  
00:57:15  INFO        SHP Steam_Dis                   HRSG2_SHP STEAM                   0.500000        46326.56  
00:57:15  INFO        SHP Steam_Dis                   HRSG3_SHP STEAM                   0.500000        46326.56  
00:57:15  INFO        STG1_LP STEAM                   SHP Steam_Dis                     0.480000        12259.74  
00:57:15  INFO        STG1_MP STEAM                   SHP Steam_Dis                     0.690000         1461.28  
00:57:15  INFO      
00:57:15  INFO        Not yet converged: 17 materials
00:57:15  INFO          Boiler Feed Water               change = 0.0459%
00:57:15  INFO          CHEM CYCLO HEXY                 change = 0.1766%
00:57:15  INFO          CHEM MORPHOLENE                 change = 0.1766%
00:57:15  INFO          CHEM TRISODIUM PHOSPHATE        change = 0.0559%
00:57:15  INFO          COMPRESSED AIR                  change = 0.0497%
00:57:15  INFO          D M Water                       change = 0.1766%
00:57:15  INFO          FURNACE OIL ( MEDIUM VISCOSITY GRADE )  change = 0.0559%
00:57:15  INFO          HRSG2_SHP STEAM                 change = 0.0559%
00:57:15  INFO          HRSG3_SHP STEAM                 change = 0.0559%
00:57:15  INFO          KEM WATREAT B 70M               change = 0.1766%
00:57:15  INFO          LP Steam_Dis                    change = 0.1766%
00:57:15  INFO          MP Steam PRDS SHP               change = 0.1117%
00:57:15  INFO          MP Steam_Dis                    change = 0.0419%
00:57:15  INFO          NATURAL GAS                     change = 0.0346%
00:57:15  INFO          Power_Dis                       change = 0.0132%
00:57:15  INFO          SHP Steam_Dis                   change = 0.1157%
00:57:15  INFO          STG1_MP STEAM                   change = 0.1117%
00:57:15  INFO        ------------------------------------------------------------------------------------------
00:57:16  INFO        [DISPATCH] Total demand: 44409.13 MWh, Import: 18000.00 MWh, Net for GT/STG: 26409.13 MWh
00:57:16  WARNING     [DISPATCH] No aux power norm for 'NMD-Power Plant-2'; using 0.0
00:57:16  WARNING     [DISPATCH] No aux power norm for 'NMD-Power Plant-3'; using 0.0
00:57:16  WARNING     [DISPATCH] No aux power norm for 'NMD-STG Power Plant'; using 0.0
00:57:16  INFO        ==============================================================================
00:57:16  INFO        POWER DISPATCH  (April 2025)
00:57:16  INFO        ==============================================================================
00:57:16  INFO        Demand:  Process = 44409.13 MWh  |  Fixed = 0.00 MWh  |  Total = 44409.13 MWh
00:57:16  INFO      
00:57:16  INFO        Asset                      Priority    Min MW    Max MW     Hours   Dispatched MW  Dispatched MWh    Load %  Free Steam MT  Aux Power MWh
00:57:16  INFO        -------------------------  --------  --------  --------  --------  --------------  --------------  --------  ------------  ------------
00:57:16  INFO        NMD-Power Plant-2                 1      5.00     11.50    720.00           11.50         8280.00    100.0%      16311.60          0.00
00:57:16  INFO        NMD-Power Plant-3                 1      5.00     12.80    720.00           12.80         9216.00    100.0%      18155.52          0.00
00:57:16  INFO        NMD-STG Power Plant               2      6.00     14.50    720.00           12.38         8913.13     85.4%          0.00          0.00
00:57:16  INFO        TOTAL                                                                                    26409.13                34467.12          0.00
00:57:16  INFO        DEFICIT: 18000.00 MWh under-generation
00:57:16  INFO        ==============================================================================
00:57:16  INFO        ==============================================================================
00:57:16  INFO        STEAM DISPATCH  (April 2025)
00:57:16  INFO        ==============================================================================
00:57:16  INFO        Grade      Process/Fixed MT  Letdown MT  Byproduct MT     Net Demand MT
00:57:16  INFO        ---------  ----------------  ----------  ------------  ----------------
00:57:16  INFO        MP                 25304.87    18978.65          0.00          25304.87
00:57:16  INFO        SHP                92570.27    85460.87          0.00          92570.27
00:57:16  INFO      
00:57:16  INFO        Total Free Steam available: 34467.12 MT
00:57:16  INFO      
00:57:16  INFO        FINAL SUPPLEMENTARY FIRING DISPATCH
00:57:16  INFO        Asset                      Priority     Min TPH     Max TPH     Hours  Dispatched TPH   Dispatched MT    Load %
00:57:16  INFO        -------------------------  --------  ----------  ----------  --------  --------------  --------------  --------
00:57:16  INFO        HRSG-1                          999       60.00      136.00      0.00            0.00            0.00      0.0%
00:57:16  INFO        HRSG-2                            1       37.34      113.34    720.00           41.63        29973.53     47.3%
00:57:16  INFO        HRSG-3                            1       34.78      110.78    720.00           39.07        28129.61     47.3%
00:57:16  INFO        TOTAL SUPPLEMENTARY                                                                          58103.14          
00:57:16  INFO        TOTAL STEAM GENERATED                                                                        92570.26          
00:57:16  INFO        DEFICIT: 0.01 MT
00:57:16  INFO        ==============================================================================
00:57:16  INFO        [REVERSE NG] Found GT asset: NMD-Power Plant-3, plant: NMD - Power Plant 3, heat_rate: 3862.56, free_steam: 1.97
00:57:16  INFO        [REVERSE NG] NMD - Power Plant 3: gen_qty=9216000 KWH, heat_rate=3862.56, free_steam=1.9700, consumed=86385.63 MMBTU (REVERSE)
00:57:16  INFO        [REVERSE NG] Found GT asset: NMD-Power Plant-2, plant: NMD - Power Plant 2, heat_rate: 4016.03, free_steam: 1.97
00:57:16  INFO        [REVERSE NG] NMD - Power Plant 2: gen_qty=8280000 KWH, heat_rate=4016.03, free_steam=1.9700, consumed=82651.39 MMBTU (REVERSE)
00:57:16  INFO        [REVERSE NG HRSG] Found HRSG: HRSG-2, supp_steam=29973.53 MT, free_steam=16311.60 MT, total_steam=46285.13 MT
00:57:16  INFO        [REVERSE NG HRSG] HRSG2_SHP STEAM: total_steam=46285.13 MT, norm=2.954424, consumed=136745.90 MMBTU (REVERSE, BPC method)
00:57:16  INFO        [REVERSE NG HRSG] Found HRSG: HRSG-3, supp_steam=28129.61 MT, free_steam=18155.52 MT, total_steam=46285.13 MT
00:57:16  INFO        [REVERSE NG HRSG] HRSG3_SHP STEAM: total_steam=46285.13 MT, norm=2.954424, consumed=136745.90 MMBTU (REVERSE, BPC method)
00:57:16  INFO      
00:57:16  INFO        ------------------------------------------------------------------------------------------
00:57:16  INFO        ITERATION 13
00:57:16  INFO        ------------------------------------------------------------------------------------------
00:57:16  INFO        Power:  Demand =    44409130.75 KWH  |  Gen =       26409.13 MWh  |  Surplus =     0.00  |  Deficit =     0.00
00:57:16  INFO        Steam:  Gen =       92570.26 MT  |  Surplus =     0.00  |  Deficit =     0.01
00:57:16  INFO        Power delta: 2008.6726 MWh  |  Converged: NO
00:57:16  INFO      
00:57:16  INFO        Utility                                Total Demand      U4U Demand         Initial    Change %
00:57:16  INFO        -----------------------------------  --------------  --------------  --------------  ----------
00:57:16  INFO        Boiler Feed Water                         100928.02       100845.45            0.00     0.0459%
00:57:16  INFO        COMPRESSED AIR                           7098419.71      1013528.21      6084105.59    85.7178%
00:57:16  INFO        Cooling Water 1                            15194.00            0.00        15194.00   100.0000%
00:57:16  INFO        Cooling Water 2                            13097.72         4081.94         9016.31    68.8408%
00:57:16  INFO        D M Water                                 142545.23        86798.10        55787.00    39.2438%
00:57:16  INFO        HP Steam PRDS                               4972.00         4972.00            0.00     0.0000%
00:57:16  INFO        HP Steam_Dis                                4972.00            0.00         4972.00   100.0000%
00:57:16  INFO        HRSG2_SHP STEAM                            46326.56        46285.13            0.00     0.0559%
00:57:16  INFO        HRSG3_SHP STEAM                            46326.56        46285.13            0.00     0.0559%
00:57:16  INFO        LP Steam PRDS                              14341.75        14351.04            0.00     0.0014%
00:57:16  INFO        LP Steam_Dis                               39908.35        14634.56        25280.51    63.4112%
00:57:16  INFO        MP Steam PRDS SHP                          23180.18        23184.32            0.00     0.1117%
00:57:16  INFO        MP Steam_Dis                               25304.87        10756.31        14548.40    57.5103%
00:57:16  INFO        Nitrogen Gas                             5437630.00            0.00      5437630.00   100.0000% (PT)
00:57:16  INFO        Oxygen                                      5787.00            0.00         5787.00   100.0000%
00:57:16  INFO        POWERGEN                                26192163.11     26193348.65            0.00     0.0003%
00:57:16  INFO        Power_Dis                               44409130.75     15167842.91     29242067.20    65.8515%
00:57:16  INFO        SHP Steam_Dis                              92570.27        71627.57        20975.00    22.5690%
00:57:16  INFO        STG1_LP STEAM                              25540.76        25557.31            0.00     0.0014%
00:57:16  INFO        STG1_MP STEAM                               2120.17         2120.55            0.00     0.1117%
00:57:16  INFO        Water                                     748644.29       468436.21       280371.80    37.4505% (PT)
00:57:16  INFO      
00:57:16  INFO        U4U CONSUMPTION BREAKDOWN (per producer per material):
00:57:16  INFO        Producer                        Material Consumed                     Norm        Quantity  Credit
00:57:16  INFO        ------------------------------  ------------------------------  ----------  --------------  ------
00:57:16  INFO        Boiler Feed Water               CHEM CYCLO HEXY                   0.000100           10.09  
00:57:16  INFO        Boiler Feed Water               CHEM MORPHOLENE                   0.000002            0.20  
00:57:16  INFO        Boiler Feed Water               Cooling Water 2                   0.001070          107.99  
00:57:16  INFO        Boiler Feed Water               D M Water                         0.860000        86798.10  
00:57:16  INFO        Boiler Feed Water               KEM WATREAT B 70M                 0.000570           57.53  
00:57:16  INFO        Boiler Feed Water               LP Steam_Dis                      0.145000        14634.56  
00:57:16  INFO        Boiler Feed Water               Power_Dis                         9.500000       958816.18  
00:57:16  INFO        COMPRESSED AIR                  Cooling Water 2                   0.000025          177.46  
00:57:16  INFO        COMPRESSED AIR                  Power_Dis                         0.165000      1171239.25  
00:57:16  INFO        Cooling Water 1                 COMPRESSED AIR                    0.108592         1649.95  
00:57:16  INFO        Cooling Water 1                 Power_Dis                       244.999997      3722529.95  
00:57:16  INFO        Cooling Water 1                 SULPHURIC ACID                    0.000158            2.40  
00:57:16  INFO        Cooling Water 1                 Water                            11.050000       167893.70  
00:57:16  INFO        Cooling Water 2                 COMPRESSED AIR                    0.123044         1611.60  
00:57:16  INFO        Cooling Water 2                 Power_Dis                       249.999997      3274429.99  
00:57:16  INFO        Cooling Water 2                 SULPHURIC ACID                    0.000158            2.07  
00:57:16  INFO        Cooling Water 2                 Water                            11.500000       150623.78  
00:57:16  INFO        D M Water                       CAUSTIC SODA LYE – GRADE 1        0.000226           32.22  
00:57:16  INFO        D M Water                       CHEM  SODIUM SULPHITE;PN:MIS 1    0.000701           99.92  
00:57:16  INFO        D M Water                       CHEM ALUM.SULFATE, AL2(SO4)3,1    0.000757          107.91  
00:57:16  INFO        D M Water                       COMPRESSED AIR                    0.077000        10975.98  
00:57:16  INFO        D M Water                       HYDRO CHLORIC ACID (30%) -VIRG    0.000226           32.22  
00:57:16  INFO        D M Water                       POLYELECTROLYTE                   0.000578           82.39  
00:57:16  INFO        D M Water                       Power_Dis                         1.210000       172479.73  
00:57:16  INFO        D M Water                       Ret steam condensate              0.203000        28936.68  
00:57:16  INFO        D M Water                       SODIUM CHLORIDE IS 797 GRADE1     0.000010            1.43  
00:57:16  INFO        D M Water                       Water                             1.050000       149672.49  
00:57:16  INFO        HP Steam PRDS                   Boiler Feed Water                 0.076800          381.85  
00:57:16  INFO        HP Steam PRDS                   SHP Steam_Dis                     0.923200         4590.15  
00:57:16  INFO        HP Steam_Dis                    HP Steam PRDS                     1.000000         4972.00  
00:57:16  INFO        HRSG2_SHP STEAM                 Boiler Feed Water                 1.024000        47395.97  
00:57:16  INFO        HRSG2_SHP STEAM                 CHEM TRISODIUM PHOSPHATE          0.000900           41.66  
00:57:16  INFO        HRSG2_SHP STEAM                 COMPRESSED AIR                    9.853236       456058.31  
00:57:16  INFO        HRSG2_SHP STEAM                 FURNACE OIL ( MEDIUM VISCOSITY    0.000098            4.54  
00:57:16  INFO        HRSG2_SHP STEAM                 LP Steam_Dis                     -0.078000        -3610.24  YES
00:57:16  INFO        HRSG2_SHP STEAM                 NATURAL GAS                       2.954424       136745.90  
00:57:16  INFO        HRSG2_SHP STEAM                 Water                             0.002660          123.12  
00:57:16  INFO        HRSG3_SHP STEAM                 Boiler Feed Water                 1.024000        47395.97  
00:57:16  INFO        HRSG3_SHP STEAM                 CHEM TRISODIUM PHOSPHATE          0.000900           41.66  
00:57:16  INFO        HRSG3_SHP STEAM                 COMPRESSED AIR                    9.596520       444176.18  
00:57:16  INFO        HRSG3_SHP STEAM                 FURNACE OIL ( MEDIUM VISCOSITY    0.000098            4.54  
00:57:16  INFO        HRSG3_SHP STEAM                 LP Steam_Dis                     -0.078000        -3610.24  YES
00:57:16  INFO        HRSG3_SHP STEAM                 NATURAL GAS                       2.954424       136745.90  
00:57:16  INFO        HRSG3_SHP STEAM                 Water                             0.002660          123.12  
00:57:16  INFO        LP Steam PRDS                   Boiler Feed Water                 0.250000         3585.44  
00:57:16  INFO        LP Steam PRDS                   MP Steam_Dis                      0.750000        10756.31  
00:57:16  INFO        LP Steam_Dis                    LP Steam PRDS                     0.359600        14351.04  
00:57:16  INFO        LP Steam_Dis                    STG1_LP STEAM                     0.640400        25557.31  
00:57:16  INFO        MP Steam PRDS SHP               Boiler Feed Water                 0.090000         2086.22  
00:57:16  INFO        MP Steam PRDS SHP               SHP Steam_Dis                     0.910000        21093.97  
00:57:16  INFO        MP Steam_Dis                    MP Steam PRDS SHP                 0.916200        23184.32  
00:57:16  INFO        MP Steam_Dis                    STG1_MP STEAM                     0.083800         2120.55  
00:57:16  INFO        Oxygen                          Cooling Water 2                   0.261000         1510.41  
00:57:16  INFO        Oxygen                          Power_Dis                       968.650000      5605577.55  
00:57:16  INFO        POWERGEN                        COMPRESSED AIR                    0.004011        35750.56  
00:57:16  INFO        POWERGEN                        COMPRESSED AIR                    0.003420        31518.72  
00:57:16  INFO        POWERGEN                        COMPRESSED AIR                    0.003839        31786.92  
00:57:16  INFO        POWERGEN                        COMPRESSED AIR                    0.000000            0.00  
00:57:16  INFO        POWERGEN                        Cooling Water 2                   0.000232         2067.85  
00:57:16  INFO        POWERGEN                        Cooling Water 2                   0.000012          110.59  
00:57:16  INFO        POWERGEN                        Cooling Water 2                   0.000013          107.64  
00:57:16  INFO        POWERGEN                        Cooling Water 2                   0.000000            0.00  
00:57:16  INFO        POWERGEN                        NATURAL GAS                       0.009373        86385.63  
00:57:16  INFO        POWERGEN                        NATURAL GAS                       0.009982        82651.39  
00:57:16  INFO        POWERGEN                        NATURAL GAS                       0.009472            0.00  
00:57:16  INFO        POWERGEN                        Power_Dis                         0.002000        17826.26  
00:57:16  INFO        POWERGEN                        Power_Dis                         0.014000       129024.00  
00:57:16  INFO        POWERGEN                        Power_Dis                         0.014000       115920.00  
00:57:16  INFO        POWERGEN                        Power_Dis                         0.000000            0.00  
00:57:16  INFO        POWERGEN                        SHP Steam_Dis                     0.003615        32220.96  
00:57:16  INFO        Power_Dis                       POWERGEN                          0.186036      8261696.91  
00:57:16  INFO        Power_Dis                       POWERGEN                          0.196717      8736030.83  
00:57:16  INFO        Power_Dis                       POWERGEN                          0.207066      9195620.91  
00:57:16  INFO        Power_Dis                       Power from MEL                    0.410169     18000000.00  
00:57:16  INFO        SHP Steam_Dis                   HRSG2_SHP STEAM                   0.500000        46285.13  
00:57:16  INFO        SHP Steam_Dis                   HRSG3_SHP STEAM                   0.500000        46285.13  
00:57:16  INFO        STG1_LP STEAM                   SHP Steam_Dis                     0.480000        12259.57  
00:57:16  INFO        STG1_MP STEAM                   SHP Steam_Dis                     0.690000         1462.92  
00:57:16  INFO      
00:57:16  INFO        Not yet converged: 26 materials
00:57:16  INFO          Boiler Feed Water               change = 0.0819%
00:57:16  INFO          CAUSTIC SODA LYE – GRADE 1      change = 0.1075%
00:57:16  INFO          CHEM  SODIUM SULPHITE;PN:MIS 19OX  change = 0.1075%
00:57:16  INFO          CHEM ALUM.SULFATE, AL2(SO4)3,18H2O  change = 0.1075%
00:57:16  INFO          CHEM CYCLO HEXY                 change = 0.0459%
00:57:16  INFO          CHEM MORPHOLENE                 change = 0.0459%
00:57:16  INFO          CHEM TRISODIUM PHOSPHATE        change = 0.0895%
00:57:16  INFO          COMPRESSED AIR                  change = 0.0775%
00:57:16  INFO          Cooling Water 2                 change = 0.0129%
00:57:16  INFO          D M Water                       change = 0.0459%
00:57:16  INFO          FURNACE OIL ( MEDIUM VISCOSITY GRADE )  change = 0.0895%
00:57:16  INFO          HRSG2_SHP STEAM                 change = 0.0895%
00:57:16  INFO          HRSG3_SHP STEAM                 change = 0.0895%
00:57:16  INFO          HYDRO CHLORIC ACID (30%) -VIRGIN  change = 0.1075%
00:57:16  INFO          KEM WATREAT B 70M               change = 0.0459%
00:57:16  INFO          LP Steam PRDS                   change = 0.0647%
00:57:16  INFO          LP Steam_Dis                    change = 0.0459%
00:57:16  INFO          MP Steam PRDS SHP               change = 0.0178%
00:57:16  INFO          NATURAL GAS                     change = 0.0553%
00:57:16  INFO          POLYELECTROLYTE                 change = 0.1075%
00:57:16  INFO          Ret steam condensate            change = 0.1075%
00:57:16  INFO          SHP Steam_Dis                   change = 0.0451%
00:57:16  INFO          SODIUM CHLORIDE IS 797 GRADE1   change = 0.1075%
00:57:16  INFO          STG1_LP STEAM                   change = 0.0647%
00:57:16  INFO          STG1_MP STEAM                   change = 0.0178%
00:57:16  INFO          Water                           change = 0.0350%
00:57:16  INFO        ------------------------------------------------------------------------------------------
00:57:17  INFO        [DISPATCH] Total demand: 44409.91 MWh, Import: 18000.00 MWh, Net for GT/STG: 26409.91 MWh
00:57:18  WARNING     [DISPATCH] No aux power norm for 'NMD-Power Plant-2'; using 0.0
00:57:18  WARNING     [DISPATCH] No aux power norm for 'NMD-Power Plant-3'; using 0.0
00:57:18  WARNING     [DISPATCH] No aux power norm for 'NMD-STG Power Plant'; using 0.0
00:57:18  INFO        ==============================================================================
00:57:18  INFO        POWER DISPATCH  (April 2025)
00:57:18  INFO        ==============================================================================
00:57:18  INFO        Demand:  Process = 44409.91 MWh  |  Fixed = 0.00 MWh  |  Total = 44409.91 MWh
00:57:18  INFO      
00:57:18  INFO        Asset                      Priority    Min MW    Max MW     Hours   Dispatched MW  Dispatched MWh    Load %  Free Steam MT  Aux Power MWh
00:57:18  INFO        -------------------------  --------  --------  --------  --------  --------------  --------------  --------  ------------  ------------
00:57:18  INFO        NMD-Power Plant-2                 1      5.00     11.50    720.00           11.50         8280.00    100.0%      16311.60          0.00
00:57:18  INFO        NMD-Power Plant-3                 1      5.00     12.80    720.00           12.80         9216.00    100.0%      18155.52          0.00
00:57:18  INFO        NMD-STG Power Plant               2      6.00     14.50    720.00           12.38         8913.91     85.4%          0.00          0.00
00:57:18  INFO        TOTAL                                                                                    26409.91                34467.12          0.00
00:57:18  INFO        DEFICIT: 18000.00 MWh under-generation
00:57:18  INFO        ==============================================================================
00:57:18  INFO        ==============================================================================
00:57:18  INFO        STEAM DISPATCH  (April 2025)
00:57:18  INFO        ==============================================================================
00:57:18  INFO        Grade      Process/Fixed MT  Letdown MT  Byproduct MT     Net Demand MT
00:57:18  INFO        ---------  ----------------  ----------  ------------  ----------------
00:57:18  INFO        MP                 25304.71    18978.54          0.00          25304.71
00:57:18  INFO        SHP                92602.57    85490.69          0.00          92602.57
00:57:18  INFO      
00:57:18  INFO        Total Free Steam available: 34467.12 MT
00:57:18  INFO      
00:57:18  INFO        FINAL SUPPLEMENTARY FIRING DISPATCH
00:57:18  INFO        Asset                      Priority     Min TPH     Max TPH     Hours  Dispatched TPH   Dispatched MT    Load %
00:57:18  INFO        -------------------------  --------  ----------  ----------  --------  --------------  --------------  --------
00:57:18  INFO        HRSG-1                          999       60.00      136.00      0.00            0.00            0.00      0.0%
00:57:18  INFO        HRSG-2                            1       37.34      113.34    720.00           41.65        29989.68     47.3%
00:57:18  INFO        HRSG-3                            1       34.78      110.78    720.00           39.09        28145.76     47.3%
00:57:18  INFO        TOTAL SUPPLEMENTARY                                                                          58135.44          
00:57:18  INFO        TOTAL STEAM GENERATED                                                                        92602.56          
00:57:18  INFO        DEFICIT: 0.01 MT
00:57:18  INFO        ==============================================================================
00:57:18  INFO        [REVERSE NG] Found GT asset: NMD-Power Plant-3, plant: NMD - Power Plant 3, heat_rate: 3862.56, free_steam: 1.97
00:57:18  INFO        [REVERSE NG] NMD - Power Plant 3: gen_qty=9216000 KWH, heat_rate=3862.56, free_steam=1.9700, consumed=86385.63 MMBTU (REVERSE)
00:57:18  INFO        [REVERSE NG] Found GT asset: NMD-Power Plant-2, plant: NMD - Power Plant 2, heat_rate: 4016.03, free_steam: 1.97
00:57:18  INFO        [REVERSE NG] NMD - Power Plant 2: gen_qty=8280000 KWH, heat_rate=4016.03, free_steam=1.9700, consumed=82651.39 MMBTU (REVERSE)
00:57:18  INFO        [REVERSE NG HRSG] Found HRSG: HRSG-2, supp_steam=29989.68 MT, free_steam=16311.60 MT, total_steam=46301.28 MT
00:57:18  INFO        [REVERSE NG HRSG] HRSG2_SHP STEAM: total_steam=46301.28 MT, norm=2.954424, consumed=136793.61 MMBTU (REVERSE, BPC method)
00:57:18  INFO        [REVERSE NG HRSG] Found HRSG: HRSG-3, supp_steam=28145.76 MT, free_steam=18155.52 MT, total_steam=46301.28 MT
00:57:18  INFO        [REVERSE NG HRSG] HRSG3_SHP STEAM: total_steam=46301.28 MT, norm=2.954424, consumed=136793.61 MMBTU (REVERSE, BPC method)
00:57:18  INFO      
00:57:18  INFO        ------------------------------------------------------------------------------------------
00:57:18  INFO        ITERATION 14
00:57:18  INFO        ------------------------------------------------------------------------------------------
00:57:18  INFO        Power:  Demand =    44409910.11 KWH  |  Gen =       26409.91 MWh  |  Surplus =     0.00  |  Deficit =     0.00
00:57:18  INFO        Steam:  Gen =       92602.56 MT  |  Surplus =     0.00  |  Deficit =     0.01
00:57:18  INFO        Power delta: 779.3615 MWh  |  Converged: NO
00:57:18  INFO      
00:57:18  INFO        Utility                                Total Demand      U4U Demand         Initial    Change %
00:57:18  INFO        -----------------------------------  --------------  --------------  --------------  ----------
00:57:18  INFO        Boiler Feed Water                         100845.45       100881.22            0.00     0.0819%
00:57:18  INFO        COMPRESSED AIR                           7097633.80      1013848.59      6084105.59    85.7091%
00:57:18  INFO        Cooling Water 1                            15194.00            0.00        15194.00   100.0000%
00:57:18  INFO        Cooling Water 2                            13098.25         4082.01         9016.31    68.8400%
00:57:18  INFO        D M Water                                 142585.10        86727.09        55787.00    39.1534%
00:57:18  INFO        HP Steam PRDS                               4972.00         4972.00            0.00     0.0000%
00:57:18  INFO        HP Steam_Dis                                4972.00            0.00         4972.00   100.0000%
00:57:18  INFO        HRSG2_SHP STEAM                            46285.13        46301.28            0.00     0.0895%
00:57:18  INFO        HRSG3_SHP STEAM                            46285.13        46301.28            0.00     0.0895%
00:57:18  INFO        LP Steam PRDS                              14351.04        14353.46            0.00     0.0647%
00:57:18  INFO        LP Steam_Dis                               39915.07        14622.59        25280.51    63.3526%
00:57:18  INFO        MP Steam PRDS SHP                          23184.32        23184.18            0.00     0.0178%
00:57:18  INFO        MP Steam_Dis                               25304.71        10763.28        14548.40    57.4922%
00:57:18  INFO        Nitrogen Gas                             5437630.00            0.00      5437630.00   100.0000% (PT)
00:57:18  INFO        Oxygen                                      5787.00            0.00         5787.00   100.0000%
00:57:18  INFO        POWERGEN                                26193348.65     26193808.71            0.00     0.0045%
00:57:18  INFO        Power_Dis                               44409910.11     15167110.77     29242067.20    65.8476%
00:57:18  INFO        SHP Steam_Dis                              92602.57        71642.35        20975.00    22.6854%
00:57:18  INFO        STG1_LP STEAM                              25557.31        25561.61            0.00     0.0647%
00:57:18  INFO        STG1_MP STEAM                               2120.55         2120.54            0.00     0.0178%
00:57:18  INFO        Water                                     748808.01       468484.23       280371.80    37.4643% (PT)
00:57:18  INFO      
00:57:18  INFO        U4U CONSUMPTION BREAKDOWN (per producer per material):
00:57:18  INFO        Producer                        Material Consumed                     Norm        Quantity  Credit
00:57:18  INFO        ------------------------------  ------------------------------  ----------  --------------  ------
00:57:18  INFO        Boiler Feed Water               CHEM CYCLO HEXY                   0.000100           10.08  
00:57:18  INFO        Boiler Feed Water               CHEM MORPHOLENE                   0.000002            0.20  
00:57:18  INFO        Boiler Feed Water               Cooling Water 2                   0.001070          107.90  
00:57:18  INFO        Boiler Feed Water               D M Water                         0.860000        86727.09  
00:57:18  INFO        Boiler Feed Water               KEM WATREAT B 70M                 0.000570           57.48  
00:57:18  INFO        Boiler Feed Water               LP Steam_Dis                      0.145000        14622.59  
00:57:18  INFO        Boiler Feed Water               Power_Dis                         9.500000       958031.78  
00:57:18  INFO        COMPRESSED AIR                  Cooling Water 2                   0.000025          177.44  
00:57:18  INFO        COMPRESSED AIR                  Power_Dis                         0.165000      1171109.58  
00:57:18  INFO        Cooling Water 1                 COMPRESSED AIR                    0.108592         1649.95  
00:57:18  INFO        Cooling Water 1                 Power_Dis                       244.999997      3722529.95  
00:57:18  INFO        Cooling Water 1                 SULPHURIC ACID                    0.000158            2.40  
00:57:18  INFO        Cooling Water 1                 Water                            11.050000       167893.70  
00:57:18  INFO        Cooling Water 2                 COMPRESSED AIR                    0.123044         1611.66  
00:57:18  INFO        Cooling Water 2                 Power_Dis                       249.999997      3274562.12  
00:57:18  INFO        Cooling Water 2                 SULPHURIC ACID                    0.000158            2.07  
00:57:18  INFO        Cooling Water 2                 Water                            11.500000       150629.86  
00:57:18  INFO        D M Water                       CAUSTIC SODA LYE – GRADE 1        0.000226           32.22  
00:57:18  INFO        D M Water                       CHEM  SODIUM SULPHITE;PN:MIS 1    0.000701           99.95  
00:57:18  INFO        D M Water                       CHEM ALUM.SULFATE, AL2(SO4)3,1    0.000757          107.94  
00:57:18  INFO        D M Water                       COMPRESSED AIR                    0.077000        10979.05  
00:57:18  INFO        D M Water                       HYDRO CHLORIC ACID (30%) -VIRG    0.000226           32.22  
00:57:18  INFO        D M Water                       POLYELECTROLYTE                   0.000578           82.41  
00:57:18  INFO        D M Water                       Power_Dis                         1.210000       172527.97  
00:57:18  INFO        D M Water                       Ret steam condensate              0.203000        28944.77  
00:57:18  INFO        D M Water                       SODIUM CHLORIDE IS 797 GRADE1     0.000010            1.43  
00:57:18  INFO        D M Water                       Water                             1.050000       149714.35  
00:57:18  INFO        HP Steam PRDS                   Boiler Feed Water                 0.076800          381.85  
00:57:18  INFO        HP Steam PRDS                   SHP Steam_Dis                     0.923200         4590.15  
00:57:18  INFO        HP Steam_Dis                    HP Steam PRDS                     1.000000         4972.00  
00:57:18  INFO        HRSG2_SHP STEAM                 Boiler Feed Water                 1.024000        47412.51  
00:57:18  INFO        HRSG2_SHP STEAM                 CHEM TRISODIUM PHOSPHATE          0.000900           41.67  
00:57:18  INFO        HRSG2_SHP STEAM                 COMPRESSED AIR                    9.853236       456217.44  
00:57:18  INFO        HRSG2_SHP STEAM                 FURNACE OIL ( MEDIUM VISCOSITY    0.000098            4.54  
00:57:18  INFO        HRSG2_SHP STEAM                 LP Steam_Dis                     -0.078000        -3611.50  YES
00:57:18  INFO        HRSG2_SHP STEAM                 NATURAL GAS                       2.954424       136793.61  
00:57:18  INFO        HRSG2_SHP STEAM                 Water                             0.002660          123.16  
00:57:18  INFO        HRSG3_SHP STEAM                 Boiler Feed Water                 1.024000        47412.51  
00:57:18  INFO        HRSG3_SHP STEAM                 CHEM TRISODIUM PHOSPHATE          0.000900           41.67  
00:57:18  INFO        HRSG3_SHP STEAM                 COMPRESSED AIR                    9.596520       444331.16  
00:57:18  INFO        HRSG3_SHP STEAM                 FURNACE OIL ( MEDIUM VISCOSITY    0.000098            4.54  
00:57:18  INFO        HRSG3_SHP STEAM                 LP Steam_Dis                     -0.078000        -3611.50  YES
00:57:18  INFO        HRSG3_SHP STEAM                 NATURAL GAS                       2.954424       136793.61  
00:57:18  INFO        HRSG3_SHP STEAM                 Water                             0.002660          123.16  
00:57:18  INFO        LP Steam PRDS                   Boiler Feed Water                 0.250000         3587.76  
00:57:18  INFO        LP Steam PRDS                   MP Steam_Dis                      0.750000        10763.28  
00:57:18  INFO        LP Steam_Dis                    LP Steam PRDS                     0.359600        14353.46  
00:57:18  INFO        LP Steam_Dis                    STG1_LP STEAM                     0.640400        25561.61  
00:57:18  INFO        MP Steam PRDS SHP               Boiler Feed Water                 0.090000         2086.59  
00:57:18  INFO        MP Steam PRDS SHP               SHP Steam_Dis                     0.910000        21097.73  
00:57:18  INFO        MP Steam_Dis                    MP Steam PRDS SHP                 0.916200        23184.18  
00:57:18  INFO        MP Steam_Dis                    STG1_MP STEAM                     0.083800         2120.54  
00:57:18  INFO        Oxygen                          Cooling Water 2                   0.261000         1510.41  
00:57:18  INFO        Oxygen                          Power_Dis                       968.650000      5605577.55  
00:57:18  INFO        POWERGEN                        COMPRESSED AIR                    0.004011        35753.69  
00:57:18  INFO        POWERGEN                        COMPRESSED AIR                    0.003420        31518.72  
00:57:18  INFO        POWERGEN                        COMPRESSED AIR                    0.003839        31786.92  
00:57:18  INFO        POWERGEN                        COMPRESSED AIR                    0.000000            0.00  
00:57:18  INFO        POWERGEN                        Cooling Water 2                   0.000232         2068.03  
00:57:18  INFO        POWERGEN                        Cooling Water 2                   0.000012          110.59  
00:57:18  INFO        POWERGEN                        Cooling Water 2                   0.000013          107.64  
00:57:18  INFO        POWERGEN                        Cooling Water 2                   0.000000            0.00  
00:57:18  INFO        POWERGEN                        NATURAL GAS                       0.009373        86385.63  
00:57:18  INFO        POWERGEN                        NATURAL GAS                       0.009982        82651.39  
00:57:18  INFO        POWERGEN                        NATURAL GAS                       0.009472            0.00  
00:57:18  INFO        POWERGEN                        Power_Dis                         0.002000        17827.82  
00:57:18  INFO        POWERGEN                        Power_Dis                         0.014000       129024.00  
00:57:18  INFO        POWERGEN                        Power_Dis                         0.014000       115920.00  
00:57:18  INFO        POWERGEN                        Power_Dis                         0.000000            0.00  
00:57:18  INFO        POWERGEN                        SHP Steam_Dis                     0.003615        32223.78  
00:57:18  INFO        Power_Dis                       POWERGEN                          0.186036      8261842.02  
00:57:18  INFO        Power_Dis                       POWERGEN                          0.196717      8736184.27  
00:57:18  INFO        Power_Dis                       POWERGEN                          0.207066      9195782.42  
00:57:18  INFO        Power_Dis                       Power from MEL                    0.410169     18000000.00  
00:57:18  INFO        SHP Steam_Dis                   HRSG2_SHP STEAM                   0.500000        46301.28  
00:57:18  INFO        SHP Steam_Dis                   HRSG3_SHP STEAM                   0.500000        46301.28  
00:57:18  INFO        STG1_LP STEAM                   SHP Steam_Dis                     0.480000        12267.51  
00:57:18  INFO        STG1_MP STEAM                   SHP Steam_Dis                     0.690000         1463.18  
00:57:18  INFO      
00:57:18  INFO        Not yet converged: 24 materials
00:57:18  INFO          Boiler Feed Water               change = 0.0355%
00:57:18  INFO          CAUSTIC SODA LYE – GRADE 1      change = 0.0280%
00:57:18  INFO          CHEM  SODIUM SULPHITE;PN:MIS 19OX  change = 0.0280%
00:57:18  INFO          CHEM ALUM.SULFATE, AL2(SO4)3,18H2O  change = 0.0280%
00:57:18  INFO          CHEM CYCLO HEXY                 change = 0.0819%
00:57:18  INFO          CHEM MORPHOLENE                 change = 0.0819%
00:57:18  INFO          CHEM TRISODIUM PHOSPHATE        change = 0.0349%
00:57:18  INFO          COMPRESSED AIR                  change = 0.0316%
00:57:18  INFO          D M Water                       change = 0.0819%
00:57:18  INFO          FURNACE OIL ( MEDIUM VISCOSITY GRADE )  change = 0.0349%
00:57:18  INFO          HRSG2_SHP STEAM                 change = 0.0349%
00:57:18  INFO          HRSG3_SHP STEAM                 change = 0.0349%
00:57:18  INFO          HYDRO CHLORIC ACID (30%) -VIRGIN  change = 0.0280%
00:57:18  INFO          KEM WATREAT B 70M               change = 0.0819%
00:57:18  INFO          LP Steam PRDS                   change = 0.0168%
00:57:18  INFO          LP Steam_Dis                    change = 0.0819%
00:57:18  INFO          MP Steam_Dis                    change = 0.0647%
00:57:18  INFO          NATURAL GAS                     change = 0.0216%
00:57:18  INFO          POLYELECTROLYTE                 change = 0.0280%
00:57:18  INFO          Ret steam condensate            change = 0.0280%
00:57:18  INFO          SHP Steam_Dis                   change = 0.0206%
00:57:18  INFO          SODIUM CHLORIDE IS 797 GRADE1   change = 0.0280%
00:57:18  INFO          STG1_LP STEAM                   change = 0.0168%
00:57:18  INFO          Water                           change = 0.0103%
00:57:18  INFO        ------------------------------------------------------------------------------------------
00:57:19  INFO        [DISPATCH] Total demand: 44409.18 MWh, Import: 18000.00 MWh, Net for GT/STG: 26409.18 MWh
00:57:19  WARNING     [DISPATCH] No aux power norm for 'NMD-Power Plant-2'; using 0.0
00:57:19  WARNING     [DISPATCH] No aux power norm for 'NMD-Power Plant-3'; using 0.0
00:57:19  WARNING     [DISPATCH] No aux power norm for 'NMD-STG Power Plant'; using 0.0
00:57:19  INFO        ==============================================================================
00:57:19  INFO        POWER DISPATCH  (April 2025)
00:57:19  INFO        ==============================================================================
00:57:19  INFO        Demand:  Process = 44409.18 MWh  |  Fixed = 0.00 MWh  |  Total = 44409.18 MWh
00:57:19  INFO      
00:57:19  INFO        Asset                      Priority    Min MW    Max MW     Hours   Dispatched MW  Dispatched MWh    Load %  Free Steam MT  Aux Power MWh
00:57:19  INFO        -------------------------  --------  --------  --------  --------  --------------  --------------  --------  ------------  ------------
00:57:19  INFO        NMD-Power Plant-2                 1      5.00     11.50    720.00           11.50         8280.00    100.0%      16311.60          0.00
00:57:19  INFO        NMD-Power Plant-3                 1      5.00     12.80    720.00           12.80         9216.00    100.0%      18155.52          0.00
00:57:19  INFO        NMD-STG Power Plant               2      6.00     14.50    720.00           12.38         8913.18     85.4%          0.00          0.00
00:57:19  INFO        TOTAL                                                                                    26409.18                34467.12          0.00
00:57:19  INFO        DEFICIT: 18000.00 MWh under-generation
00:57:19  INFO        ==============================================================================
00:57:19  INFO        ==============================================================================
00:57:19  INFO        STEAM DISPATCH  (April 2025)
00:57:19  INFO        ==============================================================================
00:57:19  INFO        Grade      Process/Fixed MT  Letdown MT  Byproduct MT     Net Demand MT
00:57:19  INFO        ---------  ----------------  ----------  ------------  ----------------
00:57:19  INFO        MP                 25311.68    18983.76          0.00          25311.68
00:57:19  INFO        SHP                92617.35    85504.34          0.00          92617.35
00:57:19  INFO      
00:57:19  INFO        Total Free Steam available: 34467.12 MT
00:57:19  INFO      
00:57:19  INFO        FINAL SUPPLEMENTARY FIRING DISPATCH
00:57:19  INFO        Asset                      Priority     Min TPH     Max TPH     Hours  Dispatched TPH   Dispatched MT    Load %
00:57:19  INFO        -------------------------  --------  ----------  ----------  --------  --------------  --------------  --------
00:57:19  INFO        HRSG-1                          999       60.00      136.00      0.00            0.00            0.00      0.0%
00:57:19  INFO        HRSG-2                            1       37.34      113.34    720.00           41.66        29997.07     47.3%
00:57:19  INFO        HRSG-3                            1       34.78      110.78    720.00           39.10        28153.15     47.3%
00:57:19  INFO        TOTAL SUPPLEMENTARY                                                                          58150.22          
00:57:19  INFO        TOTAL STEAM GENERATED                                                                        92617.34          
00:57:19  INFO        DEFICIT: 0.01 MT
00:57:19  INFO        ==============================================================================
00:57:19  INFO        [REVERSE NG] Found GT asset: NMD-Power Plant-3, plant: NMD - Power Plant 3, heat_rate: 3862.56, free_steam: 1.97
00:57:19  INFO        [REVERSE NG] NMD - Power Plant 3: gen_qty=9216000 KWH, heat_rate=3862.56, free_steam=1.9700, consumed=86385.63 MMBTU (REVERSE)
00:57:19  INFO        [REVERSE NG] Found GT asset: NMD-Power Plant-2, plant: NMD - Power Plant 2, heat_rate: 4016.03, free_steam: 1.97
00:57:19  INFO        [REVERSE NG] NMD - Power Plant 2: gen_qty=8280000 KWH, heat_rate=4016.03, free_steam=1.9700, consumed=82651.39 MMBTU (REVERSE)
00:57:19  INFO        [REVERSE NG HRSG] Found HRSG: HRSG-2, supp_steam=29997.07 MT, free_steam=16311.60 MT, total_steam=46308.67 MT
00:57:19  INFO        [REVERSE NG HRSG] HRSG2_SHP STEAM: total_steam=46308.67 MT, norm=2.954424, consumed=136815.45 MMBTU (REVERSE, BPC method)
00:57:19  INFO        [REVERSE NG HRSG] Found HRSG: HRSG-3, supp_steam=28153.15 MT, free_steam=18155.52 MT, total_steam=46308.67 MT
00:57:19  INFO        [REVERSE NG HRSG] HRSG3_SHP STEAM: total_steam=46308.67 MT, norm=2.954424, consumed=136815.45 MMBTU (REVERSE, BPC method)
00:57:19  INFO      
00:57:19  INFO        ------------------------------------------------------------------------------------------
00:57:19  INFO        ITERATION 15
00:57:19  INFO        ------------------------------------------------------------------------------------------
00:57:19  INFO        Power:  Demand =    44409177.97 KWH  |  Gen =       26409.18 MWh  |  Surplus =     0.00  |  Deficit =     0.00
00:57:19  INFO        Steam:  Gen =       92617.34 MT  |  Surplus =     0.00  |  Deficit =     0.01
00:57:19  INFO        Power delta: 732.1384 MWh  |  Converged: NO
00:57:19  INFO      
00:57:19  INFO        Utility                                Total Demand      U4U Demand         Initial    Change %
00:57:19  INFO        -----------------------------------  --------------  --------------  --------------  ----------
00:57:19  INFO        Boiler Feed Water                         100881.22       100896.95            0.00     0.0355%
00:57:19  INFO        COMPRESSED AIR                           7097954.18      1013983.94      6084105.59    85.7208%
00:57:19  INFO        Cooling Water 1                            15194.00            0.00        15194.00   100.0000%
00:57:19  INFO        Cooling Water 2                            13098.32         4081.89         9016.31    68.8362%
00:57:19  INFO        D M Water                                 142514.09        86757.85        55787.00    39.0951%
00:57:19  INFO        HP Steam PRDS                               4972.00         4972.00            0.00     0.0000%
00:57:19  INFO        HP Steam_Dis                                4972.00            0.00         4972.00   100.0000%
00:57:19  INFO        HRSG2_SHP STEAM                            46301.28        46308.67            0.00     0.0349%
00:57:19  INFO        HRSG3_SHP STEAM                            46301.28        46308.67            0.00     0.0349%
00:57:19  INFO        LP Steam PRDS                              14353.46        14349.15            0.00     0.0168%
00:57:19  INFO        LP Steam_Dis                               39903.10        14627.78        25280.51    63.3247%
00:57:19  INFO        MP Steam PRDS SHP                          23184.18        23190.56            0.00     0.0006%
00:57:19  INFO        MP Steam_Dis                               25311.68        10765.10        14548.40    57.5045%
00:57:19  INFO        Nitrogen Gas                             5437630.00            0.00      5437630.00   100.0000% (PT)
00:57:19  INFO        Oxygen                                      5787.00            0.00         5787.00   100.0000%
00:57:19  INFO        POWERGEN                                26193808.71     26193378.14            0.00     0.0018%
00:57:19  INFO        Power_Dis                               44409177.97     15167434.30     29242067.20    65.8453%
00:57:19  INFO        SHP Steam_Dis                              92617.35        71641.64        20975.00    22.6629%
00:57:19  INFO        STG1_LP STEAM                              25561.61        25553.95            0.00     0.0168%
00:57:19  INFO        STG1_MP STEAM                               2120.54         2121.12            0.00     0.0006%
00:57:19  INFO        Water                                     748856.03       468410.55       280371.80    37.4464% (PT)
00:57:19  INFO      
00:57:19  INFO        U4U CONSUMPTION BREAKDOWN (per producer per material):
00:57:19  INFO        Producer                        Material Consumed                     Norm        Quantity  Credit
00:57:19  INFO        ------------------------------  ------------------------------  ----------  --------------  ------
00:57:19  INFO        Boiler Feed Water               CHEM CYCLO HEXY                   0.000100           10.09  
00:57:19  INFO        Boiler Feed Water               CHEM MORPHOLENE                   0.000002            0.20  
00:57:19  INFO        Boiler Feed Water               Cooling Water 2                   0.001070          107.94  
00:57:19  INFO        Boiler Feed Water               D M Water                         0.860000        86757.85  
00:57:19  INFO        Boiler Feed Water               KEM WATREAT B 70M                 0.000570           57.50  
00:57:19  INFO        Boiler Feed Water               LP Steam_Dis                      0.145000        14627.78  
00:57:19  INFO        Boiler Feed Water               Power_Dis                         9.500000       958371.59  
00:57:19  INFO        COMPRESSED AIR                  Cooling Water 2                   0.000025          177.45  
00:57:19  INFO        COMPRESSED AIR                  Power_Dis                         0.165000      1171162.44  
00:57:19  INFO        Cooling Water 1                 COMPRESSED AIR                    0.108592         1649.95  
00:57:19  INFO        Cooling Water 1                 Power_Dis                       244.999997      3722529.95  
00:57:19  INFO        Cooling Water 1                 SULPHURIC ACID                    0.000158            2.40  
00:57:19  INFO        Cooling Water 1                 Water                            11.050000       167893.70  
00:57:19  INFO        Cooling Water 2                 COMPRESSED AIR                    0.123044         1611.67  
00:57:19  INFO        Cooling Water 2                 Power_Dis                       249.999997      3274580.36  
00:57:19  INFO        Cooling Water 2                 SULPHURIC ACID                    0.000158            2.07  
00:57:19  INFO        Cooling Water 2                 Water                            11.500000       150630.70  
00:57:19  INFO        D M Water                       CAUSTIC SODA LYE – GRADE 1        0.000226           32.21  
00:57:19  INFO        D M Water                       CHEM  SODIUM SULPHITE;PN:MIS 1    0.000701           99.90  
00:57:19  INFO        D M Water                       CHEM ALUM.SULFATE, AL2(SO4)3,1    0.000757          107.88  
00:57:19  INFO        D M Water                       COMPRESSED AIR                    0.077000        10973.58  
00:57:19  INFO        D M Water                       HYDRO CHLORIC ACID (30%) -VIRG    0.000226           32.21  
00:57:19  INFO        D M Water                       POLYELECTROLYTE                   0.000578           82.37  
00:57:19  INFO        D M Water                       Power_Dis                         1.210000       172442.05  
00:57:19  INFO        D M Water                       Ret steam condensate              0.203000        28930.36  
00:57:19  INFO        D M Water                       SODIUM CHLORIDE IS 797 GRADE1     0.000010            1.43  
00:57:19  INFO        D M Water                       Water                             1.050000       149639.79  
00:57:19  INFO        HP Steam PRDS                   Boiler Feed Water                 0.076800          381.85  
00:57:19  INFO        HP Steam PRDS                   SHP Steam_Dis                     0.923200         4590.15  
00:57:19  INFO        HP Steam_Dis                    HP Steam PRDS                     1.000000         4972.00  
00:57:19  INFO        HRSG2_SHP STEAM                 Boiler Feed Water                 1.024000        47420.08  
00:57:19  INFO        HRSG2_SHP STEAM                 CHEM TRISODIUM PHOSPHATE          0.000900           41.68  
00:57:19  INFO        HRSG2_SHP STEAM                 COMPRESSED AIR                    9.853236       456290.25  
00:57:19  INFO        HRSG2_SHP STEAM                 FURNACE OIL ( MEDIUM VISCOSITY    0.000098            4.54  
00:57:19  INFO        HRSG2_SHP STEAM                 LP Steam_Dis                     -0.078000        -3612.08  YES
00:57:19  INFO        HRSG2_SHP STEAM                 NATURAL GAS                       2.954424       136815.45  
00:57:19  INFO        HRSG2_SHP STEAM                 Water                             0.002660          123.18  
00:57:19  INFO        HRSG3_SHP STEAM                 Boiler Feed Water                 1.024000        47420.08  
00:57:19  INFO        HRSG3_SHP STEAM                 CHEM TRISODIUM PHOSPHATE          0.000900           41.68  
00:57:19  INFO        HRSG3_SHP STEAM                 COMPRESSED AIR                    9.596520       444402.08  
00:57:19  INFO        HRSG3_SHP STEAM                 FURNACE OIL ( MEDIUM VISCOSITY    0.000098            4.54  
00:57:19  INFO        HRSG3_SHP STEAM                 LP Steam_Dis                     -0.078000        -3612.08  YES
00:57:19  INFO        HRSG3_SHP STEAM                 NATURAL GAS                       2.954424       136815.45  
00:57:19  INFO        HRSG3_SHP STEAM                 Water                             0.002660          123.18  
00:57:19  INFO        LP Steam PRDS                   Boiler Feed Water                 0.250000         3588.37  
00:57:19  INFO        LP Steam PRDS                   MP Steam_Dis                      0.750000        10765.10  
00:57:19  INFO        LP Steam_Dis                    LP Steam PRDS                     0.359600        14349.15  
00:57:19  INFO        LP Steam_Dis                    STG1_LP STEAM                     0.640400        25553.95  
00:57:19  INFO        MP Steam PRDS SHP               Boiler Feed Water                 0.090000         2086.58  
00:57:19  INFO        MP Steam PRDS SHP               SHP Steam_Dis                     0.910000        21097.60  
00:57:19  INFO        MP Steam_Dis                    MP Steam PRDS SHP                 0.916200        23190.56  
00:57:19  INFO        MP Steam_Dis                    STG1_MP STEAM                     0.083800         2121.12  
00:57:19  INFO        Oxygen                          Cooling Water 2                   0.261000         1510.41  
00:57:19  INFO        Oxygen                          Power_Dis                       968.650000      5605577.55  
00:57:19  INFO        POWERGEN                        COMPRESSED AIR                    0.004011        35750.76  
00:57:19  INFO        POWERGEN                        COMPRESSED AIR                    0.003420        31518.72  
00:57:19  INFO        POWERGEN                        COMPRESSED AIR                    0.003839        31786.92  
00:57:19  INFO        POWERGEN                        COMPRESSED AIR                    0.000000            0.00  
00:57:19  INFO        POWERGEN                        Cooling Water 2                   0.000232         2067.86  
00:57:19  INFO        POWERGEN                        Cooling Water 2                   0.000012          110.59  
00:57:19  INFO        POWERGEN                        Cooling Water 2                   0.000013          107.64  
00:57:19  INFO        POWERGEN                        Cooling Water 2                   0.000000            0.00  
00:57:19  INFO        POWERGEN                        NATURAL GAS                       0.009373        86385.63  
00:57:19  INFO        POWERGEN                        NATURAL GAS                       0.009982        82651.39  
00:57:19  INFO        POWERGEN                        NATURAL GAS                       0.009472            0.00  
00:57:19  INFO        POWERGEN                        Power_Dis                         0.002000        17826.36  
00:57:19  INFO        POWERGEN                        Power_Dis                         0.014000       129024.00  
00:57:19  INFO        POWERGEN                        Power_Dis                         0.014000       115920.00  
00:57:19  INFO        POWERGEN                        Power_Dis                         0.000000            0.00  
00:57:19  INFO        POWERGEN                        SHP Steam_Dis                     0.003615        32221.15  
00:57:19  INFO        Power_Dis                       POWERGEN                          0.186036      8261706.21  
00:57:19  INFO        Power_Dis                       POWERGEN                          0.196717      8736040.66  
00:57:19  INFO        Power_Dis                       POWERGEN                          0.207066      9195631.27  
00:57:19  INFO        Power_Dis                       Power from MEL                    0.410169     18000000.00  
00:57:19  INFO        SHP Steam_Dis                   HRSG2_SHP STEAM                   0.500000        46308.67  
00:57:19  INFO        SHP Steam_Dis                   HRSG3_SHP STEAM                   0.500000        46308.67  
00:57:19  INFO        STG1_LP STEAM                   SHP Steam_Dis                     0.480000        12269.57  
00:57:19  INFO        STG1_MP STEAM                   SHP Steam_Dis                     0.690000         1463.17  
00:57:19  INFO      
00:57:19  INFO        Not yet converged: 24 materials
00:57:19  INFO          Boiler Feed Water               change = 0.0156%
00:57:19  INFO          CAUSTIC SODA LYE – GRADE 1      change = 0.0498%
00:57:19  INFO          CHEM  SODIUM SULPHITE;PN:MIS 19OX  change = 0.0498%
00:57:19  INFO          CHEM ALUM.SULFATE, AL2(SO4)3,18H2O  change = 0.0498%
00:57:19  INFO          CHEM CYCLO HEXY                 change = 0.0355%
00:57:19  INFO          CHEM MORPHOLENE                 change = 0.0355%
00:57:19  INFO          CHEM TRISODIUM PHOSPHATE        change = 0.0160%
00:57:19  INFO          COMPRESSED AIR                  change = 0.0133%
00:57:19  INFO          D M Water                       change = 0.0355%
00:57:19  INFO          FURNACE OIL ( MEDIUM VISCOSITY GRADE )  change = 0.0160%
00:57:19  INFO          HRSG2_SHP STEAM                 change = 0.0160%
00:57:19  INFO          HRSG3_SHP STEAM                 change = 0.0160%
00:57:19  INFO          HYDRO CHLORIC ACID (30%) -VIRGIN  change = 0.0498%
00:57:19  INFO          KEM WATREAT B 70M               change = 0.0355%
00:57:19  INFO          LP Steam PRDS                   change = 0.0300%
00:57:19  INFO          LP Steam_Dis                    change = 0.0355%
00:57:19  INFO          MP Steam PRDS SHP               change = 0.0275%
00:57:19  INFO          MP Steam_Dis                    change = 0.0168%
00:57:19  INFO          POLYELECTROLYTE                 change = 0.0498%
00:57:19  INFO          Ret steam condensate            change = 0.0498%
00:57:19  INFO          SODIUM CHLORIDE IS 797 GRADE1   change = 0.0498%
00:57:19  INFO          STG1_LP STEAM                   change = 0.0300%
00:57:19  INFO          STG1_MP STEAM                   change = 0.0275%
00:57:19  INFO          Water                           change = 0.0157%
00:57:19  INFO        ------------------------------------------------------------------------------------------
00:57:20  INFO        [DISPATCH] Total demand: 44409.50 MWh, Import: 18000.00 MWh, Net for GT/STG: 26409.50 MWh
00:57:21  WARNING     [DISPATCH] No aux power norm for 'NMD-Power Plant-2'; using 0.0
00:57:21  WARNING     [DISPATCH] No aux power norm for 'NMD-Power Plant-3'; using 0.0
00:57:21  WARNING     [DISPATCH] No aux power norm for 'NMD-STG Power Plant'; using 0.0
00:57:21  INFO        ==============================================================================
00:57:21  INFO        POWER DISPATCH  (April 2025)
00:57:21  INFO        ==============================================================================
00:57:21  INFO        Demand:  Process = 44409.50 MWh  |  Fixed = 0.00 MWh  |  Total = 44409.50 MWh
00:57:21  INFO      
00:57:21  INFO        Asset                      Priority    Min MW    Max MW     Hours   Dispatched MW  Dispatched MWh    Load %  Free Steam MT  Aux Power MWh
00:57:21  INFO        -------------------------  --------  --------  --------  --------  --------------  --------------  --------  ------------  ------------
00:57:21  INFO        NMD-Power Plant-2                 1      5.00     11.50    720.00           11.50         8280.00    100.0%      16311.60          0.00
00:57:21  INFO        NMD-Power Plant-3                 1      5.00     12.80    720.00           12.80         9216.00    100.0%      18155.52          0.00
00:57:21  INFO        NMD-STG Power Plant               2      6.00     14.50    720.00           12.38         8913.50     85.4%          0.00          0.00
00:57:21  INFO        TOTAL                                                                                    26409.50                34467.12          0.00
00:57:21  INFO        DEFICIT: 18000.00 MWh under-generation
00:57:21  INFO        ==============================================================================
00:57:21  INFO        ==============================================================================
00:57:21  INFO        STEAM DISPATCH  (April 2025)
00:57:21  INFO        ==============================================================================
00:57:21  INFO        Grade      Process/Fixed MT  Letdown MT  Byproduct MT     Net Demand MT
00:57:21  INFO        ---------  ----------------  ----------  ------------  ----------------
00:57:21  INFO        MP                 25313.50    18985.12          0.00          25313.50
00:57:21  INFO        SHP                92616.64    85503.68          0.00          92616.64
00:57:21  INFO      
00:57:21  INFO        Total Free Steam available: 34467.12 MT
00:57:21  INFO      
00:57:21  INFO        FINAL SUPPLEMENTARY FIRING DISPATCH
00:57:21  INFO        Asset                      Priority     Min TPH     Max TPH     Hours  Dispatched TPH   Dispatched MT    Load %
00:57:21  INFO        -------------------------  --------  ----------  ----------  --------  --------------  --------------  --------
00:57:21  INFO        HRSG-1                          999       60.00      136.00      0.00            0.00            0.00      0.0%
00:57:21  INFO        HRSG-2                            1       37.34      113.34    720.00           41.66        29996.72     47.3%
00:57:21  INFO        HRSG-3                            1       34.78      110.78    720.00           39.10        28152.80     47.3%
00:57:21  INFO        TOTAL SUPPLEMENTARY                                                                          58149.52          
00:57:21  INFO        TOTAL STEAM GENERATED                                                                        92616.64          
00:57:21  INFO        SURPLUS: 0.00 MT
00:57:21  INFO        ==============================================================================
00:57:21  INFO        [REVERSE NG] Found GT asset: NMD-Power Plant-3, plant: NMD - Power Plant 3, heat_rate: 3862.56, free_steam: 1.97
00:57:21  INFO        [REVERSE NG] NMD - Power Plant 3: gen_qty=9216000 KWH, heat_rate=3862.56, free_steam=1.9700, consumed=86385.63 MMBTU (REVERSE)
00:57:21  INFO        [REVERSE NG] Found GT asset: NMD-Power Plant-2, plant: NMD - Power Plant 2, heat_rate: 4016.03, free_steam: 1.97
00:57:21  INFO        [REVERSE NG] NMD - Power Plant 2: gen_qty=8280000 KWH, heat_rate=4016.03, free_steam=1.9700, consumed=82651.39 MMBTU (REVERSE)
00:57:21  INFO        [REVERSE NG HRSG] Found HRSG: HRSG-2, supp_steam=29996.72 MT, free_steam=16311.60 MT, total_steam=46308.32 MT
00:57:21  INFO        [REVERSE NG HRSG] HRSG2_SHP STEAM: total_steam=46308.32 MT, norm=2.954424, consumed=136814.41 MMBTU (REVERSE, BPC method)
00:57:21  INFO        [REVERSE NG HRSG] Found HRSG: HRSG-3, supp_steam=28152.80 MT, free_steam=18155.52 MT, total_steam=46308.32 MT
00:57:21  INFO        [REVERSE NG HRSG] HRSG3_SHP STEAM: total_steam=46308.32 MT, norm=2.954424, consumed=136814.41 MMBTU (REVERSE, BPC method)
00:57:21  INFO      
00:57:21  INFO        ------------------------------------------------------------------------------------------
00:57:21  INFO        ITERATION 16
00:57:21  INFO        ------------------------------------------------------------------------------------------
00:57:21  INFO        Power:  Demand =    44409501.50 KWH  |  Gen =       26409.50 MWh  |  Surplus =     0.00  |  Deficit =     0.00
00:57:21  INFO        Steam:  Gen =       92616.64 MT  |  Surplus =     0.00  |  Deficit =     0.00
00:57:21  INFO        Power delta: 323.5350 MWh  |  Converged: NO
00:57:21  INFO      
00:57:21  INFO        Utility                                Total Demand      U4U Demand         Initial    Change %
00:57:21  INFO        -----------------------------------  --------------  --------------  --------------  ----------
00:57:21  INFO        Boiler Feed Water                         100896.95       100895.73            0.00     0.0156%
00:57:21  INFO        COMPRESSED AIR                           7098089.53      1013980.77      6084105.59    85.7166%
00:57:21  INFO        Cooling Water 1                            15194.00            0.00        15194.00   100.0000%
00:57:21  INFO        Cooling Water 2                            13098.20         4081.98         9016.31    68.8353%
00:57:21  INFO        D M Water                                 142544.85        86771.37        55787.00    39.1580%
00:57:21  INFO        HP Steam PRDS                               4972.00         4972.00            0.00     0.0000%
00:57:21  INFO        HP Steam_Dis                                4972.00            0.00         4972.00   100.0000%
00:57:21  INFO        HRSG2_SHP STEAM                            46308.67        46308.32            0.00     0.0160%
00:57:21  INFO        HRSG3_SHP STEAM                            46308.67        46308.32            0.00     0.0160%
00:57:21  INFO        LP Steam PRDS                              14349.15        14351.02            0.00     0.0300%
00:57:21  INFO        LP Steam_Dis                               39908.29        14630.06        25280.51    63.3595%
00:57:21  INFO        MP Steam PRDS SHP                          23190.56        23192.22            0.00     0.0275%
00:57:21  INFO        MP Steam_Dis                               25313.50        10761.87        14548.40    57.4801%
00:57:21  INFO        Nitrogen Gas                             5437630.00            0.00      5437630.00   100.0000% (PT)
00:57:21  INFO        Oxygen                                      5787.00            0.00         5787.00   100.0000%
00:57:21  INFO        POWERGEN                                26193378.14     26193566.88            0.00     0.0016%
00:57:21  INFO        Power_Dis                               44409501.50     15167613.13     29242067.20    65.8471%
00:57:21  INFO        SHP Steam_Dis                              92616.64        71645.33        20975.00    22.6464%
00:57:21  INFO        STG1_LP STEAM                              25553.95        25557.27            0.00     0.0300%
00:57:21  INFO        STG1_MP STEAM                               2121.12         2121.27            0.00     0.0275%
00:57:21  INFO        Water                                     748782.35       468441.44       280371.80    37.4339% (PT)
00:57:21  INFO      
00:57:21  INFO        U4U CONSUMPTION BREAKDOWN (per producer per material):
00:57:21  INFO        Producer                        Material Consumed                     Norm        Quantity  Credit
00:57:21  INFO        ------------------------------  ------------------------------  ----------  --------------  ------
00:57:21  INFO        Boiler Feed Water               CHEM CYCLO HEXY                   0.000100           10.09  
00:57:21  INFO        Boiler Feed Water               CHEM MORPHOLENE                   0.000002            0.20  
00:57:21  INFO        Boiler Feed Water               Cooling Water 2                   0.001070          107.96  
00:57:21  INFO        Boiler Feed Water               D M Water                         0.860000        86771.37  
00:57:21  INFO        Boiler Feed Water               KEM WATREAT B 70M                 0.000570           57.51  
00:57:21  INFO        Boiler Feed Water               LP Steam_Dis                      0.145000        14630.06  
00:57:21  INFO        Boiler Feed Water               Power_Dis                         9.500000       958521.00  
00:57:21  INFO        COMPRESSED AIR                  Cooling Water 2                   0.000025          177.45  
00:57:21  INFO        COMPRESSED AIR                  Power_Dis                         0.165000      1171184.77  
00:57:21  INFO        Cooling Water 1                 COMPRESSED AIR                    0.108592         1649.95  
00:57:21  INFO        Cooling Water 1                 Power_Dis                       244.999997      3722529.95  
00:57:21  INFO        Cooling Water 1                 SULPHURIC ACID                    0.000158            2.40  
00:57:21  INFO        Cooling Water 1                 Water                            11.050000       167893.70  
00:57:21  INFO        Cooling Water 2                 COMPRESSED AIR                    0.123044         1611.65  
00:57:21  INFO        Cooling Water 2                 Power_Dis                       249.999997      3274549.59  
00:57:21  INFO        Cooling Water 2                 SULPHURIC ACID                    0.000158            2.07  
00:57:21  INFO        Cooling Water 2                 Water                            11.500000       150629.28  
00:57:21  INFO        D M Water                       CAUSTIC SODA LYE – GRADE 1        0.000226           32.22  
00:57:21  INFO        D M Water                       CHEM  SODIUM SULPHITE;PN:MIS 1    0.000701           99.92  
00:57:21  INFO        D M Water                       CHEM ALUM.SULFATE, AL2(SO4)3,1    0.000757          107.91  
00:57:21  INFO        D M Water                       COMPRESSED AIR                    0.077000        10975.95  
00:57:21  INFO        D M Water                       HYDRO CHLORIC ACID (30%) -VIRG    0.000226           32.22  
00:57:21  INFO        D M Water                       POLYELECTROLYTE                   0.000578           82.39  
00:57:21  INFO        D M Water                       Power_Dis                         1.210000       172479.27  
00:57:21  INFO        D M Water                       Ret steam condensate              0.203000        28936.60  
00:57:21  INFO        D M Water                       SODIUM CHLORIDE IS 797 GRADE1     0.000010            1.43  
00:57:21  INFO        D M Water                       Water                             1.050000       149672.09  
00:57:21  INFO        HP Steam PRDS                   Boiler Feed Water                 0.076800          381.85  
00:57:21  INFO        HP Steam PRDS                   SHP Steam_Dis                     0.923200         4590.15  
00:57:21  INFO        HP Steam_Dis                    HP Steam PRDS                     1.000000         4972.00  
00:57:21  INFO        HRSG2_SHP STEAM                 Boiler Feed Water                 1.024000        47419.72  
00:57:21  INFO        HRSG2_SHP STEAM                 CHEM TRISODIUM PHOSPHATE          0.000900           41.68  
00:57:21  INFO        HRSG2_SHP STEAM                 COMPRESSED AIR                    9.853236       456286.81  
00:57:21  INFO        HRSG2_SHP STEAM                 FURNACE OIL ( MEDIUM VISCOSITY    0.000098            4.54  
00:57:21  INFO        HRSG2_SHP STEAM                 LP Steam_Dis                     -0.078000        -3612.05  YES
00:57:21  INFO        HRSG2_SHP STEAM                 NATURAL GAS                       2.954424       136814.41  
00:57:21  INFO        HRSG2_SHP STEAM                 Water                             0.002660          123.18  
00:57:21  INFO        HRSG3_SHP STEAM                 Boiler Feed Water                 1.024000        47419.72  
00:57:21  INFO        HRSG3_SHP STEAM                 CHEM TRISODIUM PHOSPHATE          0.000900           41.68  
00:57:21  INFO        HRSG3_SHP STEAM                 COMPRESSED AIR                    9.596520       444398.72  
00:57:21  INFO        HRSG3_SHP STEAM                 FURNACE OIL ( MEDIUM VISCOSITY    0.000098            4.54  
00:57:21  INFO        HRSG3_SHP STEAM                 LP Steam_Dis                     -0.078000        -3612.05  YES
00:57:21  INFO        HRSG3_SHP STEAM                 NATURAL GAS                       2.954424       136814.41  
00:57:21  INFO        HRSG3_SHP STEAM                 Water                             0.002660          123.18  
00:57:21  INFO        LP Steam PRDS                   Boiler Feed Water                 0.250000         3587.29  
00:57:21  INFO        LP Steam PRDS                   MP Steam_Dis                      0.750000        10761.87  
00:57:21  INFO        LP Steam_Dis                    LP Steam PRDS                     0.359600        14351.02  
00:57:21  INFO        LP Steam_Dis                    STG1_LP STEAM                     0.640400        25557.27  
00:57:21  INFO        MP Steam PRDS SHP               Boiler Feed Water                 0.090000         2087.15  
00:57:21  INFO        MP Steam PRDS SHP               SHP Steam_Dis                     0.910000        21103.41  
00:57:21  INFO        MP Steam_Dis                    MP Steam PRDS SHP                 0.916200        23192.22  
00:57:21  INFO        MP Steam_Dis                    STG1_MP STEAM                     0.083800         2121.27  
00:57:21  INFO        Oxygen                          Cooling Water 2                   0.261000         1510.41  
00:57:21  INFO        Oxygen                          Power_Dis                       968.650000      5605577.55  
00:57:21  INFO        POWERGEN                        COMPRESSED AIR                    0.004011        35752.05  
00:57:21  INFO        POWERGEN                        COMPRESSED AIR                    0.003420        31518.72  
00:57:21  INFO        POWERGEN                        COMPRESSED AIR                    0.003839        31786.92  
00:57:21  INFO        POWERGEN                        COMPRESSED AIR                    0.000000            0.00  
00:57:21  INFO        POWERGEN                        Cooling Water 2                   0.000232         2067.93  
00:57:21  INFO        POWERGEN                        Cooling Water 2                   0.000012          110.59  
00:57:21  INFO        POWERGEN                        Cooling Water 2                   0.000013          107.64  
00:57:21  INFO        POWERGEN                        Cooling Water 2                   0.000000            0.00  
00:57:21  INFO        POWERGEN                        NATURAL GAS                       0.009373        86385.63  
00:57:21  INFO        POWERGEN                        NATURAL GAS                       0.009982        82651.39  
00:57:21  INFO        POWERGEN                        NATURAL GAS                       0.009472            0.00  
00:57:21  INFO        POWERGEN                        Power_Dis                         0.002000        17827.00  
00:57:21  INFO        POWERGEN                        Power_Dis                         0.014000       129024.00  
00:57:21  INFO        POWERGEN                        Power_Dis                         0.014000       115920.00  
00:57:21  INFO        POWERGEN                        Power_Dis                         0.000000            0.00  
00:57:21  INFO        POWERGEN                        SHP Steam_Dis                     0.003615        32222.30  
00:57:21  INFO        Power_Dis                       POWERGEN                          0.186036      8261765.74  
00:57:21  INFO        Power_Dis                       POWERGEN                          0.196717      8736103.61  
00:57:21  INFO        Power_Dis                       POWERGEN                          0.207066      9195697.53  
00:57:21  INFO        Power_Dis                       Power from MEL                    0.410169     18000000.00  
00:57:21  INFO        SHP Steam_Dis                   HRSG2_SHP STEAM                   0.500000        46308.32  
00:57:21  INFO        SHP Steam_Dis                   HRSG3_SHP STEAM                   0.500000        46308.32  
00:57:21  INFO        STG1_LP STEAM                   SHP Steam_Dis                     0.480000        12265.89  
00:57:21  INFO        STG1_MP STEAM                   SHP Steam_Dis                     0.690000         1463.57  
00:57:21  INFO      
00:57:21  INFO        Not yet converged: 15 materials
00:57:21  INFO          CAUSTIC SODA LYE – GRADE 1      change = 0.0216%
00:57:21  INFO          CHEM  SODIUM SULPHITE;PN:MIS 19OX  change = 0.0216%
00:57:21  INFO          CHEM ALUM.SULFATE, AL2(SO4)3,18H2O  change = 0.0216%
00:57:21  INFO          CHEM CYCLO HEXY                 change = 0.0156%
00:57:21  INFO          CHEM MORPHOLENE                 change = 0.0156%
00:57:21  INFO          D M Water                       change = 0.0156%
00:57:21  INFO          HYDRO CHLORIC ACID (30%) -VIRGIN  change = 0.0216%
00:57:21  INFO          KEM WATREAT B 70M               change = 0.0156%
00:57:21  INFO          LP Steam PRDS                   change = 0.0130%
00:57:21  INFO          LP Steam_Dis                    change = 0.0156%
00:57:21  INFO          MP Steam_Dis                    change = 0.0300%
00:57:21  INFO          POLYELECTROLYTE                 change = 0.0216%
00:57:21  INFO          Ret steam condensate            change = 0.0216%
00:57:21  INFO          SODIUM CHLORIDE IS 797 GRADE1   change = 0.0216%
00:57:21  INFO          STG1_LP STEAM                   change = 0.0130%
00:57:21  INFO        ------------------------------------------------------------------------------------------
00:57:22  INFO        [DISPATCH] Total demand: 44409.68 MWh, Import: 18000.00 MWh, Net for GT/STG: 26409.68 MWh
00:57:22  WARNING     [DISPATCH] No aux power norm for 'NMD-Power Plant-2'; using 0.0
00:57:22  WARNING     [DISPATCH] No aux power norm for 'NMD-Power Plant-3'; using 0.0
00:57:22  WARNING     [DISPATCH] No aux power norm for 'NMD-STG Power Plant'; using 0.0
00:57:22  INFO        ==============================================================================
00:57:22  INFO        POWER DISPATCH  (April 2025)
00:57:22  INFO        ==============================================================================
00:57:22  INFO        Demand:  Process = 44409.68 MWh  |  Fixed = 0.00 MWh  |  Total = 44409.68 MWh
00:57:22  INFO      
00:57:22  INFO        Asset                      Priority    Min MW    Max MW     Hours   Dispatched MW  Dispatched MWh    Load %  Free Steam MT  Aux Power MWh
00:57:22  INFO        -------------------------  --------  --------  --------  --------  --------------  --------------  --------  ------------  ------------
00:57:22  INFO        NMD-Power Plant-2                 1      5.00     11.50    720.00           11.50         8280.00    100.0%      16311.60          0.00
00:57:22  INFO        NMD-Power Plant-3                 1      5.00     12.80    720.00           12.80         9216.00    100.0%      18155.52          0.00
00:57:22  INFO        NMD-STG Power Plant               2      6.00     14.50    720.00           12.38         8913.68     85.4%          0.00          0.00
00:57:22  INFO        TOTAL                                                                                    26409.68                34467.12          0.00
00:57:22  INFO        DEFICIT: 18000.00 MWh under-generation
00:57:22  INFO        ==============================================================================
00:57:22  INFO        ==============================================================================
00:57:22  INFO        STEAM DISPATCH  (April 2025)
00:57:22  INFO        ==============================================================================
00:57:22  INFO        Grade      Process/Fixed MT  Letdown MT  Byproduct MT     Net Demand MT
00:57:22  INFO        ---------  ----------------  ----------  ------------  ----------------
00:57:22  INFO        MP                 25310.27    18982.70          0.00          25310.27
00:57:22  INFO        SHP                92620.33    85507.09          0.00          92620.33
00:57:22  INFO      
00:57:22  INFO        Total Free Steam available: 34467.12 MT
00:57:22  INFO      
00:57:22  INFO        FINAL SUPPLEMENTARY FIRING DISPATCH
00:57:22  INFO        Asset                      Priority     Min TPH     Max TPH     Hours  Dispatched TPH   Dispatched MT    Load %
00:57:22  INFO        -------------------------  --------  ----------  ----------  --------  --------------  --------------  --------
00:57:22  INFO        HRSG-1                          999       60.00      136.00      0.00            0.00            0.00      0.0%
00:57:22  INFO        HRSG-2                            1       37.34      113.34    720.00           41.66        29998.57     47.3%
00:57:22  INFO        HRSG-3                            1       34.78      110.78    720.00           39.10        28154.65     47.3%
00:57:22  INFO        TOTAL SUPPLEMENTARY                                                                          58153.22          
00:57:22  INFO        TOTAL STEAM GENERATED                                                                        92620.34          
00:57:22  INFO        SURPLUS: 0.01 MT
00:57:22  INFO        ==============================================================================
00:57:22  INFO        [REVERSE NG] Found GT asset: NMD-Power Plant-3, plant: NMD - Power Plant 3, heat_rate: 3862.56, free_steam: 1.97
00:57:22  INFO        [REVERSE NG] NMD - Power Plant 3: gen_qty=9216000 KWH, heat_rate=3862.56, free_steam=1.9700, consumed=86385.63 MMBTU (REVERSE)
00:57:22  INFO        [REVERSE NG] Found GT asset: NMD-Power Plant-2, plant: NMD - Power Plant 2, heat_rate: 4016.03, free_steam: 1.97
00:57:22  INFO        [REVERSE NG] NMD - Power Plant 2: gen_qty=8280000 KWH, heat_rate=4016.03, free_steam=1.9700, consumed=82651.39 MMBTU (REVERSE)
00:57:22  INFO        [REVERSE NG HRSG] Found HRSG: HRSG-2, supp_steam=29998.57 MT, free_steam=16311.60 MT, total_steam=46310.17 MT
00:57:22  INFO        [REVERSE NG HRSG] HRSG2_SHP STEAM: total_steam=46310.17 MT, norm=2.954424, consumed=136819.88 MMBTU (REVERSE, BPC method)
00:57:22  INFO        [REVERSE NG HRSG] Found HRSG: HRSG-3, supp_steam=28154.65 MT, free_steam=18155.52 MT, total_steam=46310.17 MT
00:57:22  INFO        [REVERSE NG HRSG] HRSG3_SHP STEAM: total_steam=46310.17 MT, norm=2.954424, consumed=136819.88 MMBTU (REVERSE, BPC method)
00:57:22  INFO      
00:57:22  INFO        ------------------------------------------------------------------------------------------
00:57:22  INFO        ITERATION 17
00:57:22  INFO        ------------------------------------------------------------------------------------------
00:57:22  INFO        Power:  Demand =    44409680.33 KWH  |  Gen =       26409.68 MWh  |  Surplus =     0.00  |  Deficit =     0.00
00:57:22  INFO        Steam:  Gen =       92620.34 MT  |  Surplus =     0.01  |  Deficit =     0.00
00:57:22  INFO        Power delta: 178.8277 MWh  |  Converged: NO
00:57:22  INFO      
00:57:22  INFO        Utility                                Total Demand      U4U Demand         Initial    Change %
00:57:22  INFO        -----------------------------------  --------------  --------------  --------------  ----------
00:57:22  INFO        Boiler Feed Water                         100895.73       100900.13            0.00     0.0012%
00:57:22  INFO        COMPRESSED AIR                           7098086.36      1014018.53      6084105.59    85.7147%
00:57:22  INFO        Cooling Water 1                            15194.00            0.00        15194.00   100.0000%
00:57:22  INFO        Cooling Water 2                            13098.29         4082.02         9016.31    68.8365%
00:57:22  INFO        D M Water                                 142558.37        86770.33        55787.00    39.1422%
00:57:22  INFO        HP Steam PRDS                               4972.00         4972.00            0.00     0.0000%
00:57:22  INFO        HP Steam_Dis                                4972.00            0.00         4972.00   100.0000%
00:57:22  INFO        HRSG2_SHP STEAM                            46308.32        46310.17            0.00     0.0008%
00:57:22  INFO        HRSG3_SHP STEAM                            46308.32        46310.17            0.00     0.0008%
00:57:22  INFO        LP Steam PRDS                              14351.02        14351.84            0.00     0.0130%
00:57:22  INFO        LP Steam_Dis                               39910.57        14629.88        25280.51    63.3486%
00:57:22  INFO        MP Steam PRDS SHP                          23192.22        23189.27            0.00     0.0072%
00:57:22  INFO        MP Steam_Dis                               25310.27        10763.26        14548.40    57.4675%
00:57:22  INFO        Nitrogen Gas                             5437630.00            0.00      5437630.00   100.0000% (PT)
00:57:22  INFO        Oxygen                                      5787.00            0.00         5787.00   100.0000%
00:57:22  INFO        POWERGEN                                26193566.88     26193673.05            0.00     0.0007%
00:57:22  INFO        Power_Dis                               44409680.33     15167641.37     29242067.20    65.8466%
00:57:22  INFO        SHP Steam_Dis                              92620.33        71649.19        20975.00    22.6502%
00:57:22  INFO        STG1_LP STEAM                              25557.27        25558.73            0.00     0.0130%
00:57:22  INFO        STG1_MP STEAM                               2121.27         2121.00            0.00     0.0072%
00:57:22  INFO        Water                                     748813.24       468456.73       280371.80    37.4463% (PT)
00:57:22  INFO      
00:57:22  INFO        U4U CONSUMPTION BREAKDOWN (per producer per material):
00:57:22  INFO        Producer                        Material Consumed                     Norm        Quantity  Credit
00:57:22  INFO        ------------------------------  ------------------------------  ----------  --------------  ------
00:57:22  INFO        Boiler Feed Water               CHEM CYCLO HEXY                   0.000100           10.09  
00:57:22  INFO        Boiler Feed Water               CHEM MORPHOLENE                   0.000002            0.20  
00:57:22  INFO        Boiler Feed Water               Cooling Water 2                   0.001070          107.96  
00:57:22  INFO        Boiler Feed Water               D M Water                         0.860000        86770.33  
00:57:22  INFO        Boiler Feed Water               KEM WATREAT B 70M                 0.000570           57.51  
00:57:22  INFO        Boiler Feed Water               LP Steam_Dis                      0.145000        14629.88  
00:57:22  INFO        Boiler Feed Water               Power_Dis                         9.500000       958509.42  
00:57:22  INFO        COMPRESSED AIR                  Cooling Water 2                   0.000025          177.45  
00:57:22  INFO        COMPRESSED AIR                  Power_Dis                         0.165000      1171184.25  
00:57:22  INFO        Cooling Water 1                 COMPRESSED AIR                    0.108592         1649.95  
00:57:22  INFO        Cooling Water 1                 Power_Dis                       244.999997      3722529.95  
00:57:22  INFO        Cooling Water 1                 SULPHURIC ACID                    0.000158            2.40  
00:57:22  INFO        Cooling Water 1                 Water                            11.050000       167893.70  
00:57:22  INFO        Cooling Water 2                 COMPRESSED AIR                    0.123044         1611.67  
00:57:22  INFO        Cooling Water 2                 Power_Dis                       249.999997      3274573.20  
00:57:22  INFO        Cooling Water 2                 SULPHURIC ACID                    0.000158            2.07  
00:57:22  INFO        Cooling Water 2                 Water                            11.500000       150630.37  
00:57:22  INFO        D M Water                       CAUSTIC SODA LYE – GRADE 1        0.000226           32.22  
00:57:22  INFO        D M Water                       CHEM  SODIUM SULPHITE;PN:MIS 1    0.000701           99.93  
00:57:22  INFO        D M Water                       CHEM ALUM.SULFATE, AL2(SO4)3,1    0.000757          107.92  
00:57:22  INFO        D M Water                       COMPRESSED AIR                    0.077000        10976.99  
00:57:22  INFO        D M Water                       HYDRO CHLORIC ACID (30%) -VIRG    0.000226           32.22  
00:57:22  INFO        D M Water                       POLYELECTROLYTE                   0.000578           82.40  
00:57:22  INFO        D M Water                       Power_Dis                         1.210000       172495.63  
00:57:22  INFO        D M Water                       Ret steam condensate              0.203000        28939.35  
00:57:22  INFO        D M Water                       SODIUM CHLORIDE IS 797 GRADE1     0.000010            1.43  
00:57:22  INFO        D M Water                       Water                             1.050000       149686.29  
00:57:22  INFO        HP Steam PRDS                   Boiler Feed Water                 0.076800          381.85  
00:57:22  INFO        HP Steam PRDS                   SHP Steam_Dis                     0.923200         4590.15  
00:57:22  INFO        HP Steam_Dis                    HP Steam PRDS                     1.000000         4972.00  
00:57:22  INFO        HRSG2_SHP STEAM                 Boiler Feed Water                 1.024000        47421.61  
00:57:22  INFO        HRSG2_SHP STEAM                 CHEM TRISODIUM PHOSPHATE          0.000900           41.68  
00:57:22  INFO        HRSG2_SHP STEAM                 COMPRESSED AIR                    9.853236       456305.03  
00:57:22  INFO        HRSG2_SHP STEAM                 FURNACE OIL ( MEDIUM VISCOSITY    0.000098            4.54  
00:57:22  INFO        HRSG2_SHP STEAM                 LP Steam_Dis                     -0.078000        -3612.19  YES
00:57:22  INFO        HRSG2_SHP STEAM                 NATURAL GAS                       2.954424       136819.88  
00:57:22  INFO        HRSG2_SHP STEAM                 Water                             0.002660          123.19  
00:57:22  INFO        HRSG3_SHP STEAM                 Boiler Feed Water                 1.024000        47421.61  
00:57:22  INFO        HRSG3_SHP STEAM                 CHEM TRISODIUM PHOSPHATE          0.000900           41.68  
00:57:22  INFO        HRSG3_SHP STEAM                 COMPRESSED AIR                    9.596520       444416.47  
00:57:22  INFO        HRSG3_SHP STEAM                 FURNACE OIL ( MEDIUM VISCOSITY    0.000098            4.54  
00:57:22  INFO        HRSG3_SHP STEAM                 LP Steam_Dis                     -0.078000        -3612.19  YES
00:57:22  INFO        HRSG3_SHP STEAM                 NATURAL GAS                       2.954424       136819.88  
00:57:22  INFO        HRSG3_SHP STEAM                 Water                             0.002660          123.19  
00:57:22  INFO        LP Steam PRDS                   Boiler Feed Water                 0.250000         3587.75  
00:57:22  INFO        LP Steam PRDS                   MP Steam_Dis                      0.750000        10763.26  
00:57:22  INFO        LP Steam_Dis                    LP Steam PRDS                     0.359600        14351.84  
00:57:22  INFO        LP Steam_Dis                    STG1_LP STEAM                     0.640400        25558.73  
00:57:22  INFO        MP Steam PRDS SHP               Boiler Feed Water                 0.090000         2087.30  
00:57:22  INFO        MP Steam PRDS SHP               SHP Steam_Dis                     0.910000        21104.92  
00:57:22  INFO        MP Steam_Dis                    MP Steam PRDS SHP                 0.916200        23189.27  
00:57:22  INFO        MP Steam_Dis                    STG1_MP STEAM                     0.083800         2121.00  
00:57:22  INFO        Oxygen                          Cooling Water 2                   0.261000         1510.41  
00:57:22  INFO        Oxygen                          Power_Dis                       968.650000      5605577.55  
00:57:22  INFO        POWERGEN                        COMPRESSED AIR                    0.004011        35752.77  
00:57:22  INFO        POWERGEN                        COMPRESSED AIR                    0.003420        31518.72  
00:57:22  INFO        POWERGEN                        COMPRESSED AIR                    0.003839        31786.92  
00:57:22  INFO        POWERGEN                        COMPRESSED AIR                    0.000000            0.00  
00:57:22  INFO        POWERGEN                        Cooling Water 2                   0.000232         2067.97  
00:57:22  INFO        POWERGEN                        Cooling Water 2                   0.000012          110.59  
00:57:22  INFO        POWERGEN                        Cooling Water 2                   0.000013          107.64  
00:57:22  INFO        POWERGEN                        Cooling Water 2                   0.000000            0.00  
00:57:22  INFO        POWERGEN                        NATURAL GAS                       0.009373        86385.63  
00:57:22  INFO        POWERGEN                        NATURAL GAS                       0.009982        82651.39  
00:57:22  INFO        POWERGEN                        NATURAL GAS                       0.009472            0.00  
00:57:22  INFO        POWERGEN                        Power_Dis                         0.002000        17827.36  
00:57:22  INFO        POWERGEN                        Power_Dis                         0.014000       129024.00  
00:57:22  INFO        POWERGEN                        Power_Dis                         0.014000       115920.00  
00:57:22  INFO        POWERGEN                        Power_Dis                         0.000000            0.00  
00:57:22  INFO        POWERGEN                        SHP Steam_Dis                     0.003615        32222.95  
00:57:22  INFO        Power_Dis                       POWERGEN                          0.186036      8261799.23  
00:57:22  INFO        Power_Dis                       POWERGEN                          0.196717      8736139.02  
00:57:22  INFO        Power_Dis                       POWERGEN                          0.207066      9195734.80  
00:57:22  INFO        Power_Dis                       Power from MEL                    0.410169     18000000.00  
00:57:22  INFO        SHP Steam_Dis                   HRSG2_SHP STEAM                   0.500000        46310.17  
00:57:22  INFO        SHP Steam_Dis                   HRSG3_SHP STEAM                   0.500000        46310.17  
00:57:22  INFO        STG1_LP STEAM                   SHP Steam_Dis                     0.480000        12267.49  
00:57:22  INFO        STG1_MP STEAM                   SHP Steam_Dis                     0.690000         1463.68  
00:57:22  INFO      
00:57:22  INFO        Not yet converged: 3 materials
00:57:22  INFO          MP Steam PRDS SHP               change = 0.0128%
00:57:22  INFO          MP Steam_Dis                    change = 0.0130%
00:57:22  INFO          STG1_MP STEAM                   change = 0.0128%
00:57:22  INFO        ------------------------------------------------------------------------------------------
00:57:23  INFO        [DISPATCH] Total demand: 44409.71 MWh, Import: 18000.00 MWh, Net for GT/STG: 26409.71 MWh
00:57:23  WARNING     [DISPATCH] No aux power norm for 'NMD-Power Plant-2'; using 0.0
00:57:23  WARNING     [DISPATCH] No aux power norm for 'NMD-Power Plant-3'; using 0.0
00:57:23  WARNING     [DISPATCH] No aux power norm for 'NMD-STG Power Plant'; using 0.0
00:57:23  INFO        ==============================================================================
00:57:23  INFO        POWER DISPATCH  (April 2025)
00:57:23  INFO        ==============================================================================
00:57:23  INFO        Demand:  Process = 44409.71 MWh  |  Fixed = 0.00 MWh  |  Total = 44409.71 MWh
00:57:23  INFO      
00:57:23  INFO        Asset                      Priority    Min MW    Max MW     Hours   Dispatched MW  Dispatched MWh    Load %  Free Steam MT  Aux Power MWh
00:57:23  INFO        -------------------------  --------  --------  --------  --------  --------------  --------------  --------  ------------  ------------
00:57:23  INFO        NMD-Power Plant-2                 1      5.00     11.50    720.00           11.50         8280.00    100.0%      16311.60          0.00
00:57:23  INFO        NMD-Power Plant-3                 1      5.00     12.80    720.00           12.80         9216.00    100.0%      18155.52          0.00
00:57:23  INFO        NMD-STG Power Plant               2      6.00     14.50    720.00           12.38         8913.71     85.4%          0.00          0.00
00:57:23  INFO        TOTAL                                                                                    26409.71                34467.12          0.00
00:57:23  INFO        DEFICIT: 18000.00 MWh under-generation
00:57:23  INFO        ==============================================================================
00:57:24  INFO        ==============================================================================
00:57:24  INFO        STEAM DISPATCH  (April 2025)
00:57:24  INFO        ==============================================================================
00:57:24  INFO        Grade      Process/Fixed MT  Letdown MT  Byproduct MT     Net Demand MT
00:57:24  INFO        ---------  ----------------  ----------  ------------  ----------------
00:57:24  INFO        MP                 25311.66    18983.75          0.00          25311.66
00:57:24  INFO        SHP                92624.19    85510.65          0.00          92624.19
00:57:24  INFO      
00:57:24  INFO        Total Free Steam available: 34467.12 MT
00:57:24  INFO      
00:57:24  INFO        FINAL SUPPLEMENTARY FIRING DISPATCH
00:57:24  INFO        Asset                      Priority     Min TPH     Max TPH     Hours  Dispatched TPH   Dispatched MT    Load %
00:57:24  INFO        -------------------------  --------  ----------  ----------  --------  --------------  --------------  --------
00:57:24  INFO        HRSG-1                          999       60.00      136.00      0.00            0.00            0.00      0.0%
00:57:24  INFO        HRSG-2                            1       37.34      113.34    720.00           41.67        30000.50     47.3%
00:57:24  INFO        HRSG-3                            1       34.78      110.78    720.00           39.11        28156.58     47.3%
00:57:24  INFO        TOTAL SUPPLEMENTARY                                                                          58157.08          
00:57:24  INFO        TOTAL STEAM GENERATED                                                                        92624.20          
00:57:24  INFO        SURPLUS: 0.01 MT
00:57:24  INFO        ==============================================================================
00:57:24  INFO        [REVERSE NG] Found GT asset: NMD-Power Plant-3, plant: NMD - Power Plant 3, heat_rate: 3862.56, free_steam: 1.97
00:57:24  INFO        [REVERSE NG] NMD - Power Plant 3: gen_qty=9216000 KWH, heat_rate=3862.56, free_steam=1.9700, consumed=86385.63 MMBTU (REVERSE)
00:57:24  INFO        [REVERSE NG] Found GT asset: NMD-Power Plant-2, plant: NMD - Power Plant 2, heat_rate: 4016.03, free_steam: 1.97
00:57:24  INFO        [REVERSE NG] NMD - Power Plant 2: gen_qty=8280000 KWH, heat_rate=4016.03, free_steam=1.9700, consumed=82651.39 MMBTU (REVERSE)
00:57:24  INFO        [REVERSE NG HRSG] Found HRSG: HRSG-2, supp_steam=30000.50 MT, free_steam=16311.60 MT, total_steam=46312.10 MT
00:57:24  INFO        [REVERSE NG HRSG] HRSG2_SHP STEAM: total_steam=46312.10 MT, norm=2.954424, consumed=136825.58 MMBTU (REVERSE, BPC method)
00:57:24  INFO        [REVERSE NG HRSG] Found HRSG: HRSG-3, supp_steam=28156.58 MT, free_steam=18155.52 MT, total_steam=46312.10 MT
00:57:24  INFO        [REVERSE NG HRSG] HRSG3_SHP STEAM: total_steam=46312.10 MT, norm=2.954424, consumed=136825.58 MMBTU (REVERSE, BPC method)
00:57:24  INFO      
00:57:24  INFO        ------------------------------------------------------------------------------------------
00:57:24  INFO        ITERATION 18
00:57:24  INFO        ------------------------------------------------------------------------------------------
00:57:24  INFO        Power:  Demand =    44409708.57 KWH  |  Gen =       26409.71 MWh  |  Surplus =     0.00  |  Deficit =     0.00
00:57:24  INFO        Steam:  Gen =       92624.20 MT  |  Surplus =     0.01  |  Deficit =     0.00
00:57:24  INFO        Power delta: 28.2383 MWh  |  Converged: NO
00:57:24  INFO      
00:57:24  INFO        Utility                                Total Demand      U4U Demand         Initial    Change %
00:57:24  INFO        -----------------------------------  --------------  --------------  --------------  ----------
00:57:24  INFO        Boiler Feed Water                         100900.13       100904.02            0.00     0.0044%
00:57:24  INFO        COMPRESSED AIR                           7098124.12      1014056.11      6084105.59    85.7148%
00:57:24  INFO        Cooling Water 1                            15194.00            0.00        15194.00   100.0000%
00:57:24  INFO        Cooling Water 2                            13098.33         4082.04         9016.31    68.8359%
00:57:24  INFO        D M Water                                 142557.33        86774.11        55787.00    39.1323%
00:57:24  INFO        HP Steam PRDS                               4972.00         4972.00            0.00     0.0000%
00:57:24  INFO        HP Steam_Dis                                4972.00            0.00         4972.00   100.0000%
00:57:24  INFO        HRSG2_SHP STEAM                            46310.17        46312.10            0.00     0.0040%
00:57:24  INFO        HRSG3_SHP STEAM                            46310.17        46312.10            0.00     0.0040%
00:57:24  INFO        LP Steam PRDS                              14351.84        14351.78            0.00     0.0057%
00:57:24  INFO        LP Steam_Dis                               39910.39        14630.52        25280.51    63.3427%
00:57:24  INFO        MP Steam PRDS SHP                          23189.27        23190.55            0.00     0.0128%
00:57:24  INFO        MP Steam_Dis                               25311.66        10763.88        14548.40    57.4826%
00:57:24  INFO        Nitrogen Gas                             5437630.00            0.00      5437630.00   100.0000% (PT)
00:57:24  INFO        Oxygen                                      5787.00            0.00         5787.00   100.0000%
00:57:24  INFO        POWERGEN                                26193673.05     26193690.74            0.00     0.0004%
00:57:24  INFO        Power_Dis                               44409708.57     15167698.33     29242067.20    65.8462%
00:57:24  INFO        SHP Steam_Dis                              92624.19        71647.12        20975.00    22.6494%
00:57:24  INFO        STG1_LP STEAM                              25558.73        25558.61            0.00     0.0057%
00:57:24  INFO        STG1_MP STEAM                               2121.00         2121.12            0.00     0.0128%
00:57:24  INFO        Water                                     748828.53       468456.11       280371.80    37.4434% (PT)
00:57:24  INFO      
00:57:24  INFO        U4U CONSUMPTION BREAKDOWN (per producer per material):
00:57:24  INFO        Producer                        Material Consumed                     Norm        Quantity  Credit
00:57:24  INFO        ------------------------------  ------------------------------  ----------  --------------  ------
00:57:24  INFO        Boiler Feed Water               CHEM CYCLO HEXY                   0.000100           10.09  
00:57:24  INFO        Boiler Feed Water               CHEM MORPHOLENE                   0.000002            0.20  
00:57:24  INFO        Boiler Feed Water               Cooling Water 2                   0.001070          107.96  
00:57:24  INFO        Boiler Feed Water               D M Water                         0.860000        86774.11  
00:57:24  INFO        Boiler Feed Water               KEM WATREAT B 70M                 0.000570           57.51  
00:57:24  INFO        Boiler Feed Water               LP Steam_Dis                      0.145000        14630.52  
00:57:24  INFO        Boiler Feed Water               Power_Dis                         9.500000       958551.26  
00:57:24  INFO        COMPRESSED AIR                  Cooling Water 2                   0.000025          177.45  
00:57:24  INFO        COMPRESSED AIR                  Power_Dis                         0.165000      1171190.48  
00:57:24  INFO        Cooling Water 1                 COMPRESSED AIR                    0.108592         1649.95  
00:57:24  INFO        Cooling Water 1                 Power_Dis                       244.999997      3722529.95  
00:57:24  INFO        Cooling Water 1                 SULPHURIC ACID                    0.000158            2.40  
00:57:24  INFO        Cooling Water 1                 Water                            11.050000       167893.70  
00:57:24  INFO        Cooling Water 2                 COMPRESSED AIR                    0.123044         1611.67  
00:57:24  INFO        Cooling Water 2                 Power_Dis                       249.999997      3274583.30  
00:57:24  INFO        Cooling Water 2                 SULPHURIC ACID                    0.000158            2.07  
00:57:24  INFO        Cooling Water 2                 Water                            11.500000       150630.83  
00:57:24  INFO        D M Water                       CAUSTIC SODA LYE – GRADE 1        0.000226           32.22  
00:57:24  INFO        D M Water                       CHEM  SODIUM SULPHITE;PN:MIS 1    0.000701           99.93  
00:57:24  INFO        D M Water                       CHEM ALUM.SULFATE, AL2(SO4)3,1    0.000757          107.92  
00:57:24  INFO        D M Water                       COMPRESSED AIR                    0.077000        10976.91  
00:57:24  INFO        D M Water                       HYDRO CHLORIC ACID (30%) -VIRG    0.000226           32.22  
00:57:24  INFO        D M Water                       POLYELECTROLYTE                   0.000578           82.40  
00:57:24  INFO        D M Water                       Power_Dis                         1.210000       172494.36  
00:57:24  INFO        D M Water                       Ret steam condensate              0.203000        28939.14  
00:57:24  INFO        D M Water                       SODIUM CHLORIDE IS 797 GRADE1     0.000010            1.43  
00:57:24  INFO        D M Water                       Water                             1.050000       149685.19  
00:57:24  INFO        HP Steam PRDS                   Boiler Feed Water                 0.076800          381.85  
00:57:24  INFO        HP Steam PRDS                   SHP Steam_Dis                     0.923200         4590.15  
00:57:24  INFO        HP Steam_Dis                    HP Steam PRDS                     1.000000         4972.00  
00:57:24  INFO        HRSG2_SHP STEAM                 Boiler Feed Water                 1.024000        47423.59  
00:57:24  INFO        HRSG2_SHP STEAM                 CHEM TRISODIUM PHOSPHATE          0.000900           41.68  
00:57:24  INFO        HRSG2_SHP STEAM                 COMPRESSED AIR                    9.853236       456324.05  
00:57:24  INFO        HRSG2_SHP STEAM                 FURNACE OIL ( MEDIUM VISCOSITY    0.000098            4.54  
00:57:24  INFO        HRSG2_SHP STEAM                 LP Steam_Dis                     -0.078000        -3612.34  YES
00:57:24  INFO        HRSG2_SHP STEAM                 NATURAL GAS                       2.954424       136825.58  
00:57:24  INFO        HRSG2_SHP STEAM                 Water                             0.002660          123.19  
00:57:24  INFO        HRSG3_SHP STEAM                 Boiler Feed Water                 1.024000        47423.59  
00:57:24  INFO        HRSG3_SHP STEAM                 CHEM TRISODIUM PHOSPHATE          0.000900           41.68  
00:57:24  INFO        HRSG3_SHP STEAM                 COMPRESSED AIR                    9.596520       444434.99  
00:57:24  INFO        HRSG3_SHP STEAM                 FURNACE OIL ( MEDIUM VISCOSITY    0.000098            4.54  
00:57:24  INFO        HRSG3_SHP STEAM                 LP Steam_Dis                     -0.078000        -3612.34  YES
00:57:24  INFO        HRSG3_SHP STEAM                 NATURAL GAS                       2.954424       136825.58  
00:57:24  INFO        HRSG3_SHP STEAM                 Water                             0.002660          123.19  
00:57:24  INFO        LP Steam PRDS                   Boiler Feed Water                 0.250000         3587.96  
00:57:24  INFO        LP Steam PRDS                   MP Steam_Dis                      0.750000        10763.88  
00:57:24  INFO        LP Steam_Dis                    LP Steam PRDS                     0.359600        14351.78  
00:57:24  INFO        LP Steam_Dis                    STG1_LP STEAM                     0.640400        25558.61  
00:57:24  INFO        MP Steam PRDS SHP               Boiler Feed Water                 0.090000         2087.03  
00:57:24  INFO        MP Steam PRDS SHP               SHP Steam_Dis                     0.910000        21102.23  
00:57:24  INFO        MP Steam_Dis                    MP Steam PRDS SHP                 0.916200        23190.55  
00:57:24  INFO        MP Steam_Dis                    STG1_MP STEAM                     0.083800         2121.12  
00:57:24  INFO        Oxygen                          Cooling Water 2                   0.261000         1510.41  
00:57:24  INFO        Oxygen                          Power_Dis                       968.650000      5605577.55  
00:57:24  INFO        POWERGEN                        COMPRESSED AIR                    0.004011        35752.89  
00:57:24  INFO        POWERGEN                        COMPRESSED AIR                    0.003420        31518.72  
00:57:24  INFO        POWERGEN                        COMPRESSED AIR                    0.003839        31786.92  
00:57:24  INFO        POWERGEN                        COMPRESSED AIR                    0.000000            0.00  
00:57:24  INFO        POWERGEN                        Cooling Water 2                   0.000232         2067.98  
00:57:24  INFO        POWERGEN                        Cooling Water 2                   0.000012          110.59  
00:57:24  INFO        POWERGEN                        Cooling Water 2                   0.000013          107.64  
00:57:24  INFO        POWERGEN                        Cooling Water 2                   0.000000            0.00  
00:57:24  INFO        POWERGEN                        NATURAL GAS                       0.009373        86385.63  
00:57:24  INFO        POWERGEN                        NATURAL GAS                       0.009982        82651.39  
00:57:24  INFO        POWERGEN                        NATURAL GAS                       0.009472            0.00  
00:57:24  INFO        POWERGEN                        Power_Dis                         0.002000        17827.42  
00:57:24  INFO        POWERGEN                        Power_Dis                         0.014000       129024.00  
00:57:24  INFO        POWERGEN                        Power_Dis                         0.014000       115920.00  
00:57:24  INFO        POWERGEN                        Power_Dis                         0.000000            0.00  
00:57:24  INFO        POWERGEN                        SHP Steam_Dis                     0.003615        32223.06  
00:57:24  INFO        Power_Dis                       POWERGEN                          0.186036      8261804.81  
00:57:24  INFO        Power_Dis                       POWERGEN                          0.196717      8736144.92  
00:57:24  INFO        Power_Dis                       POWERGEN                          0.207066      9195741.01  
00:57:24  INFO        Power_Dis                       Power from MEL                    0.410169     18000000.00  
00:57:24  INFO        SHP Steam_Dis                   HRSG2_SHP STEAM                   0.500000        46312.10  
00:57:24  INFO        SHP Steam_Dis                   HRSG3_SHP STEAM                   0.500000        46312.10  
00:57:24  INFO        STG1_LP STEAM                   SHP Steam_Dis                     0.480000        12268.19  
00:57:24  INFO        STG1_MP STEAM                   SHP Steam_Dis                     0.690000         1463.49  
00:57:24  INFO      
00:57:24  INFO        All U4U materials converged within tolerance
00:57:24  INFO        ------------------------------------------------------------------------------------------
00:57:25  INFO        [DISPATCH] Total demand: 44409.77 MWh, Import: 18000.00 MWh, Net for GT/STG: 26409.77 MWh
00:57:25  WARNING     [DISPATCH] No aux power norm for 'NMD-Power Plant-2'; using 0.0
00:57:25  WARNING     [DISPATCH] No aux power norm for 'NMD-Power Plant-3'; using 0.0
00:57:25  WARNING     [DISPATCH] No aux power norm for 'NMD-STG Power Plant'; using 0.0
00:57:25  INFO        ==============================================================================
00:57:25  INFO        POWER DISPATCH  (April 2025)
00:57:25  INFO        ==============================================================================
00:57:25  INFO        Demand:  Process = 44409.77 MWh  |  Fixed = 0.00 MWh  |  Total = 44409.77 MWh
00:57:25  INFO      
00:57:25  INFO        Asset                      Priority    Min MW    Max MW     Hours   Dispatched MW  Dispatched MWh    Load %  Free Steam MT  Aux Power MWh
00:57:25  INFO        -------------------------  --------  --------  --------  --------  --------------  --------------  --------  ------------  ------------
00:57:25  INFO        NMD-Power Plant-2                 1      5.00     11.50    720.00           11.50         8280.00    100.0%      16311.60          0.00
00:57:25  INFO        NMD-Power Plant-3                 1      5.00     12.80    720.00           12.80         9216.00    100.0%      18155.52          0.00
00:57:25  INFO        NMD-STG Power Plant               2      6.00     14.50    720.00           12.38         8913.77     85.4%          0.00          0.00
00:57:25  INFO        TOTAL                                                                                    26409.77                34467.12          0.00
00:57:25  INFO        DEFICIT: 18000.00 MWh under-generation
00:57:25  INFO        ==============================================================================
00:57:25  INFO        ==============================================================================
00:57:25  INFO        STEAM DISPATCH  (April 2025)
00:57:25  INFO        ==============================================================================
00:57:25  INFO        Grade      Process/Fixed MT  Letdown MT  Byproduct MT     Net Demand MT
00:57:25  INFO        ---------  ----------------  ----------  ------------  ----------------
00:57:25  INFO        MP                 25312.28    18984.21          0.00          25312.28
00:57:25  INFO        SHP                92622.12    85508.74          0.00          92622.12
00:57:25  INFO      
00:57:25  INFO        Total Free Steam available: 34467.12 MT
00:57:25  INFO      
00:57:25  INFO        FINAL SUPPLEMENTARY FIRING DISPATCH
00:57:25  INFO        Asset                      Priority     Min TPH     Max TPH     Hours  Dispatched TPH   Dispatched MT    Load %
00:57:25  INFO        -------------------------  --------  ----------  ----------  --------  --------------  --------------  --------
00:57:25  INFO        HRSG-1                          999       60.00      136.00      0.00            0.00            0.00      0.0%
00:57:25  INFO        HRSG-2                            1       37.34      113.34    720.00           41.67        29999.46     47.3%
00:57:25  INFO        HRSG-3                            1       34.78      110.78    720.00           39.10        28155.54     47.3%
00:57:25  INFO        TOTAL SUPPLEMENTARY                                                                          58155.00          
00:57:25  INFO        TOTAL STEAM GENERATED                                                                        92622.12          
00:57:25  INFO        Demand met
00:57:25  INFO        ==============================================================================
00:57:25  INFO        [REVERSE NG] Found GT asset: NMD-Power Plant-3, plant: NMD - Power Plant 3, heat_rate: 3862.56, free_steam: 1.97
00:57:25  INFO        [REVERSE NG] NMD - Power Plant 3: gen_qty=9216000 KWH, heat_rate=3862.56, free_steam=1.9700, consumed=86385.63 MMBTU (REVERSE)
00:57:25  INFO        [REVERSE NG] Found GT asset: NMD-Power Plant-2, plant: NMD - Power Plant 2, heat_rate: 4016.03, free_steam: 1.97
00:57:25  INFO        [REVERSE NG] NMD - Power Plant 2: gen_qty=8280000 KWH, heat_rate=4016.03, free_steam=1.9700, consumed=82651.39 MMBTU (REVERSE)
00:57:25  INFO        [REVERSE NG HRSG] Found HRSG: HRSG-2, supp_steam=29999.46 MT, free_steam=16311.60 MT, total_steam=46311.06 MT
00:57:25  INFO        [REVERSE NG HRSG] HRSG2_SHP STEAM: total_steam=46311.06 MT, norm=2.954424, consumed=136822.51 MMBTU (REVERSE, BPC method)
00:57:25  INFO        [REVERSE NG HRSG] Found HRSG: HRSG-3, supp_steam=28155.54 MT, free_steam=18155.52 MT, total_steam=46311.06 MT
00:57:25  INFO        [REVERSE NG HRSG] HRSG3_SHP STEAM: total_steam=46311.06 MT, norm=2.954424, consumed=136822.51 MMBTU (REVERSE, BPC method)
00:57:25  INFO      
00:57:25  INFO        ------------------------------------------------------------------------------------------
00:57:25  INFO        ITERATION 19
00:57:25  INFO        ------------------------------------------------------------------------------------------
00:57:25  INFO        Power:  Demand =    44409765.53 KWH  |  Gen =       26409.77 MWh  |  Surplus =     0.00  |  Deficit =     0.00
00:57:25  INFO        Steam:  Gen =       92622.12 MT  |  Surplus =     0.00  |  Deficit =     0.00
00:57:25  INFO        Power delta: 56.9594 MWh  |  Converged: NO
00:57:25  INFO      
00:57:25  INFO        Utility                                Total Demand      U4U Demand         Initial    Change %
00:57:25  INFO        -----------------------------------  --------------  --------------  --------------  ----------
00:57:25  INFO        Boiler Feed Water                         100904.02       100901.99            0.00     0.0039%
00:57:25  INFO        COMPRESSED AIR                           7098161.70      1014036.41      6084105.59    85.7144%
00:57:25  INFO        Cooling Water 1                            15194.00            0.00        15194.00   100.0000%
00:57:25  INFO        Cooling Water 2                            13098.35         4082.05         9016.31    68.8356%
00:57:25  INFO        D M Water                                 142561.11        86777.46        55787.00    39.1346%
00:57:25  INFO        HP Steam PRDS                               4972.00         4972.00            0.00     0.0000%
00:57:25  INFO        HP Steam_Dis                                4972.00            0.00         4972.00   100.0000%
00:57:25  INFO        HRSG2_SHP STEAM                            46312.10        46311.06            0.00     0.0042%
00:57:25  INFO        HRSG3_SHP STEAM                            46312.10        46311.06            0.00     0.0042%
00:57:25  INFO        LP Steam PRDS                              14351.78        14352.01            0.00     0.0004%
00:57:25  INFO        LP Steam_Dis                               39911.03        14631.08        25280.51    63.3438%
00:57:25  INFO        MP Steam PRDS SHP                          23190.55        23191.11            0.00     0.0055%
00:57:25  INFO        MP Steam_Dis                               25312.28        10763.83        14548.40    57.4781%
00:57:25  INFO        Nitrogen Gas                             5437630.00            0.00      5437630.00   100.0000% (PT)
00:57:25  INFO        Oxygen                                      5787.00            0.00         5787.00   100.0000%
00:57:25  INFO        POWERGEN                                26193690.74     26193726.13            0.00     0.0001%
00:57:25  INFO        Power_Dis                               44409765.53     15167749.36     29242067.20    65.8462%
00:57:25  INFO        SHP Steam_Dis                              92622.12        71648.53        20975.00    22.6435%
00:57:25  INFO        STG1_LP STEAM                              25558.61        25559.02            0.00     0.0004%
00:57:25  INFO        STG1_MP STEAM                               2121.12         2121.17            0.00     0.0055%
00:57:25  INFO        Water                                     748827.91       468460.22       280371.80    37.4413% (PT)
00:57:25  INFO      
00:57:25  INFO        U4U CONSUMPTION BREAKDOWN (per producer per material):
00:57:25  INFO        Producer                        Material Consumed                     Norm        Quantity  Credit
00:57:25  INFO        ------------------------------  ------------------------------  ----------  --------------  ------
00:57:25  INFO        Boiler Feed Water               CHEM CYCLO HEXY                   0.000100           10.09  
00:57:25  INFO        Boiler Feed Water               CHEM MORPHOLENE                   0.000002            0.20  
00:57:25  INFO        Boiler Feed Water               Cooling Water 2                   0.001070          107.97  
00:57:25  INFO        Boiler Feed Water               D M Water                         0.860000        86777.46  
00:57:25  INFO        Boiler Feed Water               KEM WATREAT B 70M                 0.000570           57.52  
00:57:25  INFO        Boiler Feed Water               LP Steam_Dis                      0.145000        14631.08  
00:57:25  INFO        Boiler Feed Water               Power_Dis                         9.500000       958588.23  
00:57:25  INFO        COMPRESSED AIR                  Cooling Water 2                   0.000025          177.45  
00:57:25  INFO        COMPRESSED AIR                  Power_Dis                         0.165000      1171196.68  
00:57:25  INFO        Cooling Water 1                 COMPRESSED AIR                    0.108592         1649.95  
00:57:25  INFO        Cooling Water 1                 Power_Dis                       244.999997      3722529.95  
00:57:25  INFO        Cooling Water 1                 SULPHURIC ACID                    0.000158            2.40  
00:57:25  INFO        Cooling Water 1                 Water                            11.050000       167893.70  
00:57:25  INFO        Cooling Water 2                 COMPRESSED AIR                    0.123044         1611.67  
00:57:25  INFO        Cooling Water 2                 Power_Dis                       249.999997      3274586.45  
00:57:25  INFO        Cooling Water 2                 SULPHURIC ACID                    0.000158            2.07  
00:57:25  INFO        Cooling Water 2                 Water                            11.500000       150630.98  
00:57:25  INFO        D M Water                       CAUSTIC SODA LYE – GRADE 1        0.000226           32.22  
00:57:25  INFO        D M Water                       CHEM  SODIUM SULPHITE;PN:MIS 1    0.000701           99.94  
00:57:25  INFO        D M Water                       CHEM ALUM.SULFATE, AL2(SO4)3,1    0.000757          107.92  
00:57:25  INFO        D M Water                       COMPRESSED AIR                    0.077000        10977.21  
00:57:25  INFO        D M Water                       HYDRO CHLORIC ACID (30%) -VIRG    0.000226           32.22  
00:57:25  INFO        D M Water                       POLYELECTROLYTE                   0.000578           82.40  
00:57:25  INFO        D M Water                       Power_Dis                         1.210000       172498.95  
00:57:25  INFO        D M Water                       Ret steam condensate              0.203000        28939.91  
00:57:25  INFO        D M Water                       SODIUM CHLORIDE IS 797 GRADE1     0.000010            1.43  
00:57:25  INFO        D M Water                       Water                             1.050000       149689.17  
00:57:25  INFO        HP Steam PRDS                   Boiler Feed Water                 0.076800          381.85  
00:57:25  INFO        HP Steam PRDS                   SHP Steam_Dis                     0.923200         4590.15  
00:57:25  INFO        HP Steam_Dis                    HP Steam PRDS                     1.000000         4972.00  
00:57:25  INFO        HRSG2_SHP STEAM                 Boiler Feed Water                 1.024000        47422.53  
00:57:25  INFO        HRSG2_SHP STEAM                 CHEM TRISODIUM PHOSPHATE          0.000900           41.68  
00:57:25  INFO        HRSG2_SHP STEAM                 COMPRESSED AIR                    9.853236       456313.80  
00:57:25  INFO        HRSG2_SHP STEAM                 FURNACE OIL ( MEDIUM VISCOSITY    0.000098            4.54  
00:57:25  INFO        HRSG2_SHP STEAM                 LP Steam_Dis                     -0.078000        -3612.26  YES
00:57:25  INFO        HRSG2_SHP STEAM                 NATURAL GAS                       2.954424       136822.51  
00:57:25  INFO        HRSG2_SHP STEAM                 Water                             0.002660          123.19  
00:57:25  INFO        HRSG3_SHP STEAM                 Boiler Feed Water                 1.024000        47422.53  
00:57:25  INFO        HRSG3_SHP STEAM                 CHEM TRISODIUM PHOSPHATE          0.000900           41.68  
00:57:25  INFO        HRSG3_SHP STEAM                 COMPRESSED AIR                    9.596520       444425.01  
00:57:25  INFO        HRSG3_SHP STEAM                 FURNACE OIL ( MEDIUM VISCOSITY    0.000098            4.54  
00:57:25  INFO        HRSG3_SHP STEAM                 LP Steam_Dis                     -0.078000        -3612.26  YES
00:57:25  INFO        HRSG3_SHP STEAM                 NATURAL GAS                       2.954424       136822.51  
00:57:25  INFO        HRSG3_SHP STEAM                 Water                             0.002660          123.19  
00:57:25  INFO        LP Steam PRDS                   Boiler Feed Water                 0.250000         3587.94  
00:57:25  INFO        LP Steam PRDS                   MP Steam_Dis                      0.750000        10763.83  
00:57:25  INFO        LP Steam_Dis                    LP Steam PRDS                     0.359600        14352.01  
00:57:25  INFO        LP Steam_Dis                    STG1_LP STEAM                     0.640400        25559.02  
00:57:25  INFO        MP Steam PRDS SHP               Boiler Feed Water                 0.090000         2087.15  
00:57:25  INFO        MP Steam PRDS SHP               SHP Steam_Dis                     0.910000        21103.40  
00:57:25  INFO        MP Steam_Dis                    MP Steam PRDS SHP                 0.916200        23191.11  
00:57:25  INFO        MP Steam_Dis                    STG1_MP STEAM                     0.083800         2121.17  
00:57:25  INFO        Oxygen                          Cooling Water 2                   0.261000         1510.41  
00:57:25  INFO        Oxygen                          Power_Dis                       968.650000      5605577.55  
00:57:25  INFO        POWERGEN                        COMPRESSED AIR                    0.004011        35753.13  
00:57:25  INFO        POWERGEN                        COMPRESSED AIR                    0.003420        31518.72  
00:57:25  INFO        POWERGEN                        COMPRESSED AIR                    0.003839        31786.92  
00:57:25  INFO        POWERGEN                        COMPRESSED AIR                    0.000000            0.00  
00:57:25  INFO        POWERGEN                        Cooling Water 2                   0.000232         2067.99  
00:57:25  INFO        POWERGEN                        Cooling Water 2                   0.000012          110.59  
00:57:25  INFO        POWERGEN                        Cooling Water 2                   0.000013          107.64  
00:57:25  INFO        POWERGEN                        Cooling Water 2                   0.000000            0.00  
00:57:25  INFO        POWERGEN                        NATURAL GAS                       0.009373        86385.63  
00:57:25  INFO        POWERGEN                        NATURAL GAS                       0.009982        82651.39  
00:57:25  INFO        POWERGEN                        NATURAL GAS                       0.009472            0.00  
00:57:25  INFO        POWERGEN                        Power_Dis                         0.002000        17827.54  
00:57:25  INFO        POWERGEN                        Power_Dis                         0.014000       129024.00  
00:57:25  INFO        POWERGEN                        Power_Dis                         0.014000       115920.00  
00:57:25  INFO        POWERGEN                        Power_Dis                         0.000000            0.00  
00:57:25  INFO        POWERGEN                        SHP Steam_Dis                     0.003615        32223.28  
00:57:25  INFO        Power_Dis                       POWERGEN                          0.186036      8261815.97  
00:57:25  INFO        Power_Dis                       POWERGEN                          0.196717      8736156.73  
00:57:25  INFO        Power_Dis                       POWERGEN                          0.207066      9195753.43  
00:57:25  INFO        Power_Dis                       Power from MEL                    0.410169     18000000.00  
00:57:25  INFO        SHP Steam_Dis                   HRSG2_SHP STEAM                   0.500000        46311.06  
00:57:25  INFO        SHP Steam_Dis                   HRSG3_SHP STEAM                   0.500000        46311.06  
00:57:25  INFO        STG1_LP STEAM                   SHP Steam_Dis                     0.480000        12268.13  
00:57:25  INFO        STG1_MP STEAM                   SHP Steam_Dis                     0.690000         1463.57  
00:57:25  INFO      
00:57:25  INFO        All U4U materials converged within tolerance
00:57:25  INFO        ------------------------------------------------------------------------------------------
00:57:26  INFO        [DISPATCH] Total demand: 44409.82 MWh, Import: 18000.00 MWh, Net for GT/STG: 26409.82 MWh
00:57:26  WARNING     [DISPATCH] No aux power norm for 'NMD-Power Plant-2'; using 0.0
00:57:26  WARNING     [DISPATCH] No aux power norm for 'NMD-Power Plant-3'; using 0.0
00:57:26  WARNING     [DISPATCH] No aux power norm for 'NMD-STG Power Plant'; using 0.0
00:57:26  INFO        ==============================================================================
00:57:26  INFO        POWER DISPATCH  (April 2025)
00:57:26  INFO        ==============================================================================
00:57:26  INFO        Demand:  Process = 44409.82 MWh  |  Fixed = 0.00 MWh  |  Total = 44409.82 MWh
00:57:26  INFO      
00:57:26  INFO        Asset                      Priority    Min MW    Max MW     Hours   Dispatched MW  Dispatched MWh    Load %  Free Steam MT  Aux Power MWh
00:57:26  INFO        -------------------------  --------  --------  --------  --------  --------------  --------------  --------  ------------  ------------
00:57:26  INFO        NMD-Power Plant-2                 1      5.00     11.50    720.00           11.50         8280.00    100.0%      16311.60          0.00
00:57:26  INFO        NMD-Power Plant-3                 1      5.00     12.80    720.00           12.80         9216.00    100.0%      18155.52          0.00
00:57:26  INFO        NMD-STG Power Plant               2      6.00     14.50    720.00           12.38         8913.82     85.4%          0.00          0.00
00:57:26  INFO        TOTAL                                                                                    26409.82                34467.12          0.00
00:57:26  INFO        DEFICIT: 18000.00 MWh under-generation
00:57:26  INFO        ==============================================================================
00:57:27  INFO        ==============================================================================
00:57:27  INFO        STEAM DISPATCH  (April 2025)
00:57:27  INFO        ==============================================================================
00:57:27  INFO        Grade      Process/Fixed MT  Letdown MT  Byproduct MT     Net Demand MT
00:57:27  INFO        ---------  ----------------  ----------  ------------  ----------------
00:57:27  INFO        MP                 25312.23    18984.17          0.00          25312.23
00:57:27  INFO        SHP                92623.53    85510.05          0.00          92623.53
00:57:27  INFO      
00:57:27  INFO        Total Free Steam available: 34467.12 MT
00:57:27  INFO      
00:57:27  INFO        FINAL SUPPLEMENTARY FIRING DISPATCH
00:57:27  INFO        Asset                      Priority     Min TPH     Max TPH     Hours  Dispatched TPH   Dispatched MT    Load %
00:57:27  INFO        -------------------------  --------  ----------  ----------  --------  --------------  --------------  --------
00:57:27  INFO        HRSG-1                          999       60.00      136.00      0.00            0.00            0.00      0.0%
00:57:27  INFO        HRSG-2                            1       37.34      113.34    720.00           41.67        30000.17     47.3%
00:57:27  INFO        HRSG-3                            1       34.78      110.78    720.00           39.11        28156.25     47.3%
00:57:27  INFO        TOTAL SUPPLEMENTARY                                                                          58156.42          
00:57:27  INFO        TOTAL STEAM GENERATED                                                                        92623.54          
00:57:27  INFO        SURPLUS: 0.01 MT
00:57:27  INFO        ==============================================================================
00:57:27  INFO        [REVERSE NG] Found GT asset: NMD-Power Plant-3, plant: NMD - Power Plant 3, heat_rate: 3862.56, free_steam: 1.97
00:57:27  INFO        [REVERSE NG] NMD - Power Plant 3: gen_qty=9216000 KWH, heat_rate=3862.56, free_steam=1.9700, consumed=86385.63 MMBTU (REVERSE)
00:57:27  INFO        [REVERSE NG] Found GT asset: NMD-Power Plant-2, plant: NMD - Power Plant 2, heat_rate: 4016.03, free_steam: 1.97
00:57:27  INFO        [REVERSE NG] NMD - Power Plant 2: gen_qty=8280000 KWH, heat_rate=4016.03, free_steam=1.9700, consumed=82651.39 MMBTU (REVERSE)
00:57:27  INFO        [REVERSE NG HRSG] Found HRSG: HRSG-2, supp_steam=30000.17 MT, free_steam=16311.60 MT, total_steam=46311.77 MT
00:57:27  INFO        [REVERSE NG HRSG] HRSG2_SHP STEAM: total_steam=46311.77 MT, norm=2.954424, consumed=136824.60 MMBTU (REVERSE, BPC method)
00:57:27  INFO        [REVERSE NG HRSG] Found HRSG: HRSG-3, supp_steam=28156.25 MT, free_steam=18155.52 MT, total_steam=46311.77 MT
00:57:27  INFO        [REVERSE NG HRSG] HRSG3_SHP STEAM: total_steam=46311.77 MT, norm=2.954424, consumed=136824.60 MMBTU (REVERSE, BPC method)
00:57:27  INFO      
00:57:27  INFO        ------------------------------------------------------------------------------------------
00:57:27  INFO        ITERATION 20
00:57:27  INFO        ------------------------------------------------------------------------------------------
00:57:27  INFO        Power:  Demand =    44409816.56 KWH  |  Gen =       26409.82 MWh  |  Surplus =     0.00  |  Deficit =     0.00
00:57:27  INFO        Steam:  Gen =       92623.54 MT  |  Surplus =     0.01  |  Deficit =     0.00
00:57:27  INFO        Power delta: 51.0270 MWh  |  Converged: NO
00:57:27  INFO      
00:57:27  INFO        Utility                                Total Demand      U4U Demand         Initial    Change %
00:57:27  INFO        -----------------------------------  --------------  --------------  --------------  ----------
00:57:27  INFO        Boiler Feed Water                         100901.99       100903.56            0.00     0.0020%
00:57:27  INFO        COMPRESSED AIR                           7098142.00      1014050.68      6084105.59    85.7138%
00:57:27  INFO        Cooling Water 1                            15194.00            0.00        15194.00   100.0000%
00:57:27  INFO        Cooling Water 2                            13098.36         4082.06         9016.31    68.8355%
00:57:27  INFO        D M Water                                 142564.46        86775.71        55787.00    39.1334%
00:57:27  INFO        HP Steam PRDS                               4972.00         4972.00            0.00     0.0000%
00:57:27  INFO        HP Steam_Dis                                4972.00            0.00         4972.00   100.0000%
00:57:27  INFO        HRSG2_SHP STEAM                            46311.06        46311.77            0.00     0.0022%
00:57:27  INFO        HRSG3_SHP STEAM                            46311.06        46311.77            0.00     0.0022%
00:57:27  INFO        LP Steam PRDS                              14352.01        14352.21            0.00     0.0016%
00:57:27  INFO        LP Steam_Dis                               39911.59        14630.79        25280.51    63.3427%
00:57:27  INFO        MP Steam PRDS SHP                          23191.11        23191.07            0.00     0.0024%
00:57:27  INFO        MP Steam_Dis                               25312.23        10764.00        14548.40    57.4756%
00:57:27  INFO        Nitrogen Gas                             5437630.00            0.00      5437630.00   100.0000% (PT)
00:57:27  INFO        Oxygen                                      5787.00            0.00         5787.00   100.0000%
00:57:27  INFO        POWERGEN                                26193726.13     26193755.62            0.00     0.0001%
00:57:27  INFO        Power_Dis                               44409816.56     15167735.72     29242067.20    65.8461%
00:57:27  INFO        SHP Steam_Dis                              92623.53        71649.46        20975.00    22.6470%
00:57:27  INFO        STG1_LP STEAM                              25559.02        25559.38            0.00     0.0016%
00:57:27  INFO        STG1_MP STEAM                               2121.17         2121.17            0.00     0.0024%
00:57:27  INFO        Water                                     748832.02       468463.96       280371.80    37.4418% (PT)
00:57:27  INFO      
00:57:27  INFO        U4U CONSUMPTION BREAKDOWN (per producer per material):
00:57:27  INFO        Producer                        Material Consumed                     Norm        Quantity  Credit
00:57:27  INFO        ------------------------------  ------------------------------  ----------  --------------  ------
00:57:27  INFO        Boiler Feed Water               CHEM CYCLO HEXY                   0.000100           10.09  
00:57:27  INFO        Boiler Feed Water               CHEM MORPHOLENE                   0.000002            0.20  
00:57:27  INFO        Boiler Feed Water               Cooling Water 2                   0.001070          107.97  
00:57:27  INFO        Boiler Feed Water               D M Water                         0.860000        86775.71  
00:57:27  INFO        Boiler Feed Water               KEM WATREAT B 70M                 0.000570           57.51  
00:57:27  INFO        Boiler Feed Water               LP Steam_Dis                      0.145000        14630.79  
00:57:27  INFO        Boiler Feed Water               Power_Dis                         9.500000       958568.94  
00:57:27  INFO        COMPRESSED AIR                  Cooling Water 2                   0.000025          177.45  
00:57:27  INFO        COMPRESSED AIR                  Power_Dis                         0.165000      1171193.43  
00:57:27  INFO        Cooling Water 1                 COMPRESSED AIR                    0.108592         1649.95  
00:57:27  INFO        Cooling Water 1                 Power_Dis                       244.999997      3722529.95  
00:57:27  INFO        Cooling Water 1                 SULPHURIC ACID                    0.000158            2.40  
00:57:27  INFO        Cooling Water 1                 Water                            11.050000       167893.70  
00:57:27  INFO        Cooling Water 2                 COMPRESSED AIR                    0.123044         1611.68  
00:57:27  INFO        Cooling Water 2                 Power_Dis                       249.999997      3274591.21  
00:57:27  INFO        Cooling Water 2                 SULPHURIC ACID                    0.000158            2.07  
00:57:27  INFO        Cooling Water 2                 Water                            11.500000       150631.20  
00:57:27  INFO        D M Water                       CAUSTIC SODA LYE – GRADE 1        0.000226           32.22  
00:57:27  INFO        D M Water                       CHEM  SODIUM SULPHITE;PN:MIS 1    0.000701           99.94  
00:57:27  INFO        D M Water                       CHEM ALUM.SULFATE, AL2(SO4)3,1    0.000757          107.92  
00:57:27  INFO        D M Water                       COMPRESSED AIR                    0.077000        10977.46  
00:57:27  INFO        D M Water                       HYDRO CHLORIC ACID (30%) -VIRG    0.000226           32.22  
00:57:27  INFO        D M Water                       POLYELECTROLYTE                   0.000578           82.40  
00:57:27  INFO        D M Water                       Power_Dis                         1.210000       172503.00  
00:57:27  INFO        D M Water                       Ret steam condensate              0.203000        28940.59  
00:57:27  INFO        D M Water                       SODIUM CHLORIDE IS 797 GRADE1     0.000010            1.43  
00:57:27  INFO        D M Water                       Water                             1.050000       149692.68  
00:57:27  INFO        HP Steam PRDS                   Boiler Feed Water                 0.076800          381.85  
00:57:27  INFO        HP Steam PRDS                   SHP Steam_Dis                     0.923200         4590.15  
00:57:27  INFO        HP Steam_Dis                    HP Steam PRDS                     1.000000         4972.00  
00:57:27  INFO        HRSG2_SHP STEAM                 Boiler Feed Water                 1.024000        47423.25  
00:57:27  INFO        HRSG2_SHP STEAM                 CHEM TRISODIUM PHOSPHATE          0.000900           41.68  
00:57:27  INFO        HRSG2_SHP STEAM                 COMPRESSED AIR                    9.853236       456320.80  
00:57:27  INFO        HRSG2_SHP STEAM                 FURNACE OIL ( MEDIUM VISCOSITY    0.000098            4.54  
00:57:27  INFO        HRSG2_SHP STEAM                 LP Steam_Dis                     -0.078000        -3612.32  YES
00:57:27  INFO        HRSG2_SHP STEAM                 NATURAL GAS                       2.954424       136824.60  
00:57:27  INFO        HRSG2_SHP STEAM                 Water                             0.002660          123.19  
00:57:27  INFO        HRSG3_SHP STEAM                 Boiler Feed Water                 1.024000        47423.25  
00:57:27  INFO        HRSG3_SHP STEAM                 CHEM TRISODIUM PHOSPHATE          0.000900           41.68  
00:57:27  INFO        HRSG3_SHP STEAM                 COMPRESSED AIR                    9.596520       444431.83  
00:57:27  INFO        HRSG3_SHP STEAM                 FURNACE OIL ( MEDIUM VISCOSITY    0.000098            4.54  
00:57:27  INFO        HRSG3_SHP STEAM                 LP Steam_Dis                     -0.078000        -3612.32  YES
00:57:27  INFO        HRSG3_SHP STEAM                 NATURAL GAS                       2.954424       136824.60  
00:57:27  INFO        HRSG3_SHP STEAM                 Water                             0.002660          123.19  
00:57:27  INFO        LP Steam PRDS                   Boiler Feed Water                 0.250000         3588.00  
00:57:27  INFO        LP Steam PRDS                   MP Steam_Dis                      0.750000        10764.00  
00:57:27  INFO        LP Steam_Dis                    LP Steam PRDS                     0.359600        14352.21  
00:57:27  INFO        LP Steam_Dis                    STG1_LP STEAM                     0.640400        25559.38  
00:57:27  INFO        MP Steam PRDS SHP               Boiler Feed Water                 0.090000         2087.20  
00:57:27  INFO        MP Steam PRDS SHP               SHP Steam_Dis                     0.910000        21103.91  
00:57:27  INFO        MP Steam_Dis                    MP Steam PRDS SHP                 0.916200        23191.07  
00:57:27  INFO        MP Steam_Dis                    STG1_MP STEAM                     0.083800         2121.17  
00:57:27  INFO        Oxygen                          Cooling Water 2                   0.261000         1510.41  
00:57:27  INFO        Oxygen                          Power_Dis                       968.650000      5605577.55  
00:57:27  INFO        POWERGEN                        COMPRESSED AIR                    0.004011        35753.33  
00:57:27  INFO        POWERGEN                        COMPRESSED AIR                    0.003420        31518.72  
00:57:27  INFO        POWERGEN                        COMPRESSED AIR                    0.003839        31786.92  
00:57:27  INFO        POWERGEN                        COMPRESSED AIR                    0.000000            0.00  
00:57:27  INFO        POWERGEN                        Cooling Water 2                   0.000232         2068.01  
00:57:27  INFO        POWERGEN                        Cooling Water 2                   0.000012          110.59  
00:57:27  INFO        POWERGEN                        Cooling Water 2                   0.000013          107.64  
00:57:27  INFO        POWERGEN                        Cooling Water 2                   0.000000            0.00  
00:57:27  INFO        POWERGEN                        NATURAL GAS                       0.009373        86385.63  
00:57:27  INFO        POWERGEN                        NATURAL GAS                       0.009982        82651.39  
00:57:27  INFO        POWERGEN                        NATURAL GAS                       0.009472            0.00  
00:57:27  INFO        POWERGEN                        Power_Dis                         0.002000        17827.64  
00:57:27  INFO        POWERGEN                        Power_Dis                         0.014000       129024.00  
00:57:27  INFO        POWERGEN                        Power_Dis                         0.014000       115920.00  
00:57:27  INFO        POWERGEN                        Power_Dis                         0.000000            0.00  
00:57:27  INFO        POWERGEN                        SHP Steam_Dis                     0.003615        32223.46  
00:57:27  INFO        Power_Dis                       POWERGEN                          0.186036      8261825.27  
00:57:27  INFO        Power_Dis                       POWERGEN                          0.196717      8736166.56  
00:57:27  INFO        Power_Dis                       POWERGEN                          0.207066      9195763.79  
00:57:27  INFO        Power_Dis                       Power from MEL                    0.410169     18000000.00  
00:57:27  INFO        SHP Steam_Dis                   HRSG2_SHP STEAM                   0.500000        46311.77  
00:57:27  INFO        SHP Steam_Dis                   HRSG3_SHP STEAM                   0.500000        46311.77  
00:57:27  INFO        STG1_LP STEAM                   SHP Steam_Dis                     0.480000        12268.33  
00:57:27  INFO        STG1_MP STEAM                   SHP Steam_Dis                     0.690000         1463.61  
00:57:27  INFO      
00:57:27  INFO        All U4U materials converged within tolerance
00:57:27  INFO        ------------------------------------------------------------------------------------------
00:57:28  INFO        [DISPATCH] Total demand: 44409.80 MWh, Import: 18000.00 MWh, Net for GT/STG: 26409.80 MWh
00:57:28  WARNING     [DISPATCH] No aux power norm for 'NMD-Power Plant-2'; using 0.0
00:57:28  WARNING     [DISPATCH] No aux power norm for 'NMD-Power Plant-3'; using 0.0
00:57:28  WARNING     [DISPATCH] No aux power norm for 'NMD-STG Power Plant'; using 0.0
00:57:28  INFO        ==============================================================================
00:57:28  INFO        POWER DISPATCH  (April 2025)
00:57:28  INFO        ==============================================================================
00:57:28  INFO        Demand:  Process = 44409.80 MWh  |  Fixed = 0.00 MWh  |  Total = 44409.80 MWh
00:57:28  INFO      
00:57:28  INFO        Asset                      Priority    Min MW    Max MW     Hours   Dispatched MW  Dispatched MWh    Load %  Free Steam MT  Aux Power MWh
00:57:28  INFO        -------------------------  --------  --------  --------  --------  --------------  --------------  --------  ------------  ------------
00:57:28  INFO        NMD-Power Plant-2                 1      5.00     11.50    720.00           11.50         8280.00    100.0%      16311.60          0.00
00:57:28  INFO        NMD-Power Plant-3                 1      5.00     12.80    720.00           12.80         9216.00    100.0%      18155.52          0.00
00:57:28  INFO        NMD-STG Power Plant               2      6.00     14.50    720.00           12.38         8913.80     85.4%          0.00          0.00
00:57:28  INFO        TOTAL                                                                                    26409.80                34467.12          0.00
00:57:28  INFO        DEFICIT: 18000.00 MWh under-generation
00:57:28  INFO        ==============================================================================
00:57:28  INFO        ==============================================================================
00:57:28  INFO        STEAM DISPATCH  (April 2025)
00:57:28  INFO        ==============================================================================
00:57:28  INFO        Grade      Process/Fixed MT  Letdown MT  Byproduct MT     Net Demand MT
00:57:28  INFO        ---------  ----------------  ----------  ------------  ----------------
00:57:28  INFO        MP                 25312.40    18984.30          0.00          25312.40
00:57:28  INFO        SHP                92624.46    85510.90          0.00          92624.46
00:57:28  INFO      
00:57:28  INFO        Total Free Steam available: 34467.12 MT
00:57:28  INFO      
00:57:28  INFO        FINAL SUPPLEMENTARY FIRING DISPATCH
00:57:28  INFO        Asset                      Priority     Min TPH     Max TPH     Hours  Dispatched TPH   Dispatched MT    Load %
00:57:28  INFO        -------------------------  --------  ----------  ----------  --------  --------------  --------------  --------
00:57:28  INFO        HRSG-1                          999       60.00      136.00      0.00            0.00            0.00      0.0%
00:57:28  INFO        HRSG-2                            1       37.34      113.34    720.00           41.67        30000.63     47.3%
00:57:28  INFO        HRSG-3                            1       34.78      110.78    720.00           39.11        28156.71     47.3%
00:57:28  INFO        TOTAL SUPPLEMENTARY                                                                          58157.34          
00:57:28  INFO        TOTAL STEAM GENERATED                                                                        92624.46          
00:57:28  INFO        DEFICIT: 0.00 MT
00:57:28  INFO        ==============================================================================
00:57:28  INFO        [REVERSE NG] Found GT asset: NMD-Power Plant-3, plant: NMD - Power Plant 3, heat_rate: 3862.56, free_steam: 1.97
00:57:28  INFO        [REVERSE NG] NMD - Power Plant 3: gen_qty=9216000 KWH, heat_rate=3862.56, free_steam=1.9700, consumed=86385.63 MMBTU (REVERSE)
00:57:28  INFO        [REVERSE NG] Found GT asset: NMD-Power Plant-2, plant: NMD - Power Plant 2, heat_rate: 4016.03, free_steam: 1.97
00:57:28  INFO        [REVERSE NG] NMD - Power Plant 2: gen_qty=8280000 KWH, heat_rate=4016.03, free_steam=1.9700, consumed=82651.39 MMBTU (REVERSE)
00:57:28  INFO        [REVERSE NG HRSG] Found HRSG: HRSG-2, supp_steam=30000.63 MT, free_steam=16311.60 MT, total_steam=46312.23 MT
00:57:28  INFO        [REVERSE NG HRSG] HRSG2_SHP STEAM: total_steam=46312.23 MT, norm=2.954424, consumed=136825.96 MMBTU (REVERSE, BPC method)
00:57:28  INFO        [REVERSE NG HRSG] Found HRSG: HRSG-3, supp_steam=28156.71 MT, free_steam=18155.52 MT, total_steam=46312.23 MT
00:57:28  INFO        [REVERSE NG HRSG] HRSG3_SHP STEAM: total_steam=46312.23 MT, norm=2.954424, consumed=136825.96 MMBTU (REVERSE, BPC method)
00:57:28  INFO      
00:57:28  INFO        ------------------------------------------------------------------------------------------
00:57:28  INFO        ITERATION 21
00:57:28  INFO        ------------------------------------------------------------------------------------------
00:57:28  INFO        Power:  Demand =    44409802.92 KWH  |  Gen =       26409.80 MWh  |  Surplus =     0.00  |  Deficit =     0.00
00:57:28  INFO        Steam:  Gen =       92624.46 MT  |  Surplus =     0.00  |  Deficit =     0.00
00:57:28  INFO        Power delta: 13.6336 MWh  |  Converged: NO
00:57:28  INFO      
00:57:28  INFO        Utility                                Total Demand      U4U Demand         Initial    Change %
00:57:28  INFO        -----------------------------------  --------------  --------------  --------------  ----------
00:57:28  INFO        Boiler Feed Water                         100903.56       100904.54            0.00     0.0015%
00:57:28  INFO        COMPRESSED AIR                           7098156.27      1014059.42      6084105.59    85.7141%
00:57:28  INFO        Cooling Water 1                            15194.00            0.00        15194.00   100.0000%
00:57:28  INFO        Cooling Water 2                            13098.37         4082.06         9016.31    68.8354%
00:57:28  INFO        D M Water                                 142562.71        86777.06        55787.00    39.1303%
00:57:28  INFO        HP Steam PRDS                               4972.00         4972.00            0.00     0.0000%
00:57:28  INFO        HP Steam_Dis                                4972.00            0.00         4972.00   100.0000%
00:57:28  INFO        HRSG2_SHP STEAM                            46311.77        46312.23            0.00     0.0015%
00:57:28  INFO        HRSG3_SHP STEAM                            46311.77        46312.23            0.00     0.0015%
00:57:28  INFO        LP Steam PRDS                              14352.21        14352.10            0.00     0.0014%
00:57:28  INFO        LP Steam_Dis                               39911.30        14631.02        25280.51    63.3410%
00:57:28  INFO        MP Steam PRDS SHP                          23191.07        23191.23            0.00     0.0002%
00:57:28  INFO        MP Steam_Dis                               25312.40        10764.16        14548.40    57.4761%
00:57:28  INFO        Nitrogen Gas                             5437630.00            0.00      5437630.00   100.0000% (PT)
00:57:28  INFO        Oxygen                                      5787.00            0.00         5787.00   100.0000%
00:57:28  INFO        POWERGEN                                26193755.62     26193743.83            0.00     0.0001%
00:57:28  INFO        Power_Dis                               44409802.92     15167753.00     29242067.20    65.8459%
00:57:28  INFO        SHP Steam_Dis                              92624.46        71649.52        20975.00    22.6462%
00:57:28  INFO        STG1_LP STEAM                              25559.38        25559.20            0.00     0.0014%
00:57:28  INFO        STG1_MP STEAM                               2121.17         2121.18            0.00     0.0002%
00:57:28  INFO        Water                                     748835.76       468462.23       280371.80    37.4415% (PT)
00:57:28  INFO      
00:57:28  INFO        U4U CONSUMPTION BREAKDOWN (per producer per material):
00:57:28  INFO        Producer                        Material Consumed                     Norm        Quantity  Credit
00:57:28  INFO        ------------------------------  ------------------------------  ----------  --------------  ------
00:57:28  INFO        Boiler Feed Water               CHEM CYCLO HEXY                   0.000100           10.09  
00:57:28  INFO        Boiler Feed Water               CHEM MORPHOLENE                   0.000002            0.20  
00:57:28  INFO        Boiler Feed Water               Cooling Water 2                   0.001070          107.97  
00:57:28  INFO        Boiler Feed Water               D M Water                         0.860000        86777.06  
00:57:28  INFO        Boiler Feed Water               KEM WATREAT B 70M                 0.000570           57.52  
00:57:28  INFO        Boiler Feed Water               LP Steam_Dis                      0.145000        14631.02  
00:57:28  INFO        Boiler Feed Water               Power_Dis                         9.500000       958583.78  
00:57:28  INFO        COMPRESSED AIR                  Cooling Water 2                   0.000025          177.45  
00:57:28  INFO        COMPRESSED AIR                  Power_Dis                         0.165000      1171195.79  
00:57:28  INFO        Cooling Water 1                 COMPRESSED AIR                    0.108592         1649.95  
00:57:28  INFO        Cooling Water 1                 Power_Dis                       244.999997      3722529.95  
00:57:28  INFO        Cooling Water 1                 SULPHURIC ACID                    0.000158            2.40  
00:57:28  INFO        Cooling Water 1                 Water                            11.050000       167893.70  
00:57:28  INFO        Cooling Water 2                 COMPRESSED AIR                    0.123044         1611.68  
00:57:28  INFO        Cooling Water 2                 Power_Dis                       249.999997      3274593.44  
00:57:28  INFO        Cooling Water 2                 SULPHURIC ACID                    0.000158            2.07  
00:57:28  INFO        Cooling Water 2                 Water                            11.500000       150631.30  
00:57:28  INFO        D M Water                       CAUSTIC SODA LYE – GRADE 1        0.000226           32.22  
00:57:28  INFO        D M Water                       CHEM  SODIUM SULPHITE;PN:MIS 1    0.000701           99.94  
00:57:28  INFO        D M Water                       CHEM ALUM.SULFATE, AL2(SO4)3,1    0.000757          107.92  
00:57:28  INFO        D M Water                       COMPRESSED AIR                    0.077000        10977.33  
00:57:28  INFO        D M Water                       HYDRO CHLORIC ACID (30%) -VIRG    0.000226           32.22  
00:57:28  INFO        D M Water                       POLYELECTROLYTE                   0.000578           82.40  
00:57:28  INFO        D M Water                       Power_Dis                         1.210000       172500.88  
00:57:28  INFO        D M Water                       Ret steam condensate              0.203000        28940.23  
00:57:28  INFO        D M Water                       SODIUM CHLORIDE IS 797 GRADE1     0.000010            1.43  
00:57:28  INFO        D M Water                       Water                             1.050000       149690.85  
00:57:28  INFO        HP Steam PRDS                   Boiler Feed Water                 0.076800          381.85  
00:57:28  INFO        HP Steam PRDS                   SHP Steam_Dis                     0.923200         4590.15  
00:57:28  INFO        HP Steam_Dis                    HP Steam PRDS                     1.000000         4972.00  
00:57:28  INFO        HRSG2_SHP STEAM                 Boiler Feed Water                 1.024000        47423.72  
00:57:28  INFO        HRSG2_SHP STEAM                 CHEM TRISODIUM PHOSPHATE          0.000900           41.68  
00:57:28  INFO        HRSG2_SHP STEAM                 COMPRESSED AIR                    9.853236       456325.33  
00:57:28  INFO        HRSG2_SHP STEAM                 FURNACE OIL ( MEDIUM VISCOSITY    0.000098            4.54  
00:57:28  INFO        HRSG2_SHP STEAM                 LP Steam_Dis                     -0.078000        -3612.35  YES
00:57:28  INFO        HRSG2_SHP STEAM                 NATURAL GAS                       2.954424       136825.96  
00:57:28  INFO        HRSG2_SHP STEAM                 Water                             0.002660          123.19  
00:57:28  INFO        HRSG3_SHP STEAM                 Boiler Feed Water                 1.024000        47423.72  
00:57:28  INFO        HRSG3_SHP STEAM                 CHEM TRISODIUM PHOSPHATE          0.000900           41.68  
00:57:28  INFO        HRSG3_SHP STEAM                 COMPRESSED AIR                    9.596520       444436.24  
00:57:28  INFO        HRSG3_SHP STEAM                 FURNACE OIL ( MEDIUM VISCOSITY    0.000098            4.54  
00:57:28  INFO        HRSG3_SHP STEAM                 LP Steam_Dis                     -0.078000        -3612.35  YES
00:57:28  INFO        HRSG3_SHP STEAM                 NATURAL GAS                       2.954424       136825.96  
00:57:28  INFO        HRSG3_SHP STEAM                 Water                             0.002660          123.19  
00:57:28  INFO        LP Steam PRDS                   Boiler Feed Water                 0.250000         3588.05  
00:57:28  INFO        LP Steam PRDS                   MP Steam_Dis                      0.750000        10764.16  
00:57:28  INFO        LP Steam_Dis                    LP Steam PRDS                     0.359600        14352.10  
00:57:28  INFO        LP Steam_Dis                    STG1_LP STEAM                     0.640400        25559.20  
00:57:28  INFO        MP Steam PRDS SHP               Boiler Feed Water                 0.090000         2087.20  
00:57:28  INFO        MP Steam PRDS SHP               SHP Steam_Dis                     0.910000        21103.87  
00:57:28  INFO        MP Steam_Dis                    MP Steam PRDS SHP                 0.916200        23191.23  
00:57:28  INFO        MP Steam_Dis                    STG1_MP STEAM                     0.083800         2121.18  
00:57:28  INFO        Oxygen                          Cooling Water 2                   0.261000         1510.41  
00:57:28  INFO        Oxygen                          Power_Dis                       968.650000      5605577.55  
00:57:28  INFO        POWERGEN                        COMPRESSED AIR                    0.004011        35753.25  
00:57:28  INFO        POWERGEN                        COMPRESSED AIR                    0.003420        31518.72  
00:57:28  INFO        POWERGEN                        COMPRESSED AIR                    0.003839        31786.92  
00:57:28  INFO        POWERGEN                        COMPRESSED AIR                    0.000000            0.00  
00:57:28  INFO        POWERGEN                        Cooling Water 2                   0.000232         2068.00  
00:57:28  INFO        POWERGEN                        Cooling Water 2                   0.000012          110.59  
00:57:28  INFO        POWERGEN                        Cooling Water 2                   0.000013          107.64  
00:57:28  INFO        POWERGEN                        Cooling Water 2                   0.000000            0.00  
00:57:28  INFO        POWERGEN                        NATURAL GAS                       0.009373        86385.63  
00:57:28  INFO        POWERGEN                        NATURAL GAS                       0.009982        82651.39  
00:57:28  INFO        POWERGEN                        NATURAL GAS                       0.009472            0.00  
00:57:28  INFO        POWERGEN                        Power_Dis                         0.002000        17827.60  
00:57:28  INFO        POWERGEN                        Power_Dis                         0.014000       129024.00  
00:57:28  INFO        POWERGEN                        Power_Dis                         0.014000       115920.00  
00:57:28  INFO        POWERGEN                        Power_Dis                         0.000000            0.00  
00:57:28  INFO        POWERGEN                        SHP Steam_Dis                     0.003615        32223.39  
00:57:28  INFO        Power_Dis                       POWERGEN                          0.186036      8261821.55  
00:57:28  INFO        Power_Dis                       POWERGEN                          0.196717      8736162.63  
00:57:28  INFO        Power_Dis                       POWERGEN                          0.207066      9195759.65  
00:57:28  INFO        Power_Dis                       Power from MEL                    0.410169     18000000.00  
00:57:28  INFO        SHP Steam_Dis                   HRSG2_SHP STEAM                   0.500000        46312.23  
00:57:28  INFO        SHP Steam_Dis                   HRSG3_SHP STEAM                   0.500000        46312.23  
00:57:28  INFO        STG1_LP STEAM                   SHP Steam_Dis                     0.480000        12268.50  
00:57:28  INFO        STG1_MP STEAM                   SHP Steam_Dis                     0.690000         1463.60  
00:57:28  INFO      
00:57:28  INFO        All U4U materials converged within tolerance
00:57:28  INFO        ------------------------------------------------------------------------------------------
00:57:29  INFO        [DISPATCH] Total demand: 44409.82 MWh, Import: 18000.00 MWh, Net for GT/STG: 26409.82 MWh
00:57:29  WARNING     [DISPATCH] No aux power norm for 'NMD-Power Plant-2'; using 0.0
00:57:29  WARNING     [DISPATCH] No aux power norm for 'NMD-Power Plant-3'; using 0.0
00:57:29  WARNING     [DISPATCH] No aux power norm for 'NMD-STG Power Plant'; using 0.0
00:57:29  INFO        ==============================================================================
00:57:29  INFO        POWER DISPATCH  (April 2025)
00:57:29  INFO        ==============================================================================
00:57:29  INFO        Demand:  Process = 44409.82 MWh  |  Fixed = 0.00 MWh  |  Total = 44409.82 MWh
00:57:29  INFO      
00:57:29  INFO        Asset                      Priority    Min MW    Max MW     Hours   Dispatched MW  Dispatched MWh    Load %  Free Steam MT  Aux Power MWh
00:57:29  INFO        -------------------------  --------  --------  --------  --------  --------------  --------------  --------  ------------  ------------
00:57:29  INFO        NMD-Power Plant-2                 1      5.00     11.50    720.00           11.50         8280.00    100.0%      16311.60          0.00
00:57:29  INFO        NMD-Power Plant-3                 1      5.00     12.80    720.00           12.80         9216.00    100.0%      18155.52          0.00
00:57:29  INFO        NMD-STG Power Plant               2      6.00     14.50    720.00           12.38         8913.82     85.4%          0.00          0.00
00:57:29  INFO        TOTAL                                                                                    26409.82                34467.12          0.00
00:57:29  INFO        DEFICIT: 18000.00 MWh under-generation
00:57:29  INFO        ==============================================================================
00:57:30  INFO        ==============================================================================
00:57:30  INFO        STEAM DISPATCH  (April 2025)
00:57:30  INFO        ==============================================================================
00:57:30  INFO        Grade      Process/Fixed MT  Letdown MT  Byproduct MT     Net Demand MT
00:57:30  INFO        ---------  ----------------  ----------  ------------  ----------------
00:57:30  INFO        MP                 25312.56    18984.42          0.00          25312.56
00:57:30  INFO        SHP                92624.52    85510.95          0.00          92624.52
00:57:30  INFO      
00:57:30  INFO        Total Free Steam available: 34467.12 MT
00:57:30  INFO      
00:57:30  INFO        FINAL SUPPLEMENTARY FIRING DISPATCH
00:57:30  INFO        Asset                      Priority     Min TPH     Max TPH     Hours  Dispatched TPH   Dispatched MT    Load %
00:57:30  INFO        -------------------------  --------  ----------  ----------  --------  --------------  --------------  --------
00:57:30  INFO        HRSG-1                          999       60.00      136.00      0.00            0.00            0.00      0.0%
00:57:30  INFO        HRSG-2                            1       37.34      113.34    720.00           41.67        30000.66     47.3%
00:57:30  INFO        HRSG-3                            1       34.78      110.78    720.00           39.11        28156.74     47.3%
00:57:30  INFO        TOTAL SUPPLEMENTARY                                                                          58157.40          
00:57:30  INFO        TOTAL STEAM GENERATED                                                                        92624.52          
00:57:30  INFO        Demand met
00:57:30  INFO        ==============================================================================
00:57:30  INFO        [REVERSE NG] Found GT asset: NMD-Power Plant-3, plant: NMD - Power Plant 3, heat_rate: 3862.56, free_steam: 1.97
00:57:30  INFO        [REVERSE NG] NMD - Power Plant 3: gen_qty=9216000 KWH, heat_rate=3862.56, free_steam=1.9700, consumed=86385.63 MMBTU (REVERSE)
00:57:30  INFO        [REVERSE NG] Found GT asset: NMD-Power Plant-2, plant: NMD - Power Plant 2, heat_rate: 4016.03, free_steam: 1.97
00:57:30  INFO        [REVERSE NG] NMD - Power Plant 2: gen_qty=8280000 KWH, heat_rate=4016.03, free_steam=1.9700, consumed=82651.39 MMBTU (REVERSE)
00:57:30  INFO        [REVERSE NG HRSG] Found HRSG: HRSG-2, supp_steam=30000.66 MT, free_steam=16311.60 MT, total_steam=46312.26 MT
00:57:30  INFO        [REVERSE NG HRSG] HRSG2_SHP STEAM: total_steam=46312.26 MT, norm=2.954424, consumed=136826.05 MMBTU (REVERSE, BPC method)
00:57:30  INFO        [REVERSE NG HRSG] Found HRSG: HRSG-3, supp_steam=28156.74 MT, free_steam=18155.52 MT, total_steam=46312.26 MT
00:57:30  INFO        [REVERSE NG HRSG] HRSG3_SHP STEAM: total_steam=46312.26 MT, norm=2.954424, consumed=136826.05 MMBTU (REVERSE, BPC method)
00:57:30  INFO      
00:57:30  INFO        ------------------------------------------------------------------------------------------
00:57:30  INFO        ITERATION 22
00:57:30  INFO        ------------------------------------------------------------------------------------------
00:57:30  INFO        Power:  Demand =    44409820.20 KWH  |  Gen =       26409.82 MWh  |  Surplus =     0.00  |  Deficit =     0.00
00:57:30  INFO        Steam:  Gen =       92624.52 MT  |  Surplus =     0.00  |  Deficit =     0.00
00:57:30  INFO        Power delta: 17.2764 MWh  |  Converged: NO
00:57:30  INFO      
00:57:30  INFO        Utility                                Total Demand      U4U Demand         Initial    Change %
00:57:30  INFO        -----------------------------------  --------------  --------------  --------------  ----------
00:57:30  INFO        Boiler Feed Water                         100904.54       100904.59            0.00     0.0010%
00:57:30  INFO        COMPRESSED AIR                           7098165.01      1014060.18      6084105.59    85.7139%
00:57:30  INFO        Cooling Water 1                            15194.00            0.00        15194.00   100.0000%
00:57:30  INFO        Cooling Water 2                            13098.37         4082.07         9016.31    68.8353%
00:57:30  INFO        D M Water                                 142564.06        86777.91        55787.00    39.1321%
00:57:30  INFO        HP Steam PRDS                               4972.00         4972.00            0.00     0.0000%
00:57:30  INFO        HP Steam_Dis                                4972.00            0.00         4972.00   100.0000%
00:57:30  INFO        HRSG2_SHP STEAM                            46312.23        46312.26            0.00     0.0010%
00:57:30  INFO        HRSG3_SHP STEAM                            46312.23        46312.26            0.00     0.0010%
00:57:30  INFO        LP Steam PRDS                              14352.10        14352.18            0.00     0.0007%
00:57:30  INFO        LP Steam_Dis                               39911.53        14631.16        25280.51    63.3419%
00:57:30  INFO        MP Steam PRDS SHP                          23191.23        23191.36            0.00     0.0007%
00:57:30  INFO        MP Steam_Dis                               25312.56        10764.08        14548.40    57.4756%
00:57:30  INFO        Nitrogen Gas                             5437630.00            0.00      5437630.00   100.0000% (PT)
00:57:30  INFO        Oxygen                                      5787.00            0.00         5787.00   100.0000%
00:57:30  INFO        POWERGEN                                26193743.83     26193755.62            0.00     0.0000%
00:57:30  INFO        Power_Dis                               44409820.20     15167764.85     29242067.20    65.8460%
00:57:30  INFO        SHP Steam_Dis                              92624.52        71649.65        20975.00    22.6453%
00:57:30  INFO        STG1_LP STEAM                              25559.20        25559.34            0.00     0.0007%
00:57:30  INFO        STG1_MP STEAM                               2121.18         2121.19            0.00     0.0007%
00:57:30  INFO        Water                                     748834.03       468463.61       280371.80    37.4409% (PT)
00:57:30  INFO      
00:57:30  INFO        U4U CONSUMPTION BREAKDOWN (per producer per material):
00:57:30  INFO        Producer                        Material Consumed                     Norm        Quantity  Credit
00:57:30  INFO        ------------------------------  ------------------------------  ----------  --------------  ------
00:57:30  INFO        Boiler Feed Water               CHEM CYCLO HEXY                   0.000100           10.09  
00:57:30  INFO        Boiler Feed Water               CHEM MORPHOLENE                   0.000002            0.20  
00:57:30  INFO        Boiler Feed Water               Cooling Water 2                   0.001070          107.97  
00:57:30  INFO        Boiler Feed Water               D M Water                         0.860000        86777.91  
00:57:30  INFO        Boiler Feed Water               KEM WATREAT B 70M                 0.000570           57.52  
00:57:30  INFO        Boiler Feed Water               LP Steam_Dis                      0.145000        14631.16  
00:57:30  INFO        Boiler Feed Water               Power_Dis                         9.500000       958593.18  
00:57:30  INFO        COMPRESSED AIR                  Cooling Water 2                   0.000025          177.45  
00:57:30  INFO        COMPRESSED AIR                  Power_Dis                         0.165000      1171197.23  
00:57:30  INFO        Cooling Water 1                 COMPRESSED AIR                    0.108592         1649.95  
00:57:30  INFO        Cooling Water 1                 Power_Dis                       244.999997      3722529.95  
00:57:30  INFO        Cooling Water 1                 SULPHURIC ACID                    0.000158            2.40  
00:57:30  INFO        Cooling Water 1                 Water                            11.050000       167893.70  
00:57:30  INFO        Cooling Water 2                 COMPRESSED AIR                    0.123044         1611.68  
00:57:30  INFO        Cooling Water 2                 Power_Dis                       249.999997      3274592.79  
00:57:30  INFO        Cooling Water 2                 SULPHURIC ACID                    0.000158            2.07  
00:57:30  INFO        Cooling Water 2                 Water                            11.500000       150631.27  
00:57:30  INFO        D M Water                       CAUSTIC SODA LYE – GRADE 1        0.000226           32.22  
00:57:30  INFO        D M Water                       CHEM  SODIUM SULPHITE;PN:MIS 1    0.000701           99.94  
00:57:30  INFO        D M Water                       CHEM ALUM.SULFATE, AL2(SO4)3,1    0.000757          107.92  
00:57:30  INFO        D M Water                       COMPRESSED AIR                    0.077000        10977.43  
00:57:30  INFO        D M Water                       HYDRO CHLORIC ACID (30%) -VIRG    0.000226           32.22  
00:57:30  INFO        D M Water                       POLYELECTROLYTE                   0.000578           82.40  
00:57:30  INFO        D M Water                       Power_Dis                         1.210000       172502.51  
00:57:30  INFO        D M Water                       Ret steam condensate              0.203000        28940.50  
00:57:30  INFO        D M Water                       SODIUM CHLORIDE IS 797 GRADE1     0.000010            1.43  
00:57:30  INFO        D M Water                       Water                             1.050000       149692.26  
00:57:30  INFO        HP Steam PRDS                   Boiler Feed Water                 0.076800          381.85  
00:57:30  INFO        HP Steam PRDS                   SHP Steam_Dis                     0.923200         4590.15  
00:57:30  INFO        HP Steam_Dis                    HP Steam PRDS                     1.000000         4972.00  
00:57:30  INFO        HRSG2_SHP STEAM                 Boiler Feed Water                 1.024000        47423.75  
00:57:30  INFO        HRSG2_SHP STEAM                 CHEM TRISODIUM PHOSPHATE          0.000900           41.68  
00:57:30  INFO        HRSG2_SHP STEAM                 COMPRESSED AIR                    9.853236       456325.63  
00:57:30  INFO        HRSG2_SHP STEAM                 FURNACE OIL ( MEDIUM VISCOSITY    0.000098            4.54  
00:57:30  INFO        HRSG2_SHP STEAM                 LP Steam_Dis                     -0.078000        -3612.36  YES
00:57:30  INFO        HRSG2_SHP STEAM                 NATURAL GAS                       2.954424       136826.05  
00:57:30  INFO        HRSG2_SHP STEAM                 Water                             0.002660          123.19  
00:57:30  INFO        HRSG3_SHP STEAM                 Boiler Feed Water                 1.024000        47423.75  
00:57:30  INFO        HRSG3_SHP STEAM                 CHEM TRISODIUM PHOSPHATE          0.000900           41.68  
00:57:30  INFO        HRSG3_SHP STEAM                 COMPRESSED AIR                    9.596520       444436.53  
00:57:30  INFO        HRSG3_SHP STEAM                 FURNACE OIL ( MEDIUM VISCOSITY    0.000098            4.54  
00:57:30  INFO        HRSG3_SHP STEAM                 LP Steam_Dis                     -0.078000        -3612.36  YES
00:57:30  INFO        HRSG3_SHP STEAM                 NATURAL GAS                       2.954424       136826.05  
00:57:30  INFO        HRSG3_SHP STEAM                 Water                             0.002660          123.19  
00:57:30  INFO        LP Steam PRDS                   Boiler Feed Water                 0.250000         3588.03  
00:57:30  INFO        LP Steam PRDS                   MP Steam_Dis                      0.750000        10764.08  
00:57:30  INFO        LP Steam_Dis                    LP Steam PRDS                     0.359600        14352.18  
00:57:30  INFO        LP Steam_Dis                    STG1_LP STEAM                     0.640400        25559.34  
00:57:30  INFO        MP Steam PRDS SHP               Boiler Feed Water                 0.090000         2087.21  
00:57:30  INFO        MP Steam PRDS SHP               SHP Steam_Dis                     0.910000        21104.01  
00:57:30  INFO        MP Steam_Dis                    MP Steam PRDS SHP                 0.916200        23191.36  
00:57:30  INFO        MP Steam_Dis                    STG1_MP STEAM                     0.083800         2121.19  
00:57:30  INFO        Oxygen                          Cooling Water 2                   0.261000         1510.41  
00:57:30  INFO        Oxygen                          Power_Dis                       968.650000      5605577.55  
00:57:30  INFO        POWERGEN                        COMPRESSED AIR                    0.004011        35753.33  
00:57:30  INFO        POWERGEN                        COMPRESSED AIR                    0.003420        31518.72  
00:57:30  INFO        POWERGEN                        COMPRESSED AIR                    0.003839        31786.92  
00:57:30  INFO        POWERGEN                        COMPRESSED AIR                    0.000000            0.00  
00:57:30  INFO        POWERGEN                        Cooling Water 2                   0.000232         2068.01  
00:57:30  INFO        POWERGEN                        Cooling Water 2                   0.000012          110.59  
00:57:30  INFO        POWERGEN                        Cooling Water 2                   0.000013          107.64  
00:57:30  INFO        POWERGEN                        Cooling Water 2                   0.000000            0.00  
00:57:30  INFO        POWERGEN                        NATURAL GAS                       0.009373        86385.63  
00:57:30  INFO        POWERGEN                        NATURAL GAS                       0.009982        82651.39  
00:57:30  INFO        POWERGEN                        NATURAL GAS                       0.009472            0.00  
00:57:30  INFO        POWERGEN                        Power_Dis                         0.002000        17827.64  
00:57:30  INFO        POWERGEN                        Power_Dis                         0.014000       129024.00  
00:57:30  INFO        POWERGEN                        Power_Dis                         0.014000       115920.00  
00:57:30  INFO        POWERGEN                        Power_Dis                         0.000000            0.00  
00:57:30  INFO        POWERGEN                        SHP Steam_Dis                     0.003615        32223.46  
00:57:30  INFO        Power_Dis                       POWERGEN                          0.186036      8261825.27  
00:57:30  INFO        Power_Dis                       POWERGEN                          0.196717      8736166.56  
00:57:30  INFO        Power_Dis                       POWERGEN                          0.207066      9195763.79  
00:57:30  INFO        Power_Dis                       Power from MEL                    0.410169     18000000.00  
00:57:30  INFO        SHP Steam_Dis                   HRSG2_SHP STEAM                   0.500000        46312.26  
00:57:30  INFO        SHP Steam_Dis                   HRSG3_SHP STEAM                   0.500000        46312.26  
00:57:30  INFO        STG1_LP STEAM                   SHP Steam_Dis                     0.480000        12268.41  
00:57:30  INFO        STG1_MP STEAM                   SHP Steam_Dis                     0.690000         1463.61  
00:57:30  INFO      
00:57:30  INFO        All U4U materials converged within tolerance
00:57:30  INFO        ------------------------------------------------------------------------------------------
00:57:31  INFO        [DISPATCH] Total demand: 44409.83 MWh, Import: 18000.00 MWh, Net for GT/STG: 26409.83 MWh
00:57:31  WARNING     [DISPATCH] No aux power norm for 'NMD-Power Plant-2'; using 0.0
00:57:31  WARNING     [DISPATCH] No aux power norm for 'NMD-Power Plant-3'; using 0.0
00:57:31  WARNING     [DISPATCH] No aux power norm for 'NMD-STG Power Plant'; using 0.0
00:57:31  INFO        ==============================================================================
00:57:31  INFO        POWER DISPATCH  (April 2025)
00:57:31  INFO        ==============================================================================
00:57:31  INFO        Demand:  Process = 44409.83 MWh  |  Fixed = 0.00 MWh  |  Total = 44409.83 MWh
00:57:31  INFO      
00:57:31  INFO        Asset                      Priority    Min MW    Max MW     Hours   Dispatched MW  Dispatched MWh    Load %  Free Steam MT  Aux Power MWh
00:57:31  INFO        -------------------------  --------  --------  --------  --------  --------------  --------------  --------  ------------  ------------
00:57:31  INFO        NMD-Power Plant-2                 1      5.00     11.50    720.00           11.50         8280.00    100.0%      16311.60          0.00
00:57:31  INFO        NMD-Power Plant-3                 1      5.00     12.80    720.00           12.80         9216.00    100.0%      18155.52          0.00
00:57:31  INFO        NMD-STG Power Plant               2      6.00     14.50    720.00           12.38         8913.83     85.4%          0.00          0.00
00:57:31  INFO        TOTAL                                                                                    26409.83                34467.12          0.00
00:57:31  INFO        DEFICIT: 18000.00 MWh under-generation
00:57:31  INFO        ==============================================================================
00:57:31  INFO        ==============================================================================
00:57:31  INFO        STEAM DISPATCH  (April 2025)
00:57:31  INFO        ==============================================================================
00:57:31  INFO        Grade      Process/Fixed MT  Letdown MT  Byproduct MT     Net Demand MT
00:57:31  INFO        ---------  ----------------  ----------  ------------  ----------------
00:57:31  INFO        MP                 25312.48    18984.36          0.00          25312.48
00:57:31  INFO        SHP                92624.65    85511.08          0.00          92624.65
00:57:31  INFO      
00:57:31  INFO        Total Free Steam available: 34467.12 MT
00:57:31  INFO      
00:57:31  INFO        FINAL SUPPLEMENTARY FIRING DISPATCH
00:57:31  INFO        Asset                      Priority     Min TPH     Max TPH     Hours  Dispatched TPH   Dispatched MT    Load %
00:57:31  INFO        -------------------------  --------  ----------  ----------  --------  --------------  --------------  --------
00:57:31  INFO        HRSG-1                          999       60.00      136.00      0.00            0.00            0.00      0.0%
00:57:31  INFO        HRSG-2                            1       37.34      113.34    720.00           41.67        30000.73     47.3%
00:57:31  INFO        HRSG-3                            1       34.78      110.78    720.00           39.11        28156.81     47.3%
00:57:31  INFO        TOTAL SUPPLEMENTARY                                                                          58157.54          
00:57:31  INFO        TOTAL STEAM GENERATED                                                                        92624.66          
00:57:31  INFO        SURPLUS: 0.01 MT
00:57:31  INFO        ==============================================================================
00:57:31  INFO        [REVERSE NG] Found GT asset: NMD-Power Plant-3, plant: NMD - Power Plant 3, heat_rate: 3862.56, free_steam: 1.97
00:57:31  INFO        [REVERSE NG] NMD - Power Plant 3: gen_qty=9216000 KWH, heat_rate=3862.56, free_steam=1.9700, consumed=86385.63 MMBTU (REVERSE)
00:57:31  INFO        [REVERSE NG] Found GT asset: NMD-Power Plant-2, plant: NMD - Power Plant 2, heat_rate: 4016.03, free_steam: 1.97
00:57:31  INFO        [REVERSE NG] NMD - Power Plant 2: gen_qty=8280000 KWH, heat_rate=4016.03, free_steam=1.9700, consumed=82651.39 MMBTU (REVERSE)
00:57:31  INFO        [REVERSE NG HRSG] Found HRSG: HRSG-2, supp_steam=30000.73 MT, free_steam=16311.60 MT, total_steam=46312.33 MT
00:57:31  INFO        [REVERSE NG HRSG] HRSG2_SHP STEAM: total_steam=46312.33 MT, norm=2.954424, consumed=136826.26 MMBTU (REVERSE, BPC method)
00:57:31  INFO        [REVERSE NG HRSG] Found HRSG: HRSG-3, supp_steam=28156.81 MT, free_steam=18155.52 MT, total_steam=46312.33 MT
00:57:31  INFO        [REVERSE NG HRSG] HRSG3_SHP STEAM: total_steam=46312.33 MT, norm=2.954424, consumed=136826.26 MMBTU (REVERSE, BPC method)
00:57:31  INFO      
00:57:31  INFO        ------------------------------------------------------------------------------------------
00:57:31  INFO        ITERATION 23
00:57:31  INFO        ------------------------------------------------------------------------------------------
00:57:31  INFO        Power:  Demand =    44409832.05 KWH  |  Gen =       26409.83 MWh  |  Surplus =     0.00  |  Deficit =     0.00
00:57:31  INFO        Steam:  Gen =       92624.66 MT  |  Surplus =     0.01  |  Deficit =     0.00
00:57:31  INFO        Power delta: 11.8480 MWh  |  Converged: NO
00:57:31  INFO      
00:57:31  INFO        Utility                                Total Demand      U4U Demand         Initial    Change %
00:57:31  INFO        -----------------------------------  --------------  --------------  --------------  ----------
00:57:31  INFO        Boiler Feed Water                         100904.59       100904.77            0.00     0.0000%
00:57:31  INFO        COMPRESSED AIR                           7098165.77      1014061.65      6084105.59    85.7138%
00:57:31  INFO        Cooling Water 1                            15194.00            0.00        15194.00   100.0000%
00:57:31  INFO        Cooling Water 2                            13098.38         4082.07         9016.31    68.8354%
00:57:31  INFO        D M Water                                 142564.91        86777.95        55787.00    39.1315%
00:57:31  INFO        HP Steam PRDS                               4972.00         4972.00            0.00     0.0000%
00:57:31  INFO        HP Steam_Dis                                4972.00            0.00         4972.00   100.0000%
00:57:31  INFO        HRSG2_SHP STEAM                            46312.26        46312.33            0.00     0.0001%
00:57:31  INFO        HRSG3_SHP STEAM                            46312.26        46312.33            0.00     0.0001%
00:57:31  INFO        LP Steam PRDS                              14352.18        14352.24            0.00     0.0006%
00:57:31  INFO        LP Steam_Dis                               39911.67        14631.17        25280.51    63.3415%
00:57:31  INFO        MP Steam PRDS SHP                          23191.36        23191.29            0.00     0.0006%
00:57:31  INFO        MP Steam_Dis                               25312.48        10764.14        14548.40    57.4749%
00:57:31  INFO        Nitrogen Gas                             5437630.00            0.00      5437630.00   100.0000% (PT)
00:57:31  INFO        Oxygen                                      5787.00            0.00         5787.00   100.0000%
00:57:31  INFO        POWERGEN                                26193755.62     26193761.52            0.00     0.0000%
00:57:31  INFO        Power_Dis                               44409832.05     15167767.97     29242067.20    65.8460%
00:57:31  INFO        SHP Steam_Dis                              92624.65        71649.89        20975.00    22.6453%
00:57:31  INFO        STG1_LP STEAM                              25559.34        25559.43            0.00     0.0006%
00:57:31  INFO        STG1_MP STEAM                               2121.19         2121.19            0.00     0.0006%
00:57:31  INFO        Water                                     748835.41       468464.57       280371.80    37.4412% (PT)
00:57:31  INFO      
00:57:31  INFO        U4U CONSUMPTION BREAKDOWN (per producer per material):
00:57:31  INFO        Producer                        Material Consumed                     Norm        Quantity  Credit
00:57:31  INFO        ------------------------------  ------------------------------  ----------  --------------  ------
00:57:31  INFO        Boiler Feed Water               CHEM CYCLO HEXY                   0.000100           10.09  
00:57:31  INFO        Boiler Feed Water               CHEM MORPHOLENE                   0.000002            0.20  
00:57:31  INFO        Boiler Feed Water               Cooling Water 2                   0.001070          107.97  
00:57:31  INFO        Boiler Feed Water               D M Water                         0.860000        86777.95  
00:57:31  INFO        Boiler Feed Water               KEM WATREAT B 70M                 0.000570           57.52  
00:57:31  INFO        Boiler Feed Water               LP Steam_Dis                      0.145000        14631.17  
00:57:31  INFO        Boiler Feed Water               Power_Dis                         9.500000       958593.64  
00:57:31  INFO        COMPRESSED AIR                  Cooling Water 2                   0.000025          177.45  
00:57:31  INFO        COMPRESSED AIR                  Power_Dis                         0.165000      1171197.35  
00:57:31  INFO        Cooling Water 1                 COMPRESSED AIR                    0.108592         1649.95  
00:57:31  INFO        Cooling Water 1                 Power_Dis                       244.999997      3722529.95  
00:57:31  INFO        Cooling Water 1                 SULPHURIC ACID                    0.000158            2.40  
00:57:31  INFO        Cooling Water 1                 Water                            11.050000       167893.70  
00:57:31  INFO        Cooling Water 2                 COMPRESSED AIR                    0.123044         1611.68  
00:57:31  INFO        Cooling Water 2                 Power_Dis                       249.999997      3274594.27  
00:57:31  INFO        Cooling Water 2                 SULPHURIC ACID                    0.000158            2.07  
00:57:31  INFO        Cooling Water 2                 Water                            11.500000       150631.34  
00:57:31  INFO        D M Water                       CAUSTIC SODA LYE – GRADE 1        0.000226           32.22  
00:57:31  INFO        D M Water                       CHEM  SODIUM SULPHITE;PN:MIS 1    0.000701           99.94  
00:57:31  INFO        D M Water                       CHEM ALUM.SULFATE, AL2(SO4)3,1    0.000757          107.92  
00:57:31  INFO        D M Water                       COMPRESSED AIR                    0.077000        10977.50  
00:57:31  INFO        D M Water                       HYDRO CHLORIC ACID (30%) -VIRG    0.000226           32.22  
00:57:31  INFO        D M Water                       POLYELECTROLYTE                   0.000578           82.40  
00:57:31  INFO        D M Water                       Power_Dis                         1.210000       172503.54  
00:57:31  INFO        D M Water                       Ret steam condensate              0.203000        28940.68  
00:57:31  INFO        D M Water                       SODIUM CHLORIDE IS 797 GRADE1     0.000010            1.43  
00:57:31  INFO        D M Water                       Water                             1.050000       149693.15  
00:57:31  INFO        HP Steam PRDS                   Boiler Feed Water                 0.076800          381.85  
00:57:31  INFO        HP Steam PRDS                   SHP Steam_Dis                     0.923200         4590.15  
00:57:31  INFO        HP Steam_Dis                    HP Steam PRDS                     1.000000         4972.00  
00:57:31  INFO        HRSG2_SHP STEAM                 Boiler Feed Water                 1.024000        47423.83  
00:57:31  INFO        HRSG2_SHP STEAM                 CHEM TRISODIUM PHOSPHATE          0.000900           41.68  
00:57:31  INFO        HRSG2_SHP STEAM                 COMPRESSED AIR                    9.853236       456326.32  
00:57:31  INFO        HRSG2_SHP STEAM                 FURNACE OIL ( MEDIUM VISCOSITY    0.000098            4.54  
00:57:31  INFO        HRSG2_SHP STEAM                 LP Steam_Dis                     -0.078000        -3612.36  YES
00:57:31  INFO        HRSG2_SHP STEAM                 NATURAL GAS                       2.954424       136826.26  
00:57:31  INFO        HRSG2_SHP STEAM                 Water                             0.002660          123.19  
00:57:31  INFO        HRSG3_SHP STEAM                 Boiler Feed Water                 1.024000        47423.83  
00:57:31  INFO        HRSG3_SHP STEAM                 CHEM TRISODIUM PHOSPHATE          0.000900           41.68  
00:57:31  INFO        HRSG3_SHP STEAM                 COMPRESSED AIR                    9.596520       444437.20  
00:57:31  INFO        HRSG3_SHP STEAM                 FURNACE OIL ( MEDIUM VISCOSITY    0.000098            4.54  
00:57:31  INFO        HRSG3_SHP STEAM                 LP Steam_Dis                     -0.078000        -3612.36  YES
00:57:31  INFO        HRSG3_SHP STEAM                 NATURAL GAS                       2.954424       136826.26  
00:57:31  INFO        HRSG3_SHP STEAM                 Water                             0.002660          123.19  
00:57:31  INFO        LP Steam PRDS                   Boiler Feed Water                 0.250000         3588.05  
00:57:31  INFO        LP Steam PRDS                   MP Steam_Dis                      0.750000        10764.14  
00:57:31  INFO        LP Steam_Dis                    LP Steam PRDS                     0.359600        14352.24  
00:57:31  INFO        LP Steam_Dis                    STG1_LP STEAM                     0.640400        25559.43  
00:57:31  INFO        MP Steam PRDS SHP               Boiler Feed Water                 0.090000         2087.22  
00:57:31  INFO        MP Steam PRDS SHP               SHP Steam_Dis                     0.910000        21104.14  
00:57:31  INFO        MP Steam_Dis                    MP Steam PRDS SHP                 0.916200        23191.29  
00:57:31  INFO        MP Steam_Dis                    STG1_MP STEAM                     0.083800         2121.19  
00:57:31  INFO        Oxygen                          Cooling Water 2                   0.261000         1510.41  
00:57:31  INFO        Oxygen                          Power_Dis                       968.650000      5605577.55  
00:57:31  INFO        POWERGEN                        COMPRESSED AIR                    0.004011        35753.37  
00:57:31  INFO        POWERGEN                        COMPRESSED AIR                    0.003420        31518.72  
00:57:31  INFO        POWERGEN                        COMPRESSED AIR                    0.003839        31786.92  
00:57:31  INFO        POWERGEN                        COMPRESSED AIR                    0.000000            0.00  
00:57:31  INFO        POWERGEN                        Cooling Water 2                   0.000232         2068.01  
00:57:31  INFO        POWERGEN                        Cooling Water 2                   0.000012          110.59  
00:57:31  INFO        POWERGEN                        Cooling Water 2                   0.000013          107.64  
00:57:31  INFO        POWERGEN                        Cooling Water 2                   0.000000            0.00  
00:57:31  INFO        POWERGEN                        NATURAL GAS                       0.009373        86385.63  
00:57:31  INFO        POWERGEN                        NATURAL GAS                       0.009982        82651.39  
00:57:31  INFO        POWERGEN                        NATURAL GAS                       0.009472            0.00  
00:57:31  INFO        POWERGEN                        Power_Dis                         0.002000        17827.66  
00:57:31  INFO        POWERGEN                        Power_Dis                         0.014000       129024.00  
00:57:31  INFO        POWERGEN                        Power_Dis                         0.014000       115920.00  
00:57:31  INFO        POWERGEN                        Power_Dis                         0.000000            0.00  
00:57:31  INFO        POWERGEN                        SHP Steam_Dis                     0.003615        32223.50  
00:57:31  INFO        Power_Dis                       POWERGEN                          0.186036      8261827.13  
00:57:31  INFO        Power_Dis                       POWERGEN                          0.196717      8736168.53  
00:57:31  INFO        Power_Dis                       POWERGEN                          0.207066      9195765.86  
00:57:31  INFO        Power_Dis                       Power from MEL                    0.410169     18000000.00  
00:57:31  INFO        SHP Steam_Dis                   HRSG2_SHP STEAM                   0.500000        46312.33  
00:57:31  INFO        SHP Steam_Dis                   HRSG3_SHP STEAM                   0.500000        46312.33  
00:57:31  INFO        STG1_LP STEAM                   SHP Steam_Dis                     0.480000        12268.48  
00:57:31  INFO        STG1_MP STEAM                   SHP Steam_Dis                     0.690000         1463.62  
00:57:31  INFO      
00:57:31  INFO        All U4U materials converged within tolerance
00:57:31  INFO        ------------------------------------------------------------------------------------------
00:57:32  INFO        [DISPATCH] Total demand: 44409.84 MWh, Import: 18000.00 MWh, Net for GT/STG: 26409.84 MWh
00:57:32  WARNING     [DISPATCH] No aux power norm for 'NMD-Power Plant-2'; using 0.0
00:57:32  WARNING     [DISPATCH] No aux power norm for 'NMD-Power Plant-3'; using 0.0
00:57:32  WARNING     [DISPATCH] No aux power norm for 'NMD-STG Power Plant'; using 0.0
00:57:32  INFO        ==============================================================================
00:57:32  INFO        POWER DISPATCH  (April 2025)
00:57:32  INFO        ==============================================================================
00:57:32  INFO        Demand:  Process = 44409.84 MWh  |  Fixed = 0.00 MWh  |  Total = 44409.84 MWh
00:57:32  INFO      
00:57:32  INFO        Asset                      Priority    Min MW    Max MW     Hours   Dispatched MW  Dispatched MWh    Load %  Free Steam MT  Aux Power MWh
00:57:32  INFO        -------------------------  --------  --------  --------  --------  --------------  --------------  --------  ------------  ------------
00:57:32  INFO        NMD-Power Plant-2                 1      5.00     11.50    720.00           11.50         8280.00    100.0%      16311.60          0.00
00:57:32  INFO        NMD-Power Plant-3                 1      5.00     12.80    720.00           12.80         9216.00    100.0%      18155.52          0.00
00:57:32  INFO        NMD-STG Power Plant               2      6.00     14.50    720.00           12.38         8913.84     85.4%          0.00          0.00
00:57:32  INFO        TOTAL                                                                                    26409.84                34467.12          0.00
00:57:32  INFO        DEFICIT: 18000.00 MWh under-generation
00:57:32  INFO        ==============================================================================
00:57:33  INFO        ==============================================================================
00:57:33  INFO        STEAM DISPATCH  (April 2025)
00:57:33  INFO        ==============================================================================
00:57:33  INFO        Grade      Process/Fixed MT  Letdown MT  Byproduct MT     Net Demand MT
00:57:33  INFO        ---------  ----------------  ----------  ------------  ----------------
00:57:33  INFO        MP                 25312.54    18984.40          0.00          25312.54
00:57:33  INFO        SHP                92624.89    85511.30          0.00          92624.89
00:57:33  INFO      
00:57:33  INFO        Total Free Steam available: 34467.12 MT
00:57:33  INFO      
00:57:33  INFO        FINAL SUPPLEMENTARY FIRING DISPATCH
00:57:33  INFO        Asset                      Priority     Min TPH     Max TPH     Hours  Dispatched TPH   Dispatched MT    Load %
00:57:33  INFO        -------------------------  --------  ----------  ----------  --------  --------------  --------------  --------
00:57:33  INFO        HRSG-1                          999       60.00      136.00      0.00            0.00            0.00      0.0%
00:57:33  INFO        HRSG-2                            1       37.34      113.34    720.00           41.67        30000.85     47.3%
00:57:33  INFO        HRSG-3                            1       34.78      110.78    720.00           39.11        28156.93     47.3%
00:57:33  INFO        TOTAL SUPPLEMENTARY                                                                          58157.78          
00:57:33  INFO        TOTAL STEAM GENERATED                                                                        92624.90          
00:57:33  INFO        SURPLUS: 0.01 MT
00:57:33  INFO        ==============================================================================
00:57:33  INFO        [REVERSE NG] Found GT asset: NMD-Power Plant-3, plant: NMD - Power Plant 3, heat_rate: 3862.56, free_steam: 1.97
00:57:33  INFO        [REVERSE NG] NMD - Power Plant 3: gen_qty=9216000 KWH, heat_rate=3862.56, free_steam=1.9700, consumed=86385.63 MMBTU (REVERSE)
00:57:33  INFO        [REVERSE NG] Found GT asset: NMD-Power Plant-2, plant: NMD - Power Plant 2, heat_rate: 4016.03, free_steam: 1.97
00:57:33  INFO        [REVERSE NG] NMD - Power Plant 2: gen_qty=8280000 KWH, heat_rate=4016.03, free_steam=1.9700, consumed=82651.39 MMBTU (REVERSE)
00:57:33  INFO        [REVERSE NG HRSG] Found HRSG: HRSG-2, supp_steam=30000.85 MT, free_steam=16311.60 MT, total_steam=46312.45 MT
00:57:33  INFO        [REVERSE NG HRSG] HRSG2_SHP STEAM: total_steam=46312.45 MT, norm=2.954424, consumed=136826.61 MMBTU (REVERSE, BPC method)
00:57:33  INFO        [REVERSE NG HRSG] Found HRSG: HRSG-3, supp_steam=28156.93 MT, free_steam=18155.52 MT, total_steam=46312.45 MT
00:57:33  INFO        [REVERSE NG HRSG] HRSG3_SHP STEAM: total_steam=46312.45 MT, norm=2.954424, consumed=136826.61 MMBTU (REVERSE, BPC method)
00:57:33  INFO      
00:57:33  INFO        ------------------------------------------------------------------------------------------
00:57:33  INFO        ITERATION 24
00:57:33  INFO        ------------------------------------------------------------------------------------------
00:57:33  INFO        Power:  Demand =    44409835.17 KWH  |  Gen =       26409.84 MWh  |  Surplus =     0.00  |  Deficit =     0.00
00:57:33  INFO        Steam:  Gen =       92624.90 MT  |  Surplus =     0.01  |  Deficit =     0.00
00:57:33  INFO        Power delta: 3.1218 MWh  |  Converged: NO
00:57:33  INFO      
00:57:33  INFO        Utility                                Total Demand      U4U Demand         Initial    Change %
00:57:33  INFO        -----------------------------------  --------------  --------------  --------------  ----------
00:57:33  INFO        Boiler Feed Water                         100904.77       100905.02            0.00     0.0002%
00:57:33  INFO        COMPRESSED AIR                           7098167.24      1014064.03      6084105.59    85.7138%
00:57:33  INFO        Cooling Water 1                            15194.00            0.00        15194.00   100.0000%
00:57:33  INFO        Cooling Water 2                            13098.38         4082.07         9016.31    68.8353%
00:57:33  INFO        D M Water                                 142564.95        86778.10        55787.00    39.1310%
00:57:33  INFO        HP Steam PRDS                               4972.00         4972.00            0.00     0.0000%
00:57:33  INFO        HP Steam_Dis                                4972.00            0.00         4972.00   100.0000%
00:57:33  INFO        HRSG2_SHP STEAM                            46312.33        46312.45            0.00     0.0001%
00:57:33  INFO        HRSG3_SHP STEAM                            46312.33        46312.45            0.00     0.0001%
00:57:33  INFO        LP Steam PRDS                              14352.24        14352.24            0.00     0.0004%
00:57:33  INFO        LP Steam_Dis                               39911.68        14631.19        25280.51    63.3412%
00:57:33  INFO        MP Steam PRDS SHP                          23191.29        23191.35            0.00     0.0003%
00:57:33  INFO        MP Steam_Dis                               25312.54        10764.18        14548.40    57.4753%
00:57:33  INFO        Nitrogen Gas                             5437630.00            0.00      5437630.00   100.0000% (PT)
00:57:33  INFO        Oxygen                                      5787.00            0.00         5787.00   100.0000%
00:57:33  INFO        POWERGEN                                26193761.52     26193767.42            0.00     0.0000%
00:57:33  INFO        Power_Dis                               44409835.17     15167770.55     29242067.20    65.8459%
00:57:33  INFO        SHP Steam_Dis                              92624.89        71649.90        20975.00    22.6454%
00:57:33  INFO        STG1_LP STEAM                              25559.43        25559.44            0.00     0.0004%
00:57:33  INFO        STG1_MP STEAM                               2121.19         2121.19            0.00     0.0003%
00:57:33  INFO        Water                                     748836.37       468464.65       280371.80    37.4411% (PT)
00:57:33  INFO      
00:57:33  INFO        U4U CONSUMPTION BREAKDOWN (per producer per material):
00:57:33  INFO        Producer                        Material Consumed                     Norm        Quantity  Credit
00:57:33  INFO        ------------------------------  ------------------------------  ----------  --------------  ------
00:57:33  INFO        Boiler Feed Water               CHEM CYCLO HEXY                   0.000100           10.09  
00:57:33  INFO        Boiler Feed Water               CHEM MORPHOLENE                   0.000002            0.20  
00:57:33  INFO        Boiler Feed Water               Cooling Water 2                   0.001070          107.97  
00:57:33  INFO        Boiler Feed Water               D M Water                         0.860000        86778.10  
00:57:33  INFO        Boiler Feed Water               KEM WATREAT B 70M                 0.000570           57.52  
00:57:33  INFO        Boiler Feed Water               LP Steam_Dis                      0.145000        14631.19  
00:57:33  INFO        Boiler Feed Water               Power_Dis                         9.500000       958595.32  
00:57:33  INFO        COMPRESSED AIR                  Cooling Water 2                   0.000025          177.45  
00:57:33  INFO        COMPRESSED AIR                  Power_Dis                         0.165000      1171197.59  
00:57:33  INFO        Cooling Water 1                 COMPRESSED AIR                    0.108592         1649.95  
00:57:33  INFO        Cooling Water 1                 Power_Dis                       244.999997      3722529.95  
00:57:33  INFO        Cooling Water 1                 SULPHURIC ACID                    0.000158            2.40  
00:57:33  INFO        Cooling Water 1                 Water                            11.050000       167893.70  
00:57:33  INFO        Cooling Water 2                 COMPRESSED AIR                    0.123044         1611.68  
00:57:33  INFO        Cooling Water 2                 Power_Dis                       249.999997      3274594.87  
00:57:33  INFO        Cooling Water 2                 SULPHURIC ACID                    0.000158            2.07  
00:57:33  INFO        Cooling Water 2                 Water                            11.500000       150631.37  
00:57:33  INFO        D M Water                       CAUSTIC SODA LYE – GRADE 1        0.000226           32.22  
00:57:33  INFO        D M Water                       CHEM  SODIUM SULPHITE;PN:MIS 1    0.000701           99.94  
00:57:33  INFO        D M Water                       CHEM ALUM.SULFATE, AL2(SO4)3,1    0.000757          107.92  
00:57:33  INFO        D M Water                       COMPRESSED AIR                    0.077000        10977.50  
00:57:33  INFO        D M Water                       HYDRO CHLORIC ACID (30%) -VIRG    0.000226           32.22  
00:57:33  INFO        D M Water                       POLYELECTROLYTE                   0.000578           82.40  
00:57:33  INFO        D M Water                       Power_Dis                         1.210000       172503.59  
00:57:33  INFO        D M Water                       Ret steam condensate              0.203000        28940.69  
00:57:33  INFO        D M Water                       SODIUM CHLORIDE IS 797 GRADE1     0.000010            1.43  
00:57:33  INFO        D M Water                       Water                             1.050000       149693.20  
00:57:33  INFO        HP Steam PRDS                   Boiler Feed Water                 0.076800          381.85  
00:57:33  INFO        HP Steam PRDS                   SHP Steam_Dis                     0.923200         4590.15  
00:57:33  INFO        HP Steam_Dis                    HP Steam PRDS                     1.000000         4972.00  
00:57:33  INFO        HRSG2_SHP STEAM                 Boiler Feed Water                 1.024000        47423.95  
00:57:33  INFO        HRSG2_SHP STEAM                 CHEM TRISODIUM PHOSPHATE          0.000900           41.68  
00:57:33  INFO        HRSG2_SHP STEAM                 COMPRESSED AIR                    9.853236       456327.50  
00:57:33  INFO        HRSG2_SHP STEAM                 FURNACE OIL ( MEDIUM VISCOSITY    0.000098            4.54  
00:57:33  INFO        HRSG2_SHP STEAM                 LP Steam_Dis                     -0.078000        -3612.37  YES
00:57:33  INFO        HRSG2_SHP STEAM                 NATURAL GAS                       2.954424       136826.61  
00:57:33  INFO        HRSG2_SHP STEAM                 Water                             0.002660          123.19  
00:57:33  INFO        HRSG3_SHP STEAM                 Boiler Feed Water                 1.024000        47423.95  
00:57:33  INFO        HRSG3_SHP STEAM                 CHEM TRISODIUM PHOSPHATE          0.000900           41.68  
00:57:33  INFO        HRSG3_SHP STEAM                 COMPRESSED AIR                    9.596520       444438.35  
00:57:33  INFO        HRSG3_SHP STEAM                 FURNACE OIL ( MEDIUM VISCOSITY    0.000098            4.54  
00:57:33  INFO        HRSG3_SHP STEAM                 LP Steam_Dis                     -0.078000        -3612.37  YES
00:57:33  INFO        HRSG3_SHP STEAM                 NATURAL GAS                       2.954424       136826.61  
00:57:33  INFO        HRSG3_SHP STEAM                 Water                             0.002660          123.19  
00:57:33  INFO        LP Steam PRDS                   Boiler Feed Water                 0.250000         3588.06  
00:57:33  INFO        LP Steam PRDS                   MP Steam_Dis                      0.750000        10764.18  
00:57:33  INFO        LP Steam_Dis                    LP Steam PRDS                     0.359600        14352.24  
00:57:33  INFO        LP Steam_Dis                    STG1_LP STEAM                     0.640400        25559.44  
00:57:33  INFO        MP Steam PRDS SHP               Boiler Feed Water                 0.090000         2087.22  
00:57:33  INFO        MP Steam PRDS SHP               SHP Steam_Dis                     0.910000        21104.08  
00:57:33  INFO        MP Steam_Dis                    MP Steam PRDS SHP                 0.916200        23191.35  
00:57:33  INFO        MP Steam_Dis                    STG1_MP STEAM                     0.083800         2121.19  
00:57:33  INFO        Oxygen                          Cooling Water 2                   0.261000         1510.41  
00:57:33  INFO        Oxygen                          Power_Dis                       968.650000      5605577.55  
00:57:33  INFO        POWERGEN                        COMPRESSED AIR                    0.004011        35753.41  
00:57:33  INFO        POWERGEN                        COMPRESSED AIR                    0.003420        31518.72  
00:57:33  INFO        POWERGEN                        COMPRESSED AIR                    0.003839        31786.92  
00:57:33  INFO        POWERGEN                        COMPRESSED AIR                    0.000000            0.00  
00:57:33  INFO        POWERGEN                        Cooling Water 2                   0.000232         2068.01  
00:57:33  INFO        POWERGEN                        Cooling Water 2                   0.000012          110.59  
00:57:33  INFO        POWERGEN                        Cooling Water 2                   0.000013          107.64  
00:57:33  INFO        POWERGEN                        Cooling Water 2                   0.000000            0.00  
00:57:33  INFO        POWERGEN                        NATURAL GAS                       0.009373        86385.63  
00:57:33  INFO        POWERGEN                        NATURAL GAS                       0.009982        82651.39  
00:57:33  INFO        POWERGEN                        NATURAL GAS                       0.009472            0.00  
00:57:33  INFO        POWERGEN                        Power_Dis                         0.002000        17827.68  
00:57:33  INFO        POWERGEN                        Power_Dis                         0.014000       129024.00  
00:57:33  INFO        POWERGEN                        Power_Dis                         0.014000       115920.00  
00:57:33  INFO        POWERGEN                        Power_Dis                         0.000000            0.00  
00:57:33  INFO        POWERGEN                        SHP Steam_Dis                     0.003615        32223.53  
00:57:33  INFO        Power_Dis                       POWERGEN                          0.186036      8261828.99  
00:57:33  INFO        Power_Dis                       POWERGEN                          0.196717      8736170.50  
00:57:33  INFO        Power_Dis                       POWERGEN                          0.207066      9195767.93  
00:57:33  INFO        Power_Dis                       Power from MEL                    0.410169     18000000.00  
00:57:33  INFO        SHP Steam_Dis                   HRSG2_SHP STEAM                   0.500000        46312.45  
00:57:33  INFO        SHP Steam_Dis                   HRSG3_SHP STEAM                   0.500000        46312.45  
00:57:33  INFO        STG1_LP STEAM                   SHP Steam_Dis                     0.480000        12268.53  
00:57:33  INFO        STG1_MP STEAM                   SHP Steam_Dis                     0.690000         1463.62  
00:57:33  INFO      
00:57:33  INFO        All U4U materials converged within tolerance
00:57:33  INFO        ------------------------------------------------------------------------------------------
00:57:34  INFO        [DISPATCH] Total demand: 44409.84 MWh, Import: 18000.00 MWh, Net for GT/STG: 26409.84 MWh
00:57:34  WARNING     [DISPATCH] No aux power norm for 'NMD-Power Plant-2'; using 0.0
00:57:34  WARNING     [DISPATCH] No aux power norm for 'NMD-Power Plant-3'; using 0.0
00:57:34  WARNING     [DISPATCH] No aux power norm for 'NMD-STG Power Plant'; using 0.0
00:57:34  INFO        ==============================================================================
00:57:34  INFO        POWER DISPATCH  (April 2025)
00:57:34  INFO        ==============================================================================
00:57:34  INFO        Demand:  Process = 44409.84 MWh  |  Fixed = 0.00 MWh  |  Total = 44409.84 MWh
00:57:34  INFO      
00:57:34  INFO        Asset                      Priority    Min MW    Max MW     Hours   Dispatched MW  Dispatched MWh    Load %  Free Steam MT  Aux Power MWh
00:57:34  INFO        -------------------------  --------  --------  --------  --------  --------------  --------------  --------  ------------  ------------
00:57:34  INFO        NMD-Power Plant-2                 1      5.00     11.50    720.00           11.50         8280.00    100.0%      16311.60          0.00
00:57:34  INFO        NMD-Power Plant-3                 1      5.00     12.80    720.00           12.80         9216.00    100.0%      18155.52          0.00
00:57:34  INFO        NMD-STG Power Plant               2      6.00     14.50    720.00           12.38         8913.84     85.4%          0.00          0.00
00:57:34  INFO        TOTAL                                                                                    26409.84                34467.12          0.00
00:57:34  INFO        DEFICIT: 18000.00 MWh under-generation
00:57:34  INFO        ==============================================================================
00:57:34  INFO        ==============================================================================
00:57:34  INFO        STEAM DISPATCH  (April 2025)
00:57:34  INFO        ==============================================================================
00:57:34  INFO        Grade      Process/Fixed MT  Letdown MT  Byproduct MT     Net Demand MT
00:57:34  INFO        ---------  ----------------  ----------  ------------  ----------------
00:57:34  INFO        MP                 25312.58    18984.43          0.00          25312.58
00:57:34  INFO        SHP                92624.90    85511.31          0.00          92624.90
00:57:34  INFO      
00:57:34  INFO        Total Free Steam available: 34467.12 MT
00:57:34  INFO      
00:57:34  INFO        FINAL SUPPLEMENTARY FIRING DISPATCH
00:57:34  INFO        Asset                      Priority     Min TPH     Max TPH     Hours  Dispatched TPH   Dispatched MT    Load %
00:57:34  INFO        -------------------------  --------  ----------  ----------  --------  --------------  --------------  --------
00:57:34  INFO        HRSG-1                          999       60.00      136.00      0.00            0.00            0.00      0.0%
00:57:34  INFO        HRSG-2                            1       37.34      113.34    720.00           41.67        30000.85     47.3%
00:57:34  INFO        HRSG-3                            1       34.78      110.78    720.00           39.11        28156.93     47.3%
00:57:34  INFO        TOTAL SUPPLEMENTARY                                                                          58157.78          
00:57:34  INFO        TOTAL STEAM GENERATED                                                                        92624.90          
00:57:34  INFO        Demand met
00:57:34  INFO        ==============================================================================
00:57:34  INFO        [REVERSE NG] Found GT asset: NMD-Power Plant-3, plant: NMD - Power Plant 3, heat_rate: 3862.56, free_steam: 1.97
00:57:34  INFO        [REVERSE NG] NMD - Power Plant 3: gen_qty=9216000 KWH, heat_rate=3862.56, free_steam=1.9700, consumed=86385.63 MMBTU (REVERSE)
00:57:34  INFO        [REVERSE NG] Found GT asset: NMD-Power Plant-2, plant: NMD - Power Plant 2, heat_rate: 4016.03, free_steam: 1.97
00:57:34  INFO        [REVERSE NG] NMD - Power Plant 2: gen_qty=8280000 KWH, heat_rate=4016.03, free_steam=1.9700, consumed=82651.39 MMBTU (REVERSE)
00:57:34  INFO        [REVERSE NG HRSG] Found HRSG: HRSG-2, supp_steam=30000.85 MT, free_steam=16311.60 MT, total_steam=46312.45 MT
00:57:34  INFO        [REVERSE NG HRSG] HRSG2_SHP STEAM: total_steam=46312.45 MT, norm=2.954424, consumed=136826.61 MMBTU (REVERSE, BPC method)
00:57:34  INFO        [REVERSE NG HRSG] Found HRSG: HRSG-3, supp_steam=28156.93 MT, free_steam=18155.52 MT, total_steam=46312.45 MT
00:57:34  INFO        [REVERSE NG HRSG] HRSG3_SHP STEAM: total_steam=46312.45 MT, norm=2.954424, consumed=136826.61 MMBTU (REVERSE, BPC method)
00:57:34  INFO      
00:57:34  INFO        ------------------------------------------------------------------------------------------
00:57:34  INFO        ITERATION 25
00:57:34  INFO        ------------------------------------------------------------------------------------------
00:57:34  INFO        Power:  Demand =    44409837.75 KWH  |  Gen =       26409.84 MWh  |  Surplus =     0.00  |  Deficit =     0.00
00:57:34  INFO        Steam:  Gen =       92624.90 MT  |  Surplus =     0.00  |  Deficit =     0.00
00:57:34  INFO        Power delta: 2.5859 MWh  |  Converged: NO
00:57:34  INFO      
00:57:34  INFO        Utility                                Total Demand      U4U Demand         Initial    Change %
00:57:34  INFO        -----------------------------------  --------------  --------------  --------------  ----------
00:57:34  INFO        Boiler Feed Water                         100905.02       100905.03            0.00     0.0002%
00:57:34  INFO        COMPRESSED AIR                           7098169.62      1014064.04      6084105.59    85.7138%
00:57:34  INFO        Cooling Water 1                            15194.00            0.00        15194.00   100.0000%
00:57:34  INFO        Cooling Water 2                            13098.38         4082.07         9016.31    68.8353%
00:57:34  INFO        D M Water                                 142565.10        86778.32        55787.00    39.1310%
00:57:34  INFO        HP Steam PRDS                               4972.00         4972.00            0.00     0.0000%
00:57:34  INFO        HP Steam_Dis                                4972.00            0.00         4972.00   100.0000%
00:57:34  INFO        HRSG2_SHP STEAM                            46312.45        46312.45            0.00     0.0003%
00:57:34  INFO        HRSG3_SHP STEAM                            46312.45        46312.45            0.00     0.0003%
00:57:34  INFO        LP Steam PRDS                              14352.24        14352.25            0.00     0.0000%
00:57:34  INFO        LP Steam_Dis                               39911.70        14631.23        25280.51    63.3412%
00:57:34  INFO        MP Steam PRDS SHP                          23191.35        23191.38            0.00     0.0002%
00:57:34  INFO        MP Steam_Dis                               25312.58        10764.18        14548.40    57.4751%
00:57:34  INFO        Nitrogen Gas                             5437630.00            0.00      5437630.00   100.0000% (PT)
00:57:34  INFO        Oxygen                                      5787.00            0.00         5787.00   100.0000%
00:57:34  INFO        POWERGEN                                26193767.42     26193767.42            0.00     0.0000%
00:57:34  INFO        Power_Dis                               44409837.75     15167774.16     29242067.20    65.8459%
00:57:34  INFO        SHP Steam_Dis                              92624.90        71649.96        20975.00    22.6451%
00:57:34  INFO        STG1_LP STEAM                              25559.44        25559.45            0.00     0.0000%
00:57:34  INFO        STG1_MP STEAM                               2121.19         2121.19            0.00     0.0002%
00:57:34  INFO        Water                                     748836.45       468464.83       280371.80    37.4410% (PT)
00:57:34  INFO      
00:57:34  INFO        U4U CONSUMPTION BREAKDOWN (per producer per material):
00:57:34  INFO        Producer                        Material Consumed                     Norm        Quantity  Credit
00:57:34  INFO        ------------------------------  ------------------------------  ----------  --------------  ------
00:57:34  INFO        Boiler Feed Water               CHEM CYCLO HEXY                   0.000100           10.09  
00:57:34  INFO        Boiler Feed Water               CHEM MORPHOLENE                   0.000002            0.20  
00:57:34  INFO        Boiler Feed Water               Cooling Water 2                   0.001070          107.97  
00:57:34  INFO        Boiler Feed Water               D M Water                         0.860000        86778.32  
00:57:34  INFO        Boiler Feed Water               KEM WATREAT B 70M                 0.000570           57.52  
00:57:34  INFO        Boiler Feed Water               LP Steam_Dis                      0.145000        14631.23  
00:57:34  INFO        Boiler Feed Water               Power_Dis                         9.500000       958597.71  
00:57:34  INFO        COMPRESSED AIR                  Cooling Water 2                   0.000025          177.45  
00:57:34  INFO        COMPRESSED AIR                  Power_Dis                         0.165000      1171197.99  
00:57:34  INFO        Cooling Water 1                 COMPRESSED AIR                    0.108592         1649.95  
00:57:34  INFO        Cooling Water 1                 Power_Dis                       244.999997      3722529.95  
00:57:34  INFO        Cooling Water 1                 SULPHURIC ACID                    0.000158            2.40  
00:57:34  INFO        Cooling Water 1                 Water                            11.050000       167893.70  
00:57:34  INFO        Cooling Water 2                 COMPRESSED AIR                    0.123044         1611.68  
00:57:34  INFO        Cooling Water 2                 Power_Dis                       249.999997      3274595.50  
00:57:34  INFO        Cooling Water 2                 SULPHURIC ACID                    0.000158            2.07  
00:57:34  INFO        Cooling Water 2                 Water                            11.500000       150631.39  
00:57:34  INFO        D M Water                       CAUSTIC SODA LYE – GRADE 1        0.000226           32.22  
00:57:34  INFO        D M Water                       CHEM  SODIUM SULPHITE;PN:MIS 1    0.000701           99.94  
00:57:34  INFO        D M Water                       CHEM ALUM.SULFATE, AL2(SO4)3,1    0.000757          107.92  
00:57:34  INFO        D M Water                       COMPRESSED AIR                    0.077000        10977.51  
00:57:34  INFO        D M Water                       HYDRO CHLORIC ACID (30%) -VIRG    0.000226           32.22  
00:57:34  INFO        D M Water                       POLYELECTROLYTE                   0.000578           82.40  
00:57:34  INFO        D M Water                       Power_Dis                         1.210000       172503.77  
00:57:34  INFO        D M Water                       Ret steam condensate              0.203000        28940.72  
00:57:34  INFO        D M Water                       SODIUM CHLORIDE IS 797 GRADE1     0.000010            1.43  
00:57:34  INFO        D M Water                       Water                             1.050000       149693.36  
00:57:34  INFO        HP Steam PRDS                   Boiler Feed Water                 0.076800          381.85  
00:57:34  INFO        HP Steam PRDS                   SHP Steam_Dis                     0.923200         4590.15  
00:57:34  INFO        HP Steam_Dis                    HP Steam PRDS                     1.000000         4972.00  
00:57:34  INFO        HRSG2_SHP STEAM                 Boiler Feed Water                 1.024000        47423.95  
00:57:34  INFO        HRSG2_SHP STEAM                 CHEM TRISODIUM PHOSPHATE          0.000900           41.68  
00:57:34  INFO        HRSG2_SHP STEAM                 COMPRESSED AIR                    9.853236       456327.50  
00:57:34  INFO        HRSG2_SHP STEAM                 FURNACE OIL ( MEDIUM VISCOSITY    0.000098            4.54  
00:57:34  INFO        HRSG2_SHP STEAM                 LP Steam_Dis                     -0.078000        -3612.37  YES
00:57:34  INFO        HRSG2_SHP STEAM                 NATURAL GAS                       2.954424       136826.61  
00:57:34  INFO        HRSG2_SHP STEAM                 Water                             0.002660          123.19  
00:57:34  INFO        HRSG3_SHP STEAM                 Boiler Feed Water                 1.024000        47423.95  
00:57:34  INFO        HRSG3_SHP STEAM                 CHEM TRISODIUM PHOSPHATE          0.000900           41.68  
00:57:34  INFO        HRSG3_SHP STEAM                 COMPRESSED AIR                    9.596520       444438.35  
00:57:34  INFO        HRSG3_SHP STEAM                 FURNACE OIL ( MEDIUM VISCOSITY    0.000098            4.54  
00:57:34  INFO        HRSG3_SHP STEAM                 LP Steam_Dis                     -0.078000        -3612.37  YES
00:57:34  INFO        HRSG3_SHP STEAM                 NATURAL GAS                       2.954424       136826.61  
00:57:34  INFO        HRSG3_SHP STEAM                 Water                             0.002660          123.19  
00:57:34  INFO        LP Steam PRDS                   Boiler Feed Water                 0.250000         3588.06  
00:57:34  INFO        LP Steam PRDS                   MP Steam_Dis                      0.750000        10764.18  
00:57:34  INFO        LP Steam_Dis                    LP Steam PRDS                     0.359600        14352.25  
00:57:34  INFO        LP Steam_Dis                    STG1_LP STEAM                     0.640400        25559.45  
00:57:34  INFO        MP Steam PRDS SHP               Boiler Feed Water                 0.090000         2087.22  
00:57:34  INFO        MP Steam PRDS SHP               SHP Steam_Dis                     0.910000        21104.13  
00:57:34  INFO        MP Steam_Dis                    MP Steam PRDS SHP                 0.916200        23191.38  
00:57:34  INFO        MP Steam_Dis                    STG1_MP STEAM                     0.083800         2121.19  
00:57:34  INFO        Oxygen                          Cooling Water 2                   0.261000         1510.41  
00:57:34  INFO        Oxygen                          Power_Dis                       968.650000      5605577.55  
00:57:34  INFO        POWERGEN                        COMPRESSED AIR                    0.004011        35753.41  
00:57:34  INFO        POWERGEN                        COMPRESSED AIR                    0.003420        31518.72  
00:57:34  INFO        POWERGEN                        COMPRESSED AIR                    0.003839        31786.92  
00:57:34  INFO        POWERGEN                        COMPRESSED AIR                    0.000000            0.00  
00:57:34  INFO        POWERGEN                        Cooling Water 2                   0.000232         2068.01  
00:57:34  INFO        POWERGEN                        Cooling Water 2                   0.000012          110.59  
00:57:34  INFO        POWERGEN                        Cooling Water 2                   0.000013          107.64  
00:57:34  INFO        POWERGEN                        Cooling Water 2                   0.000000            0.00  
00:57:34  INFO        POWERGEN                        NATURAL GAS                       0.009373        86385.63  
00:57:34  INFO        POWERGEN                        NATURAL GAS                       0.009982        82651.39  
00:57:34  INFO        POWERGEN                        NATURAL GAS                       0.009472            0.00  
00:57:34  INFO        POWERGEN                        Power_Dis                         0.002000        17827.68  
00:57:34  INFO        POWERGEN                        Power_Dis                         0.014000       129024.00  
00:57:34  INFO        POWERGEN                        Power_Dis                         0.014000       115920.00  
00:57:34  INFO        POWERGEN                        Power_Dis                         0.000000            0.00  
00:57:34  INFO        POWERGEN                        SHP Steam_Dis                     0.003615        32223.53  
00:57:34  INFO        Power_Dis                       POWERGEN                          0.186036      8261828.99  
00:57:34  INFO        Power_Dis                       POWERGEN                          0.196717      8736170.50  
00:57:34  INFO        Power_Dis                       POWERGEN                          0.207066      9195767.93  
00:57:34  INFO        Power_Dis                       Power from MEL                    0.410169     18000000.00  
00:57:34  INFO        SHP Steam_Dis                   HRSG2_SHP STEAM                   0.500000        46312.45  
00:57:34  INFO        SHP Steam_Dis                   HRSG3_SHP STEAM                   0.500000        46312.45  
00:57:34  INFO        STG1_LP STEAM                   SHP Steam_Dis                     0.480000        12268.53  
00:57:34  INFO        STG1_MP STEAM                   SHP Steam_Dis                     0.690000         1463.62  
00:57:34  INFO      
00:57:34  INFO        All U4U materials converged within tolerance
00:57:34  INFO        ------------------------------------------------------------------------------------------
00:57:35  INFO        [DISPATCH] Total demand: 44409.84 MWh, Import: 18000.00 MWh, Net for GT/STG: 26409.84 MWh
00:57:35  WARNING     [DISPATCH] No aux power norm for 'NMD-Power Plant-2'; using 0.0
00:57:35  WARNING     [DISPATCH] No aux power norm for 'NMD-Power Plant-3'; using 0.0
00:57:35  WARNING     [DISPATCH] No aux power norm for 'NMD-STG Power Plant'; using 0.0
00:57:35  INFO        ==============================================================================
00:57:35  INFO        POWER DISPATCH  (April 2025)
00:57:35  INFO        ==============================================================================
00:57:35  INFO        Demand:  Process = 44409.84 MWh  |  Fixed = 0.00 MWh  |  Total = 44409.84 MWh
00:57:35  INFO      
00:57:35  INFO        Asset                      Priority    Min MW    Max MW     Hours   Dispatched MW  Dispatched MWh    Load %  Free Steam MT  Aux Power MWh
00:57:35  INFO        -------------------------  --------  --------  --------  --------  --------------  --------------  --------  ------------  ------------
00:57:35  INFO        NMD-Power Plant-2                 1      5.00     11.50    720.00           11.50         8280.00    100.0%      16311.60          0.00
00:57:35  INFO        NMD-Power Plant-3                 1      5.00     12.80    720.00           12.80         9216.00    100.0%      18155.52          0.00
00:57:35  INFO        NMD-STG Power Plant               2      6.00     14.50    720.00           12.38         8913.84     85.4%          0.00          0.00
00:57:35  INFO        TOTAL                                                                                    26409.84                34467.12          0.00
00:57:35  INFO        DEFICIT: 18000.00 MWh under-generation
00:57:35  INFO        ==============================================================================
00:57:36  INFO        ==============================================================================
00:57:36  INFO        STEAM DISPATCH  (April 2025)
00:57:36  INFO        ==============================================================================
00:57:36  INFO        Grade      Process/Fixed MT  Letdown MT  Byproduct MT     Net Demand MT
00:57:36  INFO        ---------  ----------------  ----------  ------------  ----------------
00:57:36  INFO        MP                 25312.58    18984.43          0.00          25312.58
00:57:36  INFO        SHP                92624.96    85511.36          0.00          92624.96
00:57:36  INFO      
00:57:36  INFO        Total Free Steam available: 34467.12 MT
00:57:36  INFO      
00:57:36  INFO        FINAL SUPPLEMENTARY FIRING DISPATCH
00:57:36  INFO        Asset                      Priority     Min TPH     Max TPH     Hours  Dispatched TPH   Dispatched MT    Load %
00:57:36  INFO        -------------------------  --------  ----------  ----------  --------  --------------  --------------  --------
00:57:36  INFO        HRSG-1                          999       60.00      136.00      0.00            0.00            0.00      0.0%
00:57:36  INFO        HRSG-2                            1       37.34      113.34    720.00           41.67        30000.88     47.3%
00:57:36  INFO        HRSG-3                            1       34.78      110.78    720.00           39.11        28156.96     47.3%
00:57:36  INFO        TOTAL SUPPLEMENTARY                                                                          58157.84          
00:57:36  INFO        TOTAL STEAM GENERATED                                                                        92624.96          
00:57:36  INFO        DEFICIT: 0.00 MT
00:57:36  INFO        ==============================================================================
00:57:36  INFO        [REVERSE NG] Found GT asset: NMD-Power Plant-3, plant: NMD - Power Plant 3, heat_rate: 3862.56, free_steam: 1.97
00:57:36  INFO        [REVERSE NG] NMD - Power Plant 3: gen_qty=9216000 KWH, heat_rate=3862.56, free_steam=1.9700, consumed=86385.63 MMBTU (REVERSE)
00:57:36  INFO        [REVERSE NG] Found GT asset: NMD-Power Plant-2, plant: NMD - Power Plant 2, heat_rate: 4016.03, free_steam: 1.97
00:57:36  INFO        [REVERSE NG] NMD - Power Plant 2: gen_qty=8280000 KWH, heat_rate=4016.03, free_steam=1.9700, consumed=82651.39 MMBTU (REVERSE)
00:57:36  INFO        [REVERSE NG HRSG] Found HRSG: HRSG-2, supp_steam=30000.88 MT, free_steam=16311.60 MT, total_steam=46312.48 MT
00:57:36  INFO        [REVERSE NG HRSG] HRSG2_SHP STEAM: total_steam=46312.48 MT, norm=2.954424, consumed=136826.70 MMBTU (REVERSE, BPC method)
00:57:36  INFO        [REVERSE NG HRSG] Found HRSG: HRSG-3, supp_steam=28156.96 MT, free_steam=18155.52 MT, total_steam=46312.48 MT
00:57:36  INFO        [REVERSE NG HRSG] HRSG3_SHP STEAM: total_steam=46312.48 MT, norm=2.954424, consumed=136826.70 MMBTU (REVERSE, BPC method)
00:57:36  INFO      
00:57:36  INFO        ------------------------------------------------------------------------------------------
00:57:36  INFO        ITERATION 26
00:57:36  INFO        ------------------------------------------------------------------------------------------
00:57:36  INFO        Power:  Demand =    44409841.36 KWH  |  Gen =       26409.84 MWh  |  Surplus =     0.00  |  Deficit =     0.00
00:57:36  INFO        Steam:  Gen =       92624.96 MT  |  Surplus =     0.00  |  Deficit =     0.00
00:57:36  INFO        Power delta: 3.6070 MWh  |  Converged: NO
00:57:36  INFO      
00:57:36  INFO        Utility                                Total Demand      U4U Demand         Initial    Change %
00:57:36  INFO        -----------------------------------  --------------  --------------  --------------  ----------
00:57:36  INFO        Boiler Feed Water                         100905.03       100905.10            0.00     0.0000%
00:57:36  INFO        COMPRESSED AIR                           7098169.63      1014064.64      6084105.59    85.7137%
00:57:36  INFO        Cooling Water 1                            15194.00            0.00        15194.00   100.0000%
00:57:36  INFO        Cooling Water 2                            13098.38         4082.07         9016.31    68.8353%
00:57:36  INFO        D M Water                                 142565.32        86778.32        55787.00    39.1310%
00:57:36  INFO        HP Steam PRDS                               4972.00         4972.00            0.00     0.0000%
00:57:36  INFO        HP Steam_Dis                                4972.00            0.00         4972.00   100.0000%
00:57:36  INFO        HRSG2_SHP STEAM                            46312.45        46312.48            0.00     0.0000%
00:57:36  INFO        HRSG3_SHP STEAM                            46312.45        46312.48            0.00     0.0000%
00:57:36  INFO        LP Steam PRDS                              14352.25        14352.26            0.00     0.0001%
00:57:36  INFO        LP Steam_Dis                               39911.74        14631.23        25280.51    63.3411%
00:57:36  INFO        MP Steam PRDS SHP                          23191.38        23191.38            0.00     0.0002%
00:57:36  INFO        MP Steam_Dis                               25312.58        10764.19        14548.40    57.4750%
00:57:36  INFO        Nitrogen Gas                             5437630.00            0.00      5437630.00   100.0000% (PT)
00:57:36  INFO        Oxygen                                      5787.00            0.00         5787.00   100.0000%
00:57:36  INFO        POWERGEN                                26193767.42     26193767.42            0.00     0.0000%
00:57:36  INFO        Power_Dis                               44409841.36     15167774.56     29242067.20    65.8459%
00:57:36  INFO        SHP Steam_Dis                              92624.96        71650.00        20975.00    22.6451%
00:57:36  INFO        STG1_LP STEAM                              25559.45        25559.48            0.00     0.0001%
00:57:36  INFO        STG1_MP STEAM                               2121.19         2121.19            0.00     0.0002%
00:57:36  INFO        Water                                     748836.63       468465.07       280371.80    37.4410% (PT)
00:57:36  INFO      
00:57:36  INFO        U4U CONSUMPTION BREAKDOWN (per producer per material):
00:57:36  INFO        Producer                        Material Consumed                     Norm        Quantity  Credit
00:57:36  INFO        ------------------------------  ------------------------------  ----------  --------------  ------
00:57:36  INFO        Boiler Feed Water               CHEM CYCLO HEXY                   0.000100           10.09  
00:57:36  INFO        Boiler Feed Water               CHEM MORPHOLENE                   0.000002            0.20  
00:57:36  INFO        Boiler Feed Water               Cooling Water 2                   0.001070          107.97  
00:57:36  INFO        Boiler Feed Water               D M Water                         0.860000        86778.32  
00:57:36  INFO        Boiler Feed Water               KEM WATREAT B 70M                 0.000570           57.52  
00:57:36  INFO        Boiler Feed Water               LP Steam_Dis                      0.145000        14631.23  
00:57:36  INFO        Boiler Feed Water               Power_Dis                         9.500000       958597.77  
00:57:36  INFO        COMPRESSED AIR                  Cooling Water 2                   0.000025          177.45  
00:57:36  INFO        COMPRESSED AIR                  Power_Dis                         0.165000      1171197.99  
00:57:36  INFO        Cooling Water 1                 COMPRESSED AIR                    0.108592         1649.95  
00:57:36  INFO        Cooling Water 1                 Power_Dis                       244.999997      3722529.95  
00:57:36  INFO        Cooling Water 1                 SULPHURIC ACID                    0.000158            2.40  
00:57:36  INFO        Cooling Water 1                 Water                            11.050000       167893.70  
00:57:36  INFO        Cooling Water 2                 COMPRESSED AIR                    0.123044         1611.68  
00:57:36  INFO        Cooling Water 2                 Power_Dis                       249.999997      3274595.58  
00:57:36  INFO        Cooling Water 2                 SULPHURIC ACID                    0.000158            2.07  
00:57:36  INFO        Cooling Water 2                 Water                            11.500000       150631.40  
00:57:36  INFO        D M Water                       CAUSTIC SODA LYE – GRADE 1        0.000226           32.22  
00:57:36  INFO        D M Water                       CHEM  SODIUM SULPHITE;PN:MIS 1    0.000701           99.94  
00:57:36  INFO        D M Water                       CHEM ALUM.SULFATE, AL2(SO4)3,1    0.000757          107.92  
00:57:36  INFO        D M Water                       COMPRESSED AIR                    0.077000        10977.53  
00:57:36  INFO        D M Water                       HYDRO CHLORIC ACID (30%) -VIRG    0.000226           32.22  
00:57:36  INFO        D M Water                       POLYELECTROLYTE                   0.000578           82.40  
00:57:36  INFO        D M Water                       Power_Dis                         1.210000       172504.04  
00:57:36  INFO        D M Water                       Ret steam condensate              0.203000        28940.76  
00:57:36  INFO        D M Water                       SODIUM CHLORIDE IS 797 GRADE1     0.000010            1.43  
00:57:36  INFO        D M Water                       Water                             1.050000       149693.59  
00:57:36  INFO        HP Steam PRDS                   Boiler Feed Water                 0.076800          381.85  
00:57:36  INFO        HP Steam PRDS                   SHP Steam_Dis                     0.923200         4590.15  
00:57:36  INFO        HP Steam_Dis                    HP Steam PRDS                     1.000000         4972.00  
00:57:36  INFO        HRSG2_SHP STEAM                 Boiler Feed Water                 1.024000        47423.98  
00:57:36  INFO        HRSG2_SHP STEAM                 CHEM TRISODIUM PHOSPHATE          0.000900           41.68  
00:57:36  INFO        HRSG2_SHP STEAM                 COMPRESSED AIR                    9.853236       456327.80  
00:57:36  INFO        HRSG2_SHP STEAM                 FURNACE OIL ( MEDIUM VISCOSITY    0.000098            4.54  
00:57:36  INFO        HRSG2_SHP STEAM                 LP Steam_Dis                     -0.078000        -3612.37  YES
00:57:36  INFO        HRSG2_SHP STEAM                 NATURAL GAS                       2.954424       136826.70  
00:57:36  INFO        HRSG2_SHP STEAM                 Water                             0.002660          123.19  
00:57:36  INFO        HRSG3_SHP STEAM                 Boiler Feed Water                 1.024000        47423.98  
00:57:36  INFO        HRSG3_SHP STEAM                 CHEM TRISODIUM PHOSPHATE          0.000900           41.68  
00:57:36  INFO        HRSG3_SHP STEAM                 COMPRESSED AIR                    9.596520       444438.64  
00:57:36  INFO        HRSG3_SHP STEAM                 FURNACE OIL ( MEDIUM VISCOSITY    0.000098            4.54  
00:57:36  INFO        HRSG3_SHP STEAM                 LP Steam_Dis                     -0.078000        -3612.37  YES
00:57:36  INFO        HRSG3_SHP STEAM                 NATURAL GAS                       2.954424       136826.70  
00:57:36  INFO        HRSG3_SHP STEAM                 Water                             0.002660          123.19  
00:57:36  INFO        LP Steam PRDS                   Boiler Feed Water                 0.250000         3588.06  
00:57:36  INFO        LP Steam PRDS                   MP Steam_Dis                      0.750000        10764.19  
00:57:36  INFO        LP Steam_Dis                    LP Steam PRDS                     0.359600        14352.26  
00:57:36  INFO        LP Steam_Dis                    STG1_LP STEAM                     0.640400        25559.48  
00:57:36  INFO        MP Steam PRDS SHP               Boiler Feed Water                 0.090000         2087.22  
00:57:36  INFO        MP Steam PRDS SHP               SHP Steam_Dis                     0.910000        21104.16  
00:57:36  INFO        MP Steam_Dis                    MP Steam PRDS SHP                 0.916200        23191.38  
00:57:36  INFO        MP Steam_Dis                    STG1_MP STEAM                     0.083800         2121.19  
00:57:36  INFO        Oxygen                          Cooling Water 2                   0.261000         1510.41  
00:57:36  INFO        Oxygen                          Power_Dis                       968.650000      5605577.55  
00:57:36  INFO        POWERGEN                        COMPRESSED AIR                    0.004011        35753.41  
00:57:36  INFO        POWERGEN                        COMPRESSED AIR                    0.003420        31518.72  
00:57:36  INFO        POWERGEN                        COMPRESSED AIR                    0.003839        31786.92  
00:57:36  INFO        POWERGEN                        COMPRESSED AIR                    0.000000            0.00  
00:57:36  INFO        POWERGEN                        Cooling Water 2                   0.000232         2068.01  
00:57:36  INFO        POWERGEN                        Cooling Water 2                   0.000012          110.59  
00:57:36  INFO        POWERGEN                        Cooling Water 2                   0.000013          107.64  
00:57:36  INFO        POWERGEN                        Cooling Water 2                   0.000000            0.00  
00:57:36  INFO        POWERGEN                        NATURAL GAS                       0.009373        86385.63  
00:57:36  INFO        POWERGEN                        NATURAL GAS                       0.009982        82651.39  
00:57:36  INFO        POWERGEN                        NATURAL GAS                       0.009472            0.00  
00:57:36  INFO        POWERGEN                        Power_Dis                         0.002000        17827.68  
00:57:36  INFO        POWERGEN                        Power_Dis                         0.014000       129024.00  
00:57:36  INFO        POWERGEN                        Power_Dis                         0.014000       115920.00  
00:57:36  INFO        POWERGEN                        Power_Dis                         0.000000            0.00  
00:57:36  INFO        POWERGEN                        SHP Steam_Dis                     0.003615        32223.53  
00:57:36  INFO        Power_Dis                       POWERGEN                          0.186036      8261828.99  
00:57:36  INFO        Power_Dis                       POWERGEN                          0.196717      8736170.50  
00:57:36  INFO        Power_Dis                       POWERGEN                          0.207066      9195767.93  
00:57:36  INFO        Power_Dis                       Power from MEL                    0.410169     18000000.00  
00:57:36  INFO        SHP Steam_Dis                   HRSG2_SHP STEAM                   0.500000        46312.48  
00:57:36  INFO        SHP Steam_Dis                   HRSG3_SHP STEAM                   0.500000        46312.48  
00:57:36  INFO        STG1_LP STEAM                   SHP Steam_Dis                     0.480000        12268.54  
00:57:36  INFO        STG1_MP STEAM                   SHP Steam_Dis                     0.690000         1463.62  
00:57:36  INFO      
00:57:36  INFO        All U4U materials converged within tolerance
00:57:36  INFO        ------------------------------------------------------------------------------------------
00:57:37  INFO        [DISPATCH] Total demand: 44409.84 MWh, Import: 18000.00 MWh, Net for GT/STG: 26409.84 MWh
00:57:37  WARNING     [DISPATCH] No aux power norm for 'NMD-Power Plant-2'; using 0.0
00:57:37  WARNING     [DISPATCH] No aux power norm for 'NMD-Power Plant-3'; using 0.0
00:57:37  WARNING     [DISPATCH] No aux power norm for 'NMD-STG Power Plant'; using 0.0
00:57:37  INFO        ==============================================================================
00:57:37  INFO        POWER DISPATCH  (April 2025)
00:57:37  INFO        ==============================================================================
00:57:37  INFO        Demand:  Process = 44409.84 MWh  |  Fixed = 0.00 MWh  |  Total = 44409.84 MWh
00:57:37  INFO      
00:57:37  INFO        Asset                      Priority    Min MW    Max MW     Hours   Dispatched MW  Dispatched MWh    Load %  Free Steam MT  Aux Power MWh
00:57:37  INFO        -------------------------  --------  --------  --------  --------  --------------  --------------  --------  ------------  ------------
00:57:37  INFO        NMD-Power Plant-2                 1      5.00     11.50    720.00           11.50         8280.00    100.0%      16311.60          0.00
00:57:37  INFO        NMD-Power Plant-3                 1      5.00     12.80    720.00           12.80         9216.00    100.0%      18155.52          0.00
00:57:37  INFO        NMD-STG Power Plant               2      6.00     14.50    720.00           12.38         8913.84     85.4%          0.00          0.00
00:57:37  INFO        TOTAL                                                                                    26409.84                34467.12          0.00
00:57:37  INFO        DEFICIT: 18000.00 MWh under-generation
00:57:37  INFO        ==============================================================================
00:57:37  INFO        ==============================================================================
00:57:37  INFO        STEAM DISPATCH  (April 2025)
00:57:37  INFO        ==============================================================================
00:57:37  INFO        Grade      Process/Fixed MT  Letdown MT  Byproduct MT     Net Demand MT
00:57:37  INFO        ---------  ----------------  ----------  ------------  ----------------
00:57:37  INFO        MP                 25312.59    18984.44          0.00          25312.59
00:57:37  INFO        SHP                92625.00    85511.40          0.00          92625.00
00:57:37  INFO      
00:57:37  INFO        Total Free Steam available: 34467.12 MT
00:57:37  INFO      
00:57:37  INFO        FINAL SUPPLEMENTARY FIRING DISPATCH
00:57:37  INFO        Asset                      Priority     Min TPH     Max TPH     Hours  Dispatched TPH   Dispatched MT    Load %
00:57:37  INFO        -------------------------  --------  ----------  ----------  --------  --------------  --------------  --------
00:57:37  INFO        HRSG-1                          999       60.00      136.00      0.00            0.00            0.00      0.0%
00:57:37  INFO        HRSG-2                            1       37.34      113.34    720.00           41.67        30000.90     47.3%
00:57:37  INFO        HRSG-3                            1       34.78      110.78    720.00           39.11        28156.98     47.3%
00:57:37  INFO        TOTAL SUPPLEMENTARY                                                                          58157.88          
00:57:37  INFO        TOTAL STEAM GENERATED                                                                        92625.00          
00:57:37  INFO        Demand met
00:57:37  INFO        ==============================================================================
00:57:37  INFO        [REVERSE NG] Found GT asset: NMD-Power Plant-3, plant: NMD - Power Plant 3, heat_rate: 3862.56, free_steam: 1.97
00:57:37  INFO        [REVERSE NG] NMD - Power Plant 3: gen_qty=9216000 KWH, heat_rate=3862.56, free_steam=1.9700, consumed=86385.63 MMBTU (REVERSE)
00:57:37  INFO        [REVERSE NG] Found GT asset: NMD-Power Plant-2, plant: NMD - Power Plant 2, heat_rate: 4016.03, free_steam: 1.97
00:57:37  INFO        [REVERSE NG] NMD - Power Plant 2: gen_qty=8280000 KWH, heat_rate=4016.03, free_steam=1.9700, consumed=82651.39 MMBTU (REVERSE)
00:57:37  INFO        [REVERSE NG HRSG] Found HRSG: HRSG-2, supp_steam=30000.90 MT, free_steam=16311.60 MT, total_steam=46312.50 MT
00:57:37  INFO        [REVERSE NG HRSG] HRSG2_SHP STEAM: total_steam=46312.50 MT, norm=2.954424, consumed=136826.76 MMBTU (REVERSE, BPC method)
00:57:37  INFO        [REVERSE NG HRSG] Found HRSG: HRSG-3, supp_steam=28156.98 MT, free_steam=18155.52 MT, total_steam=46312.50 MT
00:57:37  INFO        [REVERSE NG HRSG] HRSG3_SHP STEAM: total_steam=46312.50 MT, norm=2.954424, consumed=136826.76 MMBTU (REVERSE, BPC method)
00:57:37  INFO      
00:57:37  INFO        ------------------------------------------------------------------------------------------
00:57:37  INFO        ITERATION 27
00:57:37  INFO        ------------------------------------------------------------------------------------------
00:57:37  INFO        Power:  Demand =    44409841.76 KWH  |  Gen =       26409.84 MWh  |  Surplus =     0.00  |  Deficit =     0.00
00:57:37  INFO        Steam:  Gen =       92625.00 MT  |  Surplus =     0.00  |  Deficit =     0.00
00:57:37  INFO        Power delta: 0.4006 MWh  |  Converged: NO
00:57:37  INFO      
00:57:37  INFO        Utility                                Total Demand      U4U Demand         Initial    Change %
00:57:37  INFO        -----------------------------------  --------------  --------------  --------------  ----------
00:57:37  INFO        Boiler Feed Water                         100905.10       100905.14            0.00     0.0001%
00:57:37  INFO        COMPRESSED AIR                           7098170.23      1014065.03      6084105.59    85.7137%
00:57:37  INFO        Cooling Water 1                            15194.00            0.00        15194.00   100.0000%
00:57:37  INFO        Cooling Water 2                            13098.38         4082.07         9016.31    68.8353%
00:57:37  INFO        D M Water                                 142565.32        86778.38        55787.00    39.1308%
00:57:37  INFO        HP Steam PRDS                               4972.00         4972.00            0.00     0.0000%
00:57:37  INFO        HP Steam_Dis                                4972.00            0.00         4972.00   100.0000%
00:57:37  INFO        HRSG2_SHP STEAM                            46312.48        46312.50            0.00     0.0001%
00:57:37  INFO        HRSG3_SHP STEAM                            46312.48        46312.50            0.00     0.0001%
00:57:37  INFO        LP Steam PRDS                              14352.26        14352.26            0.00     0.0001%
00:57:37  INFO        LP Steam_Dis                               39911.74        14631.24        25280.51    63.3410%
00:57:37  INFO        MP Steam PRDS SHP                          23191.38        23191.39            0.00     0.0000%
00:57:37  INFO        MP Steam_Dis                               25312.59        10764.20        14548.40    57.4750%
00:57:37  INFO        Nitrogen Gas                             5437630.00            0.00      5437630.00   100.0000% (PT)
00:57:37  INFO        Oxygen                                      5787.00            0.00         5787.00   100.0000%
00:57:37  INFO        POWERGEN                                26193767.42     26193767.42            0.00     0.0000%
00:57:37  INFO        Power_Dis                               44409841.76     15167775.30     29242067.20    65.8459%
00:57:37  INFO        SHP Steam_Dis                              92625.00        71650.02        20975.00    22.6451%
00:57:37  INFO        STG1_LP STEAM                              25559.48        25559.48            0.00     0.0001%
00:57:37  INFO        STG1_MP STEAM                               2121.19         2121.19            0.00     0.0000%
00:57:37  INFO        Water                                     748836.87       468465.07       280371.80    37.4410% (PT)
00:57:37  INFO      
00:57:37  INFO        U4U CONSUMPTION BREAKDOWN (per producer per material):
00:57:37  INFO        Producer                        Material Consumed                     Norm        Quantity  Credit
00:57:37  INFO        ------------------------------  ------------------------------  ----------  --------------  ------
00:57:37  INFO        Boiler Feed Water               CHEM CYCLO HEXY                   0.000100           10.09  
00:57:37  INFO        Boiler Feed Water               CHEM MORPHOLENE                   0.000002            0.20  
00:57:37  INFO        Boiler Feed Water               Cooling Water 2                   0.001070          107.97  
00:57:37  INFO        Boiler Feed Water               D M Water                         0.860000        86778.38  
00:57:37  INFO        Boiler Feed Water               KEM WATREAT B 70M                 0.000570           57.52  
00:57:37  INFO        Boiler Feed Water               LP Steam_Dis                      0.145000        14631.24  
00:57:37  INFO        Boiler Feed Water               Power_Dis                         9.500000       958598.40  
00:57:37  INFO        COMPRESSED AIR                  Cooling Water 2                   0.000025          177.45  
00:57:37  INFO        COMPRESSED AIR                  Power_Dis                         0.165000      1171198.09  
00:57:37  INFO        Cooling Water 1                 COMPRESSED AIR                    0.108592         1649.95  
00:57:37  INFO        Cooling Water 1                 Power_Dis                       244.999997      3722529.95  
00:57:37  INFO        Cooling Water 1                 SULPHURIC ACID                    0.000158            2.40  
00:57:37  INFO        Cooling Water 1                 Water                            11.050000       167893.70  
00:57:37  INFO        Cooling Water 2                 COMPRESSED AIR                    0.123044         1611.68  
00:57:37  INFO        Cooling Water 2                 Power_Dis                       249.999997      3274595.59  
00:57:37  INFO        Cooling Water 2                 SULPHURIC ACID                    0.000158            2.07  
00:57:37  INFO        Cooling Water 2                 Water                            11.500000       150631.40  
00:57:37  INFO        D M Water                       CAUSTIC SODA LYE – GRADE 1        0.000226           32.22  
00:57:37  INFO        D M Water                       CHEM  SODIUM SULPHITE;PN:MIS 1    0.000701           99.94  
00:57:37  INFO        D M Water                       CHEM ALUM.SULFATE, AL2(SO4)3,1    0.000757          107.92  
00:57:37  INFO        D M Water                       COMPRESSED AIR                    0.077000        10977.53  
00:57:37  INFO        D M Water                       HYDRO CHLORIC ACID (30%) -VIRG    0.000226           32.22  
00:57:37  INFO        D M Water                       POLYELECTROLYTE                   0.000578           82.40  
00:57:37  INFO        D M Water                       Power_Dis                         1.210000       172504.04  
00:57:37  INFO        D M Water                       Ret steam condensate              0.203000        28940.76  
00:57:37  INFO        D M Water                       SODIUM CHLORIDE IS 797 GRADE1     0.000010            1.43  
00:57:37  INFO        D M Water                       Water                             1.050000       149693.59  
00:57:37  INFO        HP Steam PRDS                   Boiler Feed Water                 0.076800          381.85  
00:57:37  INFO        HP Steam PRDS                   SHP Steam_Dis                     0.923200         4590.15  
00:57:37  INFO        HP Steam_Dis                    HP Steam PRDS                     1.000000         4972.00  
00:57:37  INFO        HRSG2_SHP STEAM                 Boiler Feed Water                 1.024000        47424.00  
00:57:37  INFO        HRSG2_SHP STEAM                 CHEM TRISODIUM PHOSPHATE          0.000900           41.68  
00:57:37  INFO        HRSG2_SHP STEAM                 COMPRESSED AIR                    9.853236       456327.99  
00:57:37  INFO        HRSG2_SHP STEAM                 FURNACE OIL ( MEDIUM VISCOSITY    0.000098            4.54  
00:57:37  INFO        HRSG2_SHP STEAM                 LP Steam_Dis                     -0.078000        -3612.38  YES
00:57:37  INFO        HRSG2_SHP STEAM                 NATURAL GAS                       2.954424       136826.76  
00:57:37  INFO        HRSG2_SHP STEAM                 Water                             0.002660          123.19  
00:57:37  INFO        HRSG3_SHP STEAM                 Boiler Feed Water                 1.024000        47424.00  
00:57:37  INFO        HRSG3_SHP STEAM                 CHEM TRISODIUM PHOSPHATE          0.000900           41.68  
00:57:37  INFO        HRSG3_SHP STEAM                 COMPRESSED AIR                    9.596520       444438.83  
00:57:37  INFO        HRSG3_SHP STEAM                 FURNACE OIL ( MEDIUM VISCOSITY    0.000098            4.54  
00:57:37  INFO        HRSG3_SHP STEAM                 LP Steam_Dis                     -0.078000        -3612.38  YES
00:57:37  INFO        HRSG3_SHP STEAM                 NATURAL GAS                       2.954424       136826.76  
00:57:37  INFO        HRSG3_SHP STEAM                 Water                             0.002660          123.19  
00:57:37  INFO        LP Steam PRDS                   Boiler Feed Water                 0.250000         3588.07  
00:57:37  INFO        LP Steam PRDS                   MP Steam_Dis                      0.750000        10764.20  
00:57:37  INFO        LP Steam_Dis                    LP Steam PRDS                     0.359600        14352.26  
00:57:37  INFO        LP Steam_Dis                    STG1_LP STEAM                     0.640400        25559.48  
00:57:37  INFO        MP Steam PRDS SHP               Boiler Feed Water                 0.090000         2087.22  
00:57:37  INFO        MP Steam PRDS SHP               SHP Steam_Dis                     0.910000        21104.16  
00:57:37  INFO        MP Steam_Dis                    MP Steam PRDS SHP                 0.916200        23191.39  
00:57:37  INFO        MP Steam_Dis                    STG1_MP STEAM                     0.083800         2121.19  
00:57:37  INFO        Oxygen                          Cooling Water 2                   0.261000         1510.41  
00:57:37  INFO        Oxygen                          Power_Dis                       968.650000      5605577.55  
00:57:37  INFO        POWERGEN                        COMPRESSED AIR                    0.004011        35753.41  
00:57:37  INFO        POWERGEN                        COMPRESSED AIR                    0.003420        31518.72  
00:57:37  INFO        POWERGEN                        COMPRESSED AIR                    0.003839        31786.92  
00:57:37  INFO        POWERGEN                        COMPRESSED AIR                    0.000000            0.00  
00:57:37  INFO        POWERGEN                        Cooling Water 2                   0.000232         2068.01  
00:57:37  INFO        POWERGEN                        Cooling Water 2                   0.000012          110.59  
00:57:37  INFO        POWERGEN                        Cooling Water 2                   0.000013          107.64  
00:57:37  INFO        POWERGEN                        Cooling Water 2                   0.000000            0.00  
00:57:37  INFO        POWERGEN                        NATURAL GAS                       0.009373        86385.63  
00:57:37  INFO        POWERGEN                        NATURAL GAS                       0.009982        82651.39  
00:57:37  INFO        POWERGEN                        NATURAL GAS                       0.009472            0.00  
00:57:37  INFO        POWERGEN                        Power_Dis                         0.002000        17827.68  
00:57:37  INFO        POWERGEN                        Power_Dis                         0.014000       129024.00  
00:57:37  INFO        POWERGEN                        Power_Dis                         0.014000       115920.00  
00:57:37  INFO        POWERGEN                        Power_Dis                         0.000000            0.00  
00:57:37  INFO        POWERGEN                        SHP Steam_Dis                     0.003615        32223.53  
00:57:37  INFO        Power_Dis                       POWERGEN                          0.186036      8261828.99  
00:57:37  INFO        Power_Dis                       POWERGEN                          0.196717      8736170.50  
00:57:37  INFO        Power_Dis                       POWERGEN                          0.207066      9195767.93  
00:57:37  INFO        Power_Dis                       Power from MEL                    0.410169     18000000.00  
00:57:37  INFO        SHP Steam_Dis                   HRSG2_SHP STEAM                   0.500000        46312.50  
00:57:37  INFO        SHP Steam_Dis                   HRSG3_SHP STEAM                   0.500000        46312.50  
00:57:37  INFO        STG1_LP STEAM                   SHP Steam_Dis                     0.480000        12268.55  
00:57:37  INFO        STG1_MP STEAM                   SHP Steam_Dis                     0.690000         1463.62  
00:57:37  INFO      
00:57:37  INFO        All U4U materials converged within tolerance
00:57:37  INFO        ------------------------------------------------------------------------------------------
00:57:38  INFO        [DISPATCH] Total demand: 44409.84 MWh, Import: 18000.00 MWh, Net for GT/STG: 26409.84 MWh
00:57:38  WARNING     [DISPATCH] No aux power norm for 'NMD-Power Plant-2'; using 0.0
00:57:38  WARNING     [DISPATCH] No aux power norm for 'NMD-Power Plant-3'; using 0.0
00:57:38  WARNING     [DISPATCH] No aux power norm for 'NMD-STG Power Plant'; using 0.0
00:57:38  INFO        ==============================================================================
00:57:38  INFO        POWER DISPATCH  (April 2025)
00:57:38  INFO        ==============================================================================
00:57:38  INFO        Demand:  Process = 44409.84 MWh  |  Fixed = 0.00 MWh  |  Total = 44409.84 MWh
00:57:38  INFO      
00:57:38  INFO        Asset                      Priority    Min MW    Max MW     Hours   Dispatched MW  Dispatched MWh    Load %  Free Steam MT  Aux Power MWh
00:57:38  INFO        -------------------------  --------  --------  --------  --------  --------------  --------------  --------  ------------  ------------
00:57:38  INFO        NMD-Power Plant-2                 1      5.00     11.50    720.00           11.50         8280.00    100.0%      16311.60          0.00
00:57:38  INFO        NMD-Power Plant-3                 1      5.00     12.80    720.00           12.80         9216.00    100.0%      18155.52          0.00
00:57:38  INFO        NMD-STG Power Plant               2      6.00     14.50    720.00           12.38         8913.84     85.4%          0.00          0.00
00:57:38  INFO        TOTAL                                                                                    26409.84                34467.12          0.00
00:57:38  INFO        DEFICIT: 18000.00 MWh under-generation
00:57:38  INFO        ==============================================================================
00:57:39  INFO        ==============================================================================
00:57:39  INFO        STEAM DISPATCH  (April 2025)
00:57:39  INFO        ==============================================================================
00:57:39  INFO        Grade      Process/Fixed MT  Letdown MT  Byproduct MT     Net Demand MT
00:57:39  INFO        ---------  ----------------  ----------  ------------  ----------------
00:57:39  INFO        MP                 25312.60    18984.45          0.00          25312.60
00:57:39  INFO        SHP                92625.02    85511.41          0.00          92625.02
00:57:39  INFO      
00:57:39  INFO        Total Free Steam available: 34467.12 MT
00:57:39  INFO      
00:57:39  INFO        FINAL SUPPLEMENTARY FIRING DISPATCH
00:57:39  INFO        Asset                      Priority     Min TPH     Max TPH     Hours  Dispatched TPH   Dispatched MT    Load %
00:57:39  INFO        -------------------------  --------  ----------  ----------  --------  --------------  --------------  --------
00:57:39  INFO        HRSG-1                          999       60.00      136.00      0.00            0.00            0.00      0.0%
00:57:39  INFO        HRSG-2                            1       37.34      113.34    720.00           41.67        30000.91     47.3%
00:57:39  INFO        HRSG-3                            1       34.78      110.78    720.00           39.11        28156.99     47.3%
00:57:39  INFO        TOTAL SUPPLEMENTARY                                                                          58157.90          
00:57:39  INFO        TOTAL STEAM GENERATED                                                                        92625.02          
00:57:39  INFO        Demand met
00:57:39  INFO        ==============================================================================
00:57:39  INFO        [REVERSE NG] Found GT asset: NMD-Power Plant-3, plant: NMD - Power Plant 3, heat_rate: 3862.56, free_steam: 1.97
00:57:39  INFO        [REVERSE NG] NMD - Power Plant 3: gen_qty=9216000 KWH, heat_rate=3862.56, free_steam=1.9700, consumed=86385.63 MMBTU (REVERSE)
00:57:39  INFO        [REVERSE NG] Found GT asset: NMD-Power Plant-2, plant: NMD - Power Plant 2, heat_rate: 4016.03, free_steam: 1.97
00:57:39  INFO        [REVERSE NG] NMD - Power Plant 2: gen_qty=8280000 KWH, heat_rate=4016.03, free_steam=1.9700, consumed=82651.39 MMBTU (REVERSE)
00:57:39  INFO        [REVERSE NG HRSG] Found HRSG: HRSG-2, supp_steam=30000.91 MT, free_steam=16311.60 MT, total_steam=46312.51 MT
00:57:39  INFO        [REVERSE NG HRSG] HRSG2_SHP STEAM: total_steam=46312.51 MT, norm=2.954424, consumed=136826.79 MMBTU (REVERSE, BPC method)
00:57:39  INFO        [REVERSE NG HRSG] Found HRSG: HRSG-3, supp_steam=28156.99 MT, free_steam=18155.52 MT, total_steam=46312.51 MT
00:57:39  INFO        [REVERSE NG HRSG] HRSG3_SHP STEAM: total_steam=46312.51 MT, norm=2.954424, consumed=136826.79 MMBTU (REVERSE, BPC method)
00:57:39  INFO      
00:57:39  INFO        ------------------------------------------------------------------------------------------
00:57:39  INFO        ITERATION 28
00:57:39  INFO        ------------------------------------------------------------------------------------------
00:57:39  INFO        Power:  Demand =    44409842.50 KWH  |  Gen =       26409.84 MWh  |  Surplus =     0.00  |  Deficit =     0.00
00:57:39  INFO        Steam:  Gen =       92625.02 MT  |  Surplus =     0.00  |  Deficit =     0.00
00:57:39  INFO        Power delta: 0.7423 MWh  |  Converged: NO
00:57:39  INFO      
00:57:39  INFO        Utility                                Total Demand      U4U Demand         Initial    Change %
00:57:39  INFO        -----------------------------------  --------------  --------------  --------------  ----------
00:57:39  INFO        Boiler Feed Water                         100905.14       100905.16            0.00     0.0000%
00:57:39  INFO        COMPRESSED AIR                           7098170.62      1014065.23      6084105.59    85.7137%
00:57:39  INFO        Cooling Water 1                            15194.00            0.00        15194.00   100.0000%
00:57:39  INFO        Cooling Water 2                            13098.38         4082.07         9016.31    68.8353%
00:57:39  INFO        D M Water                                 142565.38        86778.42        55787.00    39.1309%
00:57:39  INFO        HP Steam PRDS                               4972.00         4972.00            0.00     0.0000%
00:57:39  INFO        HP Steam_Dis                                4972.00            0.00         4972.00   100.0000%
00:57:39  INFO        HRSG2_SHP STEAM                            46312.50        46312.51            0.00     0.0000%
00:57:39  INFO        HRSG3_SHP STEAM                            46312.50        46312.51            0.00     0.0000%
00:57:39  INFO        LP Steam PRDS                              14352.26        14352.26            0.00     0.0000%
00:57:39  INFO        LP Steam_Dis                               39911.75        14631.25        25280.51    63.3410%
00:57:39  INFO        MP Steam PRDS SHP                          23191.39        23191.40            0.00     0.0000%
00:57:39  INFO        MP Steam_Dis                               25312.60        10764.20        14548.40    57.4750%
00:57:39  INFO        Nitrogen Gas                             5437630.00            0.00      5437630.00   100.0000% (PT)
00:57:39  INFO        Oxygen                                      5787.00            0.00         5787.00   100.0000%
00:57:39  INFO        POWERGEN                                26193767.42     26193767.42            0.00     0.0000%
00:57:39  INFO        Power_Dis                               44409842.50     15167775.88     29242067.20    65.8459%
00:57:39  INFO        SHP Steam_Dis                              92625.02        71650.02        20975.00    22.6451%
00:57:39  INFO        STG1_LP STEAM                              25559.48        25559.48            0.00     0.0000%
00:57:39  INFO        STG1_MP STEAM                               2121.19         2121.20            0.00     0.0000%
00:57:39  INFO        Water                                     748836.87       468465.13       280371.80    37.4410% (PT)
00:57:39  INFO      
00:57:39  INFO        U4U CONSUMPTION BREAKDOWN (per producer per material):
00:57:39  INFO        Producer                        Material Consumed                     Norm        Quantity  Credit
00:57:39  INFO        ------------------------------  ------------------------------  ----------  --------------  ------
00:57:39  INFO        Boiler Feed Water               CHEM CYCLO HEXY                   0.000100           10.09  
00:57:39  INFO        Boiler Feed Water               CHEM MORPHOLENE                   0.000002            0.20  
00:57:39  INFO        Boiler Feed Water               Cooling Water 2                   0.001070          107.97  
00:57:39  INFO        Boiler Feed Water               D M Water                         0.860000        86778.42  
00:57:39  INFO        Boiler Feed Water               KEM WATREAT B 70M                 0.000570           57.52  
00:57:39  INFO        Boiler Feed Water               LP Steam_Dis                      0.145000        14631.25  
00:57:39  INFO        Boiler Feed Water               Power_Dis                         9.500000       958598.83  
00:57:39  INFO        COMPRESSED AIR                  Cooling Water 2                   0.000025          177.45  
00:57:39  INFO        COMPRESSED AIR                  Power_Dis                         0.165000      1171198.15  
00:57:39  INFO        Cooling Water 1                 COMPRESSED AIR                    0.108592         1649.95  
00:57:39  INFO        Cooling Water 1                 Power_Dis                       244.999997      3722529.95  
00:57:39  INFO        Cooling Water 1                 SULPHURIC ACID                    0.000158            2.40  
00:57:39  INFO        Cooling Water 1                 Water                            11.050000       167893.70  
00:57:39  INFO        Cooling Water 2                 COMPRESSED AIR                    0.123044         1611.68  
00:57:39  INFO        Cooling Water 2                 Power_Dis                       249.999997      3274595.61  
00:57:39  INFO        Cooling Water 2                 SULPHURIC ACID                    0.000158            2.07  
00:57:39  INFO        Cooling Water 2                 Water                            11.500000       150631.40  
00:57:39  INFO        D M Water                       CAUSTIC SODA LYE – GRADE 1        0.000226           32.22  
00:57:39  INFO        D M Water                       CHEM  SODIUM SULPHITE;PN:MIS 1    0.000701           99.94  
00:57:39  INFO        D M Water                       CHEM ALUM.SULFATE, AL2(SO4)3,1    0.000757          107.92  
00:57:39  INFO        D M Water                       COMPRESSED AIR                    0.077000        10977.53  
00:57:39  INFO        D M Water                       HYDRO CHLORIC ACID (30%) -VIRG    0.000226           32.22  
00:57:39  INFO        D M Water                       POLYELECTROLYTE                   0.000578           82.40  
00:57:39  INFO        D M Water                       Power_Dis                         1.210000       172504.11  
00:57:39  INFO        D M Water                       Ret steam condensate              0.203000        28940.77  
00:57:39  INFO        D M Water                       SODIUM CHLORIDE IS 797 GRADE1     0.000010            1.43  
00:57:39  INFO        D M Water                       Water                             1.050000       149693.65  
00:57:39  INFO        HP Steam PRDS                   Boiler Feed Water                 0.076800          381.85  
00:57:39  INFO        HP Steam PRDS                   SHP Steam_Dis                     0.923200         4590.15  
00:57:39  INFO        HP Steam_Dis                    HP Steam PRDS                     1.000000         4972.00  
00:57:39  INFO        HRSG2_SHP STEAM                 Boiler Feed Water                 1.024000        47424.01  
00:57:39  INFO        HRSG2_SHP STEAM                 CHEM TRISODIUM PHOSPHATE          0.000900           41.68  
00:57:39  INFO        HRSG2_SHP STEAM                 COMPRESSED AIR                    9.853236       456328.09  
00:57:39  INFO        HRSG2_SHP STEAM                 FURNACE OIL ( MEDIUM VISCOSITY    0.000098            4.54  
00:57:39  INFO        HRSG2_SHP STEAM                 LP Steam_Dis                     -0.078000        -3612.38  YES
00:57:39  INFO        HRSG2_SHP STEAM                 NATURAL GAS                       2.954424       136826.79  
00:57:39  INFO        HRSG2_SHP STEAM                 Water                             0.002660          123.19  
00:57:39  INFO        HRSG3_SHP STEAM                 Boiler Feed Water                 1.024000        47424.01  
00:57:39  INFO        HRSG3_SHP STEAM                 CHEM TRISODIUM PHOSPHATE          0.000900           41.68  
00:57:39  INFO        HRSG3_SHP STEAM                 COMPRESSED AIR                    9.596520       444438.93  
00:57:39  INFO        HRSG3_SHP STEAM                 FURNACE OIL ( MEDIUM VISCOSITY    0.000098            4.54  
00:57:39  INFO        HRSG3_SHP STEAM                 LP Steam_Dis                     -0.078000        -3612.38  YES
00:57:39  INFO        HRSG3_SHP STEAM                 NATURAL GAS                       2.954424       136826.79  
00:57:39  INFO        HRSG3_SHP STEAM                 Water                             0.002660          123.19  
00:57:39  INFO        LP Steam PRDS                   Boiler Feed Water                 0.250000         3588.07  
00:57:39  INFO        LP Steam PRDS                   MP Steam_Dis                      0.750000        10764.20  
00:57:39  INFO        LP Steam_Dis                    LP Steam PRDS                     0.359600        14352.26  
00:57:39  INFO        LP Steam_Dis                    STG1_LP STEAM                     0.640400        25559.48  
00:57:39  INFO        MP Steam PRDS SHP               Boiler Feed Water                 0.090000         2087.23  
00:57:39  INFO        MP Steam PRDS SHP               SHP Steam_Dis                     0.910000        21104.17  
00:57:39  INFO        MP Steam_Dis                    MP Steam PRDS SHP                 0.916200        23191.40  
00:57:39  INFO        MP Steam_Dis                    STG1_MP STEAM                     0.083800         2121.20  
00:57:39  INFO        Oxygen                          Cooling Water 2                   0.261000         1510.41  
00:57:39  INFO        Oxygen                          Power_Dis                       968.650000      5605577.55  
00:57:39  INFO        POWERGEN                        COMPRESSED AIR                    0.004011        35753.41  
00:57:39  INFO        POWERGEN                        COMPRESSED AIR                    0.003420        31518.72  
00:57:39  INFO        POWERGEN                        COMPRESSED AIR                    0.003839        31786.92  
00:57:39  INFO        POWERGEN                        COMPRESSED AIR                    0.000000            0.00  
00:57:39  INFO        POWERGEN                        Cooling Water 2                   0.000232         2068.01  
00:57:39  INFO        POWERGEN                        Cooling Water 2                   0.000012          110.59  
00:57:39  INFO        POWERGEN                        Cooling Water 2                   0.000013          107.64  
00:57:39  INFO        POWERGEN                        Cooling Water 2                   0.000000            0.00  
00:57:39  INFO        POWERGEN                        NATURAL GAS                       0.009373        86385.63  
00:57:39  INFO        POWERGEN                        NATURAL GAS                       0.009982        82651.39  
00:57:39  INFO        POWERGEN                        NATURAL GAS                       0.009472            0.00  
00:57:39  INFO        POWERGEN                        Power_Dis                         0.002000        17827.68  
00:57:39  INFO        POWERGEN                        Power_Dis                         0.014000       129024.00  
00:57:39  INFO        POWERGEN                        Power_Dis                         0.014000       115920.00  
00:57:39  INFO        POWERGEN                        Power_Dis                         0.000000            0.00  
00:57:39  INFO        POWERGEN                        SHP Steam_Dis                     0.003615        32223.53  
00:57:39  INFO        Power_Dis                       POWERGEN                          0.186036      8261828.99  
00:57:39  INFO        Power_Dis                       POWERGEN                          0.196717      8736170.50  
00:57:39  INFO        Power_Dis                       POWERGEN                          0.207066      9195767.93  
00:57:39  INFO        Power_Dis                       Power from MEL                    0.410169     18000000.00  
00:57:39  INFO        SHP Steam_Dis                   HRSG2_SHP STEAM                   0.500000        46312.51  
00:57:39  INFO        SHP Steam_Dis                   HRSG3_SHP STEAM                   0.500000        46312.51  
00:57:39  INFO        STG1_LP STEAM                   SHP Steam_Dis                     0.480000        12268.55  
00:57:39  INFO        STG1_MP STEAM                   SHP Steam_Dis                     0.690000         1463.62  
00:57:39  INFO      
00:57:39  INFO        All U4U materials converged within tolerance
00:57:39  INFO        ------------------------------------------------------------------------------------------
00:57:40  INFO        [DISPATCH] Total demand: 44409.84 MWh, Import: 18000.00 MWh, Net for GT/STG: 26409.84 MWh
00:57:40  WARNING     [DISPATCH] No aux power norm for 'NMD-Power Plant-2'; using 0.0
00:57:40  WARNING     [DISPATCH] No aux power norm for 'NMD-Power Plant-3'; using 0.0
00:57:40  WARNING     [DISPATCH] No aux power norm for 'NMD-STG Power Plant'; using 0.0
00:57:40  INFO        ==============================================================================
00:57:40  INFO        POWER DISPATCH  (April 2025)
00:57:40  INFO        ==============================================================================
00:57:40  INFO        Demand:  Process = 44409.84 MWh  |  Fixed = 0.00 MWh  |  Total = 44409.84 MWh
00:57:40  INFO      
00:57:40  INFO        Asset                      Priority    Min MW    Max MW     Hours   Dispatched MW  Dispatched MWh    Load %  Free Steam MT  Aux Power MWh
00:57:40  INFO        -------------------------  --------  --------  --------  --------  --------------  --------------  --------  ------------  ------------
00:57:40  INFO        NMD-Power Plant-2                 1      5.00     11.50    720.00           11.50         8280.00    100.0%      16311.60          0.00
00:57:40  INFO        NMD-Power Plant-3                 1      5.00     12.80    720.00           12.80         9216.00    100.0%      18155.52          0.00
00:57:40  INFO        NMD-STG Power Plant               2      6.00     14.50    720.00           12.38         8913.84     85.4%          0.00          0.00
00:57:40  INFO        TOTAL                                                                                    26409.84                34467.12          0.00
00:57:40  INFO        DEFICIT: 18000.00 MWh under-generation
00:57:40  INFO        ==============================================================================
00:57:40  INFO        ==============================================================================
00:57:40  INFO        STEAM DISPATCH  (April 2025)
00:57:40  INFO        ==============================================================================
00:57:40  INFO        Grade      Process/Fixed MT  Letdown MT  Byproduct MT     Net Demand MT
00:57:40  INFO        ---------  ----------------  ----------  ------------  ----------------
00:57:40  INFO        MP                 25312.60    18984.45          0.00          25312.60
00:57:40  INFO        SHP                92625.02    85511.42          0.00          92625.02
00:57:40  INFO      
00:57:40  INFO        Total Free Steam available: 34467.12 MT
00:57:40  INFO      
00:57:40  INFO        FINAL SUPPLEMENTARY FIRING DISPATCH
00:57:40  INFO        Asset                      Priority     Min TPH     Max TPH     Hours  Dispatched TPH   Dispatched MT    Load %
00:57:40  INFO        -------------------------  --------  ----------  ----------  --------  --------------  --------------  --------
00:57:40  INFO        HRSG-1                          999       60.00      136.00      0.00            0.00            0.00      0.0%
00:57:40  INFO        HRSG-2                            1       37.34      113.34    720.00           41.67        30000.91     47.3%
00:57:40  INFO        HRSG-3                            1       34.78      110.78    720.00           39.11        28156.99     47.3%
00:57:40  INFO        TOTAL SUPPLEMENTARY                                                                          58157.90          
00:57:40  INFO        TOTAL STEAM GENERATED                                                                        92625.02          
00:57:40  INFO        Demand met
00:57:40  INFO        ==============================================================================
00:57:40  INFO        [REVERSE NG] Found GT asset: NMD-Power Plant-3, plant: NMD - Power Plant 3, heat_rate: 3862.56, free_steam: 1.97
00:57:40  INFO        [REVERSE NG] NMD - Power Plant 3: gen_qty=9216000 KWH, heat_rate=3862.56, free_steam=1.9700, consumed=86385.63 MMBTU (REVERSE)
00:57:40  INFO        [REVERSE NG] Found GT asset: NMD-Power Plant-2, plant: NMD - Power Plant 2, heat_rate: 4016.03, free_steam: 1.97
00:57:40  INFO        [REVERSE NG] NMD - Power Plant 2: gen_qty=8280000 KWH, heat_rate=4016.03, free_steam=1.9700, consumed=82651.39 MMBTU (REVERSE)
00:57:40  INFO        [REVERSE NG HRSG] Found HRSG: HRSG-2, supp_steam=30000.91 MT, free_steam=16311.60 MT, total_steam=46312.51 MT
00:57:40  INFO        [REVERSE NG HRSG] HRSG2_SHP STEAM: total_steam=46312.51 MT, norm=2.954424, consumed=136826.79 MMBTU (REVERSE, BPC method)
00:57:40  INFO        [REVERSE NG HRSG] Found HRSG: HRSG-3, supp_steam=28156.99 MT, free_steam=18155.52 MT, total_steam=46312.51 MT
00:57:40  INFO        [REVERSE NG HRSG] HRSG3_SHP STEAM: total_steam=46312.51 MT, norm=2.954424, consumed=136826.79 MMBTU (REVERSE, BPC method)
00:57:40  INFO      
00:57:40  INFO        ------------------------------------------------------------------------------------------
00:57:40  INFO        ITERATION 29
00:57:40  INFO        ------------------------------------------------------------------------------------------
00:57:40  INFO        Power:  Demand =    44409843.08 KWH  |  Gen =       26409.84 MWh  |  Surplus =     0.00  |  Deficit =     0.00
00:57:40  INFO        Steam:  Gen =       92625.02 MT  |  Surplus =     0.00  |  Deficit =     0.00
00:57:40  INFO        Power delta: 0.5774 MWh  |  Converged: NO
00:57:40  INFO      
00:57:40  INFO        Utility                                Total Demand      U4U Demand         Initial    Change %
00:57:40  INFO        -----------------------------------  --------------  --------------  --------------  ----------
00:57:40  INFO        Boiler Feed Water                         100905.16       100905.16            0.00     0.0000%
00:57:40  INFO        COMPRESSED AIR                           7098170.82      1014065.23      6084105.59    85.7137%
00:57:40  INFO        Cooling Water 1                            15194.00            0.00        15194.00   100.0000%
00:57:40  INFO        Cooling Water 2                            13098.38         4082.07         9016.31    68.8353%
00:57:40  INFO        D M Water                                 142565.42        86778.44        55787.00    39.1308%
00:57:40  INFO        HP Steam PRDS                               4972.00         4972.00            0.00     0.0000%
00:57:40  INFO        HP Steam_Dis                                4972.00            0.00         4972.00   100.0000%
00:57:40  INFO        HRSG2_SHP STEAM                            46312.51        46312.51            0.00     0.0000%
00:57:40  INFO        HRSG3_SHP STEAM                            46312.51        46312.51            0.00     0.0000%
00:57:40  INFO        LP Steam PRDS                              14352.26        14352.27            0.00     0.0000%
00:57:40  INFO        LP Steam_Dis                               39911.76        14631.25        25280.51    63.3410%
00:57:40  INFO        MP Steam PRDS SHP                          23191.40        23191.40            0.00     0.0000%
00:57:40  INFO        MP Steam_Dis                               25312.60        10764.20        14548.40    57.4749%
00:57:40  INFO        Nitrogen Gas                             5437630.00            0.00      5437630.00   100.0000% (PT)
00:57:40  INFO        Oxygen                                      5787.00            0.00         5787.00   100.0000%
00:57:40  INFO        POWERGEN                                26193767.42     26193767.42            0.00     0.0000%
00:57:40  INFO        Power_Dis                               44409843.08     15167776.18     29242067.20    65.8459%
00:57:40  INFO        SHP Steam_Dis                              92625.02        71650.03        20975.00    22.6451%
00:57:40  INFO        STG1_LP STEAM                              25559.48        25559.49            0.00     0.0000%
00:57:40  INFO        STG1_MP STEAM                               2121.20         2121.20            0.00     0.0000%
00:57:40  INFO        Water                                     748836.93       468465.17       280371.80    37.4410% (PT)
00:57:40  INFO      
00:57:40  INFO        U4U CONSUMPTION BREAKDOWN (per producer per material):
00:57:40  INFO        Producer                        Material Consumed                     Norm        Quantity  Credit
00:57:40  INFO        ------------------------------  ------------------------------  ----------  --------------  ------
00:57:40  INFO        Boiler Feed Water               CHEM CYCLO HEXY                   0.000100           10.09  
00:57:40  INFO        Boiler Feed Water               CHEM MORPHOLENE                   0.000002            0.20  
00:57:40  INFO        Boiler Feed Water               Cooling Water 2                   0.001070          107.97  
00:57:40  INFO        Boiler Feed Water               D M Water                         0.860000        86778.44  
00:57:40  INFO        Boiler Feed Water               KEM WATREAT B 70M                 0.000570           57.52  
00:57:40  INFO        Boiler Feed Water               LP Steam_Dis                      0.145000        14631.25  
00:57:40  INFO        Boiler Feed Water               Power_Dis                         9.500000       958599.03  
00:57:40  INFO        COMPRESSED AIR                  Cooling Water 2                   0.000025          177.45  
00:57:40  INFO        COMPRESSED AIR                  Power_Dis                         0.165000      1171198.19  
00:57:40  INFO        Cooling Water 1                 COMPRESSED AIR                    0.108592         1649.95  
00:57:40  INFO        Cooling Water 1                 Power_Dis                       244.999997      3722529.95  
00:57:40  INFO        Cooling Water 1                 SULPHURIC ACID                    0.000158            2.40  
00:57:40  INFO        Cooling Water 1                 Water                            11.050000       167893.70  
00:57:40  INFO        Cooling Water 2                 COMPRESSED AIR                    0.123044         1611.68  
00:57:40  INFO        Cooling Water 2                 Power_Dis                       249.999997      3274595.62  
00:57:40  INFO        Cooling Water 2                 SULPHURIC ACID                    0.000158            2.07  
00:57:40  INFO        Cooling Water 2                 Water                            11.500000       150631.40  
00:57:40  INFO        D M Water                       CAUSTIC SODA LYE – GRADE 1        0.000226           32.22  
00:57:40  INFO        D M Water                       CHEM  SODIUM SULPHITE;PN:MIS 1    0.000701           99.94  
00:57:40  INFO        D M Water                       CHEM ALUM.SULFATE, AL2(SO4)3,1    0.000757          107.92  
00:57:40  INFO        D M Water                       COMPRESSED AIR                    0.077000        10977.54  
00:57:40  INFO        D M Water                       HYDRO CHLORIC ACID (30%) -VIRG    0.000226           32.22  
00:57:40  INFO        D M Water                       POLYELECTROLYTE                   0.000578           82.40  
00:57:40  INFO        D M Water                       Power_Dis                         1.210000       172504.16  
00:57:40  INFO        D M Water                       Ret steam condensate              0.203000        28940.78  
00:57:40  INFO        D M Water                       SODIUM CHLORIDE IS 797 GRADE1     0.000010            1.43  
00:57:40  INFO        D M Water                       Water                             1.050000       149693.69  
00:57:40  INFO        HP Steam PRDS                   Boiler Feed Water                 0.076800          381.85  
00:57:40  INFO        HP Steam PRDS                   SHP Steam_Dis                     0.923200         4590.15  
00:57:40  INFO        HP Steam_Dis                    HP Steam PRDS                     1.000000         4972.00  
00:57:40  INFO        HRSG2_SHP STEAM                 Boiler Feed Water                 1.024000        47424.01  
00:57:40  INFO        HRSG2_SHP STEAM                 CHEM TRISODIUM PHOSPHATE          0.000900           41.68  
00:57:40  INFO        HRSG2_SHP STEAM                 COMPRESSED AIR                    9.853236       456328.09  
00:57:40  INFO        HRSG2_SHP STEAM                 FURNACE OIL ( MEDIUM VISCOSITY    0.000098            4.54  
00:57:40  INFO        HRSG2_SHP STEAM                 LP Steam_Dis                     -0.078000        -3612.38  YES
00:57:40  INFO        HRSG2_SHP STEAM                 NATURAL GAS                       2.954424       136826.79  
00:57:40  INFO        HRSG2_SHP STEAM                 Water                             0.002660          123.19  
00:57:40  INFO        HRSG3_SHP STEAM                 Boiler Feed Water                 1.024000        47424.01  
00:57:40  INFO        HRSG3_SHP STEAM                 CHEM TRISODIUM PHOSPHATE          0.000900           41.68  
00:57:40  INFO        HRSG3_SHP STEAM                 COMPRESSED AIR                    9.596520       444438.93  
00:57:40  INFO        HRSG3_SHP STEAM                 FURNACE OIL ( MEDIUM VISCOSITY    0.000098            4.54  
00:57:40  INFO        HRSG3_SHP STEAM                 LP Steam_Dis                     -0.078000        -3612.38  YES
00:57:40  INFO        HRSG3_SHP STEAM                 NATURAL GAS                       2.954424       136826.79  
00:57:40  INFO        HRSG3_SHP STEAM                 Water                             0.002660          123.19  
00:57:40  INFO        LP Steam PRDS                   Boiler Feed Water                 0.250000         3588.07  
00:57:40  INFO        LP Steam PRDS                   MP Steam_Dis                      0.750000        10764.20  
00:57:40  INFO        LP Steam_Dis                    LP Steam PRDS                     0.359600        14352.27  
00:57:40  INFO        LP Steam_Dis                    STG1_LP STEAM                     0.640400        25559.49  
00:57:40  INFO        MP Steam PRDS SHP               Boiler Feed Water                 0.090000         2087.23  
00:57:40  INFO        MP Steam PRDS SHP               SHP Steam_Dis                     0.910000        21104.17  
00:57:40  INFO        MP Steam_Dis                    MP Steam PRDS SHP                 0.916200        23191.40  
00:57:40  INFO        MP Steam_Dis                    STG1_MP STEAM                     0.083800         2121.20  
00:57:40  INFO        Oxygen                          Cooling Water 2                   0.261000         1510.41  
00:57:40  INFO        Oxygen                          Power_Dis                       968.650000      5605577.55  
00:57:40  INFO        POWERGEN                        COMPRESSED AIR                    0.004011        35753.41  
00:57:40  INFO        POWERGEN                        COMPRESSED AIR                    0.003420        31518.72  
00:57:40  INFO        POWERGEN                        COMPRESSED AIR                    0.003839        31786.92  
00:57:40  INFO        POWERGEN                        COMPRESSED AIR                    0.000000            0.00  
00:57:40  INFO        POWERGEN                        Cooling Water 2                   0.000232         2068.01  
00:57:40  INFO        POWERGEN                        Cooling Water 2                   0.000012          110.59  
00:57:40  INFO        POWERGEN                        Cooling Water 2                   0.000013          107.64  
00:57:40  INFO        POWERGEN                        Cooling Water 2                   0.000000            0.00  
00:57:40  INFO        POWERGEN                        NATURAL GAS                       0.009373        86385.63  
00:57:40  INFO        POWERGEN                        NATURAL GAS                       0.009982        82651.39  
00:57:40  INFO        POWERGEN                        NATURAL GAS                       0.009472            0.00  
00:57:40  INFO        POWERGEN                        Power_Dis                         0.002000        17827.68  
00:57:40  INFO        POWERGEN                        Power_Dis                         0.014000       129024.00  
00:57:40  INFO        POWERGEN                        Power_Dis                         0.014000       115920.00  
00:57:40  INFO        POWERGEN                        Power_Dis                         0.000000            0.00  
00:57:40  INFO        POWERGEN                        SHP Steam_Dis                     0.003615        32223.53  
00:57:40  INFO        Power_Dis                       POWERGEN                          0.186036      8261828.99  
00:57:40  INFO        Power_Dis                       POWERGEN                          0.196717      8736170.50  
00:57:40  INFO        Power_Dis                       POWERGEN                          0.207066      9195767.93  
00:57:40  INFO        Power_Dis                       Power from MEL                    0.410169     18000000.00  
00:57:40  INFO        SHP Steam_Dis                   HRSG2_SHP STEAM                   0.500000        46312.51  
00:57:40  INFO        SHP Steam_Dis                   HRSG3_SHP STEAM                   0.500000        46312.51  
00:57:40  INFO        STG1_LP STEAM                   SHP Steam_Dis                     0.480000        12268.55  
00:57:40  INFO        STG1_MP STEAM                   SHP Steam_Dis                     0.690000         1463.62  
00:57:40  INFO      
00:57:40  INFO        All U4U materials converged within tolerance
00:57:40  INFO        ------------------------------------------------------------------------------------------
00:57:41  INFO        [DISPATCH] Total demand: 44409.84 MWh, Import: 18000.00 MWh, Net for GT/STG: 26409.84 MWh
00:57:41  WARNING     [DISPATCH] No aux power norm for 'NMD-Power Plant-2'; using 0.0
00:57:41  WARNING     [DISPATCH] No aux power norm for 'NMD-Power Plant-3'; using 0.0
00:57:41  WARNING     [DISPATCH] No aux power norm for 'NMD-STG Power Plant'; using 0.0
00:57:41  INFO        ==============================================================================
00:57:41  INFO        POWER DISPATCH  (April 2025)
00:57:41  INFO        ==============================================================================
00:57:41  INFO        Demand:  Process = 44409.84 MWh  |  Fixed = 0.00 MWh  |  Total = 44409.84 MWh
00:57:41  INFO      
00:57:41  INFO        Asset                      Priority    Min MW    Max MW     Hours   Dispatched MW  Dispatched MWh    Load %  Free Steam MT  Aux Power MWh
00:57:41  INFO        -------------------------  --------  --------  --------  --------  --------------  --------------  --------  ------------  ------------
00:57:41  INFO        NMD-Power Plant-2                 1      5.00     11.50    720.00           11.50         8280.00    100.0%      16311.60          0.00
00:57:41  INFO        NMD-Power Plant-3                 1      5.00     12.80    720.00           12.80         9216.00    100.0%      18155.52          0.00
00:57:41  INFO        NMD-STG Power Plant               2      6.00     14.50    720.00           12.38         8913.84     85.4%          0.00          0.00
00:57:41  INFO        TOTAL                                                                                    26409.84                34467.12          0.00
00:57:41  INFO        DEFICIT: 18000.00 MWh under-generation
00:57:41  INFO        ==============================================================================
00:57:42  INFO        ==============================================================================
00:57:42  INFO        STEAM DISPATCH  (April 2025)
00:57:42  INFO        ==============================================================================
00:57:42  INFO        Grade      Process/Fixed MT  Letdown MT  Byproduct MT     Net Demand MT
00:57:42  INFO        ---------  ----------------  ----------  ------------  ----------------
00:57:42  INFO        MP                 25312.60    18984.45          0.00          25312.60
00:57:42  INFO        SHP                92625.03    85511.43          0.00          92625.03
00:57:42  INFO      
00:57:42  INFO        Total Free Steam available: 34467.12 MT
00:57:42  INFO      
00:57:42  INFO        FINAL SUPPLEMENTARY FIRING DISPATCH
00:57:42  INFO        Asset                      Priority     Min TPH     Max TPH     Hours  Dispatched TPH   Dispatched MT    Load %
00:57:42  INFO        -------------------------  --------  ----------  ----------  --------  --------------  --------------  --------
00:57:42  INFO        HRSG-1                          999       60.00      136.00      0.00            0.00            0.00      0.0%
00:57:42  INFO        HRSG-2                            1       37.34      113.34    720.00           41.67        30000.92     47.3%
00:57:42  INFO        HRSG-3                            1       34.78      110.78    720.00           39.11        28157.00     47.3%
00:57:42  INFO        TOTAL SUPPLEMENTARY                                                                          58157.92          
00:57:42  INFO        TOTAL STEAM GENERATED                                                                        92625.04          
00:57:42  INFO        SURPLUS: 0.01 MT
00:57:42  INFO        ==============================================================================
00:57:42  INFO        [REVERSE NG] Found GT asset: NMD-Power Plant-3, plant: NMD - Power Plant 3, heat_rate: 3862.56, free_steam: 1.97
00:57:42  INFO        [REVERSE NG] NMD - Power Plant 3: gen_qty=9216000 KWH, heat_rate=3862.56, free_steam=1.9700, consumed=86385.63 MMBTU (REVERSE)
00:57:42  INFO        [REVERSE NG] Found GT asset: NMD-Power Plant-2, plant: NMD - Power Plant 2, heat_rate: 4016.03, free_steam: 1.97
00:57:42  INFO        [REVERSE NG] NMD - Power Plant 2: gen_qty=8280000 KWH, heat_rate=4016.03, free_steam=1.9700, consumed=82651.39 MMBTU (REVERSE)
00:57:42  INFO        [REVERSE NG HRSG] Found HRSG: HRSG-2, supp_steam=30000.92 MT, free_steam=16311.60 MT, total_steam=46312.52 MT
00:57:42  INFO        [REVERSE NG HRSG] HRSG2_SHP STEAM: total_steam=46312.52 MT, norm=2.954424, consumed=136826.82 MMBTU (REVERSE, BPC method)
00:57:42  INFO        [REVERSE NG HRSG] Found HRSG: HRSG-3, supp_steam=28157.00 MT, free_steam=18155.52 MT, total_steam=46312.52 MT
00:57:42  INFO        [REVERSE NG HRSG] HRSG3_SHP STEAM: total_steam=46312.52 MT, norm=2.954424, consumed=136826.82 MMBTU (REVERSE, BPC method)
00:57:42  INFO      
00:57:42  INFO        ------------------------------------------------------------------------------------------
00:57:42  INFO        ITERATION 30
00:57:42  INFO        ------------------------------------------------------------------------------------------
00:57:42  INFO        Power:  Demand =    44409843.38 KWH  |  Gen =       26409.84 MWh  |  Surplus =     0.00  |  Deficit =     0.00
00:57:42  INFO        Steam:  Gen =       92625.04 MT  |  Surplus =     0.01  |  Deficit =     0.00
00:57:42  INFO        Power delta: 0.2940 MWh  |  Converged: NO
00:57:42  INFO      
00:57:42  INFO        Utility                                Total Demand      U4U Demand         Initial    Change %
00:57:42  INFO        -----------------------------------  --------------  --------------  --------------  ----------
00:57:42  INFO        Boiler Feed Water                         100905.16       100905.18            0.00     0.0000%
00:57:42  INFO        COMPRESSED AIR                           7098170.82      1014065.43      6084105.59    85.7137%
00:57:42  INFO        Cooling Water 1                            15194.00            0.00        15194.00   100.0000%
00:57:42  INFO        Cooling Water 2                            13098.38         4082.07         9016.31    68.8353%
00:57:42  INFO        D M Water                                 142565.44        86778.44        55787.00    39.1308%
00:57:42  INFO        HP Steam PRDS                               4972.00         4972.00            0.00     0.0000%
00:57:42  INFO        HP Steam_Dis                                4972.00            0.00         4972.00   100.0000%
00:57:42  INFO        HRSG2_SHP STEAM                            46312.51        46312.52            0.00     0.0000%
00:57:42  INFO        HRSG3_SHP STEAM                            46312.51        46312.52            0.00     0.0000%
00:57:42  INFO        LP Steam PRDS                              14352.27        14352.27            0.00     0.0000%
00:57:42  INFO        LP Steam_Dis                               39911.76        14631.25        25280.51    63.3410%
00:57:42  INFO        MP Steam PRDS SHP                          23191.40        23191.40            0.00     0.0000%
00:57:42  INFO        MP Steam_Dis                               25312.60        10764.20        14548.40    57.4749%
00:57:42  INFO        Nitrogen Gas                             5437630.00            0.00      5437630.00   100.0000% (PT)
00:57:42  INFO        Oxygen                                      5787.00            0.00         5787.00   100.0000%
00:57:42  INFO        POWERGEN                                26193767.42     26193767.42            0.00     0.0000%
00:57:42  INFO        Power_Dis                               44409843.38     15167776.22     29242067.20    65.8459%
00:57:42  INFO        SHP Steam_Dis                              92625.03        71650.04        20975.00    22.6451%
00:57:42  INFO        STG1_LP STEAM                              25559.49        25559.49            0.00     0.0000%
00:57:42  INFO        STG1_MP STEAM                               2121.20         2121.20            0.00     0.0000%
00:57:42  INFO        Water                                     748836.97       468465.19       280371.80    37.4410% (PT)
00:57:42  INFO      
00:57:42  INFO        U4U CONSUMPTION BREAKDOWN (per producer per material):
00:57:42  INFO        Producer                        Material Consumed                     Norm        Quantity  Credit
00:57:42  INFO        ------------------------------  ------------------------------  ----------  --------------  ------
00:57:42  INFO        Boiler Feed Water               CHEM CYCLO HEXY                   0.000100           10.09  
00:57:42  INFO        Boiler Feed Water               CHEM MORPHOLENE                   0.000002            0.20  
00:57:42  INFO        Boiler Feed Water               Cooling Water 2                   0.001070          107.97  
00:57:42  INFO        Boiler Feed Water               D M Water                         0.860000        86778.44  
00:57:42  INFO        Boiler Feed Water               KEM WATREAT B 70M                 0.000570           57.52  
00:57:42  INFO        Boiler Feed Water               LP Steam_Dis                      0.145000        14631.25  
00:57:42  INFO        Boiler Feed Water               Power_Dis                         9.500000       958599.04  
00:57:42  INFO        COMPRESSED AIR                  Cooling Water 2                   0.000025          177.45  
00:57:42  INFO        COMPRESSED AIR                  Power_Dis                         0.165000      1171198.19  
00:57:42  INFO        Cooling Water 1                 COMPRESSED AIR                    0.108592         1649.95  
00:57:42  INFO        Cooling Water 1                 Power_Dis                       244.999997      3722529.95  
00:57:42  INFO        Cooling Water 1                 SULPHURIC ACID                    0.000158            2.40  
00:57:42  INFO        Cooling Water 1                 Water                            11.050000       167893.70  
00:57:42  INFO        Cooling Water 2                 COMPRESSED AIR                    0.123044         1611.68  
00:57:42  INFO        Cooling Water 2                 Power_Dis                       249.999997      3274595.63  
00:57:42  INFO        Cooling Water 2                 SULPHURIC ACID                    0.000158            2.07  
00:57:42  INFO        Cooling Water 2                 Water                            11.500000       150631.40  
00:57:42  INFO        D M Water                       CAUSTIC SODA LYE – GRADE 1        0.000226           32.22  
00:57:42  INFO        D M Water                       CHEM  SODIUM SULPHITE;PN:MIS 1    0.000701           99.94  
00:57:42  INFO        D M Water                       CHEM ALUM.SULFATE, AL2(SO4)3,1    0.000757          107.92  
00:57:42  INFO        D M Water                       COMPRESSED AIR                    0.077000        10977.54  
00:57:42  INFO        D M Water                       HYDRO CHLORIC ACID (30%) -VIRG    0.000226           32.22  
00:57:42  INFO        D M Water                       POLYELECTROLYTE                   0.000578           82.40  
00:57:42  INFO        D M Water                       Power_Dis                         1.210000       172504.18  
00:57:42  INFO        D M Water                       Ret steam condensate              0.203000        28940.78  
00:57:42  INFO        D M Water                       SODIUM CHLORIDE IS 797 GRADE1     0.000010            1.43  
00:57:42  INFO        D M Water                       Water                             1.050000       149693.71  
00:57:42  INFO        HP Steam PRDS                   Boiler Feed Water                 0.076800          381.85  
00:57:42  INFO        HP Steam PRDS                   SHP Steam_Dis                     0.923200         4590.15  
00:57:42  INFO        HP Steam_Dis                    HP Steam PRDS                     1.000000         4972.00  
00:57:42  INFO        HRSG2_SHP STEAM                 Boiler Feed Water                 1.024000        47424.02  
00:57:42  INFO        HRSG2_SHP STEAM                 CHEM TRISODIUM PHOSPHATE          0.000900           41.68  
00:57:42  INFO        HRSG2_SHP STEAM                 COMPRESSED AIR                    9.853236       456328.19  
00:57:42  INFO        HRSG2_SHP STEAM                 FURNACE OIL ( MEDIUM VISCOSITY    0.000098            4.54  
00:57:42  INFO        HRSG2_SHP STEAM                 LP Steam_Dis                     -0.078000        -3612.38  YES
00:57:42  INFO        HRSG2_SHP STEAM                 NATURAL GAS                       2.954424       136826.82  
00:57:42  INFO        HRSG2_SHP STEAM                 Water                             0.002660          123.19  
00:57:42  INFO        HRSG3_SHP STEAM                 Boiler Feed Water                 1.024000        47424.02  
00:57:42  INFO        HRSG3_SHP STEAM                 CHEM TRISODIUM PHOSPHATE          0.000900           41.68  
00:57:42  INFO        HRSG3_SHP STEAM                 COMPRESSED AIR                    9.596520       444439.02  
00:57:42  INFO        HRSG3_SHP STEAM                 FURNACE OIL ( MEDIUM VISCOSITY    0.000098            4.54  
00:57:42  INFO        HRSG3_SHP STEAM                 LP Steam_Dis                     -0.078000        -3612.38  YES
00:57:42  INFO        HRSG3_SHP STEAM                 NATURAL GAS                       2.954424       136826.82  
00:57:42  INFO        HRSG3_SHP STEAM                 Water                             0.002660          123.19  
00:57:42  INFO        LP Steam PRDS                   Boiler Feed Water                 0.250000         3588.07  
00:57:42  INFO        LP Steam PRDS                   MP Steam_Dis                      0.750000        10764.20  
00:57:42  INFO        LP Steam_Dis                    LP Steam PRDS                     0.359600        14352.27  
00:57:42  INFO        LP Steam_Dis                    STG1_LP STEAM                     0.640400        25559.49  
00:57:42  INFO        MP Steam PRDS SHP               Boiler Feed Water                 0.090000         2087.23  
00:57:42  INFO        MP Steam PRDS SHP               SHP Steam_Dis                     0.910000        21104.17  
00:57:42  INFO        MP Steam_Dis                    MP Steam PRDS SHP                 0.916200        23191.40  
00:57:42  INFO        MP Steam_Dis                    STG1_MP STEAM                     0.083800         2121.20  
00:57:42  INFO        Oxygen                          Cooling Water 2                   0.261000         1510.41  
00:57:42  INFO        Oxygen                          Power_Dis                       968.650000      5605577.55  
00:57:42  INFO        POWERGEN                        COMPRESSED AIR                    0.004011        35753.41  
00:57:42  INFO        POWERGEN                        COMPRESSED AIR                    0.003420        31518.72  
00:57:42  INFO        POWERGEN                        COMPRESSED AIR                    0.003839        31786.92  
00:57:42  INFO        POWERGEN                        COMPRESSED AIR                    0.000000            0.00  
00:57:42  INFO        POWERGEN                        Cooling Water 2                   0.000232         2068.01  
00:57:42  INFO        POWERGEN                        Cooling Water 2                   0.000012          110.59  
00:57:42  INFO        POWERGEN                        Cooling Water 2                   0.000013          107.64  
00:57:42  INFO        POWERGEN                        Cooling Water 2                   0.000000            0.00  
00:57:42  INFO        POWERGEN                        NATURAL GAS                       0.009373        86385.63  
00:57:42  INFO        POWERGEN                        NATURAL GAS                       0.009982        82651.39  
00:57:42  INFO        POWERGEN                        NATURAL GAS                       0.009472            0.00  
00:57:42  INFO        POWERGEN                        Power_Dis                         0.002000        17827.68  
00:57:42  INFO        POWERGEN                        Power_Dis                         0.014000       129024.00  
00:57:42  INFO        POWERGEN                        Power_Dis                         0.014000       115920.00  
00:57:42  INFO        POWERGEN                        Power_Dis                         0.000000            0.00  
00:57:42  INFO        POWERGEN                        SHP Steam_Dis                     0.003615        32223.53  
00:57:42  INFO        Power_Dis                       POWERGEN                          0.186036      8261828.99  
00:57:42  INFO        Power_Dis                       POWERGEN                          0.196717      8736170.50  
00:57:42  INFO        Power_Dis                       POWERGEN                          0.207066      9195767.93  
00:57:42  INFO        Power_Dis                       Power from MEL                    0.410169     18000000.00  
00:57:42  INFO        SHP Steam_Dis                   HRSG2_SHP STEAM                   0.500000        46312.52  
00:57:42  INFO        SHP Steam_Dis                   HRSG3_SHP STEAM                   0.500000        46312.52  
00:57:42  INFO        STG1_LP STEAM                   SHP Steam_Dis                     0.480000        12268.55  
00:57:42  INFO        STG1_MP STEAM                   SHP Steam_Dis                     0.690000         1463.62  
00:57:42  INFO      
00:57:42  INFO        All U4U materials converged within tolerance
00:57:42  INFO        ------------------------------------------------------------------------------------------
00:57:43  INFO        [DISPATCH] Total demand: 44409.84 MWh, Import: 18000.00 MWh, Net for GT/STG: 26409.84 MWh
00:57:43  WARNING     [DISPATCH] No aux power norm for 'NMD-Power Plant-2'; using 0.0
00:57:43  WARNING     [DISPATCH] No aux power norm for 'NMD-Power Plant-3'; using 0.0
00:57:43  WARNING     [DISPATCH] No aux power norm for 'NMD-STG Power Plant'; using 0.0
00:57:43  INFO        ==============================================================================
00:57:43  INFO        POWER DISPATCH  (April 2025)
00:57:43  INFO        ==============================================================================
00:57:43  INFO        Demand:  Process = 44409.84 MWh  |  Fixed = 0.00 MWh  |  Total = 44409.84 MWh
00:57:43  INFO      
00:57:43  INFO        Asset                      Priority    Min MW    Max MW     Hours   Dispatched MW  Dispatched MWh    Load %  Free Steam MT  Aux Power MWh
00:57:43  INFO        -------------------------  --------  --------  --------  --------  --------------  --------------  --------  ------------  ------------
00:57:43  INFO        NMD-Power Plant-2                 1      5.00     11.50    720.00           11.50         8280.00    100.0%      16311.60          0.00
00:57:43  INFO        NMD-Power Plant-3                 1      5.00     12.80    720.00           12.80         9216.00    100.0%      18155.52          0.00
00:57:43  INFO        NMD-STG Power Plant               2      6.00     14.50    720.00           12.38         8913.84     85.4%          0.00          0.00
00:57:43  INFO        TOTAL                                                                                    26409.84                34467.12          0.00
00:57:43  INFO        DEFICIT: 18000.00 MWh under-generation
00:57:43  INFO        ==============================================================================
00:57:43  INFO        ==============================================================================
00:57:43  INFO        STEAM DISPATCH  (April 2025)
00:57:43  INFO        ==============================================================================
00:57:43  INFO        Grade      Process/Fixed MT  Letdown MT  Byproduct MT     Net Demand MT
00:57:43  INFO        ---------  ----------------  ----------  ------------  ----------------
00:57:43  INFO        MP                 25312.60    18984.45          0.00          25312.60
00:57:43  INFO        SHP                92625.04    85511.43          0.00          92625.04
00:57:43  INFO      
00:57:43  INFO        Total Free Steam available: 34467.12 MT
00:57:43  INFO      
00:57:43  INFO        FINAL SUPPLEMENTARY FIRING DISPATCH
00:57:43  INFO        Asset                      Priority     Min TPH     Max TPH     Hours  Dispatched TPH   Dispatched MT    Load %
00:57:43  INFO        -------------------------  --------  ----------  ----------  --------  --------------  --------------  --------
00:57:43  INFO        HRSG-1                          999       60.00      136.00      0.00            0.00            0.00      0.0%
00:57:43  INFO        HRSG-2                            1       37.34      113.34    720.00           41.67        30000.92     47.3%
00:57:43  INFO        HRSG-3                            1       34.78      110.78    720.00           39.11        28157.00     47.3%
00:57:43  INFO        TOTAL SUPPLEMENTARY                                                                          58157.92          
00:57:43  INFO        TOTAL STEAM GENERATED                                                                        92625.04          
00:57:43  INFO        SURPLUS: 0.00 MT
00:57:43  INFO        ==============================================================================
00:57:43  INFO        [REVERSE NG] Found GT asset: NMD-Power Plant-3, plant: NMD - Power Plant 3, heat_rate: 3862.56, free_steam: 1.97
00:57:43  INFO        [REVERSE NG] NMD - Power Plant 3: gen_qty=9216000 KWH, heat_rate=3862.56, free_steam=1.9700, consumed=86385.63 MMBTU (REVERSE)
00:57:43  INFO        [REVERSE NG] Found GT asset: NMD-Power Plant-2, plant: NMD - Power Plant 2, heat_rate: 4016.03, free_steam: 1.97
00:57:43  INFO        [REVERSE NG] NMD - Power Plant 2: gen_qty=8280000 KWH, heat_rate=4016.03, free_steam=1.9700, consumed=82651.39 MMBTU (REVERSE)
00:57:43  INFO        [REVERSE NG HRSG] Found HRSG: HRSG-2, supp_steam=30000.92 MT, free_steam=16311.60 MT, total_steam=46312.52 MT
00:57:43  INFO        [REVERSE NG HRSG] HRSG2_SHP STEAM: total_steam=46312.52 MT, norm=2.954424, consumed=136826.82 MMBTU (REVERSE, BPC method)
00:57:43  INFO        [REVERSE NG HRSG] Found HRSG: HRSG-3, supp_steam=28157.00 MT, free_steam=18155.52 MT, total_steam=46312.52 MT
00:57:43  INFO        [REVERSE NG HRSG] HRSG3_SHP STEAM: total_steam=46312.52 MT, norm=2.954424, consumed=136826.82 MMBTU (REVERSE, BPC method)
00:57:43  INFO      
00:57:43  INFO        ------------------------------------------------------------------------------------------
00:57:43  INFO        ITERATION 31
00:57:43  INFO        ------------------------------------------------------------------------------------------
00:57:43  INFO        Power:  Demand =    44409843.42 KWH  |  Gen =       26409.84 MWh  |  Surplus =     0.00  |  Deficit =     0.00
00:57:43  INFO        Steam:  Gen =       92625.04 MT  |  Surplus =     0.00  |  Deficit =     0.00
00:57:43  INFO        Power delta: 0.0454 MWh  |  Converged: NO
00:57:43  INFO      
00:57:43  INFO        Utility                                Total Demand      U4U Demand         Initial    Change %
00:57:43  INFO        -----------------------------------  --------------  --------------  --------------  ----------
00:57:43  INFO        Boiler Feed Water                         100905.18       100905.18            0.00     0.0000%
00:57:43  INFO        COMPRESSED AIR                           7098171.02      1014065.43      6084105.59    85.7137%
00:57:43  INFO        Cooling Water 1                            15194.00            0.00        15194.00   100.0000%
00:57:43  INFO        Cooling Water 2                            13098.38         4082.07         9016.31    68.8353%
00:57:43  INFO        D M Water                                 142565.44        86778.46        55787.00    39.1308%
00:57:43  INFO        HP Steam PRDS                               4972.00         4972.00            0.00     0.0000%
00:57:43  INFO        HP Steam_Dis                                4972.00            0.00         4972.00   100.0000%
00:57:43  INFO        HRSG2_SHP STEAM                            46312.52        46312.52            0.00     0.0000%
00:57:43  INFO        HRSG3_SHP STEAM                            46312.52        46312.52            0.00     0.0000%
00:57:43  INFO        LP Steam PRDS                              14352.27        14352.27            0.00     0.0000%
00:57:43  INFO        LP Steam_Dis                               39911.76        14631.25        25280.51    63.3410%
00:57:43  INFO        MP Steam PRDS SHP                          23191.40        23191.40            0.00     0.0000%
00:57:43  INFO        MP Steam_Dis                               25312.60        10764.20        14548.40    57.4749%
00:57:43  INFO        Nitrogen Gas                             5437630.00            0.00      5437630.00   100.0000% (PT)
00:57:43  INFO        Oxygen                                      5787.00            0.00         5787.00   100.0000%
00:57:43  INFO        POWERGEN                                26193767.42     26193767.42            0.00     0.0000%
00:57:43  INFO        Power_Dis                               44409843.42     15167776.46     29242067.20    65.8459%
00:57:43  INFO        SHP Steam_Dis                              92625.04        71650.04        20975.00    22.6451%
00:57:43  INFO        STG1_LP STEAM                              25559.49        25559.49            0.00     0.0000%
00:57:43  INFO        STG1_MP STEAM                               2121.20         2121.20            0.00     0.0000%
00:57:43  INFO        Water                                     748836.99       468465.19       280371.80    37.4410% (PT)
00:57:43  INFO      
00:57:43  INFO        U4U CONSUMPTION BREAKDOWN (per producer per material):
00:57:43  INFO        Producer                        Material Consumed                     Norm        Quantity  Credit
00:57:43  INFO        ------------------------------  ------------------------------  ----------  --------------  ------
00:57:43  INFO        Boiler Feed Water               CHEM CYCLO HEXY                   0.000100           10.09  
00:57:43  INFO        Boiler Feed Water               CHEM MORPHOLENE                   0.000002            0.20  
00:57:43  INFO        Boiler Feed Water               Cooling Water 2                   0.001070          107.97  
00:57:43  INFO        Boiler Feed Water               D M Water                         0.860000        86778.46  
00:57:43  INFO        Boiler Feed Water               KEM WATREAT B 70M                 0.000570           57.52  
00:57:43  INFO        Boiler Feed Water               LP Steam_Dis                      0.145000        14631.25  
00:57:43  INFO        Boiler Feed Water               Power_Dis                         9.500000       958599.24  
00:57:43  INFO        COMPRESSED AIR                  Cooling Water 2                   0.000025          177.45  
00:57:43  INFO        COMPRESSED AIR                  Power_Dis                         0.165000      1171198.22  
00:57:43  INFO        Cooling Water 1                 COMPRESSED AIR                    0.108592         1649.95  
00:57:43  INFO        Cooling Water 1                 Power_Dis                       244.999997      3722529.95  
00:57:43  INFO        Cooling Water 1                 SULPHURIC ACID                    0.000158            2.40  
00:57:43  INFO        Cooling Water 1                 Water                            11.050000       167893.70  
00:57:43  INFO        Cooling Water 2                 COMPRESSED AIR                    0.123044         1611.68  
00:57:43  INFO        Cooling Water 2                 Power_Dis                       249.999997      3274595.63  
00:57:43  INFO        Cooling Water 2                 SULPHURIC ACID                    0.000158            2.07  
00:57:43  INFO        Cooling Water 2                 Water                            11.500000       150631.40  
00:57:43  INFO        D M Water                       CAUSTIC SODA LYE – GRADE 1        0.000226           32.22  
00:57:43  INFO        D M Water                       CHEM  SODIUM SULPHITE;PN:MIS 1    0.000701           99.94  
00:57:43  INFO        D M Water                       CHEM ALUM.SULFATE, AL2(SO4)3,1    0.000757          107.92  
00:57:43  INFO        D M Water                       COMPRESSED AIR                    0.077000        10977.54  
00:57:43  INFO        D M Water                       HYDRO CHLORIC ACID (30%) -VIRG    0.000226           32.22  
00:57:43  INFO        D M Water                       POLYELECTROLYTE                   0.000578           82.40  
00:57:43  INFO        D M Water                       Power_Dis                         1.210000       172504.18  
00:57:43  INFO        D M Water                       Ret steam condensate              0.203000        28940.78  
00:57:43  INFO        D M Water                       SODIUM CHLORIDE IS 797 GRADE1     0.000010            1.43  
00:57:43  INFO        D M Water                       Water                             1.050000       149693.71  
00:57:43  INFO        HP Steam PRDS                   Boiler Feed Water                 0.076800          381.85  
00:57:43  INFO        HP Steam PRDS                   SHP Steam_Dis                     0.923200         4590.15  
00:57:43  INFO        HP Steam_Dis                    HP Steam PRDS                     1.000000         4972.00  
00:57:43  INFO        HRSG2_SHP STEAM                 Boiler Feed Water                 1.024000        47424.02  
00:57:43  INFO        HRSG2_SHP STEAM                 CHEM TRISODIUM PHOSPHATE          0.000900           41.68  
00:57:43  INFO        HRSG2_SHP STEAM                 COMPRESSED AIR                    9.853236       456328.19  
00:57:43  INFO        HRSG2_SHP STEAM                 FURNACE OIL ( MEDIUM VISCOSITY    0.000098            4.54  
00:57:43  INFO        HRSG2_SHP STEAM                 LP Steam_Dis                     -0.078000        -3612.38  YES
00:57:43  INFO        HRSG2_SHP STEAM                 NATURAL GAS                       2.954424       136826.82  
00:57:43  INFO        HRSG2_SHP STEAM                 Water                             0.002660          123.19  
00:57:43  INFO        HRSG3_SHP STEAM                 Boiler Feed Water                 1.024000        47424.02  
00:57:43  INFO        HRSG3_SHP STEAM                 CHEM TRISODIUM PHOSPHATE          0.000900           41.68  
00:57:43  INFO        HRSG3_SHP STEAM                 COMPRESSED AIR                    9.596520       444439.02  
00:57:43  INFO        HRSG3_SHP STEAM                 FURNACE OIL ( MEDIUM VISCOSITY    0.000098            4.54  
00:57:43  INFO        HRSG3_SHP STEAM                 LP Steam_Dis                     -0.078000        -3612.38  YES
00:57:43  INFO        HRSG3_SHP STEAM                 NATURAL GAS                       2.954424       136826.82  
00:57:43  INFO        HRSG3_SHP STEAM                 Water                             0.002660          123.19  
00:57:43  INFO        LP Steam PRDS                   Boiler Feed Water                 0.250000         3588.07  
00:57:43  INFO        LP Steam PRDS                   MP Steam_Dis                      0.750000        10764.20  
00:57:43  INFO        LP Steam_Dis                    LP Steam PRDS                     0.359600        14352.27  
00:57:43  INFO        LP Steam_Dis                    STG1_LP STEAM                     0.640400        25559.49  
00:57:43  INFO        MP Steam PRDS SHP               Boiler Feed Water                 0.090000         2087.23  
00:57:43  INFO        MP Steam PRDS SHP               SHP Steam_Dis                     0.910000        21104.18  
00:57:43  INFO        MP Steam_Dis                    MP Steam PRDS SHP                 0.916200        23191.40  
00:57:43  INFO        MP Steam_Dis                    STG1_MP STEAM                     0.083800         2121.20  
00:57:43  INFO        Oxygen                          Cooling Water 2                   0.261000         1510.41  
00:57:43  INFO        Oxygen                          Power_Dis                       968.650000      5605577.55  
00:57:43  INFO        POWERGEN                        COMPRESSED AIR                    0.004011        35753.41  
00:57:43  INFO        POWERGEN                        COMPRESSED AIR                    0.003420        31518.72  
00:57:43  INFO        POWERGEN                        COMPRESSED AIR                    0.003839        31786.92  
00:57:43  INFO        POWERGEN                        COMPRESSED AIR                    0.000000            0.00  
00:57:43  INFO        POWERGEN                        Cooling Water 2                   0.000232         2068.01  
00:57:43  INFO        POWERGEN                        Cooling Water 2                   0.000012          110.59  
00:57:43  INFO        POWERGEN                        Cooling Water 2                   0.000013          107.64  
00:57:43  INFO        POWERGEN                        Cooling Water 2                   0.000000            0.00  
00:57:43  INFO        POWERGEN                        NATURAL GAS                       0.009373        86385.63  
00:57:43  INFO        POWERGEN                        NATURAL GAS                       0.009982        82651.39  
00:57:43  INFO        POWERGEN                        NATURAL GAS                       0.009472            0.00  
00:57:43  INFO        POWERGEN                        Power_Dis                         0.002000        17827.68  
00:57:43  INFO        POWERGEN                        Power_Dis                         0.014000       129024.00  
00:57:43  INFO        POWERGEN                        Power_Dis                         0.014000       115920.00  
00:57:43  INFO        POWERGEN                        Power_Dis                         0.000000            0.00  
00:57:43  INFO        POWERGEN                        SHP Steam_Dis                     0.003615        32223.53  
00:57:43  INFO        Power_Dis                       POWERGEN                          0.186036      8261828.99  
00:57:43  INFO        Power_Dis                       POWERGEN                          0.196717      8736170.50  
00:57:43  INFO        Power_Dis                       POWERGEN                          0.207066      9195767.93  
00:57:43  INFO        Power_Dis                       Power from MEL                    0.410169     18000000.00  
00:57:43  INFO        SHP Steam_Dis                   HRSG2_SHP STEAM                   0.500000        46312.52  
00:57:43  INFO        SHP Steam_Dis                   HRSG3_SHP STEAM                   0.500000        46312.52  
00:57:43  INFO        STG1_LP STEAM                   SHP Steam_Dis                     0.480000        12268.56  
00:57:43  INFO        STG1_MP STEAM                   SHP Steam_Dis                     0.690000         1463.63  
00:57:43  INFO      
00:57:43  INFO        All U4U materials converged within tolerance
00:57:43  INFO        ------------------------------------------------------------------------------------------
00:57:44  INFO        [DISPATCH] Total demand: 44409.84 MWh, Import: 18000.00 MWh, Net for GT/STG: 26409.84 MWh
00:57:44  WARNING     [DISPATCH] No aux power norm for 'NMD-Power Plant-2'; using 0.0
00:57:44  WARNING     [DISPATCH] No aux power norm for 'NMD-Power Plant-3'; using 0.0
00:57:44  WARNING     [DISPATCH] No aux power norm for 'NMD-STG Power Plant'; using 0.0
00:57:44  INFO        ==============================================================================
00:57:44  INFO        POWER DISPATCH  (April 2025)
00:57:44  INFO        ==============================================================================
00:57:44  INFO        Demand:  Process = 44409.84 MWh  |  Fixed = 0.00 MWh  |  Total = 44409.84 MWh
00:57:44  INFO      
00:57:44  INFO        Asset                      Priority    Min MW    Max MW     Hours   Dispatched MW  Dispatched MWh    Load %  Free Steam MT  Aux Power MWh
00:57:44  INFO        -------------------------  --------  --------  --------  --------  --------------  --------------  --------  ------------  ------------
00:57:44  INFO        NMD-Power Plant-2                 1      5.00     11.50    720.00           11.50         8280.00    100.0%      16311.60          0.00
00:57:44  INFO        NMD-Power Plant-3                 1      5.00     12.80    720.00           12.80         9216.00    100.0%      18155.52          0.00
00:57:44  INFO        NMD-STG Power Plant               2      6.00     14.50    720.00           12.38         8913.84     85.4%          0.00          0.00
00:57:44  INFO        TOTAL                                                                                    26409.84                34467.12          0.00
00:57:44  INFO        DEFICIT: 18000.00 MWh under-generation
00:57:44  INFO        ==============================================================================
00:57:44  INFO        ==============================================================================
00:57:44  INFO        STEAM DISPATCH  (April 2025)
00:57:44  INFO        ==============================================================================
00:57:44  INFO        Grade      Process/Fixed MT  Letdown MT  Byproduct MT     Net Demand MT
00:57:44  INFO        ---------  ----------------  ----------  ------------  ----------------
00:57:44  INFO        MP                 25312.60    18984.45          0.00          25312.60
00:57:44  INFO        SHP                92625.04    85511.44          0.00          92625.04
00:57:44  INFO      
00:57:44  INFO        Total Free Steam available: 34467.12 MT
00:57:44  INFO      
00:57:44  INFO        FINAL SUPPLEMENTARY FIRING DISPATCH
00:57:44  INFO        Asset                      Priority     Min TPH     Max TPH     Hours  Dispatched TPH   Dispatched MT    Load %
00:57:44  INFO        -------------------------  --------  ----------  ----------  --------  --------------  --------------  --------
00:57:44  INFO        HRSG-1                          999       60.00      136.00      0.00            0.00            0.00      0.0%
00:57:44  INFO        HRSG-2                            1       37.34      113.34    720.00           41.67        30000.92     47.3%
00:57:44  INFO        HRSG-3                            1       34.78      110.78    720.00           39.11        28157.00     47.3%
00:57:44  INFO        TOTAL SUPPLEMENTARY                                                                          58157.92          
00:57:44  INFO        TOTAL STEAM GENERATED                                                                        92625.04          
00:57:44  INFO        SURPLUS: 0.00 MT
00:57:44  INFO        ==============================================================================
00:57:44  INFO        [REVERSE NG] Found GT asset: NMD-Power Plant-3, plant: NMD - Power Plant 3, heat_rate: 3862.56, free_steam: 1.97
00:57:44  INFO        [REVERSE NG] NMD - Power Plant 3: gen_qty=9216000 KWH, heat_rate=3862.56, free_steam=1.9700, consumed=86385.63 MMBTU (REVERSE)
00:57:44  INFO        [REVERSE NG] Found GT asset: NMD-Power Plant-2, plant: NMD - Power Plant 2, heat_rate: 4016.03, free_steam: 1.97
00:57:44  INFO        [REVERSE NG] NMD - Power Plant 2: gen_qty=8280000 KWH, heat_rate=4016.03, free_steam=1.9700, consumed=82651.39 MMBTU (REVERSE)
00:57:44  INFO        [REVERSE NG HRSG] Found HRSG: HRSG-2, supp_steam=30000.92 MT, free_steam=16311.60 MT, total_steam=46312.52 MT
00:57:44  INFO        [REVERSE NG HRSG] HRSG2_SHP STEAM: total_steam=46312.52 MT, norm=2.954424, consumed=136826.82 MMBTU (REVERSE, BPC method)
00:57:44  INFO        [REVERSE NG HRSG] Found HRSG: HRSG-3, supp_steam=28157.00 MT, free_steam=18155.52 MT, total_steam=46312.52 MT
00:57:44  INFO        [REVERSE NG HRSG] HRSG3_SHP STEAM: total_steam=46312.52 MT, norm=2.954424, consumed=136826.82 MMBTU (REVERSE, BPC method)
00:57:44  INFO      
00:57:44  INFO        ------------------------------------------------------------------------------------------
00:57:44  INFO        ITERATION 32
00:57:44  INFO        ------------------------------------------------------------------------------------------
00:57:44  INFO        Power:  Demand =    44409843.66 KWH  |  Gen =       26409.84 MWh  |  Surplus =     0.00  |  Deficit =     0.00
00:57:44  INFO        Steam:  Gen =       92625.04 MT  |  Surplus =     0.00  |  Deficit =     0.00
00:57:44  INFO        Power delta: 0.2348 MWh  |  Converged: NO
00:57:44  INFO      
00:57:44  INFO        Utility                                Total Demand      U4U Demand         Initial    Change %
00:57:44  INFO        -----------------------------------  --------------  --------------  --------------  ----------
00:57:44  INFO        Boiler Feed Water                         100905.18       100905.18            0.00     0.0000%
00:57:44  INFO        COMPRESSED AIR                           7098171.02      1014065.43      6084105.59    85.7137%
00:57:44  INFO        Cooling Water 1                            15194.00            0.00        15194.00   100.0000%
00:57:44  INFO        Cooling Water 2                            13098.38         4082.07         9016.31    68.8353%
00:57:44  INFO        D M Water                                 142565.46        86778.46        55787.00    39.1308%
00:57:44  INFO        HP Steam PRDS                               4972.00         4972.00            0.00     0.0000%
00:57:44  INFO        HP Steam_Dis                                4972.00            0.00         4972.00   100.0000%
00:57:44  INFO        HRSG2_SHP STEAM                            46312.52        46312.52            0.00     0.0000%
00:57:44  INFO        HRSG3_SHP STEAM                            46312.52        46312.52            0.00     0.0000%
00:57:44  INFO        LP Steam PRDS                              14352.27        14352.27            0.00     0.0000%
00:57:44  INFO        LP Steam_Dis                               39911.76        14631.25        25280.51    63.3410%
00:57:44  INFO        MP Steam PRDS SHP                          23191.40        23191.41            0.00     0.0000%
00:57:44  INFO        MP Steam_Dis                               25312.60        10764.20        14548.40    57.4749%
00:57:44  INFO        Nitrogen Gas                             5437630.00            0.00      5437630.00   100.0000% (PT)
00:57:44  INFO        Oxygen                                      5787.00            0.00         5787.00   100.0000%
00:57:44  INFO        POWERGEN                                26193767.42     26193767.42            0.00     0.0000%
00:57:44  INFO        Power_Dis                               44409843.66     15167776.49     29242067.20    65.8459%
00:57:44  INFO        SHP Steam_Dis                              92625.04        71650.04        20975.00    22.6451%
00:57:44  INFO        STG1_LP STEAM                              25559.49        25559.49            0.00     0.0000%
00:57:44  INFO        STG1_MP STEAM                               2121.20         2121.20            0.00     0.0000%
00:57:44  INFO        Water                                     748836.99       468465.21       280371.80    37.4410% (PT)
00:57:44  INFO      
00:57:44  INFO        U4U CONSUMPTION BREAKDOWN (per producer per material):
00:57:44  INFO        Producer                        Material Consumed                     Norm        Quantity  Credit
00:57:44  INFO        ------------------------------  ------------------------------  ----------  --------------  ------
00:57:44  INFO        Boiler Feed Water               CHEM CYCLO HEXY                   0.000100           10.09  
00:57:44  INFO        Boiler Feed Water               CHEM MORPHOLENE                   0.000002            0.20  
00:57:44  INFO        Boiler Feed Water               Cooling Water 2                   0.001070          107.97  
00:57:44  INFO        Boiler Feed Water               D M Water                         0.860000        86778.46  
00:57:44  INFO        Boiler Feed Water               KEM WATREAT B 70M                 0.000570           57.52  
00:57:44  INFO        Boiler Feed Water               LP Steam_Dis                      0.145000        14631.25  
00:57:44  INFO        Boiler Feed Water               Power_Dis                         9.500000       958599.25  
00:57:44  INFO        COMPRESSED AIR                  Cooling Water 2                   0.000025          177.45  
00:57:44  INFO        COMPRESSED AIR                  Power_Dis                         0.165000      1171198.22  
00:57:44  INFO        Cooling Water 1                 COMPRESSED AIR                    0.108592         1649.95  
00:57:44  INFO        Cooling Water 1                 Power_Dis                       244.999997      3722529.95  
00:57:44  INFO        Cooling Water 1                 SULPHURIC ACID                    0.000158            2.40  
00:57:44  INFO        Cooling Water 1                 Water                            11.050000       167893.70  
00:57:44  INFO        Cooling Water 2                 COMPRESSED AIR                    0.123044         1611.68  
00:57:44  INFO        Cooling Water 2                 Power_Dis                       249.999997      3274595.64  
00:57:44  INFO        Cooling Water 2                 SULPHURIC ACID                    0.000158            2.07  
00:57:44  INFO        Cooling Water 2                 Water                            11.500000       150631.40  
00:57:44  INFO        D M Water                       CAUSTIC SODA LYE – GRADE 1        0.000226           32.22  
00:57:44  INFO        D M Water                       CHEM  SODIUM SULPHITE;PN:MIS 1    0.000701           99.94  
00:57:44  INFO        D M Water                       CHEM ALUM.SULFATE, AL2(SO4)3,1    0.000757          107.92  
00:57:44  INFO        D M Water                       COMPRESSED AIR                    0.077000        10977.54  
00:57:44  INFO        D M Water                       HYDRO CHLORIC ACID (30%) -VIRG    0.000226           32.22  
00:57:44  INFO        D M Water                       POLYELECTROLYTE                   0.000578           82.40  
00:57:44  INFO        D M Water                       Power_Dis                         1.210000       172504.20  
00:57:44  INFO        D M Water                       Ret steam condensate              0.203000        28940.79  
00:57:44  INFO        D M Water                       SODIUM CHLORIDE IS 797 GRADE1     0.000010            1.43  
00:57:44  INFO        D M Water                       Water                             1.050000       149693.73  
00:57:44  INFO        HP Steam PRDS                   Boiler Feed Water                 0.076800          381.85  
00:57:44  INFO        HP Steam PRDS                   SHP Steam_Dis                     0.923200         4590.15  
00:57:44  INFO        HP Steam_Dis                    HP Steam PRDS                     1.000000         4972.00  
00:57:44  INFO        HRSG2_SHP STEAM                 Boiler Feed Water                 1.024000        47424.02  
00:57:44  INFO        HRSG2_SHP STEAM                 CHEM TRISODIUM PHOSPHATE          0.000900           41.68  
00:57:44  INFO        HRSG2_SHP STEAM                 COMPRESSED AIR                    9.853236       456328.19  
00:57:44  INFO        HRSG2_SHP STEAM                 FURNACE OIL ( MEDIUM VISCOSITY    0.000098            4.54  
00:57:44  INFO        HRSG2_SHP STEAM                 LP Steam_Dis                     -0.078000        -3612.38  YES
00:57:44  INFO        HRSG2_SHP STEAM                 NATURAL GAS                       2.954424       136826.82  
00:57:44  INFO        HRSG2_SHP STEAM                 Water                             0.002660          123.19  
00:57:44  INFO        HRSG3_SHP STEAM                 Boiler Feed Water                 1.024000        47424.02  
00:57:44  INFO        HRSG3_SHP STEAM                 CHEM TRISODIUM PHOSPHATE          0.000900           41.68  
00:57:44  INFO        HRSG3_SHP STEAM                 COMPRESSED AIR                    9.596520       444439.02  
00:57:44  INFO        HRSG3_SHP STEAM                 FURNACE OIL ( MEDIUM VISCOSITY    0.000098            4.54  
00:57:44  INFO        HRSG3_SHP STEAM                 LP Steam_Dis                     -0.078000        -3612.38  YES
00:57:44  INFO        HRSG3_SHP STEAM                 NATURAL GAS                       2.954424       136826.82  
00:57:44  INFO        HRSG3_SHP STEAM                 Water                             0.002660          123.19  
00:57:44  INFO        LP Steam PRDS                   Boiler Feed Water                 0.250000         3588.07  
00:57:44  INFO        LP Steam PRDS                   MP Steam_Dis                      0.750000        10764.20  
00:57:44  INFO        LP Steam_Dis                    LP Steam PRDS                     0.359600        14352.27  
00:57:44  INFO        LP Steam_Dis                    STG1_LP STEAM                     0.640400        25559.49  
00:57:44  INFO        MP Steam PRDS SHP               Boiler Feed Water                 0.090000         2087.23  
00:57:44  INFO        MP Steam PRDS SHP               SHP Steam_Dis                     0.910000        21104.18  
00:57:44  INFO        MP Steam_Dis                    MP Steam PRDS SHP                 0.916200        23191.41  
00:57:44  INFO        MP Steam_Dis                    STG1_MP STEAM                     0.083800         2121.20  
00:57:44  INFO        Oxygen                          Cooling Water 2                   0.261000         1510.41  
00:57:44  INFO        Oxygen                          Power_Dis                       968.650000      5605577.55  
00:57:44  INFO        POWERGEN                        COMPRESSED AIR                    0.004011        35753.41  
00:57:44  INFO        POWERGEN                        COMPRESSED AIR                    0.003420        31518.72  
00:57:44  INFO        POWERGEN                        COMPRESSED AIR                    0.003839        31786.92  
00:57:44  INFO        POWERGEN                        COMPRESSED AIR                    0.000000            0.00  
00:57:44  INFO        POWERGEN                        Cooling Water 2                   0.000232         2068.01  
00:57:44  INFO        POWERGEN                        Cooling Water 2                   0.000012          110.59  
00:57:44  INFO        POWERGEN                        Cooling Water 2                   0.000013          107.64  
00:57:44  INFO        POWERGEN                        Cooling Water 2                   0.000000            0.00  
00:57:44  INFO        POWERGEN                        NATURAL GAS                       0.009373        86385.63  
00:57:44  INFO        POWERGEN                        NATURAL GAS                       0.009982        82651.39  
00:57:44  INFO        POWERGEN                        NATURAL GAS                       0.009472            0.00  
00:57:44  INFO        POWERGEN                        Power_Dis                         0.002000        17827.68  
00:57:44  INFO        POWERGEN                        Power_Dis                         0.014000       129024.00  
00:57:44  INFO        POWERGEN                        Power_Dis                         0.014000       115920.00  
00:57:44  INFO        POWERGEN                        Power_Dis                         0.000000            0.00  
00:57:44  INFO        POWERGEN                        SHP Steam_Dis                     0.003615        32223.53  
00:57:44  INFO        Power_Dis                       POWERGEN                          0.186036      8261828.99  
00:57:44  INFO        Power_Dis                       POWERGEN                          0.196717      8736170.50  
00:57:44  INFO        Power_Dis                       POWERGEN                          0.207066      9195767.93  
00:57:44  INFO        Power_Dis                       Power from MEL                    0.410169     18000000.00  
00:57:44  INFO        SHP Steam_Dis                   HRSG2_SHP STEAM                   0.500000        46312.52  
00:57:44  INFO        SHP Steam_Dis                   HRSG3_SHP STEAM                   0.500000        46312.52  
00:57:44  INFO        STG1_LP STEAM                   SHP Steam_Dis                     0.480000        12268.56  
00:57:44  INFO        STG1_MP STEAM                   SHP Steam_Dis                     0.690000         1463.63  
00:57:44  INFO      
00:57:44  INFO        All U4U materials converged within tolerance
00:57:44  INFO        ------------------------------------------------------------------------------------------
00:57:45  INFO        [DISPATCH] Total demand: 44409.84 MWh, Import: 18000.00 MWh, Net for GT/STG: 26409.84 MWh
00:57:46  WARNING     [DISPATCH] No aux power norm for 'NMD-Power Plant-2'; using 0.0
00:57:46  WARNING     [DISPATCH] No aux power norm for 'NMD-Power Plant-3'; using 0.0
00:57:46  WARNING     [DISPATCH] No aux power norm for 'NMD-STG Power Plant'; using 0.0
00:57:46  INFO        ==============================================================================
00:57:46  INFO        POWER DISPATCH  (April 2025)
00:57:46  INFO        ==============================================================================
00:57:46  INFO        Demand:  Process = 44409.84 MWh  |  Fixed = 0.00 MWh  |  Total = 44409.84 MWh
00:57:46  INFO      
00:57:46  INFO        Asset                      Priority    Min MW    Max MW     Hours   Dispatched MW  Dispatched MWh    Load %  Free Steam MT  Aux Power MWh
00:57:46  INFO        -------------------------  --------  --------  --------  --------  --------------  --------------  --------  ------------  ------------
00:57:46  INFO        NMD-Power Plant-2                 1      5.00     11.50    720.00           11.50         8280.00    100.0%      16311.60          0.00
00:57:46  INFO        NMD-Power Plant-3                 1      5.00     12.80    720.00           12.80         9216.00    100.0%      18155.52          0.00
00:57:46  INFO        NMD-STG Power Plant               2      6.00     14.50    720.00           12.38         8913.84     85.4%          0.00          0.00
00:57:46  INFO        TOTAL                                                                                    26409.84                34467.12          0.00
00:57:46  INFO        DEFICIT: 18000.00 MWh under-generation
00:57:46  INFO        ==============================================================================
00:57:46  INFO        ==============================================================================
00:57:46  INFO        STEAM DISPATCH  (April 2025)
00:57:46  INFO        ==============================================================================
00:57:46  INFO        Grade      Process/Fixed MT  Letdown MT  Byproduct MT     Net Demand MT
00:57:46  INFO        ---------  ----------------  ----------  ------------  ----------------
00:57:46  INFO        MP                 25312.60    18984.45          0.00          25312.60
00:57:46  INFO        SHP                92625.04    85511.44          0.00          92625.04
00:57:46  INFO      
00:57:46  INFO        Total Free Steam available: 34467.12 MT
00:57:46  INFO      
00:57:46  INFO        FINAL SUPPLEMENTARY FIRING DISPATCH
00:57:46  INFO        Asset                      Priority     Min TPH     Max TPH     Hours  Dispatched TPH   Dispatched MT    Load %
00:57:46  INFO        -------------------------  --------  ----------  ----------  --------  --------------  --------------  --------
00:57:46  INFO        HRSG-1                          999       60.00      136.00      0.00            0.00            0.00      0.0%
00:57:46  INFO        HRSG-2                            1       37.34      113.34    720.00           41.67        30000.92     47.3%
00:57:46  INFO        HRSG-3                            1       34.78      110.78    720.00           39.11        28157.00     47.3%
00:57:46  INFO        TOTAL SUPPLEMENTARY                                                                          58157.92          
00:57:46  INFO        TOTAL STEAM GENERATED                                                                        92625.04          
00:57:46  INFO        SURPLUS: 0.00 MT
00:57:46  INFO        ==============================================================================
00:57:46  INFO        [REVERSE NG] Found GT asset: NMD-Power Plant-3, plant: NMD - Power Plant 3, heat_rate: 3862.56, free_steam: 1.97
00:57:46  INFO        [REVERSE NG] NMD - Power Plant 3: gen_qty=9216000 KWH, heat_rate=3862.56, free_steam=1.9700, consumed=86385.63 MMBTU (REVERSE)
00:57:46  INFO        [REVERSE NG] Found GT asset: NMD-Power Plant-2, plant: NMD - Power Plant 2, heat_rate: 4016.03, free_steam: 1.97
00:57:46  INFO        [REVERSE NG] NMD - Power Plant 2: gen_qty=8280000 KWH, heat_rate=4016.03, free_steam=1.9700, consumed=82651.39 MMBTU (REVERSE)
00:57:46  INFO        [REVERSE NG HRSG] Found HRSG: HRSG-2, supp_steam=30000.92 MT, free_steam=16311.60 MT, total_steam=46312.52 MT
00:57:46  INFO        [REVERSE NG HRSG] HRSG2_SHP STEAM: total_steam=46312.52 MT, norm=2.954424, consumed=136826.82 MMBTU (REVERSE, BPC method)
00:57:46  INFO        [REVERSE NG HRSG] Found HRSG: HRSG-3, supp_steam=28157.00 MT, free_steam=18155.52 MT, total_steam=46312.52 MT
00:57:46  INFO        [REVERSE NG HRSG] HRSG3_SHP STEAM: total_steam=46312.52 MT, norm=2.954424, consumed=136826.82 MMBTU (REVERSE, BPC method)
00:57:46  INFO      
00:57:46  INFO        ------------------------------------------------------------------------------------------
00:57:46  INFO        ITERATION 33
00:57:46  INFO        ------------------------------------------------------------------------------------------
00:57:46  INFO        Power:  Demand =    44409843.69 KWH  |  Gen =       26409.84 MWh  |  Surplus =     0.00  |  Deficit =     0.00
00:57:46  INFO        Steam:  Gen =       92625.04 MT  |  Surplus =     0.00  |  Deficit =     0.00
00:57:46  INFO        Power delta: 0.0335 MWh  |  Converged: NO
00:57:46  INFO      
00:57:46  INFO        Utility                                Total Demand      U4U Demand         Initial    Change %
00:57:46  INFO        -----------------------------------  --------------  --------------  --------------  ----------
00:57:46  INFO        Boiler Feed Water                         100905.18       100905.18            0.00     0.0000%
00:57:46  INFO        COMPRESSED AIR                           7098171.02      1014065.43      6084105.59    85.7137%
00:57:46  INFO        Cooling Water 1                            15194.00            0.00        15194.00   100.0000%
00:57:46  INFO        Cooling Water 2                            13098.38         4082.07         9016.31    68.8353%
00:57:46  INFO        D M Water                                 142565.46        86778.46        55787.00    39.1308%
00:57:46  INFO        HP Steam PRDS                               4972.00         4972.00            0.00     0.0000%
00:57:46  INFO        HP Steam_Dis                                4972.00            0.00         4972.00   100.0000%
00:57:46  INFO        HRSG2_SHP STEAM                            46312.52        46312.52            0.00     0.0000%
00:57:46  INFO        HRSG3_SHP STEAM                            46312.52        46312.52            0.00     0.0000%
00:57:46  INFO        LP Steam PRDS                              14352.27        14352.27            0.00     0.0000%
00:57:46  INFO        LP Steam_Dis                               39911.76        14631.25        25280.51    63.3410%
00:57:46  INFO        MP Steam PRDS SHP                          23191.41        23191.41            0.00     0.0000%
00:57:46  INFO        MP Steam_Dis                               25312.60        10764.20        14548.40    57.4749%
00:57:46  INFO        Nitrogen Gas                             5437630.00            0.00      5437630.00   100.0000% (PT)
00:57:46  INFO        Oxygen                                      5787.00            0.00         5787.00   100.0000%
00:57:46  INFO        POWERGEN                                26193767.42     26193767.42            0.00     0.0000%
00:57:46  INFO        Power_Dis                               44409843.69     15167776.49     29242067.20    65.8459%
00:57:46  INFO        SHP Steam_Dis                              92625.04        71650.04        20975.00    22.6451%
00:57:46  INFO        STG1_LP STEAM                              25559.49        25559.49            0.00     0.0000%
00:57:46  INFO        STG1_MP STEAM                               2121.20         2121.20            0.00     0.0000%
00:57:46  INFO        Water                                     748837.01       468465.21       280371.80    37.4410% (PT)
00:57:46  INFO      
00:57:46  INFO        U4U CONSUMPTION BREAKDOWN (per producer per material):
00:57:46  INFO        Producer                        Material Consumed                     Norm        Quantity  Credit
00:57:46  INFO        ------------------------------  ------------------------------  ----------  --------------  ------
00:57:46  INFO        Boiler Feed Water               CHEM CYCLO HEXY                   0.000100           10.09  
00:57:46  INFO        Boiler Feed Water               CHEM MORPHOLENE                   0.000002            0.20  
00:57:46  INFO        Boiler Feed Water               Cooling Water 2                   0.001070          107.97  
00:57:46  INFO        Boiler Feed Water               D M Water                         0.860000        86778.46  
00:57:46  INFO        Boiler Feed Water               KEM WATREAT B 70M                 0.000570           57.52  
00:57:46  INFO        Boiler Feed Water               LP Steam_Dis                      0.145000        14631.25  
00:57:46  INFO        Boiler Feed Water               Power_Dis                         9.500000       958599.25  
00:57:46  INFO        COMPRESSED AIR                  Cooling Water 2                   0.000025          177.45  
00:57:46  INFO        COMPRESSED AIR                  Power_Dis                         0.165000      1171198.22  
00:57:46  INFO        Cooling Water 1                 COMPRESSED AIR                    0.108592         1649.95  
00:57:46  INFO        Cooling Water 1                 Power_Dis                       244.999997      3722529.95  
00:57:46  INFO        Cooling Water 1                 SULPHURIC ACID                    0.000158            2.40  
00:57:46  INFO        Cooling Water 1                 Water                            11.050000       167893.70  
00:57:46  INFO        Cooling Water 2                 COMPRESSED AIR                    0.123044         1611.68  
00:57:46  INFO        Cooling Water 2                 Power_Dis                       249.999997      3274595.64  
00:57:46  INFO        Cooling Water 2                 SULPHURIC ACID                    0.000158            2.07  
00:57:46  INFO        Cooling Water 2                 Water                            11.500000       150631.40  
00:57:46  INFO        D M Water                       CAUSTIC SODA LYE – GRADE 1        0.000226           32.22  
00:57:46  INFO        D M Water                       CHEM  SODIUM SULPHITE;PN:MIS 1    0.000701           99.94  
00:57:46  INFO        D M Water                       CHEM ALUM.SULFATE, AL2(SO4)3,1    0.000757          107.92  
00:57:46  INFO        D M Water                       COMPRESSED AIR                    0.077000        10977.54  
00:57:46  INFO        D M Water                       HYDRO CHLORIC ACID (30%) -VIRG    0.000226           32.22  
00:57:46  INFO        D M Water                       POLYELECTROLYTE                   0.000578           82.40  
00:57:46  INFO        D M Water                       Power_Dis                         1.210000       172504.20  
00:57:46  INFO        D M Water                       Ret steam condensate              0.203000        28940.79  
00:57:46  INFO        D M Water                       SODIUM CHLORIDE IS 797 GRADE1     0.000010            1.43  
00:57:46  INFO        D M Water                       Water                             1.050000       149693.73  
00:57:46  INFO        HP Steam PRDS                   Boiler Feed Water                 0.076800          381.85  
00:57:46  INFO        HP Steam PRDS                   SHP Steam_Dis                     0.923200         4590.15  
00:57:46  INFO        HP Steam_Dis                    HP Steam PRDS                     1.000000         4972.00  
00:57:46  INFO        HRSG2_SHP STEAM                 Boiler Feed Water                 1.024000        47424.02  
00:57:46  INFO        HRSG2_SHP STEAM                 CHEM TRISODIUM PHOSPHATE          0.000900           41.68  
00:57:46  INFO        HRSG2_SHP STEAM                 COMPRESSED AIR                    9.853236       456328.19  
00:57:46  INFO        HRSG2_SHP STEAM                 FURNACE OIL ( MEDIUM VISCOSITY    0.000098            4.54  
00:57:46  INFO        HRSG2_SHP STEAM                 LP Steam_Dis                     -0.078000        -3612.38  YES
00:57:46  INFO        HRSG2_SHP STEAM                 NATURAL GAS                       2.954424       136826.82  
00:57:46  INFO        HRSG2_SHP STEAM                 Water                             0.002660          123.19  
00:57:46  INFO        HRSG3_SHP STEAM                 Boiler Feed Water                 1.024000        47424.02  
00:57:46  INFO        HRSG3_SHP STEAM                 CHEM TRISODIUM PHOSPHATE          0.000900           41.68  
00:57:46  INFO        HRSG3_SHP STEAM                 COMPRESSED AIR                    9.596520       444439.02  
00:57:46  INFO        HRSG3_SHP STEAM                 FURNACE OIL ( MEDIUM VISCOSITY    0.000098            4.54  
00:57:46  INFO        HRSG3_SHP STEAM                 LP Steam_Dis                     -0.078000        -3612.38  YES
00:57:46  INFO        HRSG3_SHP STEAM                 NATURAL GAS                       2.954424       136826.82  
00:57:46  INFO        HRSG3_SHP STEAM                 Water                             0.002660          123.19  
00:57:46  INFO        LP Steam PRDS                   Boiler Feed Water                 0.250000         3588.07  
00:57:46  INFO        LP Steam PRDS                   MP Steam_Dis                      0.750000        10764.20  
00:57:46  INFO        LP Steam_Dis                    LP Steam PRDS                     0.359600        14352.27  
00:57:46  INFO        LP Steam_Dis                    STG1_LP STEAM                     0.640400        25559.49  
00:57:46  INFO        MP Steam PRDS SHP               Boiler Feed Water                 0.090000         2087.23  
00:57:46  INFO        MP Steam PRDS SHP               SHP Steam_Dis                     0.910000        21104.18  
00:57:46  INFO        MP Steam_Dis                    MP Steam PRDS SHP                 0.916200        23191.41  
00:57:46  INFO        MP Steam_Dis                    STG1_MP STEAM                     0.083800         2121.20  
00:57:46  INFO        Oxygen                          Cooling Water 2                   0.261000         1510.41  
00:57:46  INFO        Oxygen                          Power_Dis                       968.650000      5605577.55  
00:57:46  INFO        POWERGEN                        COMPRESSED AIR                    0.004011        35753.41  
00:57:46  INFO        POWERGEN                        COMPRESSED AIR                    0.003420        31518.72  
00:57:46  INFO        POWERGEN                        COMPRESSED AIR                    0.003839        31786.92  
00:57:46  INFO        POWERGEN                        COMPRESSED AIR                    0.000000            0.00  
00:57:46  INFO        POWERGEN                        Cooling Water 2                   0.000232         2068.01  
00:57:46  INFO        POWERGEN                        Cooling Water 2                   0.000012          110.59  
00:57:46  INFO        POWERGEN                        Cooling Water 2                   0.000013          107.64  
00:57:46  INFO        POWERGEN                        Cooling Water 2                   0.000000            0.00  
00:57:46  INFO        POWERGEN                        NATURAL GAS                       0.009373        86385.63  
00:57:46  INFO        POWERGEN                        NATURAL GAS                       0.009982        82651.39  
00:57:46  INFO        POWERGEN                        NATURAL GAS                       0.009472            0.00  
00:57:46  INFO        POWERGEN                        Power_Dis                         0.002000        17827.68  
00:57:46  INFO        POWERGEN                        Power_Dis                         0.014000       129024.00  
00:57:46  INFO        POWERGEN                        Power_Dis                         0.014000       115920.00  
00:57:46  INFO        POWERGEN                        Power_Dis                         0.000000            0.00  
00:57:46  INFO        POWERGEN                        SHP Steam_Dis                     0.003615        32223.53  
00:57:46  INFO        Power_Dis                       POWERGEN                          0.186036      8261828.99  
00:57:46  INFO        Power_Dis                       POWERGEN                          0.196717      8736170.50  
00:57:46  INFO        Power_Dis                       POWERGEN                          0.207066      9195767.93  
00:57:46  INFO        Power_Dis                       Power from MEL                    0.410169     18000000.00  
00:57:46  INFO        SHP Steam_Dis                   HRSG2_SHP STEAM                   0.500000        46312.52  
00:57:46  INFO        SHP Steam_Dis                   HRSG3_SHP STEAM                   0.500000        46312.52  
00:57:46  INFO        STG1_LP STEAM                   SHP Steam_Dis                     0.480000        12268.56  
00:57:46  INFO        STG1_MP STEAM                   SHP Steam_Dis                     0.690000         1463.63  
00:57:46  INFO      
00:57:46  INFO        All U4U materials converged within tolerance
00:57:46  INFO        ------------------------------------------------------------------------------------------
00:57:47  INFO        [DISPATCH] Total demand: 44409.84 MWh, Import: 18000.00 MWh, Net for GT/STG: 26409.84 MWh
00:57:47  WARNING     [DISPATCH] No aux power norm for 'NMD-Power Plant-2'; using 0.0
00:57:47  WARNING     [DISPATCH] No aux power norm for 'NMD-Power Plant-3'; using 0.0
00:57:47  WARNING     [DISPATCH] No aux power norm for 'NMD-STG Power Plant'; using 0.0
00:57:47  INFO        ==============================================================================
00:57:47  INFO        POWER DISPATCH  (April 2025)
00:57:47  INFO        ==============================================================================
00:57:47  INFO        Demand:  Process = 44409.84 MWh  |  Fixed = 0.00 MWh  |  Total = 44409.84 MWh
00:57:47  INFO      
00:57:47  INFO        Asset                      Priority    Min MW    Max MW     Hours   Dispatched MW  Dispatched MWh    Load %  Free Steam MT  Aux Power MWh
00:57:47  INFO        -------------------------  --------  --------  --------  --------  --------------  --------------  --------  ------------  ------------
00:57:47  INFO        NMD-Power Plant-2                 1      5.00     11.50    720.00           11.50         8280.00    100.0%      16311.60          0.00
00:57:47  INFO        NMD-Power Plant-3                 1      5.00     12.80    720.00           12.80         9216.00    100.0%      18155.52          0.00
00:57:47  INFO        NMD-STG Power Plant               2      6.00     14.50    720.00           12.38         8913.84     85.4%          0.00          0.00
00:57:47  INFO        TOTAL                                                                                    26409.84                34467.12          0.00
00:57:47  INFO        DEFICIT: 18000.00 MWh under-generation
00:57:47  INFO        ==============================================================================
00:57:47  INFO        ==============================================================================
00:57:47  INFO        STEAM DISPATCH  (April 2025)
00:57:47  INFO        ==============================================================================
00:57:47  INFO        Grade      Process/Fixed MT  Letdown MT  Byproduct MT     Net Demand MT
00:57:47  INFO        ---------  ----------------  ----------  ------------  ----------------
00:57:47  INFO        MP                 25312.60    18984.45          0.00          25312.60
00:57:47  INFO        SHP                92625.04    85511.44          0.00          92625.04
00:57:47  INFO      
00:57:47  INFO        Total Free Steam available: 34467.12 MT
00:57:47  INFO      
00:57:47  INFO        FINAL SUPPLEMENTARY FIRING DISPATCH
00:57:47  INFO        Asset                      Priority     Min TPH     Max TPH     Hours  Dispatched TPH   Dispatched MT    Load %
00:57:47  INFO        -------------------------  --------  ----------  ----------  --------  --------------  --------------  --------
00:57:47  INFO        HRSG-1                          999       60.00      136.00      0.00            0.00            0.00      0.0%
00:57:47  INFO        HRSG-2                            1       37.34      113.34    720.00           41.67        30000.92     47.3%
00:57:47  INFO        HRSG-3                            1       34.78      110.78    720.00           39.11        28157.00     47.3%
00:57:47  INFO        TOTAL SUPPLEMENTARY                                                                          58157.92          
00:57:47  INFO        TOTAL STEAM GENERATED                                                                        92625.04          
00:57:47  INFO        SURPLUS: 0.00 MT
00:57:47  INFO        ==============================================================================
00:57:47  INFO        [REVERSE NG] Found GT asset: NMD-Power Plant-3, plant: NMD - Power Plant 3, heat_rate: 3862.56, free_steam: 1.97
00:57:47  INFO        [REVERSE NG] NMD - Power Plant 3: gen_qty=9216000 KWH, heat_rate=3862.56, free_steam=1.9700, consumed=86385.63 MMBTU (REVERSE)
00:57:47  INFO        [REVERSE NG] Found GT asset: NMD-Power Plant-2, plant: NMD - Power Plant 2, heat_rate: 4016.03, free_steam: 1.97
00:57:47  INFO        [REVERSE NG] NMD - Power Plant 2: gen_qty=8280000 KWH, heat_rate=4016.03, free_steam=1.9700, consumed=82651.39 MMBTU (REVERSE)
00:57:47  INFO        [REVERSE NG HRSG] Found HRSG: HRSG-2, supp_steam=30000.92 MT, free_steam=16311.60 MT, total_steam=46312.52 MT
00:57:47  INFO        [REVERSE NG HRSG] HRSG2_SHP STEAM: total_steam=46312.52 MT, norm=2.954424, consumed=136826.82 MMBTU (REVERSE, BPC method)
00:57:47  INFO        [REVERSE NG HRSG] Found HRSG: HRSG-3, supp_steam=28157.00 MT, free_steam=18155.52 MT, total_steam=46312.52 MT
00:57:47  INFO        [REVERSE NG HRSG] HRSG3_SHP STEAM: total_steam=46312.52 MT, norm=2.954424, consumed=136826.82 MMBTU (REVERSE, BPC method)
00:57:47  INFO      
00:57:47  INFO        ------------------------------------------------------------------------------------------
00:57:47  INFO        ITERATION 34
00:57:47  INFO        ------------------------------------------------------------------------------------------
00:57:47  INFO        Power:  Demand =    44409843.69 KWH  |  Gen =       26409.84 MWh  |  Surplus =     0.00  |  Deficit =     0.00
00:57:47  INFO        Steam:  Gen =       92625.04 MT  |  Surplus =     0.00  |  Deficit =     0.00
00:57:47  INFO        Power delta: 0.0024 MWh  |  Converged: YES
00:57:47  INFO      
00:57:47  INFO        Utility                                Total Demand      U4U Demand         Initial    Change %
00:57:47  INFO        -----------------------------------  --------------  --------------  --------------  ----------
00:57:47  INFO        Boiler Feed Water                         100905.18       100905.18            0.00     0.0000%
00:57:47  INFO        COMPRESSED AIR                           7098171.02      1014065.43      6084105.59    85.7137%
00:57:47  INFO        Cooling Water 1                            15194.00            0.00        15194.00   100.0000%
00:57:47  INFO        Cooling Water 2                            13098.38         4082.07         9016.31    68.8353%
00:57:47  INFO        D M Water                                 142565.46        86778.46        55787.00    39.1308%
00:57:47  INFO        HP Steam PRDS                               4972.00         4972.00            0.00     0.0000%
00:57:47  INFO        HP Steam_Dis                                4972.00            0.00         4972.00   100.0000%
00:57:47  INFO        HRSG2_SHP STEAM                            46312.52        46312.52            0.00     0.0000%
00:57:47  INFO        HRSG3_SHP STEAM                            46312.52        46312.52            0.00     0.0000%
00:57:47  INFO        LP Steam PRDS                              14352.27        14352.27            0.00     0.0000%
00:57:47  INFO        LP Steam_Dis                               39911.76        14631.25        25280.51    63.3410%
00:57:47  INFO        MP Steam PRDS SHP                          23191.41        23191.41            0.00     0.0000%
00:57:47  INFO        MP Steam_Dis                               25312.60        10764.20        14548.40    57.4749%
00:57:47  INFO        Nitrogen Gas                             5437630.00            0.00      5437630.00   100.0000% (PT)
00:57:47  INFO        Oxygen                                      5787.00            0.00         5787.00   100.0000%
00:57:47  INFO        POWERGEN                                26193767.42     26193767.42            0.00     0.0000%
00:57:47  INFO        Power_Dis                               44409843.69     15167776.50     29242067.20    65.8459%
00:57:47  INFO        SHP Steam_Dis                              92625.04        71650.04        20975.00    22.6451%
00:57:47  INFO        STG1_LP STEAM                              25559.49        25559.49            0.00     0.0000%
00:57:47  INFO        STG1_MP STEAM                               2121.20         2121.20            0.00     0.0000%
00:57:47  INFO        Water                                     748837.01       468465.21       280371.80    37.4410% (PT)
00:57:47  INFO      
00:57:47  INFO        U4U CONSUMPTION BREAKDOWN (per producer per material):
00:57:47  INFO        Producer                        Material Consumed                     Norm        Quantity  Credit
00:57:47  INFO        ------------------------------  ------------------------------  ----------  --------------  ------
00:57:47  INFO        Boiler Feed Water               CHEM CYCLO HEXY                   0.000100           10.09  
00:57:47  INFO        Boiler Feed Water               CHEM MORPHOLENE                   0.000002            0.20  
00:57:47  INFO        Boiler Feed Water               Cooling Water 2                   0.001070          107.97  
00:57:47  INFO        Boiler Feed Water               D M Water                         0.860000        86778.46  
00:57:47  INFO        Boiler Feed Water               KEM WATREAT B 70M                 0.000570           57.52  
00:57:47  INFO        Boiler Feed Water               LP Steam_Dis                      0.145000        14631.25  
00:57:47  INFO        Boiler Feed Water               Power_Dis                         9.500000       958599.25  
00:57:47  INFO        COMPRESSED AIR                  Cooling Water 2                   0.000025          177.45  
00:57:47  INFO        COMPRESSED AIR                  Power_Dis                         0.165000      1171198.22  
00:57:47  INFO        Cooling Water 1                 COMPRESSED AIR                    0.108592         1649.95  
00:57:47  INFO        Cooling Water 1                 Power_Dis                       244.999997      3722529.95  
00:57:47  INFO        Cooling Water 1                 SULPHURIC ACID                    0.000158            2.40  
00:57:47  INFO        Cooling Water 1                 Water                            11.050000       167893.70  
00:57:47  INFO        Cooling Water 2                 COMPRESSED AIR                    0.123044         1611.68  
00:57:47  INFO        Cooling Water 2                 Power_Dis                       249.999997      3274595.64  
00:57:47  INFO        Cooling Water 2                 SULPHURIC ACID                    0.000158            2.07  
00:57:47  INFO        Cooling Water 2                 Water                            11.500000       150631.40  
00:57:47  INFO        D M Water                       CAUSTIC SODA LYE – GRADE 1        0.000226           32.22  
00:57:47  INFO        D M Water                       CHEM  SODIUM SULPHITE;PN:MIS 1    0.000701           99.94  
00:57:47  INFO        D M Water                       CHEM ALUM.SULFATE, AL2(SO4)3,1    0.000757          107.92  
00:57:47  INFO        D M Water                       COMPRESSED AIR                    0.077000        10977.54  
00:57:47  INFO        D M Water                       HYDRO CHLORIC ACID (30%) -VIRG    0.000226           32.22  
00:57:47  INFO        D M Water                       POLYELECTROLYTE                   0.000578           82.40  
00:57:47  INFO        D M Water                       Power_Dis                         1.210000       172504.20  
00:57:47  INFO        D M Water                       Ret steam condensate              0.203000        28940.79  
00:57:47  INFO        D M Water                       SODIUM CHLORIDE IS 797 GRADE1     0.000010            1.43  
00:57:47  INFO        D M Water                       Water                             1.050000       149693.73  
00:57:47  INFO        HP Steam PRDS                   Boiler Feed Water                 0.076800          381.85  
00:57:47  INFO        HP Steam PRDS                   SHP Steam_Dis                     0.923200         4590.15  
00:57:47  INFO        HP Steam_Dis                    HP Steam PRDS                     1.000000         4972.00  
00:57:47  INFO        HRSG2_SHP STEAM                 Boiler Feed Water                 1.024000        47424.02  
00:57:47  INFO        HRSG2_SHP STEAM                 CHEM TRISODIUM PHOSPHATE          0.000900           41.68  
00:57:47  INFO        HRSG2_SHP STEAM                 COMPRESSED AIR                    9.853236       456328.19  
00:57:47  INFO        HRSG2_SHP STEAM                 FURNACE OIL ( MEDIUM VISCOSITY    0.000098            4.54  
00:57:47  INFO        HRSG2_SHP STEAM                 LP Steam_Dis                     -0.078000        -3612.38  YES
00:57:47  INFO        HRSG2_SHP STEAM                 NATURAL GAS                       2.954424       136826.82  
00:57:47  INFO        HRSG2_SHP STEAM                 Water                             0.002660          123.19  
00:57:47  INFO        HRSG3_SHP STEAM                 Boiler Feed Water                 1.024000        47424.02  
00:57:47  INFO        HRSG3_SHP STEAM                 CHEM TRISODIUM PHOSPHATE          0.000900           41.68  
00:57:47  INFO        HRSG3_SHP STEAM                 COMPRESSED AIR                    9.596520       444439.02  
00:57:47  INFO        HRSG3_SHP STEAM                 FURNACE OIL ( MEDIUM VISCOSITY    0.000098            4.54  
00:57:47  INFO        HRSG3_SHP STEAM                 LP Steam_Dis                     -0.078000        -3612.38  YES
00:57:47  INFO        HRSG3_SHP STEAM                 NATURAL GAS                       2.954424       136826.82  
00:57:47  INFO        HRSG3_SHP STEAM                 Water                             0.002660          123.19  
00:57:47  INFO        LP Steam PRDS                   Boiler Feed Water                 0.250000         3588.07  
00:57:47  INFO        LP Steam PRDS                   MP Steam_Dis                      0.750000        10764.20  
00:57:47  INFO        LP Steam_Dis                    LP Steam PRDS                     0.359600        14352.27  
00:57:47  INFO        LP Steam_Dis                    STG1_LP STEAM                     0.640400        25559.49  
00:57:47  INFO        MP Steam PRDS SHP               Boiler Feed Water                 0.090000         2087.23  
00:57:47  INFO        MP Steam PRDS SHP               SHP Steam_Dis                     0.910000        21104.18  
00:57:47  INFO        MP Steam_Dis                    MP Steam PRDS SHP                 0.916200        23191.41  
00:57:47  INFO        MP Steam_Dis                    STG1_MP STEAM                     0.083800         2121.20  
00:57:47  INFO        Oxygen                          Cooling Water 2                   0.261000         1510.41  
00:57:47  INFO        Oxygen                          Power_Dis                       968.650000      5605577.55  
00:57:47  INFO        POWERGEN                        COMPRESSED AIR                    0.004011        35753.41  
00:57:47  INFO        POWERGEN                        COMPRESSED AIR                    0.003420        31518.72  
00:57:47  INFO        POWERGEN                        COMPRESSED AIR                    0.003839        31786.92  
00:57:47  INFO        POWERGEN                        COMPRESSED AIR                    0.000000            0.00  
00:57:47  INFO        POWERGEN                        Cooling Water 2                   0.000232         2068.01  
00:57:47  INFO        POWERGEN                        Cooling Water 2                   0.000012          110.59  
00:57:47  INFO        POWERGEN                        Cooling Water 2                   0.000013          107.64  
00:57:47  INFO        POWERGEN                        Cooling Water 2                   0.000000            0.00  
00:57:47  INFO        POWERGEN                        NATURAL GAS                       0.009373        86385.63  
00:57:47  INFO        POWERGEN                        NATURAL GAS                       0.009982        82651.39  
00:57:47  INFO        POWERGEN                        NATURAL GAS                       0.009472            0.00  
00:57:47  INFO        POWERGEN                        Power_Dis                         0.002000        17827.68  
00:57:47  INFO        POWERGEN                        Power_Dis                         0.014000       129024.00  
00:57:47  INFO        POWERGEN                        Power_Dis                         0.014000       115920.00  
00:57:47  INFO        POWERGEN                        Power_Dis                         0.000000            0.00  
00:57:47  INFO        POWERGEN                        SHP Steam_Dis                     0.003615        32223.53  
00:57:47  INFO        Power_Dis                       POWERGEN                          0.186036      8261828.99  
00:57:47  INFO        Power_Dis                       POWERGEN                          0.196717      8736170.50  
00:57:47  INFO        Power_Dis                       POWERGEN                          0.207066      9195767.93  
00:57:47  INFO        Power_Dis                       Power from MEL                    0.410169     18000000.00  
00:57:47  INFO        SHP Steam_Dis                   HRSG2_SHP STEAM                   0.500000        46312.52  
00:57:47  INFO        SHP Steam_Dis                   HRSG3_SHP STEAM                   0.500000        46312.52  
00:57:47  INFO        STG1_LP STEAM                   SHP Steam_Dis                     0.480000        12268.56  
00:57:47  INFO        STG1_MP STEAM                   SHP Steam_Dis                     0.690000         1463.63  
00:57:47  INFO      
00:57:47  INFO        All U4U materials converged within tolerance
00:57:47  INFO        ------------------------------------------------------------------------------------------
00:57:47  INFO      
00:57:47  INFO        [U4U LOOP] === CONVERGED in 34 iterations ===
00:57:47  INFO      
00:57:47  INFO        ==========================================================================================
00:57:47  INFO        FINAL BALANCE  (after 34 iterations, CONVERGED)
00:57:47  INFO        ==========================================================================================
00:57:47  INFO      
00:57:47  INFO        POWER BALANCE
00:57:47  INFO        Process + Fixed Demand                  29242067.20 KWH
00:57:47  INFO        U4U Demand                              15167776.50 KWH
00:57:47  INFO        TOTAL DEMAND                            44409843.69 KWH
00:57:47  INFO        GT/STG Generation                          26409.84 MWh
00:57:47  INFO        Import Power                               18000.00 MWh
00:57:47  INFO        TOTAL SUPPLY                               44409.84 MWh
00:57:47  INFO        BALANCE                                       -0.00 MWh
00:57:47  INFO      
00:57:47  INFO        STEAM BALANCE
00:57:47  INFO        Grade            Demand (MT)        Gen (MT)    Surplus (MT)    Deficit (MT)
00:57:47  INFO        ------------  --------------  --------------  --------------  --------------
00:57:47  INFO        MP                  25312.60            0.00            0.00            0.00
00:57:47  INFO        SHP                 92625.04        92625.04            0.00            0.00
00:57:47  INFO      
00:57:47  INFO        U4U CONSUMPTION SUMMARY
00:57:47  INFO        Utility                              Initial Demand      U4U Demand    Total Demand
00:57:47  INFO        -----------------------------------  --------------  --------------  --------------
00:57:47  INFO        Boiler Feed Water                              0.00       100905.18       100905.18
00:57:47  INFO        COMPRESSED AIR                           6084105.59      1014065.43      7098171.02
00:57:47  INFO        Cooling Water 1                            15194.00            0.00        15194.00
00:57:47  INFO        Cooling Water 2                             9016.31         4082.07        13098.38
00:57:47  INFO        D M Water                                  55787.00        86778.46       142565.46
00:57:47  INFO        HP Steam PRDS                                  0.00         4972.00         4972.00
00:57:47  INFO        HP Steam_Dis                                4972.00            0.00         4972.00
00:57:47  INFO        HRSG2_SHP STEAM                                0.00        46312.52        46312.52
00:57:47  INFO        HRSG3_SHP STEAM                                0.00        46312.52        46312.52
00:57:47  INFO        LP Steam PRDS                                  0.00        14352.27        14352.27
00:57:47  INFO        LP Steam_Dis                               25280.51        14631.25        39911.76
00:57:47  INFO        MP Steam PRDS SHP                              0.00        23191.41        23191.41
00:57:47  INFO        MP Steam_Dis                               14548.40        10764.20        25312.60
00:57:47  INFO        Nitrogen Gas                             5437630.00            0.00      5437630.00 (PT)
00:57:47  INFO        Oxygen                                      5787.00            0.00         5787.00
00:57:47  INFO        POWERGEN                                       0.00     26193767.42     26193767.42
00:57:47  INFO        Power_Dis                               29242067.20     15167776.50     44409843.69
00:57:47  INFO        SHP Steam_Dis                              20975.00        71650.04        92625.04
00:57:47  INFO        STG1_LP STEAM                                  0.00        25559.49        25559.49
00:57:47  INFO        STG1_MP STEAM                                  0.00         2121.20         2121.20
00:57:47  INFO        Water                                     280371.80       468465.21       748837.01 (PT)
00:57:47  INFO      
00:57:47  INFO        PASS-THROUGH UTILITIES (demand but no norms configuration):
00:57:47  INFO          Nitrogen Gas                         demand = 5437630.00  (assumed external supply)
00:57:47  INFO          Water                                demand = 748837.01  (assumed external supply)
00:57:47  INFO        ==========================================================================================

  Iterations: 34  |  Converged: YES
  Pass-through utilities: Nitrogen Gas, Water

======================================================================
  DONE
======================================================================
