NMD Plant Run Log
Plant:     NMD CPP
Period:    4/2025
Generated: 2026-07-07 01:38:01
================================================================================


Fetching data for April 2025...
######################################################################
  NMD CPP  [23BCA1B3]  Period: 4/2025
######################################################################

======================================================================
  PLANT INFO
======================================================================
  plant_id:     23BCA1B3-56DD-4C15-A3D6-3C2C9A62E653
  name:         NMD-CPP
  display_name: NMD CPP
  short_code:   NMD

======================================================================
  POWER GENERATION ASSETS  (PowerGenerationAssets)
======================================================================
  4 asset(s):
  Asset                           Type      PlantCode   
  ------------------------------  --------  ------------
  NMD-Power Plant-1               GT        40NB        
  NMD-Power Plant-2               GT        40NC        
  NMD-Power Plant-3               GT        40ND        
  NMD-STG Power Plant             STG       40NE        

======================================================================
  ASSET SNAPSHOT  (April 2025)
======================================================================
  4 asset(s)
  Asset                         Type      Hours    MinMW    MaxMW   FixMin   FixMax   Prio   Avail
  ----------------------------  ------  -------  -------  -------  -------  -------  -----  ------
  NMD-Power Plant-1             -           0.0     1.00    21.90     1.00    22.00      1      No
  NMD-Power Plant-2             -         720.0     5.00    11.50     5.00    22.00      1     Yes
  NMD-Power Plant-3             -         720.0     5.00    12.80     5.00    22.00      1     Yes
  NMD-STG Power Plant           -         720.0     6.00    14.50     6.00    25.00      2     Yes

======================================================================
  GT HEAT RATE & FREE STEAM  (April 2025)
======================================================================
  GT Asset                  Curve    LoadMW    Hours    GrossMWh   HeatRate   FSFactor   FreeSteamMT  → HRSG    
  ------------------------  ------  -------  -------  ----------  ---------  ---------  ------------  ----------
  NMD-Power Plant-1         GT-1       0.00      0.0        0.00       0.00     0.0000          0.00  HRSG-1    
  NMD-Power Plant-2         GT-2      11.50    720.0     8280.00    4016.03     1.9700      16311.60  HRSG-2    
  NMD-Power Plant-3         GT-3      12.80    720.0     9216.00    3862.56     1.9700      18155.52  HRSG-3    
  ------------------------  ------  -------  -------  ----------  ---------  ---------  ------------  ----------
  TOTAL FREE STEAM                                                                          34467.12

  Free Steam (MT) = GrossMWh × FreeSteamFactor (from CPP_GTHeatRate at GT load)
  This free steam is transferred to the respective linked HRSG as SHP steam input.

======================================================================
  STEAM GENERATION ASSETS  (April 2025)
======================================================================
  7 asset(s):
  Asset                   Type    Steam     MinMT    MaxMT    Eff   Prio    Hours   AlwaysOn  LinkedGT        
  ----------------------  ------  ------  -------  -------  -----  -----  -------  ---------  ----------------
  HRSG-1                  HRSG    SHP        60.0    136.0   1.03      1      0.0         No  NMD-Power Plant-1
  HRSG-2                  HRSG    SHP        60.0    136.0   1.03      2    720.0         No  NMD-Power Plant-2
  HRSG-3                  HRSG    SHP        60.0    136.0   1.03      3    720.0         No  NMD-Power Plant-3
  STG                     STG     ALL         0.0  999999.0   1.00     10    720.0        Yes  -               
  HP Steam PRDS           PRDS    HP          0.0  999999.0   1.00     20    720.0        Yes  -               
  MP Steam PRDS           PRDS    MP          0.0  999999.0   1.00     21    720.0        Yes  -               
  LP Steam PRDS           PRDS    LP          0.0  999999.0   1.00     22    720.0        Yes  -               

======================================================================
  CONSOLIDATED DEMAND  (Process + Fixed)  (4/2025)
======================================================================
01:36:38  INFO        [CONSOLIDATED] 12 utilities (process + fixed) for 4/2025
  12 utility(ies)
  Utility                       UOM                Process             Fixed             Total
  ----------------------------  --------  ----------------  ----------------  ----------------
  COMPRESSED AIR                NM3             6051146.00          32959.59        6084105.59
  Cooling Water 1               KM3/MT OF E+P          15194.00              0.00          15194.00
  Cooling Water 2               KM3                9008.00              8.31           9016.31
  D M Water                     M3                55421.00            366.00          55787.00
  HP Steam_Dis                  MT/MT OF E+P           4972.00              0.00           4972.00
  LP Steam_Dis                  MT                20111.00           5169.51          25280.51
  MP Steam_Dis                  MT                14030.00            518.40          14548.40
  Nitrogen Gas                  NM3/MT OF E+P        5437630.00              0.00        5437630.00
  Oxygen                        TPH                5787.00              0.00           5787.00
  Power_Dis                     KWH            27636925.00        1605142.20       29242067.20
  SHP Steam_Dis                 TPH               20975.00              0.00          20975.00
  Water                         M3                23131.00         257240.80         280371.80
  ----------------------------  --------  ----------------  ----------------  ----------------
  GRAND TOTAL                                  39294330.00        1901404.81       41195734.81

  Note: Grand total mixes UOMs — for reference only.

======================================================================
  IMPORT POWER  (4/2025)
======================================================================
  Total Import Power: 18000.00 MWh  (0 sources)

======================================================================
  SUPPLY vs DEMAND ANALYSIS  (April 2025)
======================================================================
01:36:40  INFO        [CONSOLIDATED] 12 utilities (process + fixed) for 4/2025

  --- POWER BALANCE ---

  DEMAND                                     MWh
  ------------------------------  --------------
  Power (Process)                       27636.92
  Power (Fixed)                          1605.14
  Total Power Demand                    29242.07

  IMPORT POWER (reduces demand)     Cap MW     Hours             MWh
  ------------------------------  --------  --------  --------------
  MEL                                10.00     720.0         7200.00
  MSCB                               15.00     720.0        10800.00
  ------------------------------  --------  --------  --------------
  Total Import Power                                        18000.00

  Net Demand (after import)             11242.07

  SUPPLY (GT + STG Assets)          Max MW     Hours             MWh
  ------------------------------  --------  --------  --------------
  NMD-Power Plant-1                  21.90       0.0            0.00  [DOWN]
  NMD-Power Plant-2                  11.50     720.0         8280.00  [OK]
  NMD-Power Plant-3                  12.80     720.0         9216.00  [OK]
  NMD-STG Power Plant                14.50     720.0        10440.00  [OK]
  ------------------------------  --------  --------  --------------
  Total Power Supply                                        27936.00

  Power Balance (Supply - Net Demand)        16693.93 MWh  [SURPLUS]
  Supply / Net Demand                      248.5 %
  ** OK: Power supply can meet net demand with 16693.93 MWh surplus **


  --- STEAM BALANCE ---


  === SHP STEAM ===

  DEMAND                                      MT
  ------------------------------  --------------
  Total SHP Steam Demand                20975.00

  SUPPLY (Available Assets)         MaxMT/hr     Hours              MT
  ------------------------------  ----------  --------  --------------
  HRSG-1                               136.0       0.0            0.00  [DOWN]
  HRSG-2                               136.0     720.0        97920.00  [OK]
  HRSG-3                               136.0     720.0        97920.00  [OK]
  ------------------------------  ----------  --------  --------------
  Total SHP Steam Supply                                     195840.00

  SHP Steam Balance                    174865.00 MT  [SURPLUS]
  Supply / Demand                          933.7 %
  ** OK: SHP steam supply can meet demand with 174865.00 MT surplus **

  === HP STEAM ===

  DEMAND                                      MT
  ------------------------------  --------------
  Total HP Steam Demand                  4972.00

  SUPPLY (Available Assets)         MaxMT/hr     Hours              MT
  ------------------------------  ----------  --------  --------------
  HP Steam PRDS                     999999.0     720.0         4972.00  [ALWAYS]
  ------------------------------  ----------  --------  --------------
  Total HP Steam Supply                                        4972.00

  HP Steam Balance                          0.00 MT  [SURPLUS]
  Supply / Demand                          100.0 %
  ** OK: HP steam supply can meet demand with 0.00 MT surplus **

  === MP STEAM ===

  DEMAND                                      MT
  ------------------------------  --------------
  Total MP Steam Demand                 14548.40

  SUPPLY (Available Assets)         MaxMT/hr     Hours              MT
  ------------------------------  ----------  --------  --------------
  MP Steam PRDS                     999999.0     720.0        14548.40  [ALWAYS]
  ------------------------------  ----------  --------  --------------
  Total MP Steam Supply                                       14548.40

  MP Steam Balance                          0.00 MT  [SURPLUS]
  Supply / Demand                          100.0 %
  ** OK: MP steam supply can meet demand with 0.00 MT surplus **

  === LP STEAM ===

  DEMAND                                      MT
  ------------------------------  --------------
  Total LP Steam Demand                 25280.51

  SUPPLY (Available Assets)         MaxMT/hr     Hours              MT
  ------------------------------  ----------  --------  --------------
  LP Steam PRDS                     999999.0     720.0        25280.51  [ALWAYS]
  ------------------------------  ----------  --------  --------------
  Total LP Steam Supply                                       25280.51

  LP Steam Balance                          0.00 MT  [SURPLUS]
  Supply / Demand                          100.0 %
  ** OK: LP steam supply can meet demand with 0.00 MT surplus **

======================================================================
  GENERATION UTILITIES & U4U CONSUMPTION MATRIX  (April 2025)
======================================================================
  Producer Utilities (22): Boiler Feed Water, COMPRESSED AIR, Cooling Water 1, Cooling Water 2, D M Water, Effluent Treated, HP Steam PRDS, HP Steam_Dis, HRSG1_SHP STEAM, HRSG2_SHP STEAM, HRSG3_SHP STEAM, LP Steam PRDS, LP Steam_Dis, MP Steam PRDS SHP, MP Steam_Dis, Oxygen, POWERGEN, Power_Dis, SHP Steam_Dis, STG1_LP STEAM, STG1_MP STEAM, Treated Spent Caustic
  Consumer/U4U Utilities (20): Boiler Feed Water, COMPRESSED AIR, Cooling Water 2, D M Water, HP Steam PRDS, HRSG1_SHP STEAM, HRSG2_SHP STEAM, HRSG3_SHP STEAM, LP Steam PRDS, LP Steam_Dis, MP Steam PRDS SHP, MP Steam_Dis, POWERGEN, Power from MEL, Power_Dis, Ret steam condensate, SHP Steam_Dis, STG1_LP STEAM, STG1_MP STEAM, UREA,NITROGEN CONTENT 46%
  Total Unique Utilities: 25

  Plant                         Utility (Producer)      UOM         Generation  U4U Consumes                                      
  ----------------------------  ----------------------  ------  --------------  --------------------------------------------------
  NMD - Power Plant 1           POWERGEN                KWH               0.00  COMPRESSED AIR(0.0000); Cooling Water 2(0.0000)...
  NMD - Power Plant 2           POWERGEN                KWH         8280000.00  COMPRESSED AIR(0.0038); Cooling Water 2(0.0000)...
  NMD - Power Plant 3           POWERGEN                KWH         9216000.00  COMPRESSED AIR(0.0034); Cooling Water 2(0.0000)...
  NMD - STG Power Plant         POWERGEN                KWH         8650082.05  COMPRESSED AIR(0.0040); Cooling Water 2(0.0002)...
  NMD - Utility Plant           Boiler Feed Water       M3            94751.25  Cooling Water 2(0.0011); D M Water(0.8600); LP ...
  NMD - Utility Plant           COMPRESSED AIR          NM3         7098799.59  Cooling Water 2(0.0000); Power_Dis(0.1650)        
  NMD - Utility Plant           Cooling Water 1         KM3           15194.00  COMPRESSED AIR(0.1086); Power_Dis(245.0000)       
  NMD - Utility Plant           Cooling Water 2         KM3          287947.87  COMPRESSED AIR(0.1230); Power_Dis(250.0000)       
  NMD - Utility Plant           D M Water               M3           137273.07  COMPRESSED AIR(0.0770); Power_Dis(1.2100); Ret ...
  NMD - Utility Plant           Effluent Treated        M3                0.00  Power_Dis(3.5400); UREA,NITROGEN CONTENT 46%(0....
  NMD - Utility Plant           HP Steam PRDS           MT             4972.00  Boiler Feed Water(0.0768); SHP Steam_Dis(0.9232)  
  NMD - Utility Plant           HRSG1_SHP STEAM         MT                0.00  Boiler Feed Water(1.0240); COMPRESSED AIR(9.738...
  NMD - Utility Plant           HRSG2_SHP STEAM         MT            43727.51  Boiler Feed Water(1.0240); COMPRESSED AIR(9.853...
  NMD - Utility Plant           HRSG3_SHP STEAM         MT            43727.51  Boiler Feed Water(1.0240); COMPRESSED AIR(9.596...
  NMD - Utility Plant           LP Steam PRDS           MT            11594.72  Boiler Feed Water(0.2500); MP Steam_Dis(0.7500)   
  NMD - Utility Plant           MP Steam PRDS SHP       MT            21297.55  Boiler Feed Water(0.0900); SHP Steam_Dis(0.9100)  
  NMD - Utility Plant           Oxygen                  MT             5787.00  Cooling Water 2(0.2610); Power_Dis(968.6500)      
  NMD - Utility Plant           STG1_LP STEAM           MT            20646.72  SHP Steam_Dis(0.4800)                             
  NMD - Utility Plant           STG1_MP STEAM           MT             1946.89  SHP Steam_Dis(0.6900)                             
  NMD - Utility Plant           Treated Spent Caustic   M3                0.00  COMPRESSED AIR(0.0000); Cooling Water 2(0.0000)...
  NMD - Utility/Power Dist      HP Steam_Dis            MT             4972.00  HP Steam PRDS(1.0000)                             
  NMD - Utility/Power Dist      LP Steam_Dis            MT            32241.44  LP Steam PRDS(0.3596); STG1_LP STEAM(0.6404)      
  NMD - Utility/Power Dist      MP Steam_Dis            MT            23244.44  MP Steam PRDS SHP(0.9162); STG1_MP STEAM(0.0838)  
  NMD - Utility/Power Dist      Power_Dis               KWH        43884361.32  Power from MEL(0.4102); POWERGEN(0.0000); POWER...
  NMD - Utility/Power Dist      SHP Steam_Dis           MT            87455.02  HRSG1_SHP STEAM(0.0000); HRSG2_SHP STEAM(0.5000...

  --- U4U CONSUMPTION DETAILS ---

  Producer Utility        Consumes (Material)           Norm             Qty  UOM     Issuing Plant               
  ----------------------  ----------------------  ----------  --------------  ------  ----------------------------
  Boiler Feed Water       Cooling Water 2           0.001070          101.38  KM3     NMD - Utility Plant         
  Boiler Feed Water       D M Water                 0.860000        81486.07  M3      NMD - Utility Plant         
  Boiler Feed Water       LP Steam_Dis              0.145000        13738.93  MT      NMD - Utility/Power Dist    
  Boiler Feed Water       Power_Dis                 9.500000       900136.88  KWH     NMD - Utility/Power Dist    
  COMPRESSED AIR          Cooling Water 2           0.000025          177.47  KM3     NMD - Utility Plant         
  COMPRESSED AIR          Power_Dis                 0.165000      1171301.93  KWH     NMD - Utility/Power Dist    
  Cooling Water 1         COMPRESSED AIR            0.108592         1649.95  NM3     NMD - Utility Plant         
  Cooling Water 1         Power_Dis               244.999997      3722529.95  KWH     NMD - Utility/Power Dist    
  Cooling Water 2         COMPRESSED AIR            0.123044        35430.26  NM3     NMD - Utility Plant         
  Cooling Water 2         Power_Dis               249.999997     71986966.64  KWH     NMD - Utility/Power Dist    
  D M Water               COMPRESSED AIR            0.077000        10570.03  NM3     NMD - Utility Plant         
  D M Water               Power_Dis                 1.210000       166100.41  KWH     NMD - Utility/Power Dist    
  D M Water               Ret steam condensate      0.203000        27866.43  M3      NMD - STG Power Plant       
  Effluent Treated        Power_Dis                 3.540000            0.00  KWH     NMD - Utility/Power Dist    
  Effluent Treated        UREA,NITROGEN CONTENT 46%    0.000750            0.00  KG      NMD-Rev Proc                
  HP Steam PRDS           Boiler Feed Water         0.076800          381.85  M3      NMD - Utility Plant         
  HP Steam PRDS           SHP Steam_Dis             0.923200         4590.15  MT      NMD - Utility/Power Dist    
  HP Steam_Dis            HP Steam PRDS             1.000000         4972.00  MT      NMD - Utility Plant         
  HRSG1_SHP STEAM         Boiler Feed Water         1.024000            0.00  M3      NMD - Utility Plant         
  HRSG1_SHP STEAM         COMPRESSED AIR            9.738838            0.00  NM3     NMD - Utility Plant         
  HRSG1_SHP STEAM         LP Steam_Dis             -0.078000            0.00  MT      NMD - Utility/Power Dist    
  HRSG2_SHP STEAM         Boiler Feed Water         1.024000        44776.97  M3      NMD - Utility Plant         
  HRSG2_SHP STEAM         COMPRESSED AIR            9.853236       430857.48  NM3     NMD - Utility Plant         
  HRSG2_SHP STEAM         LP Steam_Dis             -0.078000        -3410.75  MT      NMD - Utility/Power Dist    
  HRSG3_SHP STEAM         Boiler Feed Water         1.024000        44776.97  M3      NMD - Utility Plant         
  HRSG3_SHP STEAM         COMPRESSED AIR            9.596520       419631.92  NM3     NMD - Utility Plant         
  HRSG3_SHP STEAM         LP Steam_Dis             -0.078000        -3410.75  MT      NMD - Utility/Power Dist    
  LP Steam PRDS           Boiler Feed Water         0.250000         2898.68  M3      NMD - Utility Plant         
  LP Steam PRDS           MP Steam_Dis              0.750000         8696.04  MT      NMD - Utility/Power Dist    
  LP Steam_Dis            LP Steam PRDS             0.359600        11594.02  MT      NMD - Utility Plant         
  LP Steam_Dis            STG1_LP STEAM             0.640400        20647.42  MT      NMD - Utility Plant         
  MP Steam PRDS SHP       Boiler Feed Water         0.090000         1916.78  M3      NMD - Utility Plant         
  MP Steam PRDS SHP       SHP Steam_Dis             0.910000        19380.77  MT      NMD - Utility/Power Dist    
  MP Steam_Dis            MP Steam PRDS SHP         0.916200        21296.56  MT      NMD - Utility Plant         
  MP Steam_Dis            STG1_MP STEAM             0.083800         1947.88  MT      NMD - Utility Plant         
  Oxygen                  Cooling Water 2           0.261000         1510.41  KM3     NMD - Utility Plant         
  Oxygen                  Power_Dis               968.650000      5605577.55  KWH     NMD - Utility/Power Dist    
  POWERGEN                COMPRESSED AIR            0.004011        34695.48  NM3     NMD - Utility Plant         
  POWERGEN                Cooling Water 2           0.000232         2006.82  KM3     NMD - Utility Plant         
  POWERGEN                Power_Dis                 0.002000        17300.16  KWH     NMD - Utility/Power Dist    
  POWERGEN                SHP Steam_Dis             0.003615        31271.02  MT      NMD - Utility/Power Dist    
  Power_Dis               POWERGEN                  0.196717      8632781.88  KWH     NMD - STG Power Plant       
  Power_Dis               Power from MEL            0.410169     18000000.00  KWH     NMD-Rev Proc                
  SHP Steam_Dis           HRSG1_SHP STEAM           0.000000            0.00  MT      NMD - Utility Plant         
  SHP Steam_Dis           HRSG2_SHP STEAM           0.500000        43727.51  MT      NMD - Utility Plant         
  SHP Steam_Dis           HRSG3_SHP STEAM           0.500000        43727.51  MT      NMD - Utility Plant         
  STG1_LP STEAM           SHP Steam_Dis             0.480000         9910.43  MT      NMD - Utility/Power Dist    
  STG1_MP STEAM           SHP Steam_Dis             0.690000         1343.35  MT      NMD - Utility/Power Dist    
  Treated Spent Caustic   COMPRESSED AIR            0.000000            8.00  NM3     NMD - Utility Plant         
  Treated Spent Caustic   Cooling Water 2           0.000000            0.00  KM3     NMD - Utility Plant         
  Treated Spent Caustic   MP Steam_Dis             17.040000            0.00  MT      NMD - Utility/Power Dist    
  Treated Spent Caustic   Power_Dis                 1.000000         4971.91  KWH     NMD - Utility/Power Dist    

  Note: Norm = consumption per unit generation. Qty = actual consumption for the month.
  U4U consumption adds to total demand for each consumed utility.

======================================================================
  CPPNORMS — U4U CONSUMPTION NORMS  (April 2025)
======================================================================
  Financial Year: 2025-26  |  Norm Column: Apr_Norms  |  Total Rows: 64

  Plant                         Generation Utility      UOM     U4U Material                    Norm  UOM     Issuing Plant               
  ----------------------------  ----------------------  ------  ----------------------  ------------  ------  ----------------------------
  NMD - Power Plant 1           POWERGEN                KWH     COMPRESSED AIR              0.000000  NM3     NMD - Utility Plant         
                                                                Cooling Water 2             0.000000  KM3     NMD - Utility Plant         
                                                                Power_Dis                   0.000000  KWH     NMD - Utility/Power Dist    
  NMD - Power Plant 2           POWERGEN                KWH     COMPRESSED AIR              0.003839  NM3     NMD - Utility Plant         
                                                                Cooling Water 2             0.000013  KM3     NMD - Utility Plant         
                                                                Power_Dis                   0.014000  KWH     NMD - Utility/Power Dist    
  NMD - Power Plant 3           POWERGEN                KWH     COMPRESSED AIR              0.003420  NM3     NMD - Utility Plant         
                                                                Cooling Water 2             0.000012  KM3     NMD - Utility Plant         
                                                                Power_Dis                   0.014000  KWH     NMD - Utility/Power Dist    
  NMD - STG Power Plant         POWERGEN                KWH     COMPRESSED AIR              0.004011  NM3     NMD - Utility Plant         
                                                                Cooling Water 2             0.000232  KM3     NMD - Utility Plant         
                                                                Power_Dis                   0.002000  KWH     NMD - Utility/Power Dist    
                                                                SHP Steam_Dis               0.003615  MT      NMD - Utility/Power Dist    
  NMD - Utility Plant           Boiler Feed Water       M3      Cooling Water 2             0.001070  KM3     NMD - Utility Plant         
                                                                D M Water                   0.860000  M3      NMD - Utility Plant         
                                                                LP Steam_Dis                0.145000  MT      NMD - Utility/Power Dist    
                                                                Power_Dis                   9.500000  KWH     NMD - Utility/Power Dist    
  NMD - Utility Plant           COMPRESSED AIR          NM3     Cooling Water 2             0.000025  KM3     NMD - Utility Plant         
                                                                Power_Dis                   0.165000  KWH     NMD - Utility/Power Dist    
  NMD - Utility Plant           Cooling Water 1         KM3     COMPRESSED AIR              0.108592  NM3     NMD - Utility Plant         
                                                                Power_Dis                 244.999997  KWH     NMD - Utility/Power Dist    
  NMD - Utility Plant           Cooling Water 2         KM3     COMPRESSED AIR              0.123044  NM3     NMD - Utility Plant         
                                                                Power_Dis                 249.999997  KWH     NMD - Utility/Power Dist    
  NMD - Utility Plant           D M Water               M3      COMPRESSED AIR              0.077000  NM3     NMD - Utility Plant         
                                                                Power_Dis                   1.210000  KWH     NMD - Utility/Power Dist    
                                                                Ret steam condensate        0.203000  M3      NMD - STG Power Plant       
  NMD - Utility Plant           Effluent Treated        M3      Power_Dis                   3.540000  KWH     NMD - Utility/Power Dist    
                                                                UREA,NITROGEN CONTENT 46%      0.000750  KG      NMD-Rev Proc                
  NMD - Utility Plant           HP Steam PRDS           MT      Boiler Feed Water           0.076800  M3      NMD - Utility Plant         
                                                                SHP Steam_Dis               0.923200  MT      NMD - Utility/Power Dist    
  NMD - Utility Plant           HRSG1_SHP STEAM         MT      Boiler Feed Water           1.024000  M3      NMD - Utility Plant         
                                                                COMPRESSED AIR              9.738838  NM3     NMD - Utility Plant         
                                                                LP Steam_Dis               -0.078000  MT      NMD - Utility/Power Dist    
  NMD - Utility Plant           HRSG2_SHP STEAM         MT      Boiler Feed Water           1.024000  M3      NMD - Utility Plant         
                                                                COMPRESSED AIR              9.853236  NM3     NMD - Utility Plant         
                                                                LP Steam_Dis               -0.078000  MT      NMD - Utility/Power Dist    
  NMD - Utility Plant           HRSG3_SHP STEAM         MT      Boiler Feed Water           1.024000  M3      NMD - Utility Plant         
                                                                COMPRESSED AIR              9.596520  NM3     NMD - Utility Plant         
                                                                LP Steam_Dis               -0.078000  MT      NMD - Utility/Power Dist    
  NMD - Utility Plant           LP Steam PRDS           MT      Boiler Feed Water           0.250000  M3      NMD - Utility Plant         
                                                                MP Steam_Dis                0.750000  MT      NMD - Utility/Power Dist    
  NMD - Utility Plant           MP Steam PRDS SHP       MT      Boiler Feed Water           0.090000  M3      NMD - Utility Plant         
                                                                SHP Steam_Dis               0.910000  MT      NMD - Utility/Power Dist    
  NMD - Utility Plant           Oxygen                  MT      Cooling Water 2             0.261000  KM3     NMD - Utility Plant         
                                                                Power_Dis                 968.650000  KWH     NMD - Utility/Power Dist    
  NMD - Utility Plant           STG1_LP STEAM           MT      SHP Steam_Dis               0.480000  MT      NMD - Utility/Power Dist    
  NMD - Utility Plant           STG1_MP STEAM           MT      SHP Steam_Dis               0.690000  MT      NMD - Utility/Power Dist    
  NMD - Utility Plant           Treated Spent Caustic   M3      COMPRESSED AIR              0.000000  NM3     NMD - Utility Plant         
                                                                Cooling Water 2             0.000000  KM3     NMD - Utility Plant         
                                                                MP Steam_Dis               17.040000  MT      NMD - Utility/Power Dist    
                                                                Power_Dis                   1.000000  KWH     NMD - Utility/Power Dist    
  NMD - Utility/Power Dist      HP Steam_Dis            MT      HP Steam PRDS               1.000000  MT      NMD - Utility Plant         
  NMD - Utility/Power Dist      LP Steam_Dis            MT      LP Steam PRDS               0.359600  MT      NMD - Utility Plant         
                                                                STG1_LP STEAM               0.640400  MT      NMD - Utility Plant         
  NMD - Utility/Power Dist      MP Steam_Dis            MT      MP Steam PRDS SHP           0.916200  MT      NMD - Utility Plant         
                                                                STG1_MP STEAM               0.083800  MT      NMD - Utility Plant         
  NMD - Utility/Power Dist      Power_Dis               KWH     Power from MEL              0.410169  KWH     NMD-Rev Proc                
                                                                POWERGEN                    0.000000  KWH     NMD - Power Plant 1         
                                                                POWERGEN                    0.186036  KWH     NMD - Power Plant 2         
                                                                POWERGEN                    0.207066  KWH     NMD - Power Plant 3         
                                                                POWERGEN                    0.196717  KWH     NMD - STG Power Plant       
  NMD - Utility/Power Dist      SHP Steam_Dis           MT      HRSG1_SHP STEAM             0.000000  MT      NMD - Utility Plant         
                                                                HRSG2_SHP STEAM             0.500000  MT      NMD - Utility Plant         
                                                                HRSG3_SHP STEAM             0.500000  MT      NMD - Utility Plant         

  Norm = U4U consumption per unit of generation utility.
  Consumption QTY = Norm × Generation QTY (from NormsMonthDetail).

======================================================================
  U4U ITERATIVE BALANCING
======================================================================
01:36:44  INFO        [NMD NormsReader] Loaded 118 rows for 4/2025 — 22 generation utilities, 34 U4U materials
01:36:45  INFO        [CONSOLIDATED] 12 utilities (process + fixed) for 4/2025
01:36:45  INFO        [U4U LOOP] Initial demands: 24 utilities (24 from demand, 22 from norms)
01:36:45  INFO        [U4U LOOP] Pass-through utilities (demand but no norms): Nitrogen Gas, Water
01:36:45  INFO      
01:36:45  INFO        ==========================================================================================
01:36:45  INFO        U4U ITERATION LOOP  (April 2025)
01:36:45  INFO        ==========================================================================================
01:36:45  INFO        Tolerance: 0.0100% (U4U)  |  0.02 MWh (power)  |  Max iterations: 50
01:36:45  INFO        Total utilities: 24  |  Generation utilities: 22  |  Pass-through: 2
01:36:45  INFO        Pass-through (no norms): Nitrogen Gas, Water
01:36:45  INFO      
01:36:46  INFO        [DISPATCH] Total demand: 29242.07 MWh, Import: 18000.00 MWh, Net for GT/STG: 11242.07 MWh
01:36:46  WARNING     [DISPATCH] No aux power norm for 'NMD-Power Plant-2'; using 0.0
01:36:46  WARNING     [DISPATCH] No aux power norm for 'NMD-Power Plant-3'; using 0.0
01:36:46  WARNING     [DISPATCH] No aux power norm for 'NMD-STG Power Plant'; using 0.0
01:36:46  INFO        ==============================================================================
01:36:46  INFO        POWER DISPATCH  (April 2025)
01:36:46  INFO        ==============================================================================
01:36:46  INFO        Demand:  Process = 29242.07 MWh  |  Fixed = 0.00 MWh  |  Total = 29242.07 MWh
01:36:46  INFO      
01:36:46  INFO        Asset                      Priority    Min MW    Max MW     Hours   Dispatched MW  Dispatched MWh    Load %  Free Steam MT  Aux Power MWh
01:36:46  INFO        -------------------------  --------  --------  --------  --------  --------------  --------------  --------  ------------  ------------
01:36:46  INFO        NMD-Power Plant-2                 1      5.00     11.50    720.00            5.00         3600.00     43.5%       7092.00          0.00
01:36:46  INFO        NMD-Power Plant-3                 1      5.00     12.80    720.00            5.00         3600.00     39.1%       7092.00          0.00
01:36:46  INFO        NMD-STG Power Plant               2      6.00     14.50    720.00            6.00         4320.00     41.4%          0.00          0.00
01:36:46  INFO        TOTAL                                                                                    11520.00                14184.00          0.00
01:36:46  INFO        DEFICIT: 17722.07 MWh under-generation
01:36:46  INFO        ==============================================================================
01:36:46  INFO        [STG EXTRACTION] STG Load: 6.00 MW, LP Extraction: 0.00 MT, MP Extraction: 0.00 MT
01:36:46  INFO        ==============================================================================
01:36:46  INFO        STEAM DISPATCH  (April 2025)
01:36:46  INFO        ==============================================================================
01:36:46  INFO        Grade      Process/Fixed MT  Letdown MT  Byproduct MT     Net Demand MT
01:36:46  INFO        ---------  ----------------  ----------  ------------  ----------------
01:36:46  INFO        MP                 14548.40    10911.30          0.00          14548.40
01:36:46  INFO        SHP                20975.00    29437.43          0.00          31886.30
01:36:46  INFO      
01:36:46  INFO        Total Free Steam available: 14184.00 MT
01:36:46  INFO      
01:36:46  INFO        FINAL SUPPLEMENTARY FIRING DISPATCH
01:36:46  INFO        Asset                      Priority     Min TPH     Max TPH     Hours  Dispatched TPH   Dispatched MT    Load %
01:36:46  INFO        -------------------------  --------  ----------  ----------  --------  --------------  --------------  --------
01:36:46  INFO        HRSG-1                          999       60.00      136.00      0.00            0.00            0.00      0.0%
01:36:46  INFO        HRSG-2                            1       50.15      126.15    720.00           50.15        36108.00     44.1%
01:36:46  INFO        HRSG-3                            1       50.15      126.15    720.00           50.15        36108.00     44.1%
01:36:46  INFO        TOTAL SUPPLEMENTARY                                                                          72216.00          
01:36:46  INFO        TOTAL STEAM GENERATED                                                                        86400.00          
01:36:46  INFO        SURPLUS: 54513.70 MT
01:36:46  INFO        ==============================================================================
01:36:46  INFO        [REVERSE NG] Found GT asset: NMD-Power Plant-3, plant: NMD - Power Plant 3, heat_rate: 5405.67, free_steam: 1.97
01:36:46  INFO        [REVERSE NG] NMD - Power Plant 3: gen_qty=3600000 KWH, heat_rate=5405.67, free_steam=1.9700, consumed=55774.46 MMBTU (REVERSE)
01:36:46  INFO        [REVERSE NG] Found GT asset: NMD-Power Plant-2, plant: NMD - Power Plant 2, heat_rate: 5405.67, free_steam: 1.97
01:36:46  INFO        [REVERSE NG] NMD - Power Plant 2: gen_qty=3600000 KWH, heat_rate=5405.67, free_steam=1.9700, consumed=55774.46 MMBTU (REVERSE)
01:36:46  INFO        [REVERSE NG HRSG] Found HRSG: HRSG-2, supp_steam=36108.00 MT, free_steam=7092.00 MT, total_steam=43200.00 MT
01:36:46  INFO        [REVERSE NG HRSG] HRSG2_SHP STEAM: total_steam=43200.00 MT, norm=2.954424, consumed=127631.12 MMBTU (REVERSE, BPC method)
01:36:46  INFO        [REVERSE NG HRSG] Found HRSG: HRSG-3, supp_steam=36108.00 MT, free_steam=7092.00 MT, total_steam=43200.00 MT
01:36:46  INFO        [REVERSE NG HRSG] HRSG3_SHP STEAM: total_steam=43200.00 MT, norm=2.954424, consumed=127631.12 MMBTU (REVERSE, BPC method)
01:36:46  INFO        [U4U LOOP] Excess SHP: 54513.70 MT → STG +15312.84 MWh, GT -15312.84 MWh
01:36:46  INFO      
01:36:46  INFO        ------------------------------------------------------------------------------------------
01:36:46  INFO        ITERATION 1
01:36:46  INFO        ------------------------------------------------------------------------------------------
01:36:46  INFO        Power:  Demand =    29242067.20 KWH  |  Gen =       11520.00 MWh  |  Surplus =   277.93  |  Deficit =     0.00
01:36:46  INFO        Steam:  Gen =       86400.00 MT  |  Surplus = 54513.70  |  Deficit =     0.00
01:36:46  INFO        Excess SHP:   54513.70 MT → STG override = 19632.84 MWh, GT reduction = 15312.84 MWh
01:36:46  INFO        Power delta: 29242067.2000 MWh  |  Converged: NO
01:36:46  INFO      
01:36:46  INFO        Utility                                Total Demand      U4U Demand         Initial    Change %
01:36:46  INFO        -----------------------------------  --------------  --------------  --------------  ----------
01:36:46  INFO        Boiler Feed Water                              0.00        88473.60            0.00     0.0000%
01:36:46  INFO        COMPRESSED AIR                           6084105.59       890744.33      6084105.59   100.0000%
01:36:46  INFO        Cooling Water 1                            15194.00            0.00        15194.00   100.0000%
01:36:46  INFO        Cooling Water 2                             9016.31         2754.75         9016.31   100.0000%
01:36:46  INFO        D M Water                                  55787.00            0.00        55787.00   100.0000%
01:36:46  INFO        HP Steam PRDS                                  0.00         4972.00            0.00     0.0000%
01:36:46  INFO        HP Steam_Dis                                4972.00            0.00         4972.00   100.0000%
01:36:46  INFO        HRSG2_SHP STEAM                                0.00        10487.50            0.00     0.0000%
01:36:46  INFO        HRSG3_SHP STEAM                                0.00        10487.50            0.00     0.0000%
01:36:46  INFO        LP Steam PRDS                                  0.00         9090.87            0.00     0.0000%
01:36:46  INFO        LP Steam_Dis                               25280.51            0.00        25280.51   100.0000%
01:36:46  INFO        MP Steam PRDS SHP                              0.00        13329.24            0.00     0.0000%
01:36:46  INFO        MP Steam_Dis                               14548.40            0.00        14548.40   100.0000%
01:36:46  INFO        Nitrogen Gas                             5437630.00            0.00      5437630.00   100.0000% (PT)
01:36:46  INFO        Oxygen                                      5787.00            0.00         5787.00   100.0000%
01:36:46  INFO        POWERGEN                                       0.00     17411456.88            0.00     0.0000%
01:36:46  INFO        Power_Dis                               29242067.20     12763004.67     29242067.20   100.0000%
01:36:46  INFO        SHP Steam_Dis                              20975.00        15616.80        20975.00   100.0000%
01:36:46  INFO        STG1_LP STEAM                                  0.00        16189.64            0.00     0.0000%
01:36:46  INFO        STG1_MP STEAM                                  0.00         1219.16            0.00     0.0000%
01:36:46  INFO        Water                                     280371.80       330387.44       280371.80   100.0000% (PT)
01:36:46  INFO      
01:36:46  INFO        U4U CONSUMPTION BREAKDOWN (per producer per material):
01:36:46  INFO        Producer                        Material Consumed                     Norm        Quantity  Credit
01:36:46  INFO        ------------------------------  ------------------------------  ----------  --------------  ------
01:36:46  INFO        COMPRESSED AIR                  Cooling Water 2                   0.000025          152.10  
01:36:46  INFO        COMPRESSED AIR                  Power_Dis                         0.165000      1003877.42  
01:36:46  INFO        Cooling Water 1                 COMPRESSED AIR                    0.108592         1649.95  
01:36:46  INFO        Cooling Water 1                 Power_Dis                       244.999997      3722529.95  
01:36:46  INFO        Cooling Water 1                 SULPHURIC ACID                    0.000158            2.40  
01:36:46  INFO        Cooling Water 1                 Water                            11.050000       167893.70  
01:36:46  INFO        Cooling Water 2                 COMPRESSED AIR                    0.123044         1109.40  
01:36:46  INFO        Cooling Water 2                 Power_Dis                       249.999997      2254077.47  
01:36:46  INFO        Cooling Water 2                 SULPHURIC ACID                    0.000158            1.42  
01:36:46  INFO        Cooling Water 2                 Water                            11.500000       103687.56  
01:36:46  INFO        D M Water                       CAUSTIC SODA LYE – GRADE 1        0.000226           12.61  
01:36:46  INFO        D M Water                       CHEM  SODIUM SULPHITE;PN:MIS 1    0.000701           39.11  
01:36:46  INFO        D M Water                       CHEM ALUM.SULFATE, AL2(SO4)3,1    0.000757           42.23  
01:36:46  INFO        D M Water                       COMPRESSED AIR                    0.077000         4295.60  
01:36:46  INFO        D M Water                       HYDRO CHLORIC ACID (30%) -VIRG    0.000226           12.61  
01:36:46  INFO        D M Water                       POLYELECTROLYTE                   0.000578           32.24  
01:36:46  INFO        D M Water                       Power_Dis                         1.210000        67502.27  
01:36:46  INFO        D M Water                       Ret steam condensate              0.203000        11324.76  
01:36:46  INFO        D M Water                       SODIUM CHLORIDE IS 797 GRADE1     0.000010            0.56  
01:36:46  INFO        D M Water                       Water                             1.050000        58576.35  
01:36:46  INFO        HP Steam_Dis                    HP Steam PRDS                     1.000000         4972.00  
01:36:46  INFO        HRSG2_SHP STEAM                 Boiler Feed Water                 1.024000        44236.80  
01:36:46  INFO        HRSG2_SHP STEAM                 CHEM TRISODIUM PHOSPHATE          0.000900           38.88  
01:36:46  INFO        HRSG2_SHP STEAM                 COMPRESSED AIR                    9.853236       425659.80  
01:36:46  INFO        HRSG2_SHP STEAM                 FURNACE OIL ( MEDIUM VISCOSITY    0.000098            4.23  
01:36:46  INFO        HRSG2_SHP STEAM                 LP Steam_Dis                     -0.078000        -3369.60  YES
01:36:46  INFO        HRSG2_SHP STEAM                 NATURAL GAS                       2.954424       127631.12  
01:36:46  INFO        HRSG2_SHP STEAM                 Water                             0.002660          114.91  
01:36:46  INFO        HRSG3_SHP STEAM                 Boiler Feed Water                 1.024000        44236.80  
01:36:46  INFO        HRSG3_SHP STEAM                 CHEM TRISODIUM PHOSPHATE          0.000900           38.88  
01:36:46  INFO        HRSG3_SHP STEAM                 COMPRESSED AIR                    9.596520       414569.66  
01:36:46  INFO        HRSG3_SHP STEAM                 FURNACE OIL ( MEDIUM VISCOSITY    0.000098            4.23  
01:36:46  INFO        HRSG3_SHP STEAM                 LP Steam_Dis                     -0.078000        -3369.60  YES
01:36:46  INFO        HRSG3_SHP STEAM                 NATURAL GAS                       2.954424       127631.12  
01:36:46  INFO        HRSG3_SHP STEAM                 Water                             0.002660          114.91  
01:36:46  INFO        LP Steam_Dis                    LP Steam PRDS                     0.359600         9090.87  
01:36:46  INFO        LP Steam_Dis                    STG1_LP STEAM                     0.640400        16189.64  
01:36:46  INFO        MP Steam_Dis                    MP Steam PRDS SHP                 0.916200        13329.24  
01:36:46  INFO        MP Steam_Dis                    STG1_MP STEAM                     0.083800         1219.16  
01:36:46  INFO        Oxygen                          Cooling Water 2                   0.261000         1510.41  
01:36:46  INFO        Oxygen                          Power_Dis                       968.650000      5605577.55  
01:36:46  INFO        POWERGEN                        COMPRESSED AIR                    0.004011        17327.52  
01:36:46  INFO        POWERGEN                        COMPRESSED AIR                    0.003420        12312.00  
01:36:46  INFO        POWERGEN                        COMPRESSED AIR                    0.003839        13820.40  
01:36:46  INFO        POWERGEN                        COMPRESSED AIR                    0.000000            0.00  
01:36:46  INFO        POWERGEN                        Cooling Water 2                   0.000232         1002.24  
01:36:46  INFO        POWERGEN                        Cooling Water 2                   0.000012           43.20  
01:36:46  INFO        POWERGEN                        Cooling Water 2                   0.000013           46.80  
01:36:46  INFO        POWERGEN                        Cooling Water 2                   0.000000            0.00  
01:36:46  INFO        POWERGEN                        NATURAL GAS                       0.009373        55774.46  
01:36:46  INFO        POWERGEN                        NATURAL GAS                       0.009982        55774.46  
01:36:46  INFO        POWERGEN                        NATURAL GAS                       0.009472            0.00  
01:36:46  INFO        POWERGEN                        Power_Dis                         0.002000         8640.00  
01:36:46  INFO        POWERGEN                        Power_Dis                         0.014000        50400.00  
01:36:46  INFO        POWERGEN                        Power_Dis                         0.014000        50400.00  
01:36:46  INFO        POWERGEN                        Power_Dis                         0.000000            0.00  
01:36:46  INFO        POWERGEN                        SHP Steam_Dis                     0.003615        15616.80  
01:36:46  INFO        Power_Dis                       POWERGEN                          0.186036      5491782.72  
01:36:46  INFO        Power_Dis                       POWERGEN                          0.196717      5807085.84  
01:36:46  INFO        Power_Dis                       POWERGEN                          0.207066      6112588.32  
01:36:46  INFO        Power_Dis                       Power from MEL                    0.410169     18000000.00  
01:36:46  INFO        SHP Steam_Dis                   HRSG2_SHP STEAM                   0.500000        10487.50  
01:36:46  INFO        SHP Steam_Dis                   HRSG3_SHP STEAM                   0.500000        10487.50  
01:36:46  INFO      
01:36:46  INFO        Not yet converged: 26 materials
01:36:46  INFO          Boiler Feed Water               change = 100.0000%
01:36:46  INFO          CAUSTIC SODA LYE – GRADE 1      change = 100.0000%
01:36:46  INFO          CHEM  SODIUM SULPHITE;PN:MIS 19OX  change = 100.0000%
01:36:46  INFO          CHEM ALUM.SULFATE, AL2(SO4)3,18H2O  change = 100.0000%
01:36:46  INFO          CHEM TRISODIUM PHOSPHATE        change = 100.0000%
01:36:46  INFO          COMPRESSED AIR                  change = 100.0000%
01:36:46  INFO          Cooling Water 2                 change = 100.0000%
01:36:46  INFO          FURNACE OIL ( MEDIUM VISCOSITY GRADE )  change = 100.0000%
01:36:46  INFO          HP Steam PRDS                   change = 100.0000%
01:36:46  INFO          HRSG2_SHP STEAM                 change = 100.0000%
01:36:46  INFO          HRSG3_SHP STEAM                 change = 100.0000%
01:36:46  INFO          HYDRO CHLORIC ACID (30%) -VIRGIN  change = 100.0000%
01:36:46  INFO          LP Steam PRDS                   change = 100.0000%
01:36:46  INFO          MP Steam PRDS SHP               change = 100.0000%
01:36:46  INFO          NATURAL GAS                     change = 100.0000%
01:36:46  INFO          POLYELECTROLYTE                 change = 100.0000%
01:36:46  INFO          POWERGEN                        change = 100.0000%
01:36:46  INFO          Power from MEL                  change = 100.0000%
01:36:46  INFO          Power_Dis                       change = 100.0000%
01:36:46  INFO          Ret steam condensate            change = 100.0000%
01:36:46  INFO          SHP Steam_Dis                   change = 100.0000%
01:36:46  INFO          SODIUM CHLORIDE IS 797 GRADE1   change = 100.0000%
01:36:46  INFO          STG1_LP STEAM                   change = 100.0000%
01:36:46  INFO          STG1_MP STEAM                   change = 100.0000%
01:36:46  INFO          SULPHURIC ACID                  change = 100.0000%
01:36:46  INFO          Water                           change = 100.0000%
01:36:46  INFO        ------------------------------------------------------------------------------------------
01:36:48  INFO        [DISPATCH] Total demand: 42005.07 MWh, Import: 18000.00 MWh, Net for GT/STG: 24005.07 MWh
01:36:48  WARNING     [DISPATCH] No aux power norm for 'NMD-Power Plant-2'; using 0.0
01:36:48  WARNING     [DISPATCH] No aux power norm for 'NMD-Power Plant-3'; using 0.0
01:36:48  WARNING     [DISPATCH] No aux power norm for 'NMD-STG Power Plant'; using 0.0
01:36:48  INFO        ==============================================================================
01:36:48  INFO        POWER DISPATCH  (April 2025)
01:36:48  INFO        ==============================================================================
01:36:48  INFO        Demand:  Process = 42005.07 MWh  |  Fixed = 0.00 MWh  |  Total = 42005.07 MWh
01:36:48  INFO      
01:36:48  INFO        Asset                      Priority    Min MW    Max MW     Hours   Dispatched MW  Dispatched MWh    Load %  Free Steam MT  Aux Power MWh
01:36:48  INFO        -------------------------  --------  --------  --------  --------  --------------  --------------  --------  ------------  ------------
01:36:48  INFO        NMD-Power Plant-2                 1      5.00      5.00    720.00            5.00         3600.00    100.0%       7092.00          0.00
01:36:48  INFO        NMD-Power Plant-3                 1      5.00      5.00    720.00            5.00         3600.00    100.0%       7092.00          0.00
01:36:48  INFO        NMD-STG Power Plant               2      6.00     14.50    720.00           14.50        10440.00    100.0%          0.00          0.00
01:36:48  INFO        TOTAL                                                                                    17640.00                14184.00          0.00
01:36:48  INFO        DEFICIT: 24365.07 MWh under-generation
01:36:48  INFO        ==============================================================================
01:36:48  INFO        [STG EXTRACTION] STG Load: 14.50 MW, LP Extraction: 21600.00 MT, MP Extraction: 4320.00 MT
01:36:48  INFO        ==============================================================================
01:36:48  INFO        STEAM DISPATCH  (April 2025)
01:36:48  INFO        ==============================================================================
01:36:48  INFO        Grade      Process/Fixed MT  Letdown MT  Byproduct MT     Net Demand MT
01:36:48  INFO        ---------  ----------------  ----------  ------------  ----------------
01:36:48  INFO        MP                 14548.40     7671.30          0.00          10228.40
01:36:48  INFO        SHP                36591.80    40863.69          0.00          44263.10
01:36:48  INFO      
01:36:48  INFO        Total Free Steam available: 14184.00 MT
01:36:48  INFO      
01:36:48  INFO        FINAL SUPPLEMENTARY FIRING DISPATCH
01:36:48  INFO        Asset                      Priority     Min TPH     Max TPH     Hours  Dispatched TPH   Dispatched MT    Load %
01:36:48  INFO        -------------------------  --------  ----------  ----------  --------  --------------  --------------  --------
01:36:48  INFO        HRSG-1                          999       60.00      136.00      0.00            0.00            0.00      0.0%
01:36:48  INFO        HRSG-2                            1       50.15      126.15    720.00           50.15        36108.00     44.1%
01:36:48  INFO        HRSG-3                            1       50.15      126.15    720.00           50.15        36108.00     44.1%
01:36:48  INFO        TOTAL SUPPLEMENTARY                                                                          72216.00          
01:36:48  INFO        TOTAL STEAM GENERATED                                                                        86400.00          
01:36:48  INFO        SURPLUS: 42136.90 MT
01:36:48  INFO        ==============================================================================
01:36:48  INFO        [REVERSE NG] Found GT asset: NMD-Power Plant-3, plant: NMD - Power Plant 3, heat_rate: 5405.67, free_steam: 1.97
01:36:48  INFO        [REVERSE NG] NMD - Power Plant 3: gen_qty=3600000 KWH, heat_rate=5405.67, free_steam=1.9700, consumed=55774.46 MMBTU (REVERSE)
01:36:48  INFO        [REVERSE NG] Found GT asset: NMD-Power Plant-2, plant: NMD - Power Plant 2, heat_rate: 5405.67, free_steam: 1.97
01:36:48  INFO        [REVERSE NG] NMD - Power Plant 2: gen_qty=3600000 KWH, heat_rate=5405.67, free_steam=1.9700, consumed=55774.46 MMBTU (REVERSE)
01:36:48  INFO        [REVERSE NG HRSG] Found HRSG: HRSG-2, supp_steam=36108.00 MT, free_steam=7092.00 MT, total_steam=43200.00 MT
01:36:48  INFO        [REVERSE NG HRSG] HRSG2_SHP STEAM: total_steam=43200.00 MT, norm=2.954424, consumed=127631.12 MMBTU (REVERSE, BPC method)
01:36:48  INFO        [REVERSE NG HRSG] Found HRSG: HRSG-3, supp_steam=36108.00 MT, free_steam=7092.00 MT, total_steam=43200.00 MT
01:36:48  INFO        [REVERSE NG HRSG] HRSG3_SHP STEAM: total_steam=43200.00 MT, norm=2.954424, consumed=127631.12 MMBTU (REVERSE, BPC method)
01:36:48  INFO        [U4U LOOP] Excess SHP: 42136.90 MT → STG +11836.21 MWh, GT reduction skipped (power deficit: 6365.07 MWh)
01:36:48  INFO      
01:36:48  INFO        ------------------------------------------------------------------------------------------
01:36:48  INFO        ITERATION 2
01:36:48  INFO        ------------------------------------------------------------------------------------------
01:36:48  INFO        Power:  Demand =    42005071.87 KWH  |  Gen =       17640.00 MWh  |  Surplus =     0.00  |  Deficit =  6365.07
01:36:48  INFO        Steam:  Gen =       86400.00 MT  |  Surplus = 42136.90  |  Deficit =     0.00
01:36:48  INFO        Excess SHP:   42136.90 MT → STG override = 22276.21 MWh, GT reduction = 4593.85 MWh
01:36:48  INFO        Power delta: 12763004.6697 MWh  |  Converged: NO
01:36:48  INFO      
01:36:48  INFO        Utility                                Total Demand      U4U Demand         Initial    Change %
01:36:48  INFO        -----------------------------------  --------------  --------------  --------------  ----------
01:36:48  INFO        Boiler Feed Water                          88473.60        92327.80            0.00   100.0000%
01:36:48  INFO        COMPRESSED AIR                           6974849.92       915630.60      6084105.59   100.0000%
01:36:48  INFO        Cooling Water 1                            15194.00            0.00        15194.00   100.0000%
01:36:48  INFO        Cooling Water 2                            11771.06         4291.52         9016.31   100.0000%
01:36:48  INFO        D M Water                                  55787.00        76087.30        55787.00   100.0000%
01:36:48  INFO        HP Steam PRDS                               4972.00         4972.00            0.00   100.0000%
01:36:48  INFO        HP Steam_Dis                                4972.00            0.00         4972.00   100.0000%
01:36:48  INFO        HRSG2_SHP STEAM                            10487.50        18295.90            0.00   100.0000%
01:36:48  INFO        HRSG3_SHP STEAM                            10487.50        18295.90            0.00   100.0000%
01:36:48  INFO        LP Steam PRDS                               9090.87         9090.87            0.00   100.0000%
01:36:48  INFO        LP Steam_Dis                               25280.51        12828.67        25280.51   100.0000%
01:36:48  INFO        MP Steam PRDS SHP                          13329.24        13329.24            0.00   100.0000%
01:36:48  INFO        MP Steam_Dis                               14548.40         6818.15        14548.40   100.0000%
01:36:48  INFO        Nitrogen Gas                             5437630.00            0.00      5437630.00   100.0000% (PT)
01:36:48  INFO        Oxygen                                      5787.00            0.00         5787.00   100.0000%
01:36:48  INFO        POWERGEN                                17411456.88     21021149.16            0.00   100.0000%
01:36:48  INFO        Power_Dis                               42005071.87     14451404.09     29242067.20   100.0000%
01:36:48  INFO        SHP Steam_Dis                              36591.80        63072.61        20975.00   100.0000%
01:36:48  INFO        STG1_LP STEAM                              16189.64        16189.64            0.00   100.0000%
01:36:48  INFO        STG1_MP STEAM                               1219.16         1219.16            0.00   100.0000%
01:36:48  INFO        Water                                     610759.24       362067.06       280371.80   100.0000% (PT)
01:36:48  INFO      
01:36:48  INFO        U4U CONSUMPTION BREAKDOWN (per producer per material):
01:36:48  INFO        Producer                        Material Consumed                     Norm        Quantity  Credit
01:36:48  INFO        ------------------------------  ------------------------------  ----------  --------------  ------
01:36:48  INFO        Boiler Feed Water               CHEM CYCLO HEXY                   0.000100            8.85  
01:36:48  INFO        Boiler Feed Water               CHEM MORPHOLENE                   0.000002            0.18  
01:36:48  INFO        Boiler Feed Water               Cooling Water 2                   0.001070           94.67  
01:36:48  INFO        Boiler Feed Water               D M Water                         0.860000        76087.30  
01:36:48  INFO        Boiler Feed Water               KEM WATREAT B 70M                 0.000570           50.43  
01:36:48  INFO        Boiler Feed Water               LP Steam_Dis                      0.145000        12828.67  
01:36:48  INFO        Boiler Feed Water               Power_Dis                         9.500000       840499.20  
01:36:48  INFO        COMPRESSED AIR                  Cooling Water 2                   0.000025          174.37  
01:36:48  INFO        COMPRESSED AIR                  Power_Dis                         0.165000      1150850.24  
01:36:48  INFO        Cooling Water 1                 COMPRESSED AIR                    0.108592         1649.95  
01:36:48  INFO        Cooling Water 1                 Power_Dis                       244.999997      3722529.95  
01:36:48  INFO        Cooling Water 1                 SULPHURIC ACID                    0.000158            2.40  
01:36:48  INFO        Cooling Water 1                 Water                            11.050000       167893.70  
01:36:48  INFO        Cooling Water 2                 COMPRESSED AIR                    0.123044         1448.36  
01:36:48  INFO        Cooling Water 2                 Power_Dis                       249.999997      2942764.87  
01:36:48  INFO        Cooling Water 2                 SULPHURIC ACID                    0.000158            1.86  
01:36:48  INFO        Cooling Water 2                 Water                            11.500000       135367.19  
01:36:48  INFO        D M Water                       CAUSTIC SODA LYE – GRADE 1        0.000226           12.61  
01:36:48  INFO        D M Water                       CHEM  SODIUM SULPHITE;PN:MIS 1    0.000701           39.11  
01:36:48  INFO        D M Water                       CHEM ALUM.SULFATE, AL2(SO4)3,1    0.000757           42.23  
01:36:48  INFO        D M Water                       COMPRESSED AIR                    0.077000         4295.60  
01:36:48  INFO        D M Water                       HYDRO CHLORIC ACID (30%) -VIRG    0.000226           12.61  
01:36:48  INFO        D M Water                       POLYELECTROLYTE                   0.000578           32.24  
01:36:48  INFO        D M Water                       Power_Dis                         1.210000        67502.27  
01:36:48  INFO        D M Water                       Ret steam condensate              0.203000        11324.76  
01:36:48  INFO        D M Water                       SODIUM CHLORIDE IS 797 GRADE1     0.000010            0.56  
01:36:48  INFO        D M Water                       Water                             1.050000        58576.35  
01:36:48  INFO        HP Steam PRDS                   Boiler Feed Water                 0.076800          381.85  
01:36:48  INFO        HP Steam PRDS                   SHP Steam_Dis                     0.923200         4590.15  
01:36:48  INFO        HP Steam_Dis                    HP Steam PRDS                     1.000000         4972.00  
01:36:48  INFO        HRSG2_SHP STEAM                 Boiler Feed Water                 1.024000        44236.80  
01:36:48  INFO        HRSG2_SHP STEAM                 CHEM TRISODIUM PHOSPHATE          0.000900           38.88  
01:36:48  INFO        HRSG2_SHP STEAM                 COMPRESSED AIR                    9.853236       425659.80  
01:36:48  INFO        HRSG2_SHP STEAM                 FURNACE OIL ( MEDIUM VISCOSITY    0.000098            4.23  
01:36:48  INFO        HRSG2_SHP STEAM                 LP Steam_Dis                     -0.078000        -3369.60  YES
01:36:48  INFO        HRSG2_SHP STEAM                 NATURAL GAS                       2.954424       127631.12  
01:36:48  INFO        HRSG2_SHP STEAM                 Water                             0.002660          114.91  
01:36:48  INFO        HRSG3_SHP STEAM                 Boiler Feed Water                 1.024000        44236.80  
01:36:48  INFO        HRSG3_SHP STEAM                 CHEM TRISODIUM PHOSPHATE          0.000900           38.88  
01:36:48  INFO        HRSG3_SHP STEAM                 COMPRESSED AIR                    9.596520       414569.66  
01:36:48  INFO        HRSG3_SHP STEAM                 FURNACE OIL ( MEDIUM VISCOSITY    0.000098            4.23  
01:36:48  INFO        HRSG3_SHP STEAM                 LP Steam_Dis                     -0.078000        -3369.60  YES
01:36:48  INFO        HRSG3_SHP STEAM                 NATURAL GAS                       2.954424       127631.12  
01:36:48  INFO        HRSG3_SHP STEAM                 Water                             0.002660          114.91  
01:36:48  INFO        LP Steam PRDS                   Boiler Feed Water                 0.250000         2272.72  
01:36:48  INFO        LP Steam PRDS                   MP Steam_Dis                      0.750000         6818.15  
01:36:48  INFO        LP Steam_Dis                    LP Steam PRDS                     0.359600         9090.87  
01:36:48  INFO        LP Steam_Dis                    STG1_LP STEAM                     0.640400        16189.64  
01:36:48  INFO        MP Steam PRDS SHP               Boiler Feed Water                 0.090000         1199.63  
01:36:48  INFO        MP Steam PRDS SHP               SHP Steam_Dis                     0.910000        12129.61  
01:36:48  INFO        MP Steam_Dis                    MP Steam PRDS SHP                 0.916200        13329.24  
01:36:48  INFO        MP Steam_Dis                    STG1_MP STEAM                     0.083800         1219.16  
01:36:48  INFO        Oxygen                          Cooling Water 2                   0.261000         1510.41  
01:36:48  INFO        Oxygen                          Power_Dis                       968.650000      5605577.55  
01:36:48  INFO        POWERGEN                        COMPRESSED AIR                    0.004011        41874.84  
01:36:48  INFO        POWERGEN                        COMPRESSED AIR                    0.003420        12312.00  
01:36:48  INFO        POWERGEN                        COMPRESSED AIR                    0.003839        13820.40  
01:36:48  INFO        POWERGEN                        COMPRESSED AIR                    0.000000            0.00  
01:36:48  INFO        POWERGEN                        Cooling Water 2                   0.000232         2422.08  
01:36:48  INFO        POWERGEN                        Cooling Water 2                   0.000012           43.20  
01:36:48  INFO        POWERGEN                        Cooling Water 2                   0.000013           46.80  
01:36:48  INFO        POWERGEN                        Cooling Water 2                   0.000000            0.00  
01:36:48  INFO        POWERGEN                        NATURAL GAS                       0.009373        55774.46  
01:36:48  INFO        POWERGEN                        NATURAL GAS                       0.009982        55774.46  
01:36:48  INFO        POWERGEN                        NATURAL GAS                       0.009472            0.00  
01:36:48  INFO        POWERGEN                        Power_Dis                         0.002000        20880.00  
01:36:48  INFO        POWERGEN                        Power_Dis                         0.014000        50400.00  
01:36:48  INFO        POWERGEN                        Power_Dis                         0.014000        50400.00  
01:36:48  INFO        POWERGEN                        Power_Dis                         0.000000            0.00  
01:36:48  INFO        POWERGEN                        SHP Steam_Dis                     0.003615        37740.60  
01:36:48  INFO        Power_Dis                       POWERGEN                          0.186036      6630323.04  
01:36:48  INFO        Power_Dis                       POWERGEN                          0.196717      7010993.88  
01:36:48  INFO        Power_Dis                       POWERGEN                          0.207066      7379832.24  
01:36:48  INFO        Power_Dis                       Power from MEL                    0.410169     18000000.00  
01:36:48  INFO        SHP Steam_Dis                   HRSG2_SHP STEAM                   0.500000        18295.90  
01:36:48  INFO        SHP Steam_Dis                   HRSG3_SHP STEAM                   0.500000        18295.90  
01:36:48  INFO        STG1_LP STEAM                   SHP Steam_Dis                     0.480000         7771.03  
01:36:48  INFO        STG1_MP STEAM                   SHP Steam_Dis                     0.690000          841.22  
01:36:48  INFO      
01:36:48  INFO        Not yet converged: 16 materials
01:36:48  INFO          Boiler Feed Water               change = 4.1745%
01:36:48  INFO          CHEM CYCLO HEXY                 change = 100.0000%
01:36:48  INFO          CHEM MORPHOLENE                 change = 100.0000%
01:36:48  INFO          COMPRESSED AIR                  change = 2.7179%
01:36:48  INFO          Cooling Water 2                 change = 35.8095%
01:36:48  INFO          D M Water                       change = 100.0000%
01:36:48  INFO          HRSG2_SHP STEAM                 change = 42.6784%
01:36:48  INFO          HRSG3_SHP STEAM                 change = 42.6784%
01:36:48  INFO          KEM WATREAT B 70M               change = 100.0000%
01:36:48  INFO          LP Steam_Dis                    change = 100.0000%
01:36:48  INFO          MP Steam_Dis                    change = 100.0000%
01:36:48  INFO          POWERGEN                        change = 17.1717%
01:36:48  INFO          Power_Dis                       change = 11.6833%
01:36:48  INFO          SHP Steam_Dis                   change = 75.2400%
01:36:48  INFO          SULPHURIC ACID                  change = 10.2160%
01:36:48  INFO          Water                           change = 8.7497%
01:36:48  INFO        ------------------------------------------------------------------------------------------
01:36:49  INFO        [DISPATCH] Total demand: 43693.47 MWh, Import: 18000.00 MWh, Net for GT/STG: 25693.47 MWh
01:36:50  WARNING     [DISPATCH] No aux power norm for 'NMD-Power Plant-2'; using 0.0
01:36:50  WARNING     [DISPATCH] No aux power norm for 'NMD-Power Plant-3'; using 0.0
01:36:50  WARNING     [DISPATCH] No aux power norm for 'NMD-STG Power Plant'; using 0.0
01:36:50  INFO        ==============================================================================
01:36:50  INFO        POWER DISPATCH  (April 2025)
01:36:50  INFO        ==============================================================================
01:36:50  INFO        Demand:  Process = 43693.47 MWh  |  Fixed = 0.00 MWh  |  Total = 43693.47 MWh
01:36:50  INFO      
01:36:50  INFO        Asset                      Priority    Min MW    Max MW     Hours   Dispatched MW  Dispatched MWh    Load %  Free Steam MT  Aux Power MWh
01:36:50  INFO        -------------------------  --------  --------  --------  --------  --------------  --------------  --------  ------------  ------------
01:36:50  INFO        NMD-Power Plant-2                 1      5.00      8.31    720.00            8.31         5983.07    100.0%      11786.65          0.00
01:36:50  INFO        NMD-Power Plant-3                 1      5.00      9.61    720.00            9.61         6919.07    100.0%      13630.57          0.00
01:36:50  INFO        NMD-STG Power Plant               2      6.00     14.50    720.00           14.50        10440.00    100.0%          0.00          0.00
01:36:50  INFO        TOTAL                                                                                    23342.14                25417.22          0.00
01:36:50  INFO        DEFICIT: 20351.33 MWh under-generation
01:36:50  INFO        ==============================================================================
01:36:50  INFO        [STG EXTRACTION] STG Load: 14.50 MW, LP Extraction: 21600.00 MT, MP Extraction: 4320.00 MT
01:36:50  INFO        ==============================================================================
01:36:50  INFO        STEAM DISPATCH  (April 2025)
01:36:50  INFO        ==============================================================================
01:36:50  INFO        Grade      Process/Fixed MT  Letdown MT  Byproduct MT     Net Demand MT
01:36:50  INFO        ---------  ----------------  ----------  ------------  ----------------
01:36:50  INFO        MP                 21366.55    12784.92          0.00          17046.55
01:36:50  INFO        SHP                84047.61    89395.78          0.00          96832.52
01:36:50  INFO      
01:36:50  INFO        Total Free Steam available: 25417.22 MT
01:36:50  INFO      
01:36:50  INFO        FINAL SUPPLEMENTARY FIRING DISPATCH
01:36:50  INFO        Asset                      Priority     Min TPH     Max TPH     Hours  Dispatched TPH   Dispatched MT    Load %
01:36:50  INFO        -------------------------  --------  ----------  ----------  --------  --------------  --------------  --------
01:36:50  INFO        HRSG-1                          999       60.00      136.00      0.00            0.00            0.00      0.0%
01:36:50  INFO        HRSG-2                            1       43.63      119.63    720.00           50.87        36629.61     49.4%
01:36:50  INFO        HRSG-3                            1       41.07      117.07    720.00           48.31        34785.69     49.4%
01:36:50  INFO        TOTAL SUPPLEMENTARY                                                                          71415.30          
01:36:50  INFO        TOTAL STEAM GENERATED                                                                        96832.52          
01:36:50  INFO        Demand met
01:36:50  INFO        ==============================================================================
01:36:50  INFO        [REVERSE NG] Found GT asset: NMD-Power Plant-3, plant: NMD - Power Plant 3, heat_rate: 4315.0, free_steam: 1.97
01:36:50  INFO        [REVERSE NG] NMD - Power Plant 3: gen_qty=6919070 KWH, heat_rate=4315.00, free_steam=1.9700, consumed=77269.88 MMBTU (REVERSE)
01:36:50  INFO        [REVERSE NG] Found GT asset: NMD-Power Plant-2, plant: NMD - Power Plant 2, heat_rate: 4599.8, free_steam: 1.97
01:36:50  INFO        [REVERSE NG] NMD - Power Plant 2: gen_qty=5983070 KWH, heat_rate=4599.80, free_steam=1.9700, consumed=73574.36 MMBTU (REVERSE)
01:36:50  INFO        [REVERSE NG HRSG] Found HRSG: HRSG-2, supp_steam=36629.61 MT, free_steam=11786.65 MT, total_steam=48416.26 MT
01:36:50  INFO        [REVERSE NG HRSG] HRSG2_SHP STEAM: total_steam=48416.26 MT, norm=2.954424, consumed=143042.16 MMBTU (REVERSE, BPC method)
01:36:50  INFO        [REVERSE NG HRSG] Found HRSG: HRSG-3, supp_steam=34785.69 MT, free_steam=13630.57 MT, total_steam=48416.26 MT
01:36:50  INFO        [REVERSE NG HRSG] HRSG3_SHP STEAM: total_steam=48416.26 MT, norm=2.954424, consumed=143042.16 MMBTU (REVERSE, BPC method)
01:36:50  INFO      
01:36:50  INFO        ------------------------------------------------------------------------------------------
01:36:50  INFO        ITERATION 3
01:36:50  INFO        ------------------------------------------------------------------------------------------
01:36:50  INFO        Power:  Demand =    43693471.29 KWH  |  Gen =       23342.14 MWh  |  Surplus =     0.00  |  Deficit =  2351.33
01:36:50  INFO        Steam:  Gen =       96832.52 MT  |  Surplus =     0.00  |  Deficit =     0.00
01:36:50  INFO        Power delta: 1688399.4158 MWh  |  Converged: NO
01:36:50  INFO      
01:36:50  INFO        Utility                                Total Demand      U4U Demand         Initial    Change %
01:36:50  INFO        -----------------------------------  --------------  --------------  --------------  ----------
01:36:50  INFO        Boiler Feed Water                          92327.80       103010.70            0.00     4.1745%
01:36:50  INFO        COMPRESSED AIR                           6999736.19      1043633.23      6084105.59    87.2746%
01:36:50  INFO        Cooling Water 1                            15194.00            0.00        15194.00   100.0000%
01:36:50  INFO        Cooling Water 2                            13307.83         4367.08         9016.31    79.2998%
01:36:50  INFO        D M Water                                 131874.30        79401.91        55787.00   100.0000%
01:36:50  INFO        HP Steam PRDS                               4972.00         4972.00            0.00     0.0000%
01:36:50  INFO        HP Steam_Dis                                4972.00            0.00         4972.00   100.0000%
01:36:50  INFO        HRSG2_SHP STEAM                            18295.90        42023.80            0.00    42.6784%
01:36:50  INFO        HRSG3_SHP STEAM                            18295.90        42023.80            0.00    42.6784%
01:36:50  INFO        LP Steam PRDS                               9090.87        13704.06            0.00     0.0000%
01:36:50  INFO        LP Steam_Dis                               38109.18        13387.53        25280.51   100.0000%
01:36:50  INFO        MP Steam PRDS SHP                          13329.24        19576.04            0.00     0.0000%
01:36:50  INFO        MP Steam_Dis                               21366.55         6818.15        14548.40   100.0000%
01:36:50  INFO        Nitrogen Gas                             5437630.00            0.00      5437630.00   100.0000% (PT)
01:36:50  INFO        Oxygen                                      5787.00            0.00         5787.00   100.0000%
01:36:50  INFO        POWERGEN                                21021149.16     24384379.67            0.00    17.1717%
01:36:50  INFO        Power_Dis                               43693471.29     15048214.64     29242067.20    70.7897%
01:36:50  INFO        SHP Steam_Dis                              84047.61        63072.61        20975.00    81.4191%
01:36:50  INFO        STG1_LP STEAM                              16189.64        24405.12            0.00     0.0000%
01:36:50  INFO        STG1_MP STEAM                               1219.16         1790.52            0.00     0.0000%
01:36:50  INFO        Water                                     642438.86       459659.39       280371.80    48.5729% (PT)
01:36:50  INFO      
01:36:50  INFO        U4U CONSUMPTION BREAKDOWN (per producer per material):
01:36:50  INFO        Producer                        Material Consumed                     Norm        Quantity  Credit
01:36:50  INFO        ------------------------------  ------------------------------  ----------  --------------  ------
01:36:50  INFO        Boiler Feed Water               CHEM CYCLO HEXY                   0.000100            9.23  
01:36:50  INFO        Boiler Feed Water               CHEM MORPHOLENE                   0.000002            0.18  
01:36:50  INFO        Boiler Feed Water               Cooling Water 2                   0.001070           98.79  
01:36:50  INFO        Boiler Feed Water               D M Water                         0.860000        79401.91  
01:36:50  INFO        Boiler Feed Water               KEM WATREAT B 70M                 0.000570           52.63  
01:36:50  INFO        Boiler Feed Water               LP Steam_Dis                      0.145000        13387.53  
01:36:50  INFO        Boiler Feed Water               Power_Dis                         9.500000       877114.09  
01:36:50  INFO        COMPRESSED AIR                  Cooling Water 2                   0.000025          174.99  
01:36:50  INFO        COMPRESSED AIR                  Power_Dis                         0.165000      1154956.47  
01:36:50  INFO        Cooling Water 1                 COMPRESSED AIR                    0.108592         1649.95  
01:36:50  INFO        Cooling Water 1                 Power_Dis                       244.999997      3722529.95  
01:36:50  INFO        Cooling Water 1                 SULPHURIC ACID                    0.000158            2.40  
01:36:50  INFO        Cooling Water 1                 Water                            11.050000       167893.70  
01:36:50  INFO        Cooling Water 2                 COMPRESSED AIR                    0.123044         1637.45  
01:36:50  INFO        Cooling Water 2                 Power_Dis                       249.999997      3326958.71  
01:36:50  INFO        Cooling Water 2                 SULPHURIC ACID                    0.000158            2.10  
01:36:50  INFO        Cooling Water 2                 Water                            11.500000       153040.10  
01:36:50  INFO        D M Water                       CAUSTIC SODA LYE – GRADE 1        0.000226           29.80  
01:36:50  INFO        D M Water                       CHEM  SODIUM SULPHITE;PN:MIS 1    0.000701           92.44  
01:36:50  INFO        D M Water                       CHEM ALUM.SULFATE, AL2(SO4)3,1    0.000757           99.83  
01:36:50  INFO        D M Water                       COMPRESSED AIR                    0.077000        10154.32  
01:36:50  INFO        D M Water                       HYDRO CHLORIC ACID (30%) -VIRG    0.000226           29.80  
01:36:50  INFO        D M Water                       POLYELECTROLYTE                   0.000578           76.22  
01:36:50  INFO        D M Water                       Power_Dis                         1.210000       159567.90  
01:36:50  INFO        D M Water                       Ret steam condensate              0.203000        26770.48  
01:36:50  INFO        D M Water                       SODIUM CHLORIDE IS 797 GRADE1     0.000010            1.32  
01:36:50  INFO        D M Water                       Water                             1.050000       138468.01  
01:36:50  INFO        HP Steam PRDS                   Boiler Feed Water                 0.076800          381.85  
01:36:50  INFO        HP Steam PRDS                   SHP Steam_Dis                     0.923200         4590.15  
01:36:50  INFO        HP Steam_Dis                    HP Steam PRDS                     1.000000         4972.00  
01:36:50  INFO        HRSG2_SHP STEAM                 Boiler Feed Water                 1.024000        49578.25  
01:36:50  INFO        HRSG2_SHP STEAM                 CHEM TRISODIUM PHOSPHATE          0.000900           43.57  
01:36:50  INFO        HRSG2_SHP STEAM                 COMPRESSED AIR                    9.853236       477056.84  
01:36:50  INFO        HRSG2_SHP STEAM                 FURNACE OIL ( MEDIUM VISCOSITY    0.000098            4.74  
01:36:50  INFO        HRSG2_SHP STEAM                 LP Steam_Dis                     -0.078000        -3776.47  YES
01:36:50  INFO        HRSG2_SHP STEAM                 NATURAL GAS                       2.954424       143042.16  
01:36:50  INFO        HRSG2_SHP STEAM                 Water                             0.002660          128.79  
01:36:50  INFO        HRSG3_SHP STEAM                 Boiler Feed Water                 1.024000        49578.25  
01:36:50  INFO        HRSG3_SHP STEAM                 CHEM TRISODIUM PHOSPHATE          0.000900           43.57  
01:36:50  INFO        HRSG3_SHP STEAM                 COMPRESSED AIR                    9.596520       464627.61  
01:36:50  INFO        HRSG3_SHP STEAM                 FURNACE OIL ( MEDIUM VISCOSITY    0.000098            4.74  
01:36:50  INFO        HRSG3_SHP STEAM                 LP Steam_Dis                     -0.078000        -3776.47  YES
01:36:50  INFO        HRSG3_SHP STEAM                 NATURAL GAS                       2.954424       143042.16  
01:36:50  INFO        HRSG3_SHP STEAM                 Water                             0.002660          128.79  
01:36:50  INFO        LP Steam PRDS                   Boiler Feed Water                 0.250000         2272.72  
01:36:50  INFO        LP Steam PRDS                   MP Steam_Dis                      0.750000         6818.15  
01:36:50  INFO        LP Steam_Dis                    LP Steam PRDS                     0.359600        13704.06  
01:36:50  INFO        LP Steam_Dis                    STG1_LP STEAM                     0.640400        24405.12  
01:36:50  INFO        MP Steam PRDS SHP               Boiler Feed Water                 0.090000         1199.63  
01:36:50  INFO        MP Steam PRDS SHP               SHP Steam_Dis                     0.910000        12129.61  
01:36:50  INFO        MP Steam_Dis                    MP Steam PRDS SHP                 0.916200        19576.04  
01:36:50  INFO        MP Steam_Dis                    STG1_MP STEAM                     0.083800         1790.52  
01:36:50  INFO        Oxygen                          Cooling Water 2                   0.261000         1510.41  
01:36:50  INFO        Oxygen                          Power_Dis                       968.650000      5605577.55  
01:36:50  INFO        POWERGEN                        COMPRESSED AIR                    0.004011        41874.84  
01:36:50  INFO        POWERGEN                        COMPRESSED AIR                    0.003420        23663.22  
01:36:50  INFO        POWERGEN                        COMPRESSED AIR                    0.003839        22969.01  
01:36:50  INFO        POWERGEN                        COMPRESSED AIR                    0.000000            0.00  
01:36:50  INFO        POWERGEN                        Cooling Water 2                   0.000232         2422.08  
01:36:50  INFO        POWERGEN                        Cooling Water 2                   0.000012           83.03  
01:36:50  INFO        POWERGEN                        Cooling Water 2                   0.000013           77.78  
01:36:50  INFO        POWERGEN                        Cooling Water 2                   0.000000            0.00  
01:36:50  INFO        POWERGEN                        NATURAL GAS                       0.009373        77269.88  
01:36:50  INFO        POWERGEN                        NATURAL GAS                       0.009982        73574.36  
01:36:50  INFO        POWERGEN                        NATURAL GAS                       0.009472            0.00  
01:36:50  INFO        POWERGEN                        Power_Dis                         0.002000        20880.00  
01:36:50  INFO        POWERGEN                        Power_Dis                         0.014000        96866.98  
01:36:50  INFO        POWERGEN                        Power_Dis                         0.014000        83762.98  
01:36:50  INFO        POWERGEN                        Power_Dis                         0.000000            0.00  
01:36:50  INFO        POWERGEN                        SHP Steam_Dis                     0.003615        37740.60  
01:36:50  INFO        Power_Dis                       POWERGEN                          0.186036      7691126.36  
01:36:50  INFO        Power_Dis                       POWERGEN                          0.196717      8132701.75  
01:36:50  INFO        Power_Dis                       POWERGEN                          0.207066      8560551.56  
01:36:50  INFO        Power_Dis                       Power from MEL                    0.410169     18000000.00  
01:36:50  INFO        SHP Steam_Dis                   HRSG2_SHP STEAM                   0.500000        42023.80  
01:36:50  INFO        SHP Steam_Dis                   HRSG3_SHP STEAM                   0.500000        42023.80  
01:36:50  INFO        STG1_LP STEAM                   SHP Steam_Dis                     0.480000         7771.03  
01:36:50  INFO        STG1_MP STEAM                   SHP Steam_Dis                     0.690000          841.22  
01:36:50  INFO      
01:36:50  INFO        Not yet converged: 28 materials
01:36:50  INFO          Boiler Feed Water               change = 10.3707%
01:36:50  INFO          CAUSTIC SODA LYE – GRADE 1      change = 57.6968%
01:36:50  INFO          CHEM  SODIUM SULPHITE;PN:MIS 19OX  change = 57.6968%
01:36:50  INFO          CHEM ALUM.SULFATE, AL2(SO4)3,18H2O  change = 57.6968%
01:36:50  INFO          CHEM CYCLO HEXY                 change = 4.1745%
01:36:50  INFO          CHEM MORPHOLENE                 change = 4.1745%
01:36:50  INFO          CHEM TRISODIUM PHOSPHATE        change = 10.7738%
01:36:50  INFO          COMPRESSED AIR                  change = 12.2651%
01:36:50  INFO          Cooling Water 2                 change = 1.7301%
01:36:50  INFO          D M Water                       change = 4.1745%
01:36:50  INFO          FURNACE OIL ( MEDIUM VISCOSITY GRADE )  change = 10.7738%
01:36:50  INFO          HRSG2_SHP STEAM                 change = 56.4630%
01:36:50  INFO          HRSG3_SHP STEAM                 change = 56.4630%
01:36:50  INFO          HYDRO CHLORIC ACID (30%) -VIRGIN  change = 57.6968%
01:36:50  INFO          KEM WATREAT B 70M               change = 4.1745%
01:36:50  INFO          LP Steam PRDS                   change = 33.6629%
01:36:50  INFO          LP Steam_Dis                    change = 4.1745%
01:36:50  INFO          MP Steam PRDS SHP               change = 31.9104%
01:36:50  INFO          NATURAL GAS                     change = 16.0478%
01:36:50  INFO          POLYELECTROLYTE                 change = 57.6968%
01:36:50  INFO          POWERGEN                        change = 13.7926%
01:36:50  INFO          Power_Dis                       change = 3.9660%
01:36:50  INFO          Ret steam condensate            change = 57.6968%
01:36:50  INFO          SODIUM CHLORIDE IS 797 GRADE1   change = 57.6968%
01:36:50  INFO          STG1_LP STEAM                   change = 33.6629%
01:36:50  INFO          STG1_MP STEAM                   change = 31.9104%
01:36:50  INFO          SULPHURIC ACID                  change = 5.3918%
01:36:50  INFO          Water                           change = 21.2314%
01:36:50  INFO        ------------------------------------------------------------------------------------------
01:36:51  INFO        [DISPATCH] Total demand: 44290.28 MWh, Import: 18000.00 MWh, Net for GT/STG: 26290.28 MWh
01:36:51  WARNING     [DISPATCH] No aux power norm for 'NMD-Power Plant-2'; using 0.0
01:36:51  WARNING     [DISPATCH] No aux power norm for 'NMD-Power Plant-3'; using 0.0
01:36:51  WARNING     [DISPATCH] No aux power norm for 'NMD-STG Power Plant'; using 0.0
01:36:51  INFO        ==============================================================================
01:36:51  INFO        POWER DISPATCH  (April 2025)
01:36:51  INFO        ==============================================================================
01:36:51  INFO        Demand:  Process = 44290.28 MWh  |  Fixed = 0.00 MWh  |  Total = 44290.28 MWh
01:36:51  INFO      
01:36:51  INFO        Asset                      Priority    Min MW    Max MW     Hours   Dispatched MW  Dispatched MWh    Load %  Free Steam MT  Aux Power MWh
01:36:51  INFO        -------------------------  --------  --------  --------  --------  --------------  --------------  --------  ------------  ------------
01:36:51  INFO        NMD-Power Plant-2                 1      5.00     11.50    720.00           11.50         8280.00    100.0%      16311.60          0.00
01:36:51  INFO        NMD-Power Plant-3                 1      5.00     12.80    720.00           12.80         9216.00    100.0%      18155.52          0.00
01:36:51  INFO        NMD-STG Power Plant               2      6.00     14.50    720.00           12.21         8794.28     84.2%          0.00          0.00
01:36:51  INFO        TOTAL                                                                                    26290.28                34467.12          0.00
01:36:51  INFO        DEFICIT: 18000.00 MWh under-generation
01:36:51  INFO        ==============================================================================
01:36:52  INFO        [STG EXTRACTION] STG Load: 12.21 MW, LP Extraction: 20742.86 MT, MP Extraction: 2331.46 MT
01:36:52  INFO        ==============================================================================
01:36:52  INFO        STEAM DISPATCH  (April 2025)
01:36:52  INFO        ==============================================================================
01:36:52  INFO        Grade      Process/Fixed MT  Letdown MT  Byproduct MT     Net Demand MT
01:36:52  INFO        ---------  ----------------  ----------  ------------  ----------------
01:36:52  INFO        MP                 21366.55    14276.32          0.00          19035.10
01:36:52  INFO        SHP                84047.61    90772.65          0.00          98323.93
01:36:52  INFO      
01:36:52  INFO        Total Free Steam available: 34467.12 MT
01:36:52  INFO      
01:36:52  INFO        FINAL SUPPLEMENTARY FIRING DISPATCH
01:36:52  INFO        Asset                      Priority     Min TPH     Max TPH     Hours  Dispatched TPH   Dispatched MT    Load %
01:36:52  INFO        -------------------------  --------  ----------  ----------  --------  --------------  --------------  --------
01:36:52  INFO        HRSG-1                          999       60.00      136.00      0.00            0.00            0.00      0.0%
01:36:52  INFO        HRSG-2                            1       37.34      113.34    720.00           45.63        32850.36     50.2%
01:36:52  INFO        HRSG-3                            1       34.78      110.78    720.00           43.06        31006.44     50.2%
01:36:52  INFO        TOTAL SUPPLEMENTARY                                                                          63856.80          
01:36:52  INFO        TOTAL STEAM GENERATED                                                                        98323.92          
01:36:52  INFO        DEFICIT: 0.01 MT
01:36:52  INFO        ==============================================================================
01:36:52  INFO        [REVERSE NG] Found GT asset: NMD-Power Plant-3, plant: NMD - Power Plant 3, heat_rate: 3862.56, free_steam: 1.97
01:36:52  INFO        [REVERSE NG] NMD - Power Plant 3: gen_qty=9216000 KWH, heat_rate=3862.56, free_steam=1.9700, consumed=86385.63 MMBTU (REVERSE)
01:36:52  INFO        [REVERSE NG] Found GT asset: NMD-Power Plant-2, plant: NMD - Power Plant 2, heat_rate: 4016.03, free_steam: 1.97
01:36:52  INFO        [REVERSE NG] NMD - Power Plant 2: gen_qty=8280000 KWH, heat_rate=4016.03, free_steam=1.9700, consumed=82651.39 MMBTU (REVERSE)
01:36:52  INFO        [REVERSE NG HRSG] Found HRSG: HRSG-2, supp_steam=32850.36 MT, free_steam=16311.60 MT, total_steam=49161.96 MT
01:36:52  INFO        [REVERSE NG HRSG] HRSG2_SHP STEAM: total_steam=49161.96 MT, norm=2.954424, consumed=145245.27 MMBTU (REVERSE, BPC method)
01:36:52  INFO        [REVERSE NG HRSG] Found HRSG: HRSG-3, supp_steam=31006.44 MT, free_steam=18155.52 MT, total_steam=49161.96 MT
01:36:52  INFO        [REVERSE NG HRSG] HRSG3_SHP STEAM: total_steam=49161.96 MT, norm=2.954424, consumed=145245.27 MMBTU (REVERSE, BPC method)
01:36:52  INFO      
01:36:52  INFO        ------------------------------------------------------------------------------------------
01:36:52  INFO        ITERATION 4
01:36:52  INFO        ------------------------------------------------------------------------------------------
01:36:52  INFO        Power:  Demand =    44290281.84 KWH  |  Gen =       26290.28 MWh  |  Surplus =     0.00  |  Deficit =     0.00
01:36:52  INFO        Steam:  Gen =       98323.92 MT  |  Surplus =     0.00  |  Deficit =     0.01
01:36:52  INFO        Power delta: 596810.5535 MWh  |  Converged: NO
01:36:52  INFO      
01:36:52  INFO        Utility                                Total Demand      U4U Demand         Initial    Change %
01:36:52  INFO        -----------------------------------  --------------  --------------  --------------  ----------
01:36:52  INFO        Boiler Feed Water                         103010.70       106253.40            0.00    10.3707%
01:36:52  INFO        COMPRESSED AIR                           7127738.82      1068473.86      6084105.59    87.1540%
01:36:52  INFO        Cooling Water 1                            15194.00            0.00        15194.00   100.0000%
01:36:52  INFO        Cooling Water 2                            13383.39         4057.33         9016.31    67.9339%
01:36:52  INFO        D M Water                                 135188.91        88589.20        55787.00    43.7178%
01:36:52  INFO        HP Steam PRDS                               4972.00         4972.00            0.00     0.0000%
01:36:52  INFO        HP Steam_Dis                                4972.00            0.00         4972.00   100.0000%
01:36:52  INFO        HRSG2_SHP STEAM                            42023.80        42023.80            0.00    56.4630%
01:36:52  INFO        HRSG3_SHP STEAM                            42023.80        42023.80            0.00    56.4630%
01:36:52  INFO        LP Steam PRDS                              13704.06        13905.03            0.00    33.6629%
01:36:52  INFO        LP Steam_Dis                               38668.04        14936.55        25280.51    66.8236%
01:36:52  INFO        MP Steam PRDS SHP                          19576.04        19576.04            0.00    31.9104%
01:36:52  INFO        MP Steam_Dis                               21366.55        10278.05        14548.40    68.0896%
01:36:52  INFO        Nitrogen Gas                             5437630.00            0.00      5437630.00   100.0000% (PT)
01:36:52  INFO        Oxygen                                      5787.00            0.00         5787.00   100.0000%
01:36:52  INFO        POWERGEN                                24384379.67     26123248.66            0.00    13.7926%
01:36:52  INFO        Power_Dis                               44290281.84     15254744.63     29242067.20    67.3712%
01:36:52  INFO        SHP Steam_Dis                              84047.61        67145.58        20975.00    24.9561%
01:36:52  INFO        STG1_LP STEAM                              24405.12        24763.01            0.00    33.6629%
01:36:52  INFO        STG1_MP STEAM                               1790.52         1790.52            0.00    31.9104%
01:36:52  INFO        Water                                     740031.19       464012.58       280371.80    51.0741% (PT)
01:36:52  INFO      
01:36:52  INFO        U4U CONSUMPTION BREAKDOWN (per producer per material):
01:36:52  INFO        Producer                        Material Consumed                     Norm        Quantity  Credit
01:36:52  INFO        ------------------------------  ------------------------------  ----------  --------------  ------
01:36:52  INFO        Boiler Feed Water               CHEM CYCLO HEXY                   0.000100           10.30  
01:36:52  INFO        Boiler Feed Water               CHEM MORPHOLENE                   0.000002            0.21  
01:36:52  INFO        Boiler Feed Water               Cooling Water 2                   0.001070          110.22  
01:36:52  INFO        Boiler Feed Water               D M Water                         0.860000        88589.20  
01:36:52  INFO        Boiler Feed Water               KEM WATREAT B 70M                 0.000570           58.72  
01:36:52  INFO        Boiler Feed Water               LP Steam_Dis                      0.145000        14936.55  
01:36:52  INFO        Boiler Feed Water               Power_Dis                         9.500000       978601.65  
01:36:52  INFO        COMPRESSED AIR                  Cooling Water 2                   0.000025          178.19  
01:36:52  INFO        COMPRESSED AIR                  Power_Dis                         0.165000      1176076.90  
01:36:52  INFO        Cooling Water 1                 COMPRESSED AIR                    0.108592         1649.95  
01:36:52  INFO        Cooling Water 1                 Power_Dis                       244.999997      3722529.95  
01:36:52  INFO        Cooling Water 1                 SULPHURIC ACID                    0.000158            2.40  
01:36:52  INFO        Cooling Water 1                 Water                            11.050000       167893.70  
01:36:52  INFO        Cooling Water 2                 COMPRESSED AIR                    0.123044         1646.75  
01:36:52  INFO        Cooling Water 2                 Power_Dis                       249.999997      3345847.43  
01:36:52  INFO        Cooling Water 2                 SULPHURIC ACID                    0.000158            2.11  
01:36:52  INFO        Cooling Water 2                 Water                            11.500000       153908.98  
01:36:52  INFO        D M Water                       CAUSTIC SODA LYE – GRADE 1        0.000226           30.55  
01:36:52  INFO        D M Water                       CHEM  SODIUM SULPHITE;PN:MIS 1    0.000701           94.77  
01:36:52  INFO        D M Water                       CHEM ALUM.SULFATE, AL2(SO4)3,1    0.000757          102.34  
01:36:52  INFO        D M Water                       COMPRESSED AIR                    0.077000        10409.55  
01:36:52  INFO        D M Water                       HYDRO CHLORIC ACID (30%) -VIRG    0.000226           30.55  
01:36:52  INFO        D M Water                       POLYELECTROLYTE                   0.000578           78.14  
01:36:52  INFO        D M Water                       Power_Dis                         1.210000       163578.58  
01:36:52  INFO        D M Water                       Ret steam condensate              0.203000        27443.35  
01:36:52  INFO        D M Water                       SODIUM CHLORIDE IS 797 GRADE1     0.000010            1.35  
01:36:52  INFO        D M Water                       Water                             1.050000       141948.35  
01:36:52  INFO        HP Steam PRDS                   Boiler Feed Water                 0.076800          381.85  
01:36:52  INFO        HP Steam PRDS                   SHP Steam_Dis                     0.923200         4590.15  
01:36:52  INFO        HP Steam_Dis                    HP Steam PRDS                     1.000000         4972.00  
01:36:52  INFO        HRSG2_SHP STEAM                 Boiler Feed Water                 1.024000        50341.85  
01:36:52  INFO        HRSG2_SHP STEAM                 CHEM TRISODIUM PHOSPHATE          0.000900           44.25  
01:36:52  INFO        HRSG2_SHP STEAM                 COMPRESSED AIR                    9.853236       484404.39  
01:36:52  INFO        HRSG2_SHP STEAM                 FURNACE OIL ( MEDIUM VISCOSITY    0.000098            4.82  
01:36:52  INFO        HRSG2_SHP STEAM                 LP Steam_Dis                     -0.078000        -3834.63  YES
01:36:52  INFO        HRSG2_SHP STEAM                 NATURAL GAS                       2.954424       145245.27  
01:36:52  INFO        HRSG2_SHP STEAM                 Water                             0.002660          130.77  
01:36:52  INFO        HRSG3_SHP STEAM                 Boiler Feed Water                 1.024000        50341.85  
01:36:52  INFO        HRSG3_SHP STEAM                 CHEM TRISODIUM PHOSPHATE          0.000900           44.25  
01:36:52  INFO        HRSG3_SHP STEAM                 COMPRESSED AIR                    9.596520       471783.73  
01:36:52  INFO        HRSG3_SHP STEAM                 FURNACE OIL ( MEDIUM VISCOSITY    0.000098            4.82  
01:36:52  INFO        HRSG3_SHP STEAM                 LP Steam_Dis                     -0.078000        -3834.63  YES
01:36:52  INFO        HRSG3_SHP STEAM                 NATURAL GAS                       2.954424       145245.27  
01:36:52  INFO        HRSG3_SHP STEAM                 Water                             0.002660          130.77  
01:36:52  INFO        LP Steam PRDS                   Boiler Feed Water                 0.250000         3426.02  
01:36:52  INFO        LP Steam PRDS                   MP Steam_Dis                      0.750000        10278.05  
01:36:52  INFO        LP Steam_Dis                    LP Steam PRDS                     0.359600        13905.03  
01:36:52  INFO        LP Steam_Dis                    STG1_LP STEAM                     0.640400        24763.01  
01:36:52  INFO        MP Steam PRDS SHP               Boiler Feed Water                 0.090000         1761.84  
01:36:52  INFO        MP Steam PRDS SHP               SHP Steam_Dis                     0.910000        17814.19  
01:36:52  INFO        MP Steam_Dis                    MP Steam PRDS SHP                 0.916200        19576.04  
01:36:52  INFO        MP Steam_Dis                    STG1_MP STEAM                     0.083800         1790.52  
01:36:52  INFO        Oxygen                          Cooling Water 2                   0.261000         1510.41  
01:36:52  INFO        Oxygen                          Power_Dis                       968.650000      5605577.55  
01:36:52  INFO        POWERGEN                        COMPRESSED AIR                    0.004011        35273.86  
01:36:52  INFO        POWERGEN                        COMPRESSED AIR                    0.003420        31518.72  
01:36:52  INFO        POWERGEN                        COMPRESSED AIR                    0.003839        31786.92  
01:36:52  INFO        POWERGEN                        COMPRESSED AIR                    0.000000            0.00  
01:36:52  INFO        POWERGEN                        Cooling Water 2                   0.000232         2040.27  
01:36:52  INFO        POWERGEN                        Cooling Water 2                   0.000012          110.59  
01:36:52  INFO        POWERGEN                        Cooling Water 2                   0.000013          107.64  
01:36:52  INFO        POWERGEN                        Cooling Water 2                   0.000000            0.00  
01:36:52  INFO        POWERGEN                        NATURAL GAS                       0.009373        86385.63  
01:36:52  INFO        POWERGEN                        NATURAL GAS                       0.009982        82651.39  
01:36:52  INFO        POWERGEN                        NATURAL GAS                       0.009472            0.00  
01:36:52  INFO        POWERGEN                        Power_Dis                         0.002000        17588.56  
01:36:52  INFO        POWERGEN                        Power_Dis                         0.014000       129024.00  
01:36:52  INFO        POWERGEN                        Power_Dis                         0.014000       115920.00  
01:36:52  INFO        POWERGEN                        Power_Dis                         0.000000            0.00  
01:36:52  INFO        POWERGEN                        SHP Steam_Dis                     0.003615        31791.32  
01:36:52  INFO        Power_Dis                       POWERGEN                          0.186036      8239586.53  
01:36:52  INFO        Power_Dis                       POWERGEN                          0.196717      8712651.01  
01:36:52  INFO        Power_Dis                       POWERGEN                          0.207066      9171011.12  
01:36:52  INFO        Power_Dis                       Power from MEL                    0.410169     18000000.00  
01:36:52  INFO        SHP Steam_Dis                   HRSG2_SHP STEAM                   0.500000        42023.80  
01:36:52  INFO        SHP Steam_Dis                   HRSG3_SHP STEAM                   0.500000        42023.80  
01:36:52  INFO        STG1_LP STEAM                   SHP Steam_Dis                     0.480000        11714.46  
01:36:52  INFO        STG1_MP STEAM                   SHP Steam_Dis                     0.690000         1235.46  
01:36:52  INFO      
01:36:52  INFO        Not yet converged: 26 materials
01:36:52  INFO          Boiler Feed Water               change = 3.0519%
01:36:52  INFO          CAUSTIC SODA LYE – GRADE 1      change = 2.4518%
01:36:52  INFO          CHEM  SODIUM SULPHITE;PN:MIS 19OX  change = 2.4518%
01:36:52  INFO          CHEM ALUM.SULFATE, AL2(SO4)3,18H2O  change = 2.4518%
01:36:52  INFO          CHEM CYCLO HEXY                 change = 10.3707%
01:36:52  INFO          CHEM MORPHOLENE                 change = 10.3707%
01:36:52  INFO          CHEM TRISODIUM PHOSPHATE        change = 1.5168%
01:36:52  INFO          COMPRESSED AIR                  change = 2.3249%
01:36:52  INFO          Cooling Water 2                 change = 7.6344%
01:36:52  INFO          D M Water                       change = 10.3707%
01:36:52  INFO          FURNACE OIL ( MEDIUM VISCOSITY GRADE )  change = 1.5168%
01:36:52  INFO          HYDRO CHLORIC ACID (30%) -VIRGIN  change = 2.4518%
01:36:52  INFO          KEM WATREAT B 70M               change = 10.3707%
01:36:52  INFO          LP Steam PRDS                   change = 1.4453%
01:36:52  INFO          LP Steam_Dis                    change = 10.3707%
01:36:52  INFO          MP Steam_Dis                    change = 33.6629%
01:36:52  INFO          NATURAL GAS                     change = 4.9179%
01:36:52  INFO          POLYELECTROLYTE                 change = 2.4518%
01:36:52  INFO          POWERGEN                        change = 6.6564%
01:36:52  INFO          Power_Dis                       change = 1.3539%
01:36:52  INFO          Ret steam condensate            change = 2.4518%
01:36:52  INFO          SHP Steam_Dis                   change = 6.0659%
01:36:52  INFO          SODIUM CHLORIDE IS 797 GRADE1   change = 2.4518%
01:36:52  INFO          STG1_LP STEAM                   change = 1.4453%
01:36:52  INFO          SULPHURIC ACID                  change = 0.2644%
01:36:52  INFO          Water                           change = 0.9382%
01:36:52  INFO        ------------------------------------------------------------------------------------------
01:36:53  INFO        [DISPATCH] Total demand: 44496.81 MWh, Import: 18000.00 MWh, Net for GT/STG: 26496.81 MWh
01:36:53  WARNING     [DISPATCH] No aux power norm for 'NMD-Power Plant-2'; using 0.0
01:36:53  WARNING     [DISPATCH] No aux power norm for 'NMD-Power Plant-3'; using 0.0
01:36:53  WARNING     [DISPATCH] No aux power norm for 'NMD-STG Power Plant'; using 0.0
01:36:53  INFO        ==============================================================================
01:36:53  INFO        POWER DISPATCH  (April 2025)
01:36:53  INFO        ==============================================================================
01:36:53  INFO        Demand:  Process = 44496.81 MWh  |  Fixed = 0.00 MWh  |  Total = 44496.81 MWh
01:36:53  INFO      
01:36:53  INFO        Asset                      Priority    Min MW    Max MW     Hours   Dispatched MW  Dispatched MWh    Load %  Free Steam MT  Aux Power MWh
01:36:53  INFO        -------------------------  --------  --------  --------  --------  --------------  --------------  --------  ------------  ------------
01:36:53  INFO        NMD-Power Plant-2                 1      5.00     11.50    720.00           11.50         8280.00    100.0%      16311.60          0.00
01:36:53  INFO        NMD-Power Plant-3                 1      5.00     12.80    720.00           12.80         9216.00    100.0%      18155.52          0.00
01:36:53  INFO        NMD-STG Power Plant               2      6.00     14.50    720.00           12.50         9000.81     86.2%          0.00          0.00
01:36:53  INFO        TOTAL                                                                                    26496.81                34467.12          0.00
01:36:53  INFO        DEFICIT: 18000.00 MWh under-generation
01:36:53  INFO        ==============================================================================
01:36:53  INFO        [STG EXTRACTION] STG Load: 12.50 MW, LP Extraction: 20880.00 MT, MP Extraction: 2880.00 MT
01:36:53  INFO        ==============================================================================
01:36:53  INFO        STEAM DISPATCH  (April 2025)
01:36:53  INFO        ==============================================================================
01:36:53  INFO        Grade      Process/Fixed MT  Letdown MT  Byproduct MT     Net Demand MT
01:36:53  INFO        ---------  ----------------  ----------  ------------  ----------------
01:36:53  INFO        MP                 24826.45    16459.83          0.00          21946.45
01:36:53  INFO        SHP                88120.58    96548.64          0.00         104580.42
01:36:53  INFO      
01:36:53  INFO        Total Free Steam available: 34467.12 MT
01:36:53  INFO      
01:36:53  INFO        FINAL SUPPLEMENTARY FIRING DISPATCH
01:36:53  INFO        Asset                      Priority     Min TPH     Max TPH     Hours  Dispatched TPH   Dispatched MT    Load %
01:36:53  INFO        -------------------------  --------  ----------  ----------  --------  --------------  --------------  --------
01:36:53  INFO        HRSG-1                          999       60.00      136.00      0.00            0.00            0.00      0.0%
01:36:53  INFO        HRSG-2                            1       37.34      113.34    720.00           49.97        35978.61     53.4%
01:36:53  INFO        HRSG-3                            1       34.78      110.78    720.00           47.41        34134.69     53.4%
01:36:53  INFO        TOTAL SUPPLEMENTARY                                                                          70113.30          
01:36:53  INFO        TOTAL STEAM GENERATED                                                                       104580.42          
01:36:53  INFO        SURPLUS: 0.00 MT
01:36:53  INFO        ==============================================================================
01:36:53  INFO        [REVERSE NG] Found GT asset: NMD-Power Plant-3, plant: NMD - Power Plant 3, heat_rate: 3862.56, free_steam: 1.97
01:36:53  INFO        [REVERSE NG] NMD - Power Plant 3: gen_qty=9216000 KWH, heat_rate=3862.56, free_steam=1.9700, consumed=86385.63 MMBTU (REVERSE)
01:36:53  INFO        [REVERSE NG] Found GT asset: NMD-Power Plant-2, plant: NMD - Power Plant 2, heat_rate: 4016.03, free_steam: 1.97
01:36:53  INFO        [REVERSE NG] NMD - Power Plant 2: gen_qty=8280000 KWH, heat_rate=4016.03, free_steam=1.9700, consumed=82651.39 MMBTU (REVERSE)
01:36:53  INFO        [REVERSE NG HRSG] Found HRSG: HRSG-2, supp_steam=35978.61 MT, free_steam=16311.60 MT, total_steam=52290.21 MT
01:36:53  INFO        [REVERSE NG HRSG] HRSG2_SHP STEAM: total_steam=52290.21 MT, norm=2.954424, consumed=154487.45 MMBTU (REVERSE, BPC method)
01:36:53  INFO        [REVERSE NG HRSG] Found HRSG: HRSG-3, supp_steam=34134.69 MT, free_steam=18155.52 MT, total_steam=52290.21 MT
01:36:53  INFO        [REVERSE NG HRSG] HRSG3_SHP STEAM: total_steam=52290.21 MT, norm=2.954424, consumed=154487.45 MMBTU (REVERSE, BPC method)
01:36:53  INFO      
01:36:53  INFO        ------------------------------------------------------------------------------------------
01:36:53  INFO        ITERATION 5
01:36:53  INFO        ------------------------------------------------------------------------------------------
01:36:53  INFO        Power:  Demand =    44496811.83 KWH  |  Gen =       26496.81 MWh  |  Surplus =     0.00  |  Deficit =     0.00
01:36:53  INFO        Steam:  Gen =      104580.42 MT  |  Surplus =     0.00  |  Deficit =     0.00
01:36:53  INFO        Power delta: 206529.9920 MWh  |  Converged: NO
01:36:53  INFO      
01:36:53  INFO        Utility                                Total Demand      U4U Demand         Initial    Change %
01:36:53  INFO        -----------------------------------  --------------  --------------  --------------  ----------
01:36:53  INFO        Boiler Feed Water                         106253.40       112710.30            0.00     3.0519%
01:36:53  INFO        COMPRESSED AIR                           7152579.45      1130815.26      6084105.59    85.4090%
01:36:53  INFO        Cooling Water 1                            15194.00            0.00        15194.00   100.0000%
01:36:53  INFO        Cooling Water 2                            13073.64         4109.33         9016.31    66.5963%
01:36:53  INFO        D M Water                                 144376.20        91377.93        55787.00    45.0035%
01:36:53  INFO        HP Steam PRDS                               4972.00         4972.00            0.00     0.0000%
01:36:53  INFO        HP Steam_Dis                                4972.00            0.00         4972.00   100.0000%
01:36:53  INFO        HRSG2_SHP STEAM                            42023.80        44060.29            0.00     0.0000%
01:36:53  INFO        HRSG3_SHP STEAM                            42023.80        44060.29            0.00     0.0000%
01:36:53  INFO        LP Steam PRDS                              13905.03        14462.06            0.00     1.4453%
01:36:53  INFO        LP Steam_Dis                               40217.06        15406.74        25280.51    66.7118%
01:36:53  INFO        MP Steam PRDS SHP                          19576.04        22745.99            0.00     0.0000%
01:36:53  INFO        MP Steam_Dis                               24826.45        10428.77        14548.40    72.5367%
01:36:53  INFO        Nitrogen Gas                             5437630.00            0.00      5437630.00   100.0000% (PT)
01:36:53  INFO        Oxygen                                      5787.00            0.00         5787.00   100.0000%
01:36:53  INFO        POWERGEN                                26123248.66     26245063.98            0.00     6.6564%
01:36:53  INFO        Power_Dis                               44496811.83     15223740.44     29242067.20    66.1814%
01:36:53  INFO        SHP Steam_Dis                              88120.58        68063.97        20975.00    28.4247%
01:36:53  INFO        STG1_LP STEAM                              24763.01        25755.01            0.00     1.4453%
01:36:53  INFO        STG1_MP STEAM                               1790.52         2080.46            0.00     0.0000%
01:36:53  INFO        Water                                     744384.38       470113.72       280371.80    38.2497% (PT)
01:36:53  INFO      
01:36:53  INFO        U4U CONSUMPTION BREAKDOWN (per producer per material):
01:36:53  INFO        Producer                        Material Consumed                     Norm        Quantity  Credit
01:36:53  INFO        ------------------------------  ------------------------------  ----------  --------------  ------
01:36:53  INFO        Boiler Feed Water               CHEM CYCLO HEXY                   0.000100           10.63  
01:36:53  INFO        Boiler Feed Water               CHEM MORPHOLENE                   0.000002            0.21  
01:36:53  INFO        Boiler Feed Water               Cooling Water 2                   0.001070          113.69  
01:36:53  INFO        Boiler Feed Water               D M Water                         0.860000        91377.93  
01:36:53  INFO        Boiler Feed Water               KEM WATREAT B 70M                 0.000570           60.56  
01:36:53  INFO        Boiler Feed Water               LP Steam_Dis                      0.145000        15406.74  
01:36:53  INFO        Boiler Feed Water               Power_Dis                         9.500000      1009407.32  
01:36:53  INFO        COMPRESSED AIR                  Cooling Water 2                   0.000025          178.81  
01:36:53  INFO        COMPRESSED AIR                  Power_Dis                         0.165000      1180175.61  
01:36:53  INFO        Cooling Water 1                 COMPRESSED AIR                    0.108592         1649.95  
01:36:53  INFO        Cooling Water 1                 Power_Dis                       244.999997      3722529.95  
01:36:53  INFO        Cooling Water 1                 SULPHURIC ACID                    0.000158            2.40  
01:36:53  INFO        Cooling Water 1                 Water                            11.050000       167893.70  
01:36:53  INFO        Cooling Water 2                 COMPRESSED AIR                    0.123044         1608.63  
01:36:53  INFO        Cooling Water 2                 Power_Dis                       249.999997      3268409.18  
01:36:53  INFO        Cooling Water 2                 SULPHURIC ACID                    0.000158            2.07  
01:36:53  INFO        Cooling Water 2                 Water                            11.500000       150346.82  
01:36:53  INFO        D M Water                       CAUSTIC SODA LYE – GRADE 1        0.000226           32.63  
01:36:53  INFO        D M Water                       CHEM  SODIUM SULPHITE;PN:MIS 1    0.000701          101.21  
01:36:53  INFO        D M Water                       CHEM ALUM.SULFATE, AL2(SO4)3,1    0.000757          109.29  
01:36:53  INFO        D M Water                       COMPRESSED AIR                    0.077000        11116.97  
01:36:53  INFO        D M Water                       HYDRO CHLORIC ACID (30%) -VIRG    0.000226           32.63  
01:36:53  INFO        D M Water                       POLYELECTROLYTE                   0.000578           83.45  
01:36:53  INFO        D M Water                       Power_Dis                         1.210000       174695.20  
01:36:53  INFO        D M Water                       Ret steam condensate              0.203000        29308.37  
01:36:53  INFO        D M Water                       SODIUM CHLORIDE IS 797 GRADE1     0.000010            1.44  
01:36:53  INFO        D M Water                       Water                             1.050000       151595.01  
01:36:53  INFO        HP Steam PRDS                   Boiler Feed Water                 0.076800          381.85  
01:36:53  INFO        HP Steam PRDS                   SHP Steam_Dis                     0.923200         4590.15  
01:36:53  INFO        HP Steam_Dis                    HP Steam PRDS                     1.000000         4972.00  
01:36:53  INFO        HRSG2_SHP STEAM                 Boiler Feed Water                 1.024000        53545.18  
01:36:53  INFO        HRSG2_SHP STEAM                 CHEM TRISODIUM PHOSPHATE          0.000900           47.06  
01:36:53  INFO        HRSG2_SHP STEAM                 COMPRESSED AIR                    9.853236       515227.78  
01:36:53  INFO        HRSG2_SHP STEAM                 FURNACE OIL ( MEDIUM VISCOSITY    0.000098            5.12  
01:36:53  INFO        HRSG2_SHP STEAM                 LP Steam_Dis                     -0.078000        -4078.64  YES
01:36:53  INFO        HRSG2_SHP STEAM                 NATURAL GAS                       2.954424       154487.45  
01:36:53  INFO        HRSG2_SHP STEAM                 Water                             0.002660          139.09  
01:36:53  INFO        HRSG3_SHP STEAM                 Boiler Feed Water                 1.024000        53545.18  
01:36:53  INFO        HRSG3_SHP STEAM                 CHEM TRISODIUM PHOSPHATE          0.000900           47.06  
01:36:53  INFO        HRSG3_SHP STEAM                 COMPRESSED AIR                    9.596520       501804.05  
01:36:53  INFO        HRSG3_SHP STEAM                 FURNACE OIL ( MEDIUM VISCOSITY    0.000098            5.12  
01:36:53  INFO        HRSG3_SHP STEAM                 LP Steam_Dis                     -0.078000        -4078.64  YES
01:36:53  INFO        HRSG3_SHP STEAM                 NATURAL GAS                       2.954424       154487.45  
01:36:53  INFO        HRSG3_SHP STEAM                 Water                             0.002660          139.09  
01:36:53  INFO        LP Steam PRDS                   Boiler Feed Water                 0.250000         3476.26  
01:36:53  INFO        LP Steam PRDS                   MP Steam_Dis                      0.750000        10428.77  
01:36:53  INFO        LP Steam_Dis                    LP Steam PRDS                     0.359600        14462.06  
01:36:53  INFO        LP Steam_Dis                    STG1_LP STEAM                     0.640400        25755.01  
01:36:53  INFO        MP Steam PRDS SHP               Boiler Feed Water                 0.090000         1761.84  
01:36:53  INFO        MP Steam PRDS SHP               SHP Steam_Dis                     0.910000        17814.19  
01:36:53  INFO        MP Steam_Dis                    MP Steam PRDS SHP                 0.916200        22745.99  
01:36:53  INFO        MP Steam_Dis                    STG1_MP STEAM                     0.083800         2080.46  
01:36:53  INFO        Oxygen                          Cooling Water 2                   0.261000         1510.41  
01:36:53  INFO        Oxygen                          Power_Dis                       968.650000      5605577.55  
01:36:53  INFO        POWERGEN                        COMPRESSED AIR                    0.004011        36102.25  
01:36:53  INFO        POWERGEN                        COMPRESSED AIR                    0.003420        31518.72  
01:36:53  INFO        POWERGEN                        COMPRESSED AIR                    0.003839        31786.92  
01:36:53  INFO        POWERGEN                        COMPRESSED AIR                    0.000000            0.00  
01:36:53  INFO        POWERGEN                        Cooling Water 2                   0.000232         2088.19  
01:36:53  INFO        POWERGEN                        Cooling Water 2                   0.000012          110.59  
01:36:53  INFO        POWERGEN                        Cooling Water 2                   0.000013          107.64  
01:36:53  INFO        POWERGEN                        Cooling Water 2                   0.000000            0.00  
01:36:53  INFO        POWERGEN                        NATURAL GAS                       0.009373        86385.63  
01:36:53  INFO        POWERGEN                        NATURAL GAS                       0.009982        82651.39  
01:36:53  INFO        POWERGEN                        NATURAL GAS                       0.009472            0.00  
01:36:53  INFO        POWERGEN                        Power_Dis                         0.002000        18001.62  
01:36:53  INFO        POWERGEN                        Power_Dis                         0.014000       129024.00  
01:36:53  INFO        POWERGEN                        Power_Dis                         0.014000       115920.00  
01:36:53  INFO        POWERGEN                        Power_Dis                         0.000000            0.00  
01:36:53  INFO        POWERGEN                        SHP Steam_Dis                     0.003615        32537.93  
01:36:53  INFO        Power_Dis                       POWERGEN                          0.186036      8278008.55  
01:36:53  INFO        Power_Dis                       POWERGEN                          0.196717      8753278.97  
01:36:53  INFO        Power_Dis                       POWERGEN                          0.207066      9213776.46  
01:36:53  INFO        Power_Dis                       Power from MEL                    0.410169     18000000.00  
01:36:53  INFO        SHP Steam_Dis                   HRSG2_SHP STEAM                   0.500000        44060.29  
01:36:53  INFO        SHP Steam_Dis                   HRSG3_SHP STEAM                   0.500000        44060.29  
01:36:53  INFO        STG1_LP STEAM                   SHP Steam_Dis                     0.480000        11886.25  
01:36:53  INFO        STG1_MP STEAM                   SHP Steam_Dis                     0.690000         1235.46  
01:36:53  INFO      
01:36:53  INFO        Not yet converged: 30 materials
01:36:53  INFO          Boiler Feed Water               change = 5.7288%
01:36:53  INFO          CAUSTIC SODA LYE – GRADE 1      change = 6.3634%
01:36:53  INFO          CHEM  SODIUM SULPHITE;PN:MIS 19OX  change = 6.3634%
01:36:53  INFO          CHEM ALUM.SULFATE, AL2(SO4)3,18H2O  change = 6.3634%
01:36:53  INFO          CHEM CYCLO HEXY                 change = 3.0519%
01:36:53  INFO          CHEM MORPHOLENE                 change = 3.0519%
01:36:53  INFO          CHEM TRISODIUM PHOSPHATE        change = 5.9825%
01:36:53  INFO          COMPRESSED AIR                  change = 5.5130%
01:36:53  INFO          Cooling Water 2                 change = 1.2656%
01:36:53  INFO          D M Water                       change = 3.0519%
01:36:53  INFO          FURNACE OIL ( MEDIUM VISCOSITY GRADE )  change = 5.9825%
01:36:53  INFO          HRSG2_SHP STEAM                 change = 4.6220%
01:36:53  INFO          HRSG3_SHP STEAM                 change = 4.6220%
01:36:53  INFO          HYDRO CHLORIC ACID (30%) -VIRGIN  change = 6.3634%
01:36:53  INFO          KEM WATREAT B 70M               change = 3.0519%
01:36:53  INFO          LP Steam PRDS                   change = 3.8517%
01:36:53  INFO          LP Steam_Dis                    change = 3.0519%
01:36:53  INFO          MP Steam PRDS SHP               change = 13.9363%
01:36:53  INFO          MP Steam_Dis                    change = 1.4453%
01:36:53  INFO          NATURAL GAS                     change = 3.8669%
01:36:53  INFO          POLYELECTROLYTE                 change = 6.3634%
01:36:53  INFO          POWERGEN                        change = 0.4641%
01:36:53  INFO          Power_Dis                       change = 0.2037%
01:36:53  INFO          Ret steam condensate            change = 6.3634%
01:36:53  INFO          SHP Steam_Dis                   change = 1.3493%
01:36:53  INFO          SODIUM CHLORIDE IS 797 GRADE1   change = 6.3634%
01:36:53  INFO          STG1_LP STEAM                   change = 3.8517%
01:36:53  INFO          STG1_MP STEAM                   change = 13.9363%
01:36:53  INFO          SULPHURIC ACID                  change = 1.0958%
01:36:53  INFO          Water                           change = 1.2978%
01:36:53  INFO        ------------------------------------------------------------------------------------------
01:36:54  INFO        [DISPATCH] Total demand: 44465.81 MWh, Import: 18000.00 MWh, Net for GT/STG: 26465.81 MWh
01:36:55  WARNING     [DISPATCH] No aux power norm for 'NMD-Power Plant-2'; using 0.0
01:36:55  WARNING     [DISPATCH] No aux power norm for 'NMD-Power Plant-3'; using 0.0
01:36:55  WARNING     [DISPATCH] No aux power norm for 'NMD-STG Power Plant'; using 0.0
01:36:55  INFO        ==============================================================================
01:36:55  INFO        POWER DISPATCH  (April 2025)
01:36:55  INFO        ==============================================================================
01:36:55  INFO        Demand:  Process = 44465.81 MWh  |  Fixed = 0.00 MWh  |  Total = 44465.81 MWh
01:36:55  INFO      
01:36:55  INFO        Asset                      Priority    Min MW    Max MW     Hours   Dispatched MW  Dispatched MWh    Load %  Free Steam MT  Aux Power MWh
01:36:55  INFO        -------------------------  --------  --------  --------  --------  --------------  --------------  --------  ------------  ------------
01:36:55  INFO        NMD-Power Plant-2                 1      5.00     11.50    720.00           11.50         8280.00    100.0%      16311.60          0.00
01:36:55  INFO        NMD-Power Plant-3                 1      5.00     12.80    720.00           12.80         9216.00    100.0%      18155.52          0.00
01:36:55  INFO        NMD-STG Power Plant               2      6.00     14.50    720.00           12.46         8969.81     85.9%          0.00          0.00
01:36:55  INFO        TOTAL                                                                                    26465.81                34467.12          0.00
01:36:55  INFO        DEFICIT: 18000.00 MWh under-generation
01:36:55  INFO        ==============================================================================
01:36:55  INFO        [STG EXTRACTION] STG Load: 12.46 MW, LP Extraction: 20859.89 MT, MP Extraction: 2799.55 MT
01:36:55  INFO        ==============================================================================
01:36:55  INFO        STEAM DISPATCH  (April 2025)
01:36:55  INFO        ==============================================================================
01:36:55  INFO        Grade      Process/Fixed MT  Letdown MT  Byproduct MT     Net Demand MT
01:36:55  INFO        ---------  ----------------  ----------  ------------  ----------------
01:36:55  INFO        MP                 24977.17    16633.21          0.00          22177.62
01:36:55  INFO        SHP                89038.97    97556.56          0.00         105672.19
01:36:55  INFO      
01:36:55  INFO        Total Free Steam available: 34467.12 MT
01:36:55  INFO      
01:36:55  INFO        FINAL SUPPLEMENTARY FIRING DISPATCH
01:36:55  INFO        Asset                      Priority     Min TPH     Max TPH     Hours  Dispatched TPH   Dispatched MT    Load %
01:36:55  INFO        -------------------------  --------  ----------  ----------  --------  --------------  --------------  --------
01:36:55  INFO        HRSG-1                          999       60.00      136.00      0.00            0.00            0.00      0.0%
01:36:55  INFO        HRSG-2                            1       37.34      113.34    720.00           50.73        36524.49     54.0%
01:36:55  INFO        HRSG-3                            1       34.78      110.78    720.00           48.17        34680.57     54.0%
01:36:55  INFO        TOTAL SUPPLEMENTARY                                                                          71205.06          
01:36:55  INFO        TOTAL STEAM GENERATED                                                                       105672.18          
01:36:55  INFO        DEFICIT: 0.01 MT
01:36:55  INFO        ==============================================================================
01:36:55  INFO        [REVERSE NG] Found GT asset: NMD-Power Plant-3, plant: NMD - Power Plant 3, heat_rate: 3862.56, free_steam: 1.97
01:36:55  INFO        [REVERSE NG] NMD - Power Plant 3: gen_qty=9216000 KWH, heat_rate=3862.56, free_steam=1.9700, consumed=86385.63 MMBTU (REVERSE)
01:36:55  INFO        [REVERSE NG] Found GT asset: NMD-Power Plant-2, plant: NMD - Power Plant 2, heat_rate: 4016.03, free_steam: 1.97
01:36:55  INFO        [REVERSE NG] NMD - Power Plant 2: gen_qty=8280000 KWH, heat_rate=4016.03, free_steam=1.9700, consumed=82651.39 MMBTU (REVERSE)
01:36:55  INFO        [REVERSE NG HRSG] Found HRSG: HRSG-2, supp_steam=36524.49 MT, free_steam=16311.60 MT, total_steam=52836.09 MT
01:36:55  INFO        [REVERSE NG HRSG] HRSG2_SHP STEAM: total_steam=52836.09 MT, norm=2.954424, consumed=156100.21 MMBTU (REVERSE, BPC method)
01:36:55  INFO        [REVERSE NG HRSG] Found HRSG: HRSG-3, supp_steam=34680.57 MT, free_steam=18155.52 MT, total_steam=52836.09 MT
01:36:55  INFO        [REVERSE NG HRSG] HRSG3_SHP STEAM: total_steam=52836.09 MT, norm=2.954424, consumed=156100.21 MMBTU (REVERSE, BPC method)
01:36:55  INFO      
01:36:55  INFO        ------------------------------------------------------------------------------------------
01:36:55  INFO        ITERATION 6
01:36:55  INFO        ------------------------------------------------------------------------------------------
01:36:55  INFO        Power:  Demand =    44465807.64 KWH  |  Gen =       26465.81 MWh  |  Surplus =     0.00  |  Deficit =     0.00
01:36:55  INFO        Steam:  Gen =      105672.18 MT  |  Surplus =     0.00  |  Deficit =     0.01
01:36:55  INFO        Power delta: 31004.1891 MWh  |  Converged: NO
01:36:55  INFO      
01:36:55  INFO        Utility                                Total Demand      U4U Demand         Initial    Change %
01:36:55  INFO        -----------------------------------  --------------  --------------  --------------  ----------
01:36:55  INFO        Boiler Feed Water                         112710.30       114252.81            0.00     5.7288%
01:36:55  INFO        COMPRESSED AIR                           7214920.85      1141529.28      6084105.59    85.1908%
01:36:55  INFO        Cooling Water 1                            15194.00            0.00        15194.00   100.0000%
01:36:55  INFO        Cooling Water 2                            13125.64         4110.61         9016.31    69.0885%
01:36:55  INFO        D M Water                                 147164.93        96930.86        55787.00    39.8028%
01:36:55  INFO        HP Steam PRDS                               4972.00         4972.00            0.00     0.0000%
01:36:55  INFO        HP Steam_Dis                                4972.00            0.00         4972.00   100.0000%
01:36:55  INFO        HRSG2_SHP STEAM                            44060.29        44519.49            0.00     4.6220%
01:36:55  INFO        HRSG3_SHP STEAM                            44060.29        44519.49            0.00     4.6220%
01:36:55  INFO        LP Steam PRDS                              14462.06        14631.14            0.00     3.8517%
01:36:55  INFO        LP Steam_Dis                               40687.25        16342.99        25280.51    63.2894%
01:36:55  INFO        MP Steam PRDS SHP                          22745.99        22884.08            0.00    13.9363%
01:36:55  INFO        MP Steam_Dis                               24977.17        10846.54        14548.40    58.8502%
01:36:55  INFO        Nitrogen Gas                             5437630.00            0.00      5437630.00   100.0000% (PT)
01:36:55  INFO        Oxygen                                      5787.00            0.00         5787.00   100.0000%
01:36:55  INFO        POWERGEN                                26245063.98     26226779.59            0.00     0.4641%
01:36:55  INFO        Power_Dis                               44465807.64     15311681.07     29242067.20    65.6933%
01:36:55  INFO        SHP Steam_Dis                              89038.97        71512.78        20975.00    24.5886%
01:36:55  INFO        STG1_LP STEAM                              25755.01        26056.12            0.00     3.8517%
01:36:55  INFO        STG1_MP STEAM                               2080.46         2093.09            0.00    13.9363%
01:36:55  INFO        Water                                     750485.52       473642.85       280371.80    38.1717% (PT)
01:36:55  INFO      
01:36:55  INFO        U4U CONSUMPTION BREAKDOWN (per producer per material):
01:36:55  INFO        Producer                        Material Consumed                     Norm        Quantity  Credit
01:36:55  INFO        ------------------------------  ------------------------------  ----------  --------------  ------
01:36:55  INFO        Boiler Feed Water               CHEM CYCLO HEXY                   0.000100           11.27  
01:36:55  INFO        Boiler Feed Water               CHEM MORPHOLENE                   0.000002            0.23  
01:36:55  INFO        Boiler Feed Water               Cooling Water 2                   0.001070          120.60  
01:36:55  INFO        Boiler Feed Water               D M Water                         0.860000        96930.86  
01:36:55  INFO        Boiler Feed Water               KEM WATREAT B 70M                 0.000570           64.24  
01:36:55  INFO        Boiler Feed Water               LP Steam_Dis                      0.145000        16342.99  
01:36:55  INFO        Boiler Feed Water               Power_Dis                         9.500000      1070747.85  
01:36:55  INFO        COMPRESSED AIR                  Cooling Water 2                   0.000025          180.37  
01:36:55  INFO        COMPRESSED AIR                  Power_Dis                         0.165000      1190461.94  
01:36:55  INFO        Cooling Water 1                 COMPRESSED AIR                    0.108592         1649.95  
01:36:55  INFO        Cooling Water 1                 Power_Dis                       244.999997      3722529.95  
01:36:55  INFO        Cooling Water 1                 SULPHURIC ACID                    0.000158            2.40  
01:36:55  INFO        Cooling Water 1                 Water                            11.050000       167893.70  
01:36:55  INFO        Cooling Water 2                 COMPRESSED AIR                    0.123044         1615.03  
01:36:55  INFO        Cooling Water 2                 Power_Dis                       249.999997      3281410.60  
01:36:55  INFO        Cooling Water 2                 SULPHURIC ACID                    0.000158            2.07  
01:36:55  INFO        Cooling Water 2                 Water                            11.500000       150944.89  
01:36:55  INFO        D M Water                       CAUSTIC SODA LYE – GRADE 1        0.000226           33.26  
01:36:55  INFO        D M Water                       CHEM  SODIUM SULPHITE;PN:MIS 1    0.000701          103.16  
01:36:55  INFO        D M Water                       CHEM ALUM.SULFATE, AL2(SO4)3,1    0.000757          111.40  
01:36:55  INFO        D M Water                       COMPRESSED AIR                    0.077000        11331.70  
01:36:55  INFO        D M Water                       HYDRO CHLORIC ACID (30%) -VIRG    0.000226           33.26  
01:36:55  INFO        D M Water                       POLYELECTROLYTE                   0.000578           85.06  
01:36:55  INFO        D M Water                       Power_Dis                         1.210000       178069.56  
01:36:55  INFO        D M Water                       Ret steam condensate              0.203000        29874.48  
01:36:55  INFO        D M Water                       SODIUM CHLORIDE IS 797 GRADE1     0.000010            1.47  
01:36:55  INFO        D M Water                       Water                             1.050000       154523.17  
01:36:55  INFO        HP Steam PRDS                   Boiler Feed Water                 0.076800          381.85  
01:36:55  INFO        HP Steam PRDS                   SHP Steam_Dis                     0.923200         4590.15  
01:36:55  INFO        HP Steam_Dis                    HP Steam PRDS                     1.000000         4972.00  
01:36:55  INFO        HRSG2_SHP STEAM                 Boiler Feed Water                 1.024000        54104.16  
01:36:55  INFO        HRSG2_SHP STEAM                 CHEM TRISODIUM PHOSPHATE          0.000900           47.55  
01:36:55  INFO        HRSG2_SHP STEAM                 COMPRESSED AIR                    9.853236       520606.46  
01:36:55  INFO        HRSG2_SHP STEAM                 FURNACE OIL ( MEDIUM VISCOSITY    0.000098            5.18  
01:36:55  INFO        HRSG2_SHP STEAM                 LP Steam_Dis                     -0.078000        -4121.22  YES
01:36:55  INFO        HRSG2_SHP STEAM                 NATURAL GAS                       2.954424       156100.21  
01:36:55  INFO        HRSG2_SHP STEAM                 Water                             0.002660          140.54  
01:36:55  INFO        HRSG3_SHP STEAM                 Boiler Feed Water                 1.024000        54104.16  
01:36:55  INFO        HRSG3_SHP STEAM                 CHEM TRISODIUM PHOSPHATE          0.000900           47.55  
01:36:55  INFO        HRSG3_SHP STEAM                 COMPRESSED AIR                    9.596520       507042.59  
01:36:55  INFO        HRSG3_SHP STEAM                 FURNACE OIL ( MEDIUM VISCOSITY    0.000098            5.18  
01:36:55  INFO        HRSG3_SHP STEAM                 LP Steam_Dis                     -0.078000        -4121.22  YES
01:36:55  INFO        HRSG3_SHP STEAM                 NATURAL GAS                       2.954424       156100.21  
01:36:55  INFO        HRSG3_SHP STEAM                 Water                             0.002660          140.54  
01:36:55  INFO        LP Steam PRDS                   Boiler Feed Water                 0.250000         3615.51  
01:36:55  INFO        LP Steam PRDS                   MP Steam_Dis                      0.750000        10846.54  
01:36:55  INFO        LP Steam_Dis                    LP Steam PRDS                     0.359600        14631.14  
01:36:55  INFO        LP Steam_Dis                    STG1_LP STEAM                     0.640400        26056.12  
01:36:55  INFO        MP Steam PRDS SHP               Boiler Feed Water                 0.090000         2047.14  
01:36:55  INFO        MP Steam PRDS SHP               SHP Steam_Dis                     0.910000        20698.85  
01:36:55  INFO        MP Steam_Dis                    MP Steam PRDS SHP                 0.916200        22884.08  
01:36:55  INFO        MP Steam_Dis                    STG1_MP STEAM                     0.083800         2093.09  
01:36:55  INFO        Oxygen                          Cooling Water 2                   0.261000         1510.41  
01:36:55  INFO        Oxygen                          Power_Dis                       968.650000      5605577.55  
01:36:55  INFO        POWERGEN                        COMPRESSED AIR                    0.004011        35977.91  
01:36:55  INFO        POWERGEN                        COMPRESSED AIR                    0.003420        31518.72  
01:36:55  INFO        POWERGEN                        COMPRESSED AIR                    0.003839        31786.92  
01:36:55  INFO        POWERGEN                        COMPRESSED AIR                    0.000000            0.00  
01:36:55  INFO        POWERGEN                        Cooling Water 2                   0.000232         2081.00  
01:36:55  INFO        POWERGEN                        Cooling Water 2                   0.000012          110.59  
01:36:55  INFO        POWERGEN                        Cooling Water 2                   0.000013          107.64  
01:36:55  INFO        POWERGEN                        Cooling Water 2                   0.000000            0.00  
01:36:55  INFO        POWERGEN                        NATURAL GAS                       0.009373        86385.63  
01:36:55  INFO        POWERGEN                        NATURAL GAS                       0.009982        82651.39  
01:36:55  INFO        POWERGEN                        NATURAL GAS                       0.009472            0.00  
01:36:55  INFO        POWERGEN                        Power_Dis                         0.002000        17939.62  
01:36:55  INFO        POWERGEN                        Power_Dis                         0.014000       129024.00  
01:36:55  INFO        POWERGEN                        Power_Dis                         0.014000       115920.00  
01:36:55  INFO        POWERGEN                        Power_Dis                         0.000000            0.00  
01:36:55  INFO        POWERGEN                        SHP Steam_Dis                     0.003615        32425.86  
01:36:55  INFO        Power_Dis                       POWERGEN                          0.186036      8272241.43  
01:36:55  INFO        Power_Dis                       POWERGEN                          0.196717      8747180.75  
01:36:55  INFO        Power_Dis                       POWERGEN                          0.207066      9207357.41  
01:36:55  INFO        Power_Dis                       Power from MEL                    0.410169     18000000.00  
01:36:55  INFO        SHP Steam_Dis                   HRSG2_SHP STEAM                   0.500000        44519.49  
01:36:55  INFO        SHP Steam_Dis                   HRSG3_SHP STEAM                   0.500000        44519.49  
01:36:55  INFO        STG1_LP STEAM                   SHP Steam_Dis                     0.480000        12362.40  
01:36:55  INFO        STG1_MP STEAM                   SHP Steam_Dis                     0.690000         1435.51  
01:36:55  INFO      
01:36:55  INFO        Not yet converged: 30 materials
01:36:55  INFO          Boiler Feed Water               change = 1.3501%
01:36:55  INFO          CAUSTIC SODA LYE – GRADE 1      change = 1.8950%
01:36:55  INFO          CHEM  SODIUM SULPHITE;PN:MIS 19OX  change = 1.8950%
01:36:55  INFO          CHEM ALUM.SULFATE, AL2(SO4)3,18H2O  change = 1.8950%
01:36:55  INFO          CHEM CYCLO HEXY                 change = 5.7288%
01:36:55  INFO          CHEM MORPHOLENE                 change = 5.7288%
01:36:55  INFO          CHEM TRISODIUM PHOSPHATE        change = 1.0332%
01:36:55  INFO          COMPRESSED AIR                  change = 0.9386%
01:36:55  INFO          Cooling Water 2                 change = 0.0310%
01:36:55  INFO          D M Water                       change = 5.7288%
01:36:55  INFO          FURNACE OIL ( MEDIUM VISCOSITY GRADE )  change = 1.0332%
01:36:55  INFO          HRSG2_SHP STEAM                 change = 1.0315%
01:36:55  INFO          HRSG3_SHP STEAM                 change = 1.0315%
01:36:55  INFO          HYDRO CHLORIC ACID (30%) -VIRGIN  change = 1.8950%
01:36:55  INFO          KEM WATREAT B 70M               change = 5.7288%
01:36:55  INFO          LP Steam PRDS                   change = 1.1556%
01:36:55  INFO          LP Steam_Dis                    change = 5.7288%
01:36:55  INFO          MP Steam PRDS SHP               change = 0.6034%
01:36:55  INFO          MP Steam_Dis                    change = 3.8517%
01:36:55  INFO          NATURAL GAS                     change = 0.6703%
01:36:55  INFO          POLYELECTROLYTE                 change = 1.8950%
01:36:55  INFO          POWERGEN                        change = 0.0697%
01:36:55  INFO          Power_Dis                       change = 0.5743%
01:36:55  INFO          Ret steam condensate            change = 1.8950%
01:36:55  INFO          SHP Steam_Dis                   change = 4.8226%
01:36:55  INFO          SODIUM CHLORIDE IS 797 GRADE1   change = 1.8950%
01:36:55  INFO          STG1_LP STEAM                   change = 1.1556%
01:36:55  INFO          STG1_MP STEAM                   change = 0.6034%
01:36:55  INFO          SULPHURIC ACID                  change = 0.1836%
01:36:55  INFO          Water                           change = 0.7451%
01:36:55  INFO        ------------------------------------------------------------------------------------------
01:36:56  INFO        [DISPATCH] Total demand: 44553.75 MWh, Import: 18000.00 MWh, Net for GT/STG: 26553.75 MWh
01:36:56  WARNING     [DISPATCH] No aux power norm for 'NMD-Power Plant-2'; using 0.0
01:36:56  WARNING     [DISPATCH] No aux power norm for 'NMD-Power Plant-3'; using 0.0
01:36:56  WARNING     [DISPATCH] No aux power norm for 'NMD-STG Power Plant'; using 0.0
01:36:56  INFO        ==============================================================================
01:36:56  INFO        POWER DISPATCH  (April 2025)
01:36:56  INFO        ==============================================================================
01:36:56  INFO        Demand:  Process = 44553.75 MWh  |  Fixed = 0.00 MWh  |  Total = 44553.75 MWh
01:36:56  INFO      
01:36:56  INFO        Asset                      Priority    Min MW    Max MW     Hours   Dispatched MW  Dispatched MWh    Load %  Free Steam MT  Aux Power MWh
01:36:56  INFO        -------------------------  --------  --------  --------  --------  --------------  --------------  --------  ------------  ------------
01:36:56  INFO        NMD-Power Plant-2                 1      5.00     11.50    720.00           11.50         8280.00    100.0%      16311.60          0.00
01:36:56  INFO        NMD-Power Plant-3                 1      5.00     12.80    720.00           12.80         9216.00    100.0%      18155.52          0.00
01:36:56  INFO        NMD-STG Power Plant               2      6.00     14.50    720.00           12.58         9057.75     86.8%          0.00          0.00
01:36:56  INFO        TOTAL                                                                                    26553.75                34467.12          0.00
01:36:56  INFO        DEFICIT: 18000.00 MWh under-generation
01:36:56  INFO        ==============================================================================
01:36:57  INFO        [STG EXTRACTION] STG Load: 12.58 MW, LP Extraction: 20880.00 MT, MP Extraction: 2880.00 MT
01:36:57  INFO        ==============================================================================
01:36:57  INFO        STEAM DISPATCH  (April 2025)
01:36:57  INFO        ==============================================================================
01:36:57  INFO        Grade      Process/Fixed MT  Letdown MT  Byproduct MT     Net Demand MT
01:36:57  INFO        ---------  ----------------  ----------  ------------  ----------------
01:36:57  INFO        MP                 25394.94    16886.21          0.00          22514.94
01:36:57  INFO        SHP                92487.78   100974.07          0.00         109373.99
01:36:57  INFO      
01:36:57  INFO        Total Free Steam available: 34467.12 MT
01:36:57  INFO      
01:36:57  INFO        FINAL SUPPLEMENTARY FIRING DISPATCH
01:36:57  INFO        Asset                      Priority     Min TPH     Max TPH     Hours  Dispatched TPH   Dispatched MT    Load %
01:36:57  INFO        -------------------------  --------  ----------  ----------  --------  --------------  --------------  --------
01:36:57  INFO        HRSG-1                          999       60.00      136.00      0.00            0.00            0.00      0.0%
01:36:57  INFO        HRSG-2                            1       37.34      113.34    720.00           53.30        38375.39     55.8%
01:36:57  INFO        HRSG-3                            1       34.78      110.78    720.00           50.74        36531.47     55.8%
01:36:57  INFO        TOTAL SUPPLEMENTARY                                                                          74906.86          
01:36:57  INFO        TOTAL STEAM GENERATED                                                                       109373.98          
01:36:57  INFO        DEFICIT: 0.01 MT
01:36:57  INFO        ==============================================================================
01:36:57  INFO        [REVERSE NG] Found GT asset: NMD-Power Plant-3, plant: NMD - Power Plant 3, heat_rate: 3862.56, free_steam: 1.97
01:36:57  INFO        [REVERSE NG] NMD - Power Plant 3: gen_qty=9216000 KWH, heat_rate=3862.56, free_steam=1.9700, consumed=86385.63 MMBTU (REVERSE)
01:36:57  INFO        [REVERSE NG] Found GT asset: NMD-Power Plant-2, plant: NMD - Power Plant 2, heat_rate: 4016.03, free_steam: 1.97
01:36:57  INFO        [REVERSE NG] NMD - Power Plant 2: gen_qty=8280000 KWH, heat_rate=4016.03, free_steam=1.9700, consumed=82651.39 MMBTU (REVERSE)
01:36:57  INFO        [REVERSE NG HRSG] Found HRSG: HRSG-2, supp_steam=38375.39 MT, free_steam=16311.60 MT, total_steam=54686.99 MT
01:36:57  INFO        [REVERSE NG HRSG] HRSG2_SHP STEAM: total_steam=54686.99 MT, norm=2.954424, consumed=161568.56 MMBTU (REVERSE, BPC method)
01:36:57  INFO        [REVERSE NG HRSG] Found HRSG: HRSG-3, supp_steam=36531.47 MT, free_steam=18155.52 MT, total_steam=54686.99 MT
01:36:57  INFO        [REVERSE NG HRSG] HRSG3_SHP STEAM: total_steam=54686.99 MT, norm=2.954424, consumed=161568.56 MMBTU (REVERSE, BPC method)
01:36:57  INFO      
01:36:57  INFO        ------------------------------------------------------------------------------------------
01:36:57  INFO        ITERATION 7
01:36:57  INFO        ------------------------------------------------------------------------------------------
01:36:57  INFO        Power:  Demand =    44553748.27 KWH  |  Gen =       26553.75 MWh  |  Surplus =     0.00  |  Deficit =     0.00
01:36:57  INFO        Steam:  Gen =      109373.98 MT  |  Surplus =     0.00  |  Deficit =     0.01
01:36:57  INFO        Power delta: 87940.6294 MWh  |  Converged: NO
01:36:57  INFO      
01:36:57  INFO        Utility                                Total Demand      U4U Demand         Initial    Change %
01:36:57  INFO        -----------------------------------  --------------  --------------  --------------  ----------
01:36:57  INFO        Boiler Feed Water                         114252.81       118098.16            0.00     1.3501%
01:36:57  INFO        COMPRESSED AIR                           7225634.87      1178309.30      6084105.59    84.3500%
01:36:57  INFO        Cooling Water 1                            15194.00            0.00        15194.00   100.0000%
01:36:57  INFO        Cooling Water 2                            13126.92         4132.93         9016.31    68.6954%
01:36:57  INFO        D M Water                                 152717.86        98257.42        55787.00    40.1655%
01:36:57  INFO        HP Steam PRDS                               4972.00         4972.00            0.00     0.0000%
01:36:57  INFO        HP Steam_Dis                                4972.00            0.00         4972.00   100.0000%
01:36:57  INFO        HRSG2_SHP STEAM                            44519.49        46243.89            0.00     1.0315%
01:36:57  INFO        HRSG3_SHP STEAM                            44519.49        46243.89            0.00     1.0315%
01:36:57  INFO        LP Steam PRDS                              14631.14        14967.81            0.00     1.1556%
01:36:57  INFO        LP Steam_Dis                               41623.50        16566.66        25280.51    62.9855%
01:36:57  INFO        MP Steam PRDS SHP                          22884.08        23266.85            0.00     0.6034%
01:36:57  INFO        MP Steam_Dis                               25394.94        10973.35        14548.40    58.9337%
01:36:57  INFO        Nitrogen Gas                             5437630.00            0.00      5437630.00   100.0000% (PT)
01:36:57  INFO        Oxygen                                      5787.00            0.00         5787.00   100.0000%
01:36:57  INFO        POWERGEN                                26226779.59     26278648.27            0.00     0.0697%
01:36:57  INFO        Power_Dis                               44553748.27     15335316.56     29242067.20    65.8306%
01:36:57  INFO        SHP Steam_Dis                              92487.78        72109.60        20975.00    26.4076%
01:36:57  INFO        STG1_LP STEAM                              26056.12        26655.69            0.00     1.1556%
01:36:57  INFO        STG1_MP STEAM                               2093.09         2128.10            0.00     0.6034%
01:36:57  INFO        Water                                     754014.65       479497.94       280371.80    37.6519% (PT)
01:36:57  INFO      
01:36:57  INFO        U4U CONSUMPTION BREAKDOWN (per producer per material):
01:36:57  INFO        Producer                        Material Consumed                     Norm        Quantity  Credit
01:36:57  INFO        ------------------------------  ------------------------------  ----------  --------------  ------
01:36:57  INFO        Boiler Feed Water               CHEM CYCLO HEXY                   0.000100           11.43  
01:36:57  INFO        Boiler Feed Water               CHEM MORPHOLENE                   0.000002            0.23  
01:36:57  INFO        Boiler Feed Water               Cooling Water 2                   0.001070          122.25  
01:36:57  INFO        Boiler Feed Water               D M Water                         0.860000        98257.42  
01:36:57  INFO        Boiler Feed Water               KEM WATREAT B 70M                 0.000570           65.12  
01:36:57  INFO        Boiler Feed Water               LP Steam_Dis                      0.145000        16566.66  
01:36:57  INFO        Boiler Feed Water               Power_Dis                         9.500000      1085401.74  
01:36:57  INFO        COMPRESSED AIR                  Cooling Water 2                   0.000025          180.64  
01:36:57  INFO        COMPRESSED AIR                  Power_Dis                         0.165000      1192229.75  
01:36:57  INFO        Cooling Water 1                 COMPRESSED AIR                    0.108592         1649.95  
01:36:57  INFO        Cooling Water 1                 Power_Dis                       244.999997      3722529.95  
01:36:57  INFO        Cooling Water 1                 SULPHURIC ACID                    0.000158            2.40  
01:36:57  INFO        Cooling Water 1                 Water                            11.050000       167893.70  
01:36:57  INFO        Cooling Water 2                 COMPRESSED AIR                    0.123044         1615.19  
01:36:57  INFO        Cooling Water 2                 Power_Dis                       249.999997      3281729.45  
01:36:57  INFO        Cooling Water 2                 SULPHURIC ACID                    0.000158            2.07  
01:36:57  INFO        Cooling Water 2                 Water                            11.500000       150959.56  
01:36:57  INFO        D M Water                       CAUSTIC SODA LYE – GRADE 1        0.000226           34.51  
01:36:57  INFO        D M Water                       CHEM  SODIUM SULPHITE;PN:MIS 1    0.000701          107.06  
01:36:57  INFO        D M Water                       CHEM ALUM.SULFATE, AL2(SO4)3,1    0.000757          115.61  
01:36:57  INFO        D M Water                       COMPRESSED AIR                    0.077000        11759.28  
01:36:57  INFO        D M Water                       HYDRO CHLORIC ACID (30%) -VIRG    0.000226           34.51  
01:36:57  INFO        D M Water                       POLYELECTROLYTE                   0.000578           88.27  
01:36:57  INFO        D M Water                       Power_Dis                         1.210000       184788.61  
01:36:57  INFO        D M Water                       Ret steam condensate              0.203000        31001.73  
01:36:57  INFO        D M Water                       SODIUM CHLORIDE IS 797 GRADE1     0.000010            1.53  
01:36:57  INFO        D M Water                       Water                             1.050000       160353.75  
01:36:57  INFO        HP Steam PRDS                   Boiler Feed Water                 0.076800          381.85  
01:36:57  INFO        HP Steam PRDS                   SHP Steam_Dis                     0.923200         4590.15  
01:36:57  INFO        HP Steam_Dis                    HP Steam PRDS                     1.000000         4972.00  
01:36:57  INFO        HRSG2_SHP STEAM                 Boiler Feed Water                 1.024000        55999.48  
01:36:57  INFO        HRSG2_SHP STEAM                 CHEM TRISODIUM PHOSPHATE          0.000900           49.22  
01:36:57  INFO        HRSG2_SHP STEAM                 COMPRESSED AIR                    9.853236       538843.82  
01:36:57  INFO        HRSG2_SHP STEAM                 FURNACE OIL ( MEDIUM VISCOSITY    0.000098            5.36  
01:36:57  INFO        HRSG2_SHP STEAM                 LP Steam_Dis                     -0.078000        -4265.59  YES
01:36:57  INFO        HRSG2_SHP STEAM                 NATURAL GAS                       2.954424       161568.56  
01:36:57  INFO        HRSG2_SHP STEAM                 Water                             0.002660          145.47  
01:36:57  INFO        HRSG3_SHP STEAM                 Boiler Feed Water                 1.024000        55999.48  
01:36:57  INFO        HRSG3_SHP STEAM                 CHEM TRISODIUM PHOSPHATE          0.000900           49.22  
01:36:57  INFO        HRSG3_SHP STEAM                 COMPRESSED AIR                    9.596520       524804.79  
01:36:57  INFO        HRSG3_SHP STEAM                 FURNACE OIL ( MEDIUM VISCOSITY    0.000098            5.36  
01:36:57  INFO        HRSG3_SHP STEAM                 LP Steam_Dis                     -0.078000        -4265.59  YES
01:36:57  INFO        HRSG3_SHP STEAM                 NATURAL GAS                       2.954424       161568.56  
01:36:57  INFO        HRSG3_SHP STEAM                 Water                             0.002660          145.47  
01:36:57  INFO        LP Steam PRDS                   Boiler Feed Water                 0.250000         3657.78  
01:36:57  INFO        LP Steam PRDS                   MP Steam_Dis                      0.750000        10973.35  
01:36:57  INFO        LP Steam_Dis                    LP Steam PRDS                     0.359600        14967.81  
01:36:57  INFO        LP Steam_Dis                    STG1_LP STEAM                     0.640400        26655.69  
01:36:57  INFO        MP Steam PRDS SHP               Boiler Feed Water                 0.090000         2059.57  
01:36:57  INFO        MP Steam PRDS SHP               SHP Steam_Dis                     0.910000        20824.52  
01:36:57  INFO        MP Steam_Dis                    MP Steam PRDS SHP                 0.916200        23266.85  
01:36:57  INFO        MP Steam_Dis                    STG1_MP STEAM                     0.083800         2128.10  
01:36:57  INFO        Oxygen                          Cooling Water 2                   0.261000         1510.41  
01:36:57  INFO        Oxygen                          Power_Dis                       968.650000      5605577.55  
01:36:57  INFO        POWERGEN                        COMPRESSED AIR                    0.004011        36330.64  
01:36:57  INFO        POWERGEN                        COMPRESSED AIR                    0.003420        31518.72  
01:36:57  INFO        POWERGEN                        COMPRESSED AIR                    0.003839        31786.92  
01:36:57  INFO        POWERGEN                        COMPRESSED AIR                    0.000000            0.00  
01:36:57  INFO        POWERGEN                        Cooling Water 2                   0.000232         2101.40  
01:36:57  INFO        POWERGEN                        Cooling Water 2                   0.000012          110.59  
01:36:57  INFO        POWERGEN                        Cooling Water 2                   0.000013          107.64  
01:36:57  INFO        POWERGEN                        Cooling Water 2                   0.000000            0.00  
01:36:57  INFO        POWERGEN                        NATURAL GAS                       0.009373        86385.63  
01:36:57  INFO        POWERGEN                        NATURAL GAS                       0.009982        82651.39  
01:36:57  INFO        POWERGEN                        NATURAL GAS                       0.009472            0.00  
01:36:57  INFO        POWERGEN                        Power_Dis                         0.002000        18115.50  
01:36:57  INFO        POWERGEN                        Power_Dis                         0.014000       129024.00  
01:36:57  INFO        POWERGEN                        Power_Dis                         0.014000       115920.00  
01:36:57  INFO        POWERGEN                        Power_Dis                         0.000000            0.00  
01:36:57  INFO        POWERGEN                        SHP Steam_Dis                     0.003615        32743.77  
01:36:57  INFO        Power_Dis                       POWERGEN                          0.186036      8288601.44  
01:36:57  INFO        Power_Dis                       POWERGEN                          0.196717      8764480.04  
01:36:57  INFO        Power_Dis                       POWERGEN                          0.207066      9225566.80  
01:36:57  INFO        Power_Dis                       Power from MEL                    0.410169     18000000.00  
01:36:57  INFO        SHP Steam_Dis                   HRSG2_SHP STEAM                   0.500000        46243.89  
01:36:57  INFO        SHP Steam_Dis                   HRSG3_SHP STEAM                   0.500000        46243.89  
01:36:57  INFO        STG1_LP STEAM                   SHP Steam_Dis                     0.480000        12506.94  
01:36:57  INFO        STG1_MP STEAM                   SHP Steam_Dis                     0.690000         1444.23  
01:36:57  INFO      
01:36:57  INFO        Not yet converged: 29 materials
01:36:57  INFO          Boiler Feed Water               change = 3.2561%
01:36:57  INFO          CAUSTIC SODA LYE – GRADE 1      change = 3.6361%
01:36:57  INFO          CHEM  SODIUM SULPHITE;PN:MIS 19OX  change = 3.6361%
01:36:57  INFO          CHEM ALUM.SULFATE, AL2(SO4)3,18H2O  change = 3.6361%
01:36:57  INFO          CHEM CYCLO HEXY                 change = 1.3501%
01:36:57  INFO          CHEM MORPHOLENE                 change = 1.3501%
01:36:57  INFO          CHEM TRISODIUM PHOSPHATE        change = 3.3845%
01:36:57  INFO          COMPRESSED AIR                  change = 3.1214%
01:36:57  INFO          Cooling Water 2                 change = 0.5401%
01:36:57  INFO          D M Water                       change = 1.3501%
01:36:57  INFO          FURNACE OIL ( MEDIUM VISCOSITY GRADE )  change = 3.3845%
01:36:57  INFO          HRSG2_SHP STEAM                 change = 3.7289%
01:36:57  INFO          HRSG3_SHP STEAM                 change = 3.7289%
01:36:57  INFO          HYDRO CHLORIC ACID (30%) -VIRGIN  change = 3.6361%
01:36:57  INFO          KEM WATREAT B 70M               change = 1.3501%
01:36:57  INFO          LP Steam PRDS                   change = 2.2493%
01:36:57  INFO          LP Steam_Dis                    change = 1.3501%
01:36:57  INFO          MP Steam PRDS SHP               change = 1.6451%
01:36:57  INFO          MP Steam_Dis                    change = 1.1556%
01:36:57  INFO          NATURAL GAS                     change = 2.2221%
01:36:57  INFO          POLYELECTROLYTE                 change = 3.6361%
01:36:57  INFO          POWERGEN                        change = 0.1974%
01:36:57  INFO          Power_Dis                       change = 0.1541%
01:36:57  INFO          Ret steam condensate            change = 3.6361%
01:36:57  INFO          SHP Steam_Dis                   change = 0.8277%
01:36:57  INFO          SODIUM CHLORIDE IS 797 GRADE1   change = 3.6361%
01:36:57  INFO          STG1_LP STEAM                   change = 2.2493%
01:36:57  INFO          STG1_MP STEAM                   change = 1.6451%
01:36:57  INFO          Water                           change = 1.2211%
01:36:57  INFO        ------------------------------------------------------------------------------------------
01:36:58  INFO        [DISPATCH] Total demand: 44577.38 MWh, Import: 18000.00 MWh, Net for GT/STG: 26577.38 MWh
01:36:58  WARNING     [DISPATCH] No aux power norm for 'NMD-Power Plant-2'; using 0.0
01:36:58  WARNING     [DISPATCH] No aux power norm for 'NMD-Power Plant-3'; using 0.0
01:36:58  WARNING     [DISPATCH] No aux power norm for 'NMD-STG Power Plant'; using 0.0
01:36:58  INFO        ==============================================================================
01:36:58  INFO        POWER DISPATCH  (April 2025)
01:36:58  INFO        ==============================================================================
01:36:58  INFO        Demand:  Process = 44577.38 MWh  |  Fixed = 0.00 MWh  |  Total = 44577.38 MWh
01:36:58  INFO      
01:36:58  INFO        Asset                      Priority    Min MW    Max MW     Hours   Dispatched MW  Dispatched MWh    Load %  Free Steam MT  Aux Power MWh
01:36:58  INFO        -------------------------  --------  --------  --------  --------  --------------  --------------  --------  ------------  ------------
01:36:58  INFO        NMD-Power Plant-2                 1      5.00     11.50    720.00           11.50         8280.00    100.0%      16311.60          0.00
01:36:58  INFO        NMD-Power Plant-3                 1      5.00     12.80    720.00           12.80         9216.00    100.0%      18155.52          0.00
01:36:58  INFO        NMD-STG Power Plant               2      6.00     14.50    720.00           12.61         9081.38     87.0%          0.00          0.00
01:36:58  INFO        TOTAL                                                                                    26577.38                34467.12          0.00
01:36:58  INFO        DEFICIT: 18000.00 MWh under-generation
01:36:58  INFO        ==============================================================================
01:36:58  INFO        [STG EXTRACTION] STG Load: 12.61 MW, LP Extraction: 20880.00 MT, MP Extraction: 2880.00 MT
01:36:58  INFO        ==============================================================================
01:36:58  INFO        STEAM DISPATCH  (April 2025)
01:36:58  INFO        ==============================================================================
01:36:58  INFO        Grade      Process/Fixed MT  Letdown MT  Byproduct MT     Net Demand MT
01:36:58  INFO        ---------  ----------------  ----------  ------------  ----------------
01:36:58  INFO        MP                 25521.75    16981.31          0.00          22641.75
01:36:58  INFO        SHP                93084.60   101612.85          0.00         110065.91
01:36:58  INFO      
01:36:58  INFO        Total Free Steam available: 34467.12 MT
01:36:58  INFO      
01:36:58  INFO        FINAL SUPPLEMENTARY FIRING DISPATCH
01:36:58  INFO        Asset                      Priority     Min TPH     Max TPH     Hours  Dispatched TPH   Dispatched MT    Load %
01:36:58  INFO        -------------------------  --------  ----------  ----------  --------  --------------  --------------  --------
01:36:58  INFO        HRSG-1                          999       60.00      136.00      0.00            0.00            0.00      0.0%
01:36:58  INFO        HRSG-2                            1       37.34      113.34    720.00           53.78        38721.36     56.2%
01:36:58  INFO        HRSG-3                            1       34.78      110.78    720.00           51.22        36877.44     56.2%
01:36:58  INFO        TOTAL SUPPLEMENTARY                                                                          75598.80          
01:36:58  INFO        TOTAL STEAM GENERATED                                                                       110065.92          
01:36:58  INFO        SURPLUS: 0.01 MT
01:36:58  INFO        ==============================================================================
01:36:59  INFO        [REVERSE NG] Found GT asset: NMD-Power Plant-3, plant: NMD - Power Plant 3, heat_rate: 3862.56, free_steam: 1.97
01:36:59  INFO        [REVERSE NG] NMD - Power Plant 3: gen_qty=9216000 KWH, heat_rate=3862.56, free_steam=1.9700, consumed=86385.63 MMBTU (REVERSE)
01:36:59  INFO        [REVERSE NG] Found GT asset: NMD-Power Plant-2, plant: NMD - Power Plant 2, heat_rate: 4016.03, free_steam: 1.97
01:36:59  INFO        [REVERSE NG] NMD - Power Plant 2: gen_qty=8280000 KWH, heat_rate=4016.03, free_steam=1.9700, consumed=82651.39 MMBTU (REVERSE)
01:36:59  INFO        [REVERSE NG HRSG] Found HRSG: HRSG-2, supp_steam=38721.36 MT, free_steam=16311.60 MT, total_steam=55032.96 MT
01:36:59  INFO        [REVERSE NG HRSG] HRSG2_SHP STEAM: total_steam=55032.96 MT, norm=2.954424, consumed=162590.70 MMBTU (REVERSE, BPC method)
01:36:59  INFO        [REVERSE NG HRSG] Found HRSG: HRSG-3, supp_steam=36877.44 MT, free_steam=18155.52 MT, total_steam=55032.96 MT
01:36:59  INFO        [REVERSE NG HRSG] HRSG3_SHP STEAM: total_steam=55032.96 MT, norm=2.954424, consumed=162590.70 MMBTU (REVERSE, BPC method)
01:36:59  INFO      
01:36:59  INFO        ------------------------------------------------------------------------------------------
01:36:59  INFO        ITERATION 8
01:36:59  INFO        ------------------------------------------------------------------------------------------
01:36:59  INFO        Power:  Demand =    44577383.76 KWH  |  Gen =       26577.38 MWh  |  Surplus =     0.00  |  Deficit =     0.00
01:36:59  INFO        Steam:  Gen =      110065.92 MT  |  Surplus =     0.01  |  Deficit =     0.00
01:36:59  INFO        Power delta: 23635.4878 MWh  |  Converged: NO
01:36:59  INFO      
01:36:59  INFO        Utility                                Total Demand      U4U Demand         Initial    Change %
01:36:59  INFO        -----------------------------------  --------------  --------------  --------------  ----------
01:36:59  INFO        Boiler Feed Water                         118098.16       118925.32            0.00     3.2561%
01:36:59  INFO        COMPRESSED AIR                           7262414.89      1185238.00      6084105.59    84.2817%
01:36:59  INFO        Cooling Water 1                            15194.00            0.00        15194.00   100.0000%
01:36:59  INFO        Cooling Water 2                            13149.24         4143.44         9016.31    68.7388%
01:36:59  INFO        D M Water                                 154044.42       101564.41        55787.00    37.0760%
01:36:59  INFO        HP Steam PRDS                               4972.00         4972.00            0.00     0.0000%
01:36:59  INFO        HP Steam_Dis                                4972.00            0.00         4972.00   100.0000%
01:36:59  INFO        HRSG2_SHP STEAM                            46243.89        46542.30            0.00     3.7289%
01:36:59  INFO        HRSG3_SHP STEAM                            46243.89        46542.30            0.00     3.7289%
01:36:59  INFO        LP Steam PRDS                              14967.81        15048.24            0.00     2.2493%
01:36:59  INFO        LP Steam_Dis                               41847.17        17124.23        25280.51    60.9460%
01:36:59  INFO        MP Steam PRDS SHP                          23266.85        23383.03            0.00     1.6451%
01:36:59  INFO        MP Steam_Dis                               25521.75        11225.86        14548.40    57.5008%
01:36:59  INFO        Nitrogen Gas                             5437630.00            0.00      5437630.00   100.0000% (PT)
01:36:59  INFO        Oxygen                                      5787.00            0.00         5787.00   100.0000%
01:36:59  INFO        POWERGEN                                26278648.27     26292585.69            0.00     0.1974%
01:36:59  INFO        Power_Dis                               44577383.76     15385148.52     29242067.20    65.6515%
01:36:59  INFO        SHP Steam_Dis                              93084.60        72855.29        20975.00    23.1744%
01:36:59  INFO        STG1_LP STEAM                              26655.69        26798.93            0.00     2.2493%
01:36:59  INFO        STG1_MP STEAM                               2128.10         2138.72            0.00     1.6451%
01:36:59  INFO        Water                                     759869.74       481149.36       280371.80    37.6679% (PT)
01:36:59  INFO      
01:36:59  INFO        U4U CONSUMPTION BREAKDOWN (per producer per material):
01:36:59  INFO        Producer                        Material Consumed                     Norm        Quantity  Credit
01:36:59  INFO        ------------------------------  ------------------------------  ----------  --------------  ------
01:36:59  INFO        Boiler Feed Water               CHEM CYCLO HEXY                   0.000100           11.81  
01:36:59  INFO        Boiler Feed Water               CHEM MORPHOLENE                   0.000002            0.24  
01:36:59  INFO        Boiler Feed Water               Cooling Water 2                   0.001070          126.37  
01:36:59  INFO        Boiler Feed Water               D M Water                         0.860000       101564.41  
01:36:59  INFO        Boiler Feed Water               KEM WATREAT B 70M                 0.000570           67.32  
01:36:59  INFO        Boiler Feed Water               LP Steam_Dis                      0.145000        17124.23  
01:36:59  INFO        Boiler Feed Water               Power_Dis                         9.500000      1121932.49  
01:36:59  INFO        COMPRESSED AIR                  Cooling Water 2                   0.000025          181.56  
01:36:59  INFO        COMPRESSED AIR                  Power_Dis                         0.165000      1198298.46  
01:36:59  INFO        Cooling Water 1                 COMPRESSED AIR                    0.108592         1649.95  
01:36:59  INFO        Cooling Water 1                 Power_Dis                       244.999997      3722529.95  
01:36:59  INFO        Cooling Water 1                 SULPHURIC ACID                    0.000158            2.40  
01:36:59  INFO        Cooling Water 1                 Water                            11.050000       167893.70  
01:36:59  INFO        Cooling Water 2                 COMPRESSED AIR                    0.123044         1617.93  
01:36:59  INFO        Cooling Water 2                 Power_Dis                       249.999997      3287309.56  
01:36:59  INFO        Cooling Water 2                 SULPHURIC ACID                    0.000158            2.08  
01:36:59  INFO        Cooling Water 2                 Water                            11.500000       151216.24  
01:36:59  INFO        D M Water                       CAUSTIC SODA LYE – GRADE 1        0.000226           34.81  
01:36:59  INFO        D M Water                       CHEM  SODIUM SULPHITE;PN:MIS 1    0.000701          107.99  
01:36:59  INFO        D M Water                       CHEM ALUM.SULFATE, AL2(SO4)3,1    0.000757          116.61  
01:36:59  INFO        D M Water                       COMPRESSED AIR                    0.077000        11861.42  
01:36:59  INFO        D M Water                       HYDRO CHLORIC ACID (30%) -VIRG    0.000226           34.81  
01:36:59  INFO        D M Water                       POLYELECTROLYTE                   0.000578           89.04  
01:36:59  INFO        D M Water                       Power_Dis                         1.210000       186393.75  
01:36:59  INFO        D M Water                       Ret steam condensate              0.203000        31271.02  
01:36:59  INFO        D M Water                       SODIUM CHLORIDE IS 797 GRADE1     0.000010            1.54  
01:36:59  INFO        D M Water                       Water                             1.050000       161746.64  
01:36:59  INFO        HP Steam PRDS                   Boiler Feed Water                 0.076800          381.85  
01:36:59  INFO        HP Steam PRDS                   SHP Steam_Dis                     0.923200         4590.15  
01:36:59  INFO        HP Steam_Dis                    HP Steam PRDS                     1.000000         4972.00  
01:36:59  INFO        HRSG2_SHP STEAM                 Boiler Feed Water                 1.024000        56353.75  
01:36:59  INFO        HRSG2_SHP STEAM                 CHEM TRISODIUM PHOSPHATE          0.000900           49.53  
01:36:59  INFO        HRSG2_SHP STEAM                 COMPRESSED AIR                    9.853236       542252.74  
01:36:59  INFO        HRSG2_SHP STEAM                 FURNACE OIL ( MEDIUM VISCOSITY    0.000098            5.39  
01:36:59  INFO        HRSG2_SHP STEAM                 LP Steam_Dis                     -0.078000        -4292.57  YES
01:36:59  INFO        HRSG2_SHP STEAM                 NATURAL GAS                       2.954424       162590.70  
01:36:59  INFO        HRSG2_SHP STEAM                 Water                             0.002660          146.39  
01:36:59  INFO        HRSG3_SHP STEAM                 Boiler Feed Water                 1.024000        56353.75  
01:36:59  INFO        HRSG3_SHP STEAM                 CHEM TRISODIUM PHOSPHATE          0.000900           49.53  
01:36:59  INFO        HRSG3_SHP STEAM                 COMPRESSED AIR                    9.596520       528124.90  
01:36:59  INFO        HRSG3_SHP STEAM                 FURNACE OIL ( MEDIUM VISCOSITY    0.000098            5.39  
01:36:59  INFO        HRSG3_SHP STEAM                 LP Steam_Dis                     -0.078000        -4292.57  YES
01:36:59  INFO        HRSG3_SHP STEAM                 NATURAL GAS                       2.954424       162590.70  
01:36:59  INFO        HRSG3_SHP STEAM                 Water                             0.002660          146.39  
01:36:59  INFO        LP Steam PRDS                   Boiler Feed Water                 0.250000         3741.95  
01:36:59  INFO        LP Steam PRDS                   MP Steam_Dis                      0.750000        11225.86  
01:36:59  INFO        LP Steam_Dis                    LP Steam PRDS                     0.359600        15048.24  
01:36:59  INFO        LP Steam_Dis                    STG1_LP STEAM                     0.640400        26798.93  
01:36:59  INFO        MP Steam PRDS SHP               Boiler Feed Water                 0.090000         2094.02  
01:36:59  INFO        MP Steam PRDS SHP               SHP Steam_Dis                     0.910000        21172.83  
01:36:59  INFO        MP Steam_Dis                    MP Steam PRDS SHP                 0.916200        23383.03  
01:36:59  INFO        MP Steam_Dis                    STG1_MP STEAM                     0.083800         2138.72  
01:36:59  INFO        Oxygen                          Cooling Water 2                   0.261000         1510.41  
01:36:59  INFO        Oxygen                          Power_Dis                       968.650000      5605577.55  
01:36:59  INFO        POWERGEN                        COMPRESSED AIR                    0.004011        36425.42  
01:36:59  INFO        POWERGEN                        COMPRESSED AIR                    0.003420        31518.72  
01:36:59  INFO        POWERGEN                        COMPRESSED AIR                    0.003839        31786.92  
01:36:59  INFO        POWERGEN                        COMPRESSED AIR                    0.000000            0.00  
01:36:59  INFO        POWERGEN                        Cooling Water 2                   0.000232         2106.88  
01:36:59  INFO        POWERGEN                        Cooling Water 2                   0.000012          110.59  
01:36:59  INFO        POWERGEN                        Cooling Water 2                   0.000013          107.64  
01:36:59  INFO        POWERGEN                        Cooling Water 2                   0.000000            0.00  
01:36:59  INFO        POWERGEN                        NATURAL GAS                       0.009373        86385.63  
01:36:59  INFO        POWERGEN                        NATURAL GAS                       0.009982        82651.39  
01:36:59  INFO        POWERGEN                        NATURAL GAS                       0.009472            0.00  
01:36:59  INFO        POWERGEN                        Power_Dis                         0.002000        18162.76  
01:36:59  INFO        POWERGEN                        Power_Dis                         0.014000       129024.00  
01:36:59  INFO        POWERGEN                        Power_Dis                         0.014000       115920.00  
01:36:59  INFO        POWERGEN                        Power_Dis                         0.000000            0.00  
01:36:59  INFO        POWERGEN                        SHP Steam_Dis                     0.003615        32829.19  
01:36:59  INFO        Power_Dis                       POWERGEN                          0.186036      8292997.47  
01:36:59  INFO        Power_Dis                       POWERGEN                          0.196717      8769128.46  
01:36:59  INFO        Power_Dis                       POWERGEN                          0.207066      9230459.77  
01:36:59  INFO        Power_Dis                       Power from MEL                    0.410169     18000000.00  
01:36:59  INFO        SHP Steam_Dis                   HRSG2_SHP STEAM                   0.500000        46542.30  
01:36:59  INFO        SHP Steam_Dis                   HRSG3_SHP STEAM                   0.500000        46542.30  
01:36:59  INFO        STG1_LP STEAM                   SHP Steam_Dis                     0.480000        12794.73  
01:36:59  INFO        STG1_MP STEAM                   SHP Steam_Dis                     0.690000         1468.39  
01:36:59  INFO      
01:36:59  INFO        Not yet converged: 30 materials
01:36:59  INFO          Boiler Feed Water               change = 0.6955%
01:36:59  INFO          CAUSTIC SODA LYE – GRADE 1      change = 0.8612%
01:36:59  INFO          CHEM  SODIUM SULPHITE;PN:MIS 19OX  change = 0.8612%
01:36:59  INFO          CHEM ALUM.SULFATE, AL2(SO4)3,18H2O  change = 0.8612%
01:36:59  INFO          CHEM CYCLO HEXY                 change = 3.2561%
01:36:59  INFO          CHEM MORPHOLENE                 change = 3.2561%
01:36:59  INFO          CHEM TRISODIUM PHOSPHATE        change = 0.6287%
01:36:59  INFO          COMPRESSED AIR                  change = 0.5846%
01:36:59  INFO          Cooling Water 2                 change = 0.2538%
01:36:59  INFO          D M Water                       change = 3.2561%
01:36:59  INFO          FURNACE OIL ( MEDIUM VISCOSITY GRADE )  change = 0.6287%
01:36:59  INFO          HRSG2_SHP STEAM                 change = 0.6412%
01:36:59  INFO          HRSG3_SHP STEAM                 change = 0.6412%
01:36:59  INFO          HYDRO CHLORIC ACID (30%) -VIRGIN  change = 0.8612%
01:36:59  INFO          KEM WATREAT B 70M               change = 3.2561%
01:36:59  INFO          LP Steam PRDS                   change = 0.5345%
01:36:59  INFO          LP Steam_Dis                    change = 3.2561%
01:36:59  INFO          MP Steam PRDS SHP               change = 0.4969%
01:36:59  INFO          MP Steam_Dis                    change = 2.2493%
01:36:59  INFO          NATURAL GAS                     change = 0.4136%
01:36:59  INFO          POLYELECTROLYTE                 change = 0.8612%
01:36:59  INFO          POWERGEN                        change = 0.0530%
01:36:59  INFO          Power_Dis                       change = 0.3239%
01:36:59  INFO          Ret steam condensate            change = 0.8612%
01:36:59  INFO          SHP Steam_Dis                   change = 1.0235%
01:36:59  INFO          SODIUM CHLORIDE IS 797 GRADE1   change = 0.8612%
01:36:59  INFO          STG1_LP STEAM                   change = 0.5345%
01:36:59  INFO          STG1_MP STEAM                   change = 0.4969%
01:36:59  INFO          SULPHURIC ACID                  change = 0.0788%
01:36:59  INFO          Water                           change = 0.3432%
01:36:59  INFO        ------------------------------------------------------------------------------------------
01:37:00  INFO        [DISPATCH] Total demand: 44627.22 MWh, Import: 18000.00 MWh, Net for GT/STG: 26627.22 MWh
01:37:00  WARNING     [DISPATCH] No aux power norm for 'NMD-Power Plant-2'; using 0.0
01:37:00  WARNING     [DISPATCH] No aux power norm for 'NMD-Power Plant-3'; using 0.0
01:37:00  WARNING     [DISPATCH] No aux power norm for 'NMD-STG Power Plant'; using 0.0
01:37:00  INFO        ==============================================================================
01:37:00  INFO        POWER DISPATCH  (April 2025)
01:37:00  INFO        ==============================================================================
01:37:00  INFO        Demand:  Process = 44627.22 MWh  |  Fixed = 0.00 MWh  |  Total = 44627.22 MWh
01:37:00  INFO      
01:37:00  INFO        Asset                      Priority    Min MW    Max MW     Hours   Dispatched MW  Dispatched MWh    Load %  Free Steam MT  Aux Power MWh
01:37:00  INFO        -------------------------  --------  --------  --------  --------  --------------  --------------  --------  ------------  ------------
01:37:00  INFO        NMD-Power Plant-2                 1      5.00     11.50    720.00           11.50         8280.00    100.0%      16311.60          0.00
01:37:00  INFO        NMD-Power Plant-3                 1      5.00     12.80    720.00           12.80         9216.00    100.0%      18155.52          0.00
01:37:00  INFO        NMD-STG Power Plant               2      6.00     14.50    720.00           12.68         9131.22     87.5%          0.00          0.00
01:37:00  INFO        TOTAL                                                                                    26627.22                34467.12          0.00
01:37:00  INFO        DEFICIT: 18000.00 MWh under-generation
01:37:00  INFO        ==============================================================================
01:37:00  INFO        [STG EXTRACTION] STG Load: 12.68 MW, LP Extraction: 20880.00 MT, MP Extraction: 2880.00 MT
01:37:00  INFO        ==============================================================================
01:37:00  INFO        STEAM DISPATCH  (April 2025)
01:37:00  INFO        ==============================================================================
01:37:00  INFO        Grade      Process/Fixed MT  Letdown MT  Byproduct MT     Net Demand MT
01:37:00  INFO        ---------  ----------------  ----------  ------------  ----------------
01:37:00  INFO        MP                 25774.26    17170.69          0.00          22894.26
01:37:00  INFO        SHP                93830.29   102476.11          0.00         111000.98
01:37:00  INFO      
01:37:00  INFO        Total Free Steam available: 34467.12 MT
01:37:00  INFO      
01:37:00  INFO        FINAL SUPPLEMENTARY FIRING DISPATCH
01:37:00  INFO        Asset                      Priority     Min TPH     Max TPH     Hours  Dispatched TPH   Dispatched MT    Load %
01:37:00  INFO        -------------------------  --------  ----------  ----------  --------  --------------  --------------  --------
01:37:00  INFO        HRSG-1                          999       60.00      136.00      0.00            0.00            0.00      0.0%
01:37:00  INFO        HRSG-2                            1       37.34      113.34    720.00           54.43        39188.89     56.7%
01:37:00  INFO        HRSG-3                            1       34.78      110.78    720.00           51.87        37344.97     56.7%
01:37:00  INFO        TOTAL SUPPLEMENTARY                                                                          76533.86          
01:37:00  INFO        TOTAL STEAM GENERATED                                                                       111000.98          
01:37:00  INFO        SURPLUS: 0.00 MT
01:37:00  INFO        ==============================================================================
01:37:00  INFO        [REVERSE NG] Found GT asset: NMD-Power Plant-3, plant: NMD - Power Plant 3, heat_rate: 3862.56, free_steam: 1.97
01:37:00  INFO        [REVERSE NG] NMD - Power Plant 3: gen_qty=9216000 KWH, heat_rate=3862.56, free_steam=1.9700, consumed=86385.63 MMBTU (REVERSE)
01:37:00  INFO        [REVERSE NG] Found GT asset: NMD-Power Plant-2, plant: NMD - Power Plant 2, heat_rate: 4016.03, free_steam: 1.97
01:37:00  INFO        [REVERSE NG] NMD - Power Plant 2: gen_qty=8280000 KWH, heat_rate=4016.03, free_steam=1.9700, consumed=82651.39 MMBTU (REVERSE)
01:37:00  INFO        [REVERSE NG HRSG] Found HRSG: HRSG-2, supp_steam=39188.89 MT, free_steam=16311.60 MT, total_steam=55500.49 MT
01:37:00  INFO        [REVERSE NG HRSG] HRSG2_SHP STEAM: total_steam=55500.49 MT, norm=2.954424, consumed=163971.98 MMBTU (REVERSE, BPC method)
01:37:00  INFO        [REVERSE NG HRSG] Found HRSG: HRSG-3, supp_steam=37344.97 MT, free_steam=18155.52 MT, total_steam=55500.49 MT
01:37:00  INFO        [REVERSE NG HRSG] HRSG3_SHP STEAM: total_steam=55500.49 MT, norm=2.954424, consumed=163971.98 MMBTU (REVERSE, BPC method)
01:37:00  INFO      
01:37:00  INFO        ------------------------------------------------------------------------------------------
01:37:00  INFO        ITERATION 9
01:37:00  INFO        ------------------------------------------------------------------------------------------
01:37:00  INFO        Power:  Demand =    44627215.72 KWH  |  Gen =       26627.22 MWh  |  Surplus =     0.00  |  Deficit =     0.00
01:37:00  INFO        Steam:  Gen =      111000.98 MT  |  Surplus =     0.00  |  Deficit =     0.00
01:37:00  INFO        Power delta: 49831.9565 MWh  |  Converged: NO
01:37:00  INFO      
01:37:00  INFO        Utility                                Total Demand      U4U Demand         Initial    Change %
01:37:00  INFO        -----------------------------------  --------------  --------------  --------------  ----------
01:37:00  INFO        Boiler Feed Water                         118925.32       119913.39            0.00     0.6955%
01:37:00  INFO        COMPRESSED AIR                           7269343.59      1194787.19      6084105.59    83.7907%
01:37:00  INFO        Cooling Water 1                            15194.00            0.00        15194.00   100.0000%
01:37:00  INFO        Cooling Water 2                            13159.75         4156.07         9016.31    68.5942%
01:37:00  INFO        D M Water                                 157351.41       102275.78        55787.00    37.5554%
01:37:00  INFO        HP Steam PRDS                               4972.00         4972.00            0.00     0.0000%
01:37:00  INFO        HP Steam_Dis                                4972.00            0.00         4972.00   100.0000%
01:37:00  INFO        HRSG2_SHP STEAM                            46542.30        46915.14            0.00     0.6412%
01:37:00  INFO        HRSG3_SHP STEAM                            46542.30        46915.14            0.00     0.6412%
01:37:00  INFO        LP Steam PRDS                              15048.24        15248.75            0.00     0.5345%
01:37:00  INFO        LP Steam_Dis                               42404.74        17244.17        25280.51    60.9321%
01:37:00  INFO        MP Steam PRDS SHP                          23383.03        23614.38            0.00     0.4969%
01:37:00  INFO        MP Steam_Dis                               25774.26        11286.18        14548.40    57.4251%
01:37:00  INFO        Nitrogen Gas                             5437630.00            0.00      5437630.00   100.0000% (PT)
01:37:00  INFO        Oxygen                                      5787.00            0.00         5787.00   100.0000%
01:37:00  INFO        POWERGEN                                26292585.69     26321982.27            0.00     0.0530%
01:37:00  INFO        Power_Dis                               44627215.72     15400880.00     29242067.20    65.6369%
01:37:00  INFO        SHP Steam_Dis                              93830.29        73217.27        20975.00    23.1489%
01:37:00  INFO        STG1_LP STEAM                              26798.93        27156.00            0.00     0.5345%
01:37:00  INFO        STG1_MP STEAM                               2138.72         2159.88            0.00     0.4969%
01:37:00  INFO        Water                                     761521.16       484745.13       280371.80    37.0342% (PT)
01:37:00  INFO      
01:37:00  INFO        U4U CONSUMPTION BREAKDOWN (per producer per material):
01:37:00  INFO        Producer                        Material Consumed                     Norm        Quantity  Credit
01:37:00  INFO        ------------------------------  ------------------------------  ----------  --------------  ------
01:37:00  INFO        Boiler Feed Water               CHEM CYCLO HEXY                   0.000100           11.89  
01:37:00  INFO        Boiler Feed Water               CHEM MORPHOLENE                   0.000002            0.24  
01:37:00  INFO        Boiler Feed Water               Cooling Water 2                   0.001070          127.25  
01:37:00  INFO        Boiler Feed Water               D M Water                         0.860000       102275.78  
01:37:00  INFO        Boiler Feed Water               KEM WATREAT B 70M                 0.000570           67.79  
01:37:00  INFO        Boiler Feed Water               LP Steam_Dis                      0.145000        17244.17  
01:37:00  INFO        Boiler Feed Water               Power_Dis                         9.500000      1129790.55  
01:37:00  INFO        COMPRESSED AIR                  Cooling Water 2                   0.000025          181.73  
01:37:00  INFO        COMPRESSED AIR                  Power_Dis                         0.165000      1199441.69  
01:37:00  INFO        Cooling Water 1                 COMPRESSED AIR                    0.108592         1649.95  
01:37:00  INFO        Cooling Water 1                 Power_Dis                       244.999997      3722529.95  
01:37:00  INFO        Cooling Water 1                 SULPHURIC ACID                    0.000158            2.40  
01:37:00  INFO        Cooling Water 1                 Water                            11.050000       167893.70  
01:37:00  INFO        Cooling Water 2                 COMPRESSED AIR                    0.123044         1619.23  
01:37:00  INFO        Cooling Water 2                 Power_Dis                       249.999997      3289938.60  
01:37:00  INFO        Cooling Water 2                 SULPHURIC ACID                    0.000158            2.08  
01:37:00  INFO        Cooling Water 2                 Water                            11.500000       151337.18  
01:37:00  INFO        D M Water                       CAUSTIC SODA LYE – GRADE 1        0.000226           35.56  
01:37:00  INFO        D M Water                       CHEM  SODIUM SULPHITE;PN:MIS 1    0.000701          110.30  
01:37:00  INFO        D M Water                       CHEM ALUM.SULFATE, AL2(SO4)3,1    0.000757          119.12  
01:37:00  INFO        D M Water                       COMPRESSED AIR                    0.077000        12116.06  
01:37:00  INFO        D M Water                       HYDRO CHLORIC ACID (30%) -VIRG    0.000226           35.56  
01:37:00  INFO        D M Water                       POLYELECTROLYTE                   0.000578           90.95  
01:37:00  INFO        D M Water                       Power_Dis                         1.210000       190395.21  
01:37:00  INFO        D M Water                       Ret steam condensate              0.203000        31942.34  
01:37:00  INFO        D M Water                       SODIUM CHLORIDE IS 797 GRADE1     0.000010            1.57  
01:37:00  INFO        D M Water                       Water                             1.050000       165218.99  
01:37:00  INFO        HP Steam PRDS                   Boiler Feed Water                 0.076800          381.85  
01:37:00  INFO        HP Steam PRDS                   SHP Steam_Dis                     0.923200         4590.15  
01:37:00  INFO        HP Steam_Dis                    HP Steam PRDS                     1.000000         4972.00  
01:37:00  INFO        HRSG2_SHP STEAM                 Boiler Feed Water                 1.024000        56832.50  
01:37:00  INFO        HRSG2_SHP STEAM                 CHEM TRISODIUM PHOSPHATE          0.000900           49.95  
01:37:00  INFO        HRSG2_SHP STEAM                 COMPRESSED AIR                    9.853236       546859.43  
01:37:00  INFO        HRSG2_SHP STEAM                 FURNACE OIL ( MEDIUM VISCOSITY    0.000098            5.44  
01:37:00  INFO        HRSG2_SHP STEAM                 LP Steam_Dis                     -0.078000        -4329.04  YES
01:37:00  INFO        HRSG2_SHP STEAM                 NATURAL GAS                       2.954424       163971.98  
01:37:00  INFO        HRSG2_SHP STEAM                 Water                             0.002660          147.63  
01:37:00  INFO        HRSG3_SHP STEAM                 Boiler Feed Water                 1.024000        56832.50  
01:37:00  INFO        HRSG3_SHP STEAM                 CHEM TRISODIUM PHOSPHATE          0.000900           49.95  
01:37:00  INFO        HRSG3_SHP STEAM                 COMPRESSED AIR                    9.596520       532611.56  
01:37:00  INFO        HRSG3_SHP STEAM                 FURNACE OIL ( MEDIUM VISCOSITY    0.000098            5.44  
01:37:00  INFO        HRSG3_SHP STEAM                 LP Steam_Dis                     -0.078000        -4329.04  YES
01:37:00  INFO        HRSG3_SHP STEAM                 NATURAL GAS                       2.954424       163971.98  
01:37:00  INFO        HRSG3_SHP STEAM                 Water                             0.002660          147.63  
01:37:00  INFO        LP Steam PRDS                   Boiler Feed Water                 0.250000         3762.06  
01:37:00  INFO        LP Steam PRDS                   MP Steam_Dis                      0.750000        11286.18  
01:37:00  INFO        LP Steam_Dis                    LP Steam PRDS                     0.359600        15248.75  
01:37:00  INFO        LP Steam_Dis                    STG1_LP STEAM                     0.640400        27156.00  
01:37:00  INFO        MP Steam PRDS SHP               Boiler Feed Water                 0.090000         2104.47  
01:37:00  INFO        MP Steam PRDS SHP               SHP Steam_Dis                     0.910000        21278.56  
01:37:00  INFO        MP Steam_Dis                    MP Steam PRDS SHP                 0.916200        23614.38  
01:37:00  INFO        MP Steam_Dis                    STG1_MP STEAM                     0.083800         2159.88  
01:37:00  INFO        Oxygen                          Cooling Water 2                   0.261000         1510.41  
01:37:00  INFO        Oxygen                          Power_Dis                       968.650000      5605577.55  
01:37:00  INFO        POWERGEN                        COMPRESSED AIR                    0.004011        36625.32  
01:37:00  INFO        POWERGEN                        COMPRESSED AIR                    0.003420        31518.72  
01:37:00  INFO        POWERGEN                        COMPRESSED AIR                    0.003839        31786.92  
01:37:00  INFO        POWERGEN                        COMPRESSED AIR                    0.000000            0.00  
01:37:00  INFO        POWERGEN                        Cooling Water 2                   0.000232         2118.44  
01:37:00  INFO        POWERGEN                        Cooling Water 2                   0.000012          110.59  
01:37:00  INFO        POWERGEN                        Cooling Water 2                   0.000013          107.64  
01:37:00  INFO        POWERGEN                        Cooling Water 2                   0.000000            0.00  
01:37:00  INFO        POWERGEN                        NATURAL GAS                       0.009373        86385.63  
01:37:00  INFO        POWERGEN                        NATURAL GAS                       0.009982        82651.39  
01:37:00  INFO        POWERGEN                        NATURAL GAS                       0.009472            0.00  
01:37:00  INFO        POWERGEN                        Power_Dis                         0.002000        18262.44  
01:37:00  INFO        POWERGEN                        Power_Dis                         0.014000       129024.00  
01:37:00  INFO        POWERGEN                        Power_Dis                         0.014000       115920.00  
01:37:00  INFO        POWERGEN                        Power_Dis                         0.000000            0.00  
01:37:00  INFO        POWERGEN                        SHP Steam_Dis                     0.003615        33009.36  
01:37:00  INFO        Power_Dis                       POWERGEN                          0.186036      8302269.50  
01:37:00  INFO        Power_Dis                       POWERGEN                          0.196717      8778932.84  
01:37:00  INFO        Power_Dis                       POWERGEN                          0.207066      9240779.94  
01:37:00  INFO        Power_Dis                       Power from MEL                    0.410169     18000000.00  
01:37:00  INFO        SHP Steam_Dis                   HRSG2_SHP STEAM                   0.500000        46915.14  
01:37:00  INFO        SHP Steam_Dis                   HRSG3_SHP STEAM                   0.500000        46915.14  
01:37:00  INFO        STG1_LP STEAM                   SHP Steam_Dis                     0.480000        12863.48  
01:37:00  INFO        STG1_MP STEAM                   SHP Steam_Dis                     0.690000         1475.72  
01:37:00  INFO      
01:37:00  INFO        Not yet converged: 30 materials
01:37:00  INFO          Boiler Feed Water               change = 0.8240%
01:37:00  INFO          CAUSTIC SODA LYE – GRADE 1      change = 2.1017%
01:37:00  INFO          CHEM  SODIUM SULPHITE;PN:MIS 19OX  change = 2.1017%
01:37:00  INFO          CHEM ALUM.SULFATE, AL2(SO4)3,18H2O  change = 2.1017%
01:37:00  INFO          CHEM CYCLO HEXY                 change = 0.6955%
01:37:00  INFO          CHEM MORPHOLENE                 change = 0.6955%
01:37:00  INFO          CHEM TRISODIUM PHOSPHATE        change = 0.8424%
01:37:00  INFO          COMPRESSED AIR                  change = 0.7992%
01:37:00  INFO          Cooling Water 2                 change = 0.3037%
01:37:00  INFO          D M Water                       change = 0.6955%
01:37:00  INFO          FURNACE OIL ( MEDIUM VISCOSITY GRADE )  change = 0.8424%
01:37:00  INFO          HRSG2_SHP STEAM                 change = 0.7947%
01:37:00  INFO          HRSG3_SHP STEAM                 change = 0.7947%
01:37:00  INFO          HYDRO CHLORIC ACID (30%) -VIRGIN  change = 2.1017%
01:37:00  INFO          KEM WATREAT B 70M               change = 0.6955%
01:37:00  INFO          LP Steam PRDS                   change = 1.3149%
01:37:00  INFO          LP Steam_Dis                    change = 0.6955%
01:37:00  INFO          MP Steam PRDS SHP               change = 0.9797%
01:37:00  INFO          MP Steam_Dis                    change = 0.5345%
01:37:00  INFO          NATURAL GAS                     change = 0.5559%
01:37:00  INFO          POLYELECTROLYTE                 change = 2.1017%
01:37:00  INFO          POWERGEN                        change = 0.1117%
01:37:00  INFO          Power_Dis                       change = 0.1021%
01:37:00  INFO          Ret steam condensate            change = 2.1017%
01:37:00  INFO          SHP Steam_Dis                   change = 0.4944%
01:37:00  INFO          SODIUM CHLORIDE IS 797 GRADE1   change = 2.1017%
01:37:00  INFO          STG1_LP STEAM                   change = 1.3149%
01:37:00  INFO          STG1_MP STEAM                   change = 0.9797%
01:37:00  INFO          SULPHURIC ACID                  change = 0.0371%
01:37:00  INFO          Water                           change = 0.7418%
01:37:00  INFO        ------------------------------------------------------------------------------------------
01:37:01  INFO        [DISPATCH] Total demand: 44642.95 MWh, Import: 18000.00 MWh, Net for GT/STG: 26642.95 MWh
01:37:01  WARNING     [DISPATCH] No aux power norm for 'NMD-Power Plant-2'; using 0.0
01:37:01  WARNING     [DISPATCH] No aux power norm for 'NMD-Power Plant-3'; using 0.0
01:37:01  WARNING     [DISPATCH] No aux power norm for 'NMD-STG Power Plant'; using 0.0
01:37:01  INFO        ==============================================================================
01:37:01  INFO        POWER DISPATCH  (April 2025)
01:37:01  INFO        ==============================================================================
01:37:01  INFO        Demand:  Process = 44642.95 MWh  |  Fixed = 0.00 MWh  |  Total = 44642.95 MWh
01:37:01  INFO      
01:37:01  INFO        Asset                      Priority    Min MW    Max MW     Hours   Dispatched MW  Dispatched MWh    Load %  Free Steam MT  Aux Power MWh
01:37:01  INFO        -------------------------  --------  --------  --------  --------  --------------  --------------  --------  ------------  ------------
01:37:01  INFO        NMD-Power Plant-2                 1      5.00     11.50    720.00           11.50         8280.00    100.0%      16311.60          0.00
01:37:01  INFO        NMD-Power Plant-3                 1      5.00     12.80    720.00           12.80         9216.00    100.0%      18155.52          0.00
01:37:01  INFO        NMD-STG Power Plant               2      6.00     14.50    720.00           12.70         9146.95     87.6%          0.00          0.00
01:37:01  INFO        TOTAL                                                                                    26642.95                34467.12          0.00
01:37:01  INFO        DEFICIT: 18000.00 MWh under-generation
01:37:01  INFO        ==============================================================================
01:37:02  INFO        [STG EXTRACTION] STG Load: 12.70 MW, LP Extraction: 20880.00 MT, MP Extraction: 2880.00 MT
01:37:02  INFO        ==============================================================================
01:37:02  INFO        STEAM DISPATCH  (April 2025)
01:37:02  INFO        ==============================================================================
01:37:02  INFO        Grade      Process/Fixed MT  Letdown MT  Byproduct MT     Net Demand MT
01:37:02  INFO        ---------  ----------------  ----------  ------------  ----------------
01:37:02  INFO        MP                 25834.58    17215.94          0.00          22954.58
01:37:02  INFO        SHP                94192.27   102852.06          0.00         111408.21
01:37:02  INFO      
01:37:02  INFO        Total Free Steam available: 34467.12 MT
01:37:02  INFO      
01:37:02  INFO        FINAL SUPPLEMENTARY FIRING DISPATCH
01:37:02  INFO        Asset                      Priority     Min TPH     Max TPH     Hours  Dispatched TPH   Dispatched MT    Load %
01:37:02  INFO        -------------------------  --------  ----------  ----------  --------  --------------  --------------  --------
01:37:02  INFO        HRSG-1                          999       60.00      136.00      0.00            0.00            0.00      0.0%
01:37:02  INFO        HRSG-2                            1       37.34      113.34    720.00           54.71        39392.50     56.9%
01:37:02  INFO        HRSG-3                            1       34.78      110.78    720.00           52.15        37548.58     56.9%
01:37:02  INFO        TOTAL SUPPLEMENTARY                                                                          76941.08          
01:37:02  INFO        TOTAL STEAM GENERATED                                                                       111408.20          
01:37:02  INFO        DEFICIT: 0.01 MT
01:37:02  INFO        ==============================================================================
01:37:02  INFO        [REVERSE NG] Found GT asset: NMD-Power Plant-3, plant: NMD - Power Plant 3, heat_rate: 3862.56, free_steam: 1.97
01:37:02  INFO        [REVERSE NG] NMD - Power Plant 3: gen_qty=9216000 KWH, heat_rate=3862.56, free_steam=1.9700, consumed=86385.63 MMBTU (REVERSE)
01:37:02  INFO        [REVERSE NG] Found GT asset: NMD-Power Plant-2, plant: NMD - Power Plant 2, heat_rate: 4016.03, free_steam: 1.97
01:37:02  INFO        [REVERSE NG] NMD - Power Plant 2: gen_qty=8280000 KWH, heat_rate=4016.03, free_steam=1.9700, consumed=82651.39 MMBTU (REVERSE)
01:37:02  INFO        [REVERSE NG HRSG] Found HRSG: HRSG-2, supp_steam=39392.50 MT, free_steam=16311.60 MT, total_steam=55704.10 MT
01:37:02  INFO        [REVERSE NG HRSG] HRSG2_SHP STEAM: total_steam=55704.10 MT, norm=2.954424, consumed=164573.53 MMBTU (REVERSE, BPC method)
01:37:02  INFO        [REVERSE NG HRSG] Found HRSG: HRSG-3, supp_steam=37548.58 MT, free_steam=18155.52 MT, total_steam=55704.10 MT
01:37:02  INFO        [REVERSE NG HRSG] HRSG3_SHP STEAM: total_steam=55704.10 MT, norm=2.954424, consumed=164573.53 MMBTU (REVERSE, BPC method)
01:37:02  INFO      
01:37:02  INFO        ------------------------------------------------------------------------------------------
01:37:02  INFO        ITERATION 10
01:37:02  INFO        ------------------------------------------------------------------------------------------
01:37:02  INFO        Power:  Demand =    44642947.20 KWH  |  Gen =       26642.95 MWh  |  Surplus =     0.00  |  Deficit =     0.00
01:37:02  INFO        Steam:  Gen =      111408.20 MT  |  Surplus =     0.00  |  Deficit =     0.01
01:37:02  INFO        Power delta: 15731.4808 MWh  |  Converged: NO
01:37:02  INFO      
01:37:02  INFO        Utility                                Total Demand      U4U Demand         Initial    Change %
01:37:02  INFO        -----------------------------------  --------------  --------------  --------------  ----------
01:37:02  INFO        Boiler Feed Water                         119913.39       120401.33            0.00     0.8240%
01:37:02  INFO        COMPRESSED AIR                           7278892.78      1198866.77      6084105.59    83.7168%
01:37:02  INFO        Cooling Water 1                            15194.00            0.00        15194.00   100.0000%
01:37:02  INFO        Cooling Water 2                            13172.38         4161.01         9016.31    68.5444%
01:37:02  INFO        D M Water                                 158062.78       103125.51        55787.00    35.7443%
01:37:02  INFO        HP Steam PRDS                               4972.00         4972.00            0.00     0.0000%
01:37:02  INFO        HP Steam_Dis                                4972.00            0.00         4972.00   100.0000%
01:37:02  INFO        HRSG2_SHP STEAM                            46915.14        47096.14            0.00     0.7947%
01:37:02  INFO        HRSG3_SHP STEAM                            46915.14        47096.14            0.00     0.7947%
01:37:02  INFO        LP Steam PRDS                              15248.75        15291.88            0.00     1.3149%
01:37:02  INFO        LP Steam_Dis                               42524.68        17387.44        25280.51    59.7311%
01:37:02  INFO        MP Steam PRDS SHP                          23614.38        23669.64            0.00     0.9797%
01:37:02  INFO        MP Steam_Dis                               25834.58        11436.56        14548.40    56.5472%
01:37:02  INFO        Nitrogen Gas                             5437630.00            0.00      5437630.00   100.0000% (PT)
01:37:02  INFO        Oxygen                                      5787.00            0.00         5787.00   100.0000%
01:37:02  INFO        POWERGEN                                26321982.27     26331260.13            0.00     0.1117%
01:37:02  INFO        Power_Dis                               44642947.20     15415889.73     29242067.20    65.5373%
01:37:02  INFO        SHP Steam_Dis                              94192.27        73670.65        20975.00    22.6526%
01:37:02  INFO        STG1_LP STEAM                              27156.00        27232.81            0.00     1.3149%
01:37:02  INFO        STG1_MP STEAM                               2159.88         2164.94            0.00     0.9797%
01:37:02  INFO        Water                                     765116.93       485638.28       280371.80    37.1143% (PT)
01:37:02  INFO      
01:37:02  INFO        U4U CONSUMPTION BREAKDOWN (per producer per material):
01:37:02  INFO        Producer                        Material Consumed                     Norm        Quantity  Credit
01:37:02  INFO        ------------------------------  ------------------------------  ----------  --------------  ------
01:37:02  INFO        Boiler Feed Water               CHEM CYCLO HEXY                   0.000100           11.99  
01:37:02  INFO        Boiler Feed Water               CHEM MORPHOLENE                   0.000002            0.24  
01:37:02  INFO        Boiler Feed Water               Cooling Water 2                   0.001070          128.31  
01:37:02  INFO        Boiler Feed Water               D M Water                         0.860000       103125.51  
01:37:02  INFO        Boiler Feed Water               KEM WATREAT B 70M                 0.000570           68.35  
01:37:02  INFO        Boiler Feed Water               LP Steam_Dis                      0.145000        17387.44  
01:37:02  INFO        Boiler Feed Water               Power_Dis                         9.500000      1139177.17  
01:37:02  INFO        COMPRESSED AIR                  Cooling Water 2                   0.000025          181.97  
01:37:02  INFO        COMPRESSED AIR                  Power_Dis                         0.165000      1201017.31  
01:37:02  INFO        Cooling Water 1                 COMPRESSED AIR                    0.108592         1649.95  
01:37:02  INFO        Cooling Water 1                 Power_Dis                       244.999997      3722529.95  
01:37:02  INFO        Cooling Water 1                 SULPHURIC ACID                    0.000158            2.40  
01:37:02  INFO        Cooling Water 1                 Water                            11.050000       167893.70  
01:37:02  INFO        Cooling Water 2                 COMPRESSED AIR                    0.123044         1620.78  
01:37:02  INFO        Cooling Water 2                 Power_Dis                       249.999997      3293093.89  
01:37:02  INFO        Cooling Water 2                 SULPHURIC ACID                    0.000158            2.08  
01:37:02  INFO        Cooling Water 2                 Water                            11.500000       151482.32  
01:37:02  INFO        D M Water                       CAUSTIC SODA LYE – GRADE 1        0.000226           35.72  
01:37:02  INFO        D M Water                       CHEM  SODIUM SULPHITE;PN:MIS 1    0.000701          110.80  
01:37:02  INFO        D M Water                       CHEM ALUM.SULFATE, AL2(SO4)3,1    0.000757          119.65  
01:37:02  INFO        D M Water                       COMPRESSED AIR                    0.077000        12170.83  
01:37:02  INFO        D M Water                       HYDRO CHLORIC ACID (30%) -VIRG    0.000226           35.72  
01:37:02  INFO        D M Water                       POLYELECTROLYTE                   0.000578           91.36  
01:37:02  INFO        D M Water                       Power_Dis                         1.210000       191255.96  
01:37:02  INFO        D M Water                       Ret steam condensate              0.203000        32086.74  
01:37:02  INFO        D M Water                       SODIUM CHLORIDE IS 797 GRADE1     0.000010            1.58  
01:37:02  INFO        D M Water                       Water                             1.050000       165965.91  
01:37:02  INFO        HP Steam PRDS                   Boiler Feed Water                 0.076800          381.85  
01:37:02  INFO        HP Steam PRDS                   SHP Steam_Dis                     0.923200         4590.15  
01:37:02  INFO        HP Steam_Dis                    HP Steam PRDS                     1.000000         4972.00  
01:37:02  INFO        HRSG2_SHP STEAM                 Boiler Feed Water                 1.024000        57041.00  
01:37:02  INFO        HRSG2_SHP STEAM                 CHEM TRISODIUM PHOSPHATE          0.000900           50.13  
01:37:02  INFO        HRSG2_SHP STEAM                 COMPRESSED AIR                    9.853236       548865.64  
01:37:02  INFO        HRSG2_SHP STEAM                 FURNACE OIL ( MEDIUM VISCOSITY    0.000098            5.46  
01:37:02  INFO        HRSG2_SHP STEAM                 LP Steam_Dis                     -0.078000        -4344.92  YES
01:37:02  INFO        HRSG2_SHP STEAM                 NATURAL GAS                       2.954424       164573.53  
01:37:02  INFO        HRSG2_SHP STEAM                 Water                             0.002660          148.17  
01:37:02  INFO        HRSG3_SHP STEAM                 Boiler Feed Water                 1.024000        57041.00  
01:37:02  INFO        HRSG3_SHP STEAM                 CHEM TRISODIUM PHOSPHATE          0.000900           50.13  
01:37:02  INFO        HRSG3_SHP STEAM                 COMPRESSED AIR                    9.596520       534565.51  
01:37:02  INFO        HRSG3_SHP STEAM                 FURNACE OIL ( MEDIUM VISCOSITY    0.000098            5.46  
01:37:02  INFO        HRSG3_SHP STEAM                 LP Steam_Dis                     -0.078000        -4344.92  YES
01:37:02  INFO        HRSG3_SHP STEAM                 NATURAL GAS                       2.954424       164573.53  
01:37:02  INFO        HRSG3_SHP STEAM                 Water                             0.002660          148.17  
01:37:02  INFO        LP Steam PRDS                   Boiler Feed Water                 0.250000         3812.19  
01:37:02  INFO        LP Steam PRDS                   MP Steam_Dis                      0.750000        11436.56  
01:37:02  INFO        LP Steam_Dis                    LP Steam PRDS                     0.359600        15291.88  
01:37:02  INFO        LP Steam_Dis                    STG1_LP STEAM                     0.640400        27232.81  
01:37:02  INFO        MP Steam PRDS SHP               Boiler Feed Water                 0.090000         2125.29  
01:37:02  INFO        MP Steam PRDS SHP               SHP Steam_Dis                     0.910000        21489.08  
01:37:02  INFO        MP Steam_Dis                    MP Steam PRDS SHP                 0.916200        23669.64  
01:37:02  INFO        MP Steam_Dis                    STG1_MP STEAM                     0.083800         2164.94  
01:37:02  INFO        Oxygen                          Cooling Water 2                   0.261000         1510.41  
01:37:02  INFO        Oxygen                          Power_Dis                       968.650000      5605577.55  
01:37:02  INFO        POWERGEN                        COMPRESSED AIR                    0.004011        36688.42  
01:37:02  INFO        POWERGEN                        COMPRESSED AIR                    0.003420        31518.72  
01:37:02  INFO        POWERGEN                        COMPRESSED AIR                    0.003839        31786.92  
01:37:02  INFO        POWERGEN                        COMPRESSED AIR                    0.000000            0.00  
01:37:02  INFO        POWERGEN                        Cooling Water 2                   0.000232         2122.09  
01:37:02  INFO        POWERGEN                        Cooling Water 2                   0.000012          110.59  
01:37:02  INFO        POWERGEN                        Cooling Water 2                   0.000013          107.64  
01:37:02  INFO        POWERGEN                        Cooling Water 2                   0.000000            0.00  
01:37:02  INFO        POWERGEN                        NATURAL GAS                       0.009373        86385.63  
01:37:02  INFO        POWERGEN                        NATURAL GAS                       0.009982        82651.39  
01:37:02  INFO        POWERGEN                        NATURAL GAS                       0.009472            0.00  
01:37:02  INFO        POWERGEN                        Power_Dis                         0.002000        18293.90  
01:37:02  INFO        POWERGEN                        Power_Dis                         0.014000       129024.00  
01:37:02  INFO        POWERGEN                        Power_Dis                         0.014000       115920.00  
01:37:02  INFO        POWERGEN                        Power_Dis                         0.000000            0.00  
01:37:02  INFO        POWERGEN                        SHP Steam_Dis                     0.003615        33066.22  
01:37:02  INFO        Power_Dis                       POWERGEN                          0.186036      8305195.85  
01:37:02  INFO        Power_Dis                       POWERGEN                          0.196717      8782027.20  
01:37:02  INFO        Power_Dis                       POWERGEN                          0.207066      9244037.08  
01:37:02  INFO        Power_Dis                       Power from MEL                    0.410169     18000000.00  
01:37:02  INFO        SHP Steam_Dis                   HRSG2_SHP STEAM                   0.500000        47096.14  
01:37:02  INFO        SHP Steam_Dis                   HRSG3_SHP STEAM                   0.500000        47096.14  
01:37:02  INFO        STG1_LP STEAM                   SHP Steam_Dis                     0.480000        13034.88  
01:37:02  INFO        STG1_MP STEAM                   SHP Steam_Dis                     0.690000         1490.32  
01:37:02  INFO      
01:37:02  INFO        Not yet converged: 30 materials
01:37:02  INFO          Boiler Feed Water               change = 0.4053%
01:37:02  INFO          CAUSTIC SODA LYE – GRADE 1      change = 0.4500%
01:37:02  INFO          CHEM  SODIUM SULPHITE;PN:MIS 19OX  change = 0.4500%
01:37:02  INFO          CHEM ALUM.SULFATE, AL2(SO4)3,18H2O  change = 0.4500%
01:37:02  INFO          CHEM CYCLO HEXY                 change = 0.8240%
01:37:02  INFO          CHEM MORPHOLENE                 change = 0.8240%
01:37:02  INFO          CHEM TRISODIUM PHOSPHATE        change = 0.3655%
01:37:02  INFO          COMPRESSED AIR                  change = 0.3403%
01:37:02  INFO          Cooling Water 2                 change = 0.1188%
01:37:02  INFO          D M Water                       change = 0.8240%
01:37:02  INFO          FURNACE OIL ( MEDIUM VISCOSITY GRADE )  change = 0.3655%
01:37:02  INFO          HRSG2_SHP STEAM                 change = 0.3843%
01:37:02  INFO          HRSG3_SHP STEAM                 change = 0.3843%
01:37:02  INFO          HYDRO CHLORIC ACID (30%) -VIRGIN  change = 0.4500%
01:37:02  INFO          KEM WATREAT B 70M               change = 0.8240%
01:37:02  INFO          LP Steam PRDS                   change = 0.2820%
01:37:02  INFO          LP Steam_Dis                    change = 0.8240%
01:37:02  INFO          MP Steam PRDS SHP               change = 0.2335%
01:37:02  INFO          MP Steam_Dis                    change = 1.3149%
01:37:02  INFO          NATURAL GAS                     change = 0.2415%
01:37:02  INFO          POLYELECTROLYTE                 change = 0.4500%
01:37:02  INFO          POWERGEN                        change = 0.0352%
01:37:02  INFO          Power_Dis                       change = 0.0974%
01:37:02  INFO          Ret steam condensate            change = 0.4500%
01:37:02  INFO          SHP Steam_Dis                   change = 0.6154%
01:37:02  INFO          SODIUM CHLORIDE IS 797 GRADE1   change = 0.4500%
01:37:02  INFO          STG1_LP STEAM                   change = 0.2820%
01:37:02  INFO          STG1_MP STEAM                   change = 0.2335%
01:37:02  INFO          SULPHURIC ACID                  change = 0.0445%
01:37:02  INFO          Water                           change = 0.1839%
01:37:02  INFO        ------------------------------------------------------------------------------------------
01:37:03  INFO        [DISPATCH] Total demand: 44657.96 MWh, Import: 18000.00 MWh, Net for GT/STG: 26657.96 MWh
01:37:03  WARNING     [DISPATCH] No aux power norm for 'NMD-Power Plant-2'; using 0.0
01:37:03  WARNING     [DISPATCH] No aux power norm for 'NMD-Power Plant-3'; using 0.0
01:37:03  WARNING     [DISPATCH] No aux power norm for 'NMD-STG Power Plant'; using 0.0
01:37:03  INFO        ==============================================================================
01:37:03  INFO        POWER DISPATCH  (April 2025)
01:37:03  INFO        ==============================================================================
01:37:03  INFO        Demand:  Process = 44657.96 MWh  |  Fixed = 0.00 MWh  |  Total = 44657.96 MWh
01:37:03  INFO      
01:37:03  INFO        Asset                      Priority    Min MW    Max MW     Hours   Dispatched MW  Dispatched MWh    Load %  Free Steam MT  Aux Power MWh
01:37:03  INFO        -------------------------  --------  --------  --------  --------  --------------  --------------  --------  ------------  ------------
01:37:03  INFO        NMD-Power Plant-2                 1      5.00     11.50    720.00           11.50         8280.00    100.0%      16311.60          0.00
01:37:03  INFO        NMD-Power Plant-3                 1      5.00     12.80    720.00           12.80         9216.00    100.0%      18155.52          0.00
01:37:03  INFO        NMD-STG Power Plant               2      6.00     14.50    720.00           12.72         9161.96     87.8%          0.00          0.00
01:37:03  INFO        TOTAL                                                                                    26657.96                34467.12          0.00
01:37:03  INFO        DEFICIT: 18000.00 MWh under-generation
01:37:03  INFO        ==============================================================================
01:37:03  INFO        [STG EXTRACTION] STG Load: 12.72 MW, LP Extraction: 20880.00 MT, MP Extraction: 2880.00 MT
01:37:03  INFO        ==============================================================================
01:37:03  INFO        STEAM DISPATCH  (April 2025)
01:37:03  INFO        ==============================================================================
01:37:03  INFO        Grade      Process/Fixed MT  Letdown MT  Byproduct MT     Net Demand MT
01:37:03  INFO        ---------  ----------------  ----------  ------------  ----------------
01:37:03  INFO        MP                 25984.96    17328.72          0.00          23104.96
01:37:03  INFO        SHP                94645.65   103374.74          0.00         111974.37
01:37:03  INFO      
01:37:03  INFO        Total Free Steam available: 34467.12 MT
01:37:03  INFO      
01:37:03  INFO        FINAL SUPPLEMENTARY FIRING DISPATCH
01:37:03  INFO        Asset                      Priority     Min TPH     Max TPH     Hours  Dispatched TPH   Dispatched MT    Load %
01:37:03  INFO        -------------------------  --------  ----------  ----------  --------  --------------  --------------  --------
01:37:03  INFO        HRSG-1                          999       60.00      136.00      0.00            0.00            0.00      0.0%
01:37:03  INFO        HRSG-2                            1       37.34      113.34    720.00           55.10        39675.59     57.2%
01:37:03  INFO        HRSG-3                            1       34.78      110.78    720.00           52.54        37831.67     57.2%
01:37:03  INFO        TOTAL SUPPLEMENTARY                                                                          77507.26          
01:37:03  INFO        TOTAL STEAM GENERATED                                                                       111974.38          
01:37:03  INFO        SURPLUS: 0.01 MT
01:37:03  INFO        ==============================================================================
01:37:03  INFO        [REVERSE NG] Found GT asset: NMD-Power Plant-3, plant: NMD - Power Plant 3, heat_rate: 3862.56, free_steam: 1.97
01:37:03  INFO        [REVERSE NG] NMD - Power Plant 3: gen_qty=9216000 KWH, heat_rate=3862.56, free_steam=1.9700, consumed=86385.63 MMBTU (REVERSE)
01:37:03  INFO        [REVERSE NG] Found GT asset: NMD-Power Plant-2, plant: NMD - Power Plant 2, heat_rate: 4016.03, free_steam: 1.97
01:37:03  INFO        [REVERSE NG] NMD - Power Plant 2: gen_qty=8280000 KWH, heat_rate=4016.03, free_steam=1.9700, consumed=82651.39 MMBTU (REVERSE)
01:37:03  INFO        [REVERSE NG HRSG] Found HRSG: HRSG-2, supp_steam=39675.59 MT, free_steam=16311.60 MT, total_steam=55987.19 MT
01:37:03  INFO        [REVERSE NG HRSG] HRSG2_SHP STEAM: total_steam=55987.19 MT, norm=2.954424, consumed=165409.90 MMBTU (REVERSE, BPC method)
01:37:03  INFO        [REVERSE NG HRSG] Found HRSG: HRSG-3, supp_steam=37831.67 MT, free_steam=18155.52 MT, total_steam=55987.19 MT
01:37:03  INFO        [REVERSE NG HRSG] HRSG3_SHP STEAM: total_steam=55987.19 MT, norm=2.954424, consumed=165409.90 MMBTU (REVERSE, BPC method)
01:37:03  INFO      
01:37:03  INFO        ------------------------------------------------------------------------------------------
01:37:03  INFO        ITERATION 11
01:37:03  INFO        ------------------------------------------------------------------------------------------
01:37:03  INFO        Power:  Demand =    44657956.93 KWH  |  Gen =       26657.96 MWh  |  Surplus =     0.00  |  Deficit =     0.00
01:37:03  INFO        Steam:  Gen =      111974.38 MT  |  Surplus =     0.01  |  Deficit =     0.00
01:37:03  INFO        Power delta: 15009.7350 MWh  |  Converged: NO
01:37:03  INFO      
01:37:03  INFO        Utility                                Total Demand      U4U Demand         Initial    Change %
01:37:03  INFO        -----------------------------------  --------------  --------------  --------------  ----------
01:37:03  INFO        Boiler Feed Water                         120401.33       120996.85            0.00     0.4053%
01:37:03  INFO        COMPRESSED AIR                           7282972.36      1204499.05      6084105.59    83.5948%
01:37:03  INFO        Cooling Water 1                            15194.00            0.00        15194.00   100.0000%
01:37:03  INFO        Cooling Water 2                            13177.32         4165.12         9016.31    68.4605%
01:37:03  INFO        D M Water                                 158912.51       103545.14        55787.00    35.6402%
01:37:03  INFO        HP Steam PRDS                               4972.00         4972.00            0.00     0.0000%
01:37:03  INFO        HP Steam_Dis                                4972.00            0.00         4972.00   100.0000%
01:37:03  INFO        HRSG2_SHP STEAM                            47096.14        47322.83            0.00     0.3843%
01:37:03  INFO        HRSG3_SHP STEAM                            47096.14        47322.83            0.00     0.3843%
01:37:03  INFO        LP Steam PRDS                              15291.88        15343.40            0.00     0.2820%
01:37:03  INFO        LP Steam_Dis                               42667.95        17458.19        25280.51    59.5852%
01:37:03  INFO        MP Steam PRDS SHP                          23669.64        23807.42            0.00     0.2335%
01:37:03  INFO        MP Steam_Dis                               25984.96        11468.91        14548.40    56.5665%
01:37:03  INFO        Nitrogen Gas                             5437630.00            0.00      5437630.00   100.0000% (PT)
01:37:03  INFO        Oxygen                                      5787.00            0.00         5787.00   100.0000%
01:37:03  INFO        POWERGEN                                26331260.13     26340113.31            0.00     0.0352%
01:37:03  INFO        Power_Dis                               44657956.93     15423492.83     29242067.20    65.5137%
01:37:03  INFO        SHP Steam_Dis                              94645.65        73815.57        20975.00    22.6406%
01:37:03  INFO        STG1_LP STEAM                              27232.81        27324.56            0.00     0.2820%
01:37:03  INFO        STG1_MP STEAM                               2164.94         2177.54            0.00     0.2335%
01:37:03  INFO        Water                                     766010.08       486588.88       280371.80    36.7182% (PT)
01:37:03  INFO      
01:37:03  INFO        U4U CONSUMPTION BREAKDOWN (per producer per material):
01:37:03  INFO        Producer                        Material Consumed                     Norm        Quantity  Credit
01:37:03  INFO        ------------------------------  ------------------------------  ----------  --------------  ------
01:37:03  INFO        Boiler Feed Water               CHEM CYCLO HEXY                   0.000100           12.04  
01:37:03  INFO        Boiler Feed Water               CHEM MORPHOLENE                   0.000002            0.24  
01:37:03  INFO        Boiler Feed Water               Cooling Water 2                   0.001070          128.83  
01:37:03  INFO        Boiler Feed Water               D M Water                         0.860000       103545.14  
01:37:03  INFO        Boiler Feed Water               KEM WATREAT B 70M                 0.000570           68.63  
01:37:03  INFO        Boiler Feed Water               LP Steam_Dis                      0.145000        17458.19  
01:37:03  INFO        Boiler Feed Water               Power_Dis                         9.500000      1143812.60  
01:37:03  INFO        COMPRESSED AIR                  Cooling Water 2                   0.000025          182.07  
01:37:03  INFO        COMPRESSED AIR                  Power_Dis                         0.165000      1201690.44  
01:37:03  INFO        Cooling Water 1                 COMPRESSED AIR                    0.108592         1649.95  
01:37:03  INFO        Cooling Water 1                 Power_Dis                       244.999997      3722529.95  
01:37:03  INFO        Cooling Water 1                 SULPHURIC ACID                    0.000158            2.40  
01:37:03  INFO        Cooling Water 1                 Water                            11.050000       167893.70  
01:37:03  INFO        Cooling Water 2                 COMPRESSED AIR                    0.123044         1621.39  
01:37:03  INFO        Cooling Water 2                 Power_Dis                       249.999997      3294330.22  
01:37:03  INFO        Cooling Water 2                 SULPHURIC ACID                    0.000158            2.08  
01:37:03  INFO        Cooling Water 2                 Water                            11.500000       151539.19  
01:37:03  INFO        D M Water                       CAUSTIC SODA LYE – GRADE 1        0.000226           35.91  
01:37:03  INFO        D M Water                       CHEM  SODIUM SULPHITE;PN:MIS 1    0.000701          111.40  
01:37:03  INFO        D M Water                       CHEM ALUM.SULFATE, AL2(SO4)3,1    0.000757          120.30  
01:37:03  INFO        D M Water                       COMPRESSED AIR                    0.077000        12236.26  
01:37:03  INFO        D M Water                       HYDRO CHLORIC ACID (30%) -VIRG    0.000226           35.91  
01:37:03  INFO        D M Water                       POLYELECTROLYTE                   0.000578           91.85  
01:37:03  INFO        D M Water                       Power_Dis                         1.210000       192284.14  
01:37:03  INFO        D M Water                       Ret steam condensate              0.203000        32259.24  
01:37:03  INFO        D M Water                       SODIUM CHLORIDE IS 797 GRADE1     0.000010            1.59  
01:37:03  INFO        D M Water                       Water                             1.050000       166858.14  
01:37:03  INFO        HP Steam PRDS                   Boiler Feed Water                 0.076800          381.85  
01:37:03  INFO        HP Steam PRDS                   SHP Steam_Dis                     0.923200         4590.15  
01:37:03  INFO        HP Steam_Dis                    HP Steam PRDS                     1.000000         4972.00  
01:37:03  INFO        HRSG2_SHP STEAM                 Boiler Feed Water                 1.024000        57330.88  
01:37:03  INFO        HRSG2_SHP STEAM                 CHEM TRISODIUM PHOSPHATE          0.000900           50.39  
01:37:03  INFO        HRSG2_SHP STEAM                 COMPRESSED AIR                    9.853236       551655.00  
01:37:03  INFO        HRSG2_SHP STEAM                 FURNACE OIL ( MEDIUM VISCOSITY    0.000098            5.49  
01:37:03  INFO        HRSG2_SHP STEAM                 LP Steam_Dis                     -0.078000        -4367.00  YES
01:37:03  INFO        HRSG2_SHP STEAM                 NATURAL GAS                       2.954424       165409.90  
01:37:03  INFO        HRSG2_SHP STEAM                 Water                             0.002660          148.93  
01:37:03  INFO        HRSG3_SHP STEAM                 Boiler Feed Water                 1.024000        57330.88  
01:37:03  INFO        HRSG3_SHP STEAM                 CHEM TRISODIUM PHOSPHATE          0.000900           50.39  
01:37:03  INFO        HRSG3_SHP STEAM                 COMPRESSED AIR                    9.596520       537282.19  
01:37:03  INFO        HRSG3_SHP STEAM                 FURNACE OIL ( MEDIUM VISCOSITY    0.000098            5.49  
01:37:03  INFO        HRSG3_SHP STEAM                 LP Steam_Dis                     -0.078000        -4367.00  YES
01:37:03  INFO        HRSG3_SHP STEAM                 NATURAL GAS                       2.954424       165409.90  
01:37:03  INFO        HRSG3_SHP STEAM                 Water                             0.002660          148.93  
01:37:03  INFO        LP Steam PRDS                   Boiler Feed Water                 0.250000         3822.97  
01:37:03  INFO        LP Steam PRDS                   MP Steam_Dis                      0.750000        11468.91  
01:37:03  INFO        LP Steam_Dis                    LP Steam PRDS                     0.359600        15343.40  
01:37:03  INFO        LP Steam_Dis                    STG1_LP STEAM                     0.640400        27324.56  
01:37:03  INFO        MP Steam PRDS SHP               Boiler Feed Water                 0.090000         2130.27  
01:37:03  INFO        MP Steam PRDS SHP               SHP Steam_Dis                     0.910000        21539.38  
01:37:03  INFO        MP Steam_Dis                    MP Steam PRDS SHP                 0.916200        23807.42  
01:37:03  INFO        MP Steam_Dis                    STG1_MP STEAM                     0.083800         2177.54  
01:37:03  INFO        Oxygen                          Cooling Water 2                   0.261000         1510.41  
01:37:03  INFO        Oxygen                          Power_Dis                       968.650000      5605577.55  
01:37:03  INFO        POWERGEN                        COMPRESSED AIR                    0.004011        36748.62  
01:37:03  INFO        POWERGEN                        COMPRESSED AIR                    0.003420        31518.72  
01:37:03  INFO        POWERGEN                        COMPRESSED AIR                    0.003839        31786.92  
01:37:03  INFO        POWERGEN                        COMPRESSED AIR                    0.000000            0.00  
01:37:03  INFO        POWERGEN                        Cooling Water 2                   0.000232         2125.57  
01:37:03  INFO        POWERGEN                        Cooling Water 2                   0.000012          110.59  
01:37:03  INFO        POWERGEN                        Cooling Water 2                   0.000013          107.64  
01:37:03  INFO        POWERGEN                        Cooling Water 2                   0.000000            0.00  
01:37:03  INFO        POWERGEN                        NATURAL GAS                       0.009373        86385.63  
01:37:03  INFO        POWERGEN                        NATURAL GAS                       0.009982        82651.39  
01:37:04  INFO        POWERGEN                        NATURAL GAS                       0.009472            0.00  
01:37:04  INFO        POWERGEN                        Power_Dis                         0.002000        18323.92  
01:37:04  INFO        POWERGEN                        Power_Dis                         0.014000       129024.00  
01:37:04  INFO        POWERGEN                        Power_Dis                         0.014000       115920.00  
01:37:04  INFO        POWERGEN                        Power_Dis                         0.000000            0.00  
01:37:04  INFO        POWERGEN                        SHP Steam_Dis                     0.003615        33120.49  
01:37:04  INFO        Power_Dis                       POWERGEN                          0.186036      8307988.25  
01:37:04  INFO        Power_Dis                       POWERGEN                          0.196717      8784979.92  
01:37:04  INFO        Power_Dis                       POWERGEN                          0.207066      9247145.15  
01:37:04  INFO        Power_Dis                       Power from MEL                    0.410169     18000000.00  
01:37:04  INFO        SHP Steam_Dis                   HRSG2_SHP STEAM                   0.500000        47322.83  
01:37:04  INFO        SHP Steam_Dis                   HRSG3_SHP STEAM                   0.500000        47322.83  
01:37:04  INFO        STG1_LP STEAM                   SHP Steam_Dis                     0.480000        13071.75  
01:37:04  INFO        STG1_MP STEAM                   SHP Steam_Dis                     0.690000         1493.81  
01:37:04  INFO      
01:37:04  INFO        Not yet converged: 30 materials
01:37:04  INFO          Boiler Feed Water               change = 0.4922%
01:37:04  INFO          CAUSTIC SODA LYE – GRADE 1      change = 0.5347%
01:37:04  INFO          CHEM  SODIUM SULPHITE;PN:MIS 19OX  change = 0.5347%
01:37:04  INFO          CHEM ALUM.SULFATE, AL2(SO4)3,18H2O  change = 0.5347%
01:37:04  INFO          CHEM CYCLO HEXY                 change = 0.4053%
01:37:04  INFO          CHEM MORPHOLENE                 change = 0.4053%
01:37:04  INFO          CHEM TRISODIUM PHOSPHATE        change = 0.5056%
01:37:04  INFO          COMPRESSED AIR                  change = 0.4676%
01:37:04  INFO          Cooling Water 2                 change = 0.0986%
01:37:04  INFO          D M Water                       change = 0.4053%
01:37:04  INFO          FURNACE OIL ( MEDIUM VISCOSITY GRADE )  change = 0.5056%
01:37:04  INFO          HRSG2_SHP STEAM                 change = 0.4790%
01:37:04  INFO          HRSG3_SHP STEAM                 change = 0.4790%
01:37:04  INFO          HYDRO CHLORIC ACID (30%) -VIRGIN  change = 0.5347%
01:37:04  INFO          KEM WATREAT B 70M               change = 0.4053%
01:37:04  INFO          LP Steam PRDS                   change = 0.3358%
01:37:04  INFO          LP Steam_Dis                    change = 0.4053%
01:37:04  INFO          MP Steam PRDS SHP               change = 0.5787%
01:37:04  INFO          MP Steam_Dis                    change = 0.2820%
01:37:04  INFO          NATURAL GAS                     change = 0.3346%
01:37:04  INFO          POLYELECTROLYTE                 change = 0.5347%
01:37:04  INFO          POWERGEN                        change = 0.0336%
01:37:04  INFO          Power_Dis                       change = 0.0493%
01:37:04  INFO          Ret steam condensate            change = 0.5347%
01:37:04  INFO          SHP Steam_Dis                   change = 0.1963%
01:37:04  INFO          SODIUM CHLORIDE IS 797 GRADE1   change = 0.5347%
01:37:04  INFO          STG1_LP STEAM                   change = 0.3358%
01:37:04  INFO          STG1_MP STEAM                   change = 0.5787%
01:37:04  INFO          SULPHURIC ACID                  change = 0.0174%
01:37:04  INFO          Water                           change = 0.1954%
01:37:04  INFO        ------------------------------------------------------------------------------------------
01:37:05  INFO        [DISPATCH] Total demand: 44665.56 MWh, Import: 18000.00 MWh, Net for GT/STG: 26665.56 MWh
01:37:05  WARNING     [DISPATCH] No aux power norm for 'NMD-Power Plant-2'; using 0.0
01:37:05  WARNING     [DISPATCH] No aux power norm for 'NMD-Power Plant-3'; using 0.0
01:37:05  WARNING     [DISPATCH] No aux power norm for 'NMD-STG Power Plant'; using 0.0
01:37:05  INFO        ==============================================================================
01:37:05  INFO        POWER DISPATCH  (April 2025)
01:37:05  INFO        ==============================================================================
01:37:05  INFO        Demand:  Process = 44665.56 MWh  |  Fixed = 0.00 MWh  |  Total = 44665.56 MWh
01:37:05  INFO      
01:37:05  INFO        Asset                      Priority    Min MW    Max MW     Hours   Dispatched MW  Dispatched MWh    Load %  Free Steam MT  Aux Power MWh
01:37:05  INFO        -------------------------  --------  --------  --------  --------  --------------  --------------  --------  ------------  ------------
01:37:05  INFO        NMD-Power Plant-2                 1      5.00     11.50    720.00           11.50         8280.00    100.0%      16311.60          0.00
01:37:05  INFO        NMD-Power Plant-3                 1      5.00     12.80    720.00           12.80         9216.00    100.0%      18155.52          0.00
01:37:05  INFO        NMD-STG Power Plant               2      6.00     14.50    720.00           12.74         9169.56     87.8%          0.00          0.00
01:37:05  INFO        TOTAL                                                                                    26665.56                34467.12          0.00
01:37:05  INFO        DEFICIT: 18000.00 MWh under-generation
01:37:05  INFO        ==============================================================================
01:37:05  INFO        [STG EXTRACTION] STG Load: 12.74 MW, LP Extraction: 20880.00 MT, MP Extraction: 2880.00 MT
01:37:05  INFO        ==============================================================================
01:37:05  INFO        STEAM DISPATCH  (April 2025)
01:37:05  INFO        ==============================================================================
01:37:05  INFO        Grade      Process/Fixed MT  Letdown MT  Byproduct MT     Net Demand MT
01:37:05  INFO        ---------  ----------------  ----------  ------------  ----------------
01:37:05  INFO        MP                 26017.31    17352.98          0.00          23137.31
01:37:05  INFO        SHP                94790.57   103530.92          0.00         112143.55
01:37:05  INFO      
01:37:05  INFO        Total Free Steam available: 34467.12 MT
01:37:05  INFO      
01:37:05  INFO        FINAL SUPPLEMENTARY FIRING DISPATCH
01:37:05  INFO        Asset                      Priority     Min TPH     Max TPH     Hours  Dispatched TPH   Dispatched MT    Load %
01:37:05  INFO        -------------------------  --------  ----------  ----------  --------  --------------  --------------  --------
01:37:05  INFO        HRSG-1                          999       60.00      136.00      0.00            0.00            0.00      0.0%
01:37:05  INFO        HRSG-2                            1       37.34      113.34    720.00           55.22        39760.17     57.3%
01:37:05  INFO        HRSG-3                            1       34.78      110.78    720.00           52.66        37916.25     57.3%
01:37:05  INFO        TOTAL SUPPLEMENTARY                                                                          77676.42          
01:37:05  INFO        TOTAL STEAM GENERATED                                                                       112143.54          
01:37:05  INFO        DEFICIT: 0.01 MT
01:37:05  INFO        ==============================================================================
01:37:05  INFO        [REVERSE NG] Found GT asset: NMD-Power Plant-3, plant: NMD - Power Plant 3, heat_rate: 3862.56, free_steam: 1.97
01:37:05  INFO        [REVERSE NG] NMD - Power Plant 3: gen_qty=9216000 KWH, heat_rate=3862.56, free_steam=1.9700, consumed=86385.63 MMBTU (REVERSE)
01:37:05  INFO        [REVERSE NG] Found GT asset: NMD-Power Plant-2, plant: NMD - Power Plant 2, heat_rate: 4016.03, free_steam: 1.97
01:37:05  INFO        [REVERSE NG] NMD - Power Plant 2: gen_qty=8280000 KWH, heat_rate=4016.03, free_steam=1.9700, consumed=82651.39 MMBTU (REVERSE)
01:37:05  INFO        [REVERSE NG HRSG] Found HRSG: HRSG-2, supp_steam=39760.17 MT, free_steam=16311.60 MT, total_steam=56071.77 MT
01:37:05  INFO        [REVERSE NG HRSG] HRSG2_SHP STEAM: total_steam=56071.77 MT, norm=2.954424, consumed=165659.78 MMBTU (REVERSE, BPC method)
01:37:05  INFO        [REVERSE NG HRSG] Found HRSG: HRSG-3, supp_steam=37916.25 MT, free_steam=18155.52 MT, total_steam=56071.77 MT
01:37:05  INFO        [REVERSE NG HRSG] HRSG3_SHP STEAM: total_steam=56071.77 MT, norm=2.954424, consumed=165659.78 MMBTU (REVERSE, BPC method)
01:37:05  INFO      
01:37:05  INFO        ------------------------------------------------------------------------------------------
01:37:05  INFO        ITERATION 12
01:37:05  INFO        ------------------------------------------------------------------------------------------
01:37:05  INFO        Power:  Demand =    44665560.03 KWH  |  Gen =       26665.56 MWh  |  Surplus =     0.00  |  Deficit =     0.00
01:37:05  INFO        Steam:  Gen =      112143.54 MT  |  Surplus =     0.00  |  Deficit =     0.01
01:37:05  INFO        Power delta: 7603.0965 MWh  |  Converged: NO
01:37:05  INFO      
01:37:05  INFO        Utility                                Total Demand      U4U Demand         Initial    Change %
01:37:05  INFO        -----------------------------------  --------------  --------------  --------------  ----------
01:37:05  INFO        Boiler Feed Water                         120996.85       121195.35            0.00     0.4922%
01:37:05  INFO        COMPRESSED AIR                           7288604.64      1206207.41      6084105.59    83.5515%
01:37:05  INFO        Cooling Water 1                            15194.00            0.00        15194.00   100.0000%
01:37:05  INFO        Cooling Water 2                            13181.43         4167.66         9016.31    68.4328%
01:37:05  INFO        D M Water                                 159332.14       104057.29        55787.00    35.2764%
01:37:05  INFO        HP Steam PRDS                               4972.00         4972.00            0.00     0.0000%
01:37:05  INFO        HP Steam_Dis                                4972.00            0.00         4972.00   100.0000%
01:37:05  INFO        HRSG2_SHP STEAM                            47322.83        47395.28            0.00     0.4790%
01:37:05  INFO        HRSG3_SHP STEAM                            47322.83        47395.28            0.00     0.4790%
01:37:05  INFO        LP Steam PRDS                              15343.40        15368.84            0.00     0.3358%
01:37:05  INFO        LP Steam_Dis                               42738.70        17544.54        25280.51    59.3169%
01:37:05  INFO        MP Steam PRDS SHP                          23807.42        23837.06            0.00     0.5787%
01:37:05  INFO        MP Steam_Dis                               26017.31        11507.55        14548.40    56.0425%
01:37:05  INFO        Nitrogen Gas                             5437630.00            0.00      5437630.00   100.0000% (PT)
01:37:05  INFO        Oxygen                                      5787.00            0.00         5787.00   100.0000%
01:37:05  INFO        POWERGEN                                26340113.31     26344595.93            0.00     0.0336%
01:37:05  INFO        Power_Dis                               44665560.03     15431629.19     29242067.20    65.4860%
01:37:05  INFO        SHP Steam_Dis                              94790.57        74021.15        20975.00    22.2806%
01:37:05  INFO        STG1_LP STEAM                              27324.56        27369.86            0.00     0.3358%
01:37:05  INFO        STG1_MP STEAM                               2177.54         2180.25            0.00     0.5787%
01:37:05  INFO        Water                                     766960.68       487077.17       280371.80    36.6802% (PT)
01:37:05  INFO      
01:37:05  INFO        U4U CONSUMPTION BREAKDOWN (per producer per material):
01:37:05  INFO        Producer                        Material Consumed                     Norm        Quantity  Credit
01:37:05  INFO        ------------------------------  ------------------------------  ----------  --------------  ------
01:37:05  INFO        Boiler Feed Water               CHEM CYCLO HEXY                   0.000100           12.10  
01:37:05  INFO        Boiler Feed Water               CHEM MORPHOLENE                   0.000002            0.24  
01:37:05  INFO        Boiler Feed Water               Cooling Water 2                   0.001070          129.47  
01:37:05  INFO        Boiler Feed Water               D M Water                         0.860000       104057.29  
01:37:05  INFO        Boiler Feed Water               KEM WATREAT B 70M                 0.000570           68.97  
01:37:05  INFO        Boiler Feed Water               LP Steam_Dis                      0.145000        17544.54  
01:37:05  INFO        Boiler Feed Water               Power_Dis                         9.500000      1149470.09  
01:37:05  INFO        COMPRESSED AIR                  Cooling Water 2                   0.000025          182.22  
01:37:05  INFO        COMPRESSED AIR                  Power_Dis                         0.165000      1202619.77  
01:37:05  INFO        Cooling Water 1                 COMPRESSED AIR                    0.108592         1649.95  
01:37:05  INFO        Cooling Water 1                 Power_Dis                       244.999997      3722529.95  
01:37:05  INFO        Cooling Water 1                 SULPHURIC ACID                    0.000158            2.40  
01:37:05  INFO        Cooling Water 1                 Water                            11.050000       167893.70  
01:37:05  INFO        Cooling Water 2                 COMPRESSED AIR                    0.123044         1621.90  
01:37:05  INFO        Cooling Water 2                 Power_Dis                       249.999997      3295356.82  
01:37:05  INFO        Cooling Water 2                 SULPHURIC ACID                    0.000158            2.08  
01:37:05  INFO        Cooling Water 2                 Water                            11.500000       151586.42  
01:37:05  INFO        D M Water                       CAUSTIC SODA LYE – GRADE 1        0.000226           36.01  
01:37:05  INFO        D M Water                       CHEM  SODIUM SULPHITE;PN:MIS 1    0.000701          111.69  
01:37:05  INFO        D M Water                       CHEM ALUM.SULFATE, AL2(SO4)3,1    0.000757          120.61  
01:37:05  INFO        D M Water                       COMPRESSED AIR                    0.077000        12268.57  
01:37:05  INFO        D M Water                       HYDRO CHLORIC ACID (30%) -VIRG    0.000226           36.01  
01:37:05  INFO        D M Water                       POLYELECTROLYTE                   0.000578           92.09  
01:37:05  INFO        D M Water                       Power_Dis                         1.210000       192791.89  
01:37:05  INFO        D M Water                       Ret steam condensate              0.203000        32344.42  
01:37:05  INFO        D M Water                       SODIUM CHLORIDE IS 797 GRADE1     0.000010            1.59  
01:37:05  INFO        D M Water                       Water                             1.050000       167298.75  
01:37:05  INFO        HP Steam PRDS                   Boiler Feed Water                 0.076800          381.85  
01:37:05  INFO        HP Steam PRDS                   SHP Steam_Dis                     0.923200         4590.15  
01:37:05  INFO        HP Steam_Dis                    HP Steam PRDS                     1.000000         4972.00  
01:37:05  INFO        HRSG2_SHP STEAM                 Boiler Feed Water                 1.024000        57417.49  
01:37:05  INFO        HRSG2_SHP STEAM                 CHEM TRISODIUM PHOSPHATE          0.000900           50.46  
01:37:05  INFO        HRSG2_SHP STEAM                 COMPRESSED AIR                    9.853236       552488.38  
01:37:05  INFO        HRSG2_SHP STEAM                 FURNACE OIL ( MEDIUM VISCOSITY    0.000098            5.50  
01:37:05  INFO        HRSG2_SHP STEAM                 LP Steam_Dis                     -0.078000        -4373.60  YES
01:37:05  INFO        HRSG2_SHP STEAM                 NATURAL GAS                       2.954424       165659.78  
01:37:05  INFO        HRSG2_SHP STEAM                 Water                             0.002660          149.15  
01:37:05  INFO        HRSG3_SHP STEAM                 Boiler Feed Water                 1.024000        57417.49  
01:37:05  INFO        HRSG3_SHP STEAM                 CHEM TRISODIUM PHOSPHATE          0.000900           50.46  
01:37:05  INFO        HRSG3_SHP STEAM                 COMPRESSED AIR                    9.596520       538093.86  
01:37:05  INFO        HRSG3_SHP STEAM                 FURNACE OIL ( MEDIUM VISCOSITY    0.000098            5.50  
01:37:05  INFO        HRSG3_SHP STEAM                 LP Steam_Dis                     -0.078000        -4373.60  YES
01:37:05  INFO        HRSG3_SHP STEAM                 NATURAL GAS                       2.954424       165659.78  
01:37:05  INFO        HRSG3_SHP STEAM                 Water                             0.002660          149.15  
01:37:05  INFO        LP Steam PRDS                   Boiler Feed Water                 0.250000         3835.85  
01:37:05  INFO        LP Steam PRDS                   MP Steam_Dis                      0.750000        11507.55  
01:37:05  INFO        LP Steam_Dis                    LP Steam PRDS                     0.359600        15368.84  
01:37:05  INFO        LP Steam_Dis                    STG1_LP STEAM                     0.640400        27369.86  
01:37:05  INFO        MP Steam PRDS SHP               Boiler Feed Water                 0.090000         2142.67  
01:37:05  INFO        MP Steam PRDS SHP               SHP Steam_Dis                     0.910000        21664.75  
01:37:05  INFO        MP Steam_Dis                    MP Steam PRDS SHP                 0.916200        23837.06  
01:37:05  INFO        MP Steam_Dis                    STG1_MP STEAM                     0.083800         2180.25  
01:37:05  INFO        Oxygen                          Cooling Water 2                   0.261000         1510.41  
01:37:05  INFO        Oxygen                          Power_Dis                       968.650000      5605577.55  
01:37:05  INFO        POWERGEN                        COMPRESSED AIR                    0.004011        36779.11  
01:37:05  INFO        POWERGEN                        COMPRESSED AIR                    0.003420        31518.72  
01:37:05  INFO        POWERGEN                        COMPRESSED AIR                    0.003839        31786.92  
01:37:05  INFO        POWERGEN                        COMPRESSED AIR                    0.000000            0.00  
01:37:05  INFO        POWERGEN                        Cooling Water 2                   0.000232         2127.34  
01:37:05  INFO        POWERGEN                        Cooling Water 2                   0.000012          110.59  
01:37:05  INFO        POWERGEN                        Cooling Water 2                   0.000013          107.64  
01:37:05  INFO        POWERGEN                        Cooling Water 2                   0.000000            0.00  
01:37:05  INFO        POWERGEN                        NATURAL GAS                       0.009373        86385.63  
01:37:05  INFO        POWERGEN                        NATURAL GAS                       0.009982        82651.39  
01:37:05  INFO        POWERGEN                        NATURAL GAS                       0.009472            0.00  
01:37:05  INFO        POWERGEN                        Power_Dis                         0.002000        18339.12  
01:37:05  INFO        POWERGEN                        Power_Dis                         0.014000       129024.00  
01:37:05  INFO        POWERGEN                        Power_Dis                         0.014000       115920.00  
01:37:05  INFO        POWERGEN                        Power_Dis                         0.000000            0.00  
01:37:05  INFO        POWERGEN                        SHP Steam_Dis                     0.003615        33147.96  
01:37:05  INFO        Power_Dis                       POWERGEN                          0.186036      8309402.12  
01:37:05  INFO        Power_Dis                       POWERGEN                          0.196717      8786474.97  
01:37:05  INFO        Power_Dis                       POWERGEN                          0.207066      9248718.85  
01:37:05  INFO        Power_Dis                       Power from MEL                    0.410169     18000000.00  
01:37:05  INFO        SHP Steam_Dis                   HRSG2_SHP STEAM                   0.500000        47395.28  
01:37:05  INFO        SHP Steam_Dis                   HRSG3_SHP STEAM                   0.500000        47395.28  
01:37:05  INFO        STG1_LP STEAM                   SHP Steam_Dis                     0.480000        13115.79  
01:37:05  INFO        STG1_MP STEAM                   SHP Steam_Dis                     0.690000         1502.50  
01:37:05  INFO      
01:37:05  INFO        Not yet converged: 30 materials
01:37:05  INFO          Boiler Feed Water               change = 0.1638%
01:37:05  INFO          CAUSTIC SODA LYE – GRADE 1      change = 0.2634%
01:37:05  INFO          CHEM  SODIUM SULPHITE;PN:MIS 19OX  change = 0.2634%
01:37:05  INFO          CHEM ALUM.SULFATE, AL2(SO4)3,18H2O  change = 0.2634%
01:37:05  INFO          CHEM CYCLO HEXY                 change = 0.4922%
01:37:05  INFO          CHEM MORPHOLENE                 change = 0.4922%
01:37:05  INFO          CHEM TRISODIUM PHOSPHATE        change = 0.1508%
01:37:05  INFO          COMPRESSED AIR                  change = 0.1416%
01:37:05  INFO          Cooling Water 2                 change = 0.0610%
01:37:05  INFO          D M Water                       change = 0.4922%
01:37:05  INFO          FURNACE OIL ( MEDIUM VISCOSITY GRADE )  change = 0.1508%
01:37:05  INFO          HRSG2_SHP STEAM                 change = 0.1529%
01:37:05  INFO          HRSG3_SHP STEAM                 change = 0.1529%
01:37:05  INFO          HYDRO CHLORIC ACID (30%) -VIRGIN  change = 0.2634%
01:37:05  INFO          KEM WATREAT B 70M               change = 0.4922%
01:37:05  INFO          LP Steam PRDS                   change = 0.1655%
01:37:05  INFO          LP Steam_Dis                    change = 0.4922%
01:37:05  INFO          MP Steam PRDS SHP               change = 0.1243%
01:37:05  INFO          MP Steam_Dis                    change = 0.3358%
01:37:05  INFO          NATURAL GAS                     change = 0.0999%
01:37:05  INFO          POLYELECTROLYTE                 change = 0.2634%
01:37:05  INFO          POWERGEN                        change = 0.0170%
01:37:05  INFO          Power_Dis                       change = 0.0527%
01:37:05  INFO          Ret steam condensate            change = 0.2634%
01:37:05  INFO          SHP Steam_Dis                   change = 0.2777%
01:37:05  INFO          SODIUM CHLORIDE IS 797 GRADE1   change = 0.2634%
01:37:05  INFO          STG1_LP STEAM                   change = 0.1655%
01:37:05  INFO          STG1_MP STEAM                   change = 0.1243%
01:37:05  INFO          SULPHURIC ACID                  change = 0.0145%
01:37:05  INFO          Water                           change = 0.1002%
01:37:05  INFO        ------------------------------------------------------------------------------------------
01:37:06  INFO        [DISPATCH] Total demand: 44673.70 MWh, Import: 18000.00 MWh, Net for GT/STG: 26673.70 MWh
01:37:06  WARNING     [DISPATCH] No aux power norm for 'NMD-Power Plant-2'; using 0.0
01:37:06  WARNING     [DISPATCH] No aux power norm for 'NMD-Power Plant-3'; using 0.0
01:37:06  WARNING     [DISPATCH] No aux power norm for 'NMD-STG Power Plant'; using 0.0
01:37:06  INFO        ==============================================================================
01:37:06  INFO        POWER DISPATCH  (April 2025)
01:37:06  INFO        ==============================================================================
01:37:06  INFO        Demand:  Process = 44673.70 MWh  |  Fixed = 0.00 MWh  |  Total = 44673.70 MWh
01:37:06  INFO      
01:37:06  INFO        Asset                      Priority    Min MW    Max MW     Hours   Dispatched MW  Dispatched MWh    Load %  Free Steam MT  Aux Power MWh
01:37:06  INFO        -------------------------  --------  --------  --------  --------  --------------  --------------  --------  ------------  ------------
01:37:06  INFO        NMD-Power Plant-2                 1      5.00     11.50    720.00           11.50         8280.00    100.0%      16311.60          0.00
01:37:06  INFO        NMD-Power Plant-3                 1      5.00     12.80    720.00           12.80         9216.00    100.0%      18155.52          0.00
01:37:06  INFO        NMD-STG Power Plant               2      6.00     14.50    720.00           12.75         9177.70     87.9%          0.00          0.00
01:37:06  INFO        TOTAL                                                                                    26673.70                34467.12          0.00
01:37:06  INFO        DEFICIT: 18000.00 MWh under-generation
01:37:06  INFO        ==============================================================================
01:37:07  INFO        [STG EXTRACTION] STG Load: 12.75 MW, LP Extraction: 20880.00 MT, MP Extraction: 2880.00 MT
01:37:07  INFO        ==============================================================================
01:37:07  INFO        STEAM DISPATCH  (April 2025)
01:37:07  INFO        ==============================================================================
01:37:07  INFO        Grade      Process/Fixed MT  Letdown MT  Byproduct MT     Net Demand MT
01:37:07  INFO        ---------  ----------------  ----------  ------------  ----------------
01:37:07  INFO        MP                 26055.95    17381.96          0.00          23175.95
01:37:07  INFO        SHP                94996.15   103747.47          0.00         112378.11
01:37:07  INFO      
01:37:07  INFO        Total Free Steam available: 34467.12 MT
01:37:07  INFO      
01:37:07  INFO        FINAL SUPPLEMENTARY FIRING DISPATCH
01:37:07  INFO        Asset                      Priority     Min TPH     Max TPH     Hours  Dispatched TPH   Dispatched MT    Load %
01:37:07  INFO        -------------------------  --------  ----------  ----------  --------  --------------  --------------  --------
01:37:07  INFO        HRSG-1                          999       60.00      136.00      0.00            0.00            0.00      0.0%
01:37:07  INFO        HRSG-2                            1       37.34      113.34    720.00           55.39        39877.46     57.4%
01:37:07  INFO        HRSG-3                            1       34.78      110.78    720.00           52.82        38033.54     57.4%
01:37:07  INFO        TOTAL SUPPLEMENTARY                                                                          77911.00          
01:37:07  INFO        TOTAL STEAM GENERATED                                                                       112378.12          
01:37:07  INFO        SURPLUS: 0.01 MT
01:37:07  INFO        ==============================================================================
01:37:07  INFO        [REVERSE NG] Found GT asset: NMD-Power Plant-3, plant: NMD - Power Plant 3, heat_rate: 3862.56, free_steam: 1.97
01:37:07  INFO        [REVERSE NG] NMD - Power Plant 3: gen_qty=9216000 KWH, heat_rate=3862.56, free_steam=1.9700, consumed=86385.63 MMBTU (REVERSE)
01:37:07  INFO        [REVERSE NG] Found GT asset: NMD-Power Plant-2, plant: NMD - Power Plant 2, heat_rate: 4016.03, free_steam: 1.97
01:37:07  INFO        [REVERSE NG] NMD - Power Plant 2: gen_qty=8280000 KWH, heat_rate=4016.03, free_steam=1.9700, consumed=82651.39 MMBTU (REVERSE)
01:37:07  INFO        [REVERSE NG HRSG] Found HRSG: HRSG-2, supp_steam=39877.46 MT, free_steam=16311.60 MT, total_steam=56189.06 MT
01:37:07  INFO        [REVERSE NG HRSG] HRSG2_SHP STEAM: total_steam=56189.06 MT, norm=2.954424, consumed=166006.31 MMBTU (REVERSE, BPC method)
01:37:07  INFO        [REVERSE NG HRSG] Found HRSG: HRSG-3, supp_steam=38033.54 MT, free_steam=18155.52 MT, total_steam=56189.06 MT
01:37:07  INFO        [REVERSE NG HRSG] HRSG3_SHP STEAM: total_steam=56189.06 MT, norm=2.954424, consumed=166006.31 MMBTU (REVERSE, BPC method)
01:37:07  INFO      
01:37:07  INFO        ------------------------------------------------------------------------------------------
01:37:07  INFO        ITERATION 13
01:37:07  INFO        ------------------------------------------------------------------------------------------
01:37:07  INFO        Power:  Demand =    44673696.39 KWH  |  Gen =       26673.70 MWh  |  Surplus =     0.00  |  Deficit =     0.00
01:37:07  INFO        Steam:  Gen =      112378.12 MT  |  Surplus =     0.01  |  Deficit =     0.00
01:37:07  INFO        Power delta: 8136.3639 MWh  |  Converged: NO
01:37:07  INFO      
01:37:07  INFO        Utility                                Total Demand      U4U Demand         Initial    Change %
01:37:07  INFO        -----------------------------------  --------------  --------------  --------------  ----------
01:37:07  INFO        Boiler Feed Water                         121195.35       121444.59            0.00     0.1638%
01:37:07  INFO        COMPRESSED AIR                           7290313.00      1208561.07      6084105.59    83.4781%
01:37:07  INFO        Cooling Water 1                            15194.00            0.00        15194.00   100.0000%
01:37:07  INFO        Cooling Water 2                            13183.97         4169.80         9016.31    68.4077%
01:37:07  INFO        D M Water                                 159844.29       104228.00        55787.00    35.2212%
01:37:07  INFO        HP Steam PRDS                               4972.00         4972.00            0.00     0.0000%
01:37:07  INFO        HP Steam_Dis                                4972.00            0.00         4972.00   100.0000%
01:37:07  INFO        HRSG2_SHP STEAM                            47395.28        47498.08            0.00     0.1529%
01:37:07  INFO        HRSG3_SHP STEAM                            47395.28        47498.08            0.00     0.1529%
01:37:07  INFO        LP Steam PRDS                              15368.84        15399.89            0.00     0.1655%
01:37:07  INFO        LP Steam_Dis                               42825.05        17573.33        25280.51    59.2337%
01:37:07  INFO        MP Steam PRDS SHP                          23837.06        23872.46            0.00     0.1243%
01:37:07  INFO        MP Steam_Dis                               26055.95        11526.63        14548.40    55.9835%
01:37:07  INFO        Nitrogen Gas                             5437630.00            0.00      5437630.00   100.0000% (PT)
01:37:07  INFO        Oxygen                                      5787.00            0.00         5787.00   100.0000%
01:37:07  INFO        POWERGEN                                26344595.93     26349397.06            0.00     0.0170%
01:37:07  INFO        Power_Dis                               44673696.39     15435068.11     29242067.20    65.4752%
01:37:07  INFO        SHP Steam_Dis                              94996.15        74101.17        20975.00    22.2963%
01:37:07  INFO        STG1_LP STEAM                              27369.86        27425.16            0.00     0.1655%
01:37:07  INFO        STG1_MP STEAM                               2180.25         2183.49            0.00     0.1243%
01:37:07  INFO        Water                                     767448.97       487644.77       280371.80    36.5966% (PT)
01:37:07  INFO      
01:37:07  INFO        U4U CONSUMPTION BREAKDOWN (per producer per material):
01:37:07  INFO        Producer                        Material Consumed                     Norm        Quantity  Credit
01:37:07  INFO        ------------------------------  ------------------------------  ----------  --------------  ------
01:37:07  INFO        Boiler Feed Water               CHEM CYCLO HEXY                   0.000100           12.12  
01:37:07  INFO        Boiler Feed Water               CHEM MORPHOLENE                   0.000002            0.24  
01:37:07  INFO        Boiler Feed Water               Cooling Water 2                   0.001070          129.68  
01:37:07  INFO        Boiler Feed Water               D M Water                         0.860000       104228.00  
01:37:07  INFO        Boiler Feed Water               KEM WATREAT B 70M                 0.000570           69.08  
01:37:07  INFO        Boiler Feed Water               LP Steam_Dis                      0.145000        17573.33  
01:37:07  INFO        Boiler Feed Water               Power_Dis                         9.500000      1151355.84  
01:37:07  INFO        COMPRESSED AIR                  Cooling Water 2                   0.000025          182.26  
01:37:07  INFO        COMPRESSED AIR                  Power_Dis                         0.165000      1202901.64  
01:37:07  INFO        Cooling Water 1                 COMPRESSED AIR                    0.108592         1649.95  
01:37:07  INFO        Cooling Water 1                 Power_Dis                       244.999997      3722529.95  
01:37:07  INFO        Cooling Water 1                 SULPHURIC ACID                    0.000158            2.40  
01:37:07  INFO        Cooling Water 1                 Water                            11.050000       167893.70  
01:37:07  INFO        Cooling Water 2                 COMPRESSED AIR                    0.123044         1622.21  
01:37:07  INFO        Cooling Water 2                 Power_Dis                       249.999997      3295992.13  
01:37:07  INFO        Cooling Water 2                 SULPHURIC ACID                    0.000158            2.08  
01:37:07  INFO        Cooling Water 2                 Water                            11.500000       151615.64  
01:37:07  INFO        D M Water                       CAUSTIC SODA LYE – GRADE 1        0.000226           36.12  
01:37:07  INFO        D M Water                       CHEM  SODIUM SULPHITE;PN:MIS 1    0.000701          112.05  
01:37:07  INFO        D M Water                       CHEM ALUM.SULFATE, AL2(SO4)3,1    0.000757          121.00  
01:37:07  INFO        D M Water                       COMPRESSED AIR                    0.077000        12308.01  
01:37:07  INFO        D M Water                       HYDRO CHLORIC ACID (30%) -VIRG    0.000226           36.12  
01:37:07  INFO        D M Water                       POLYELECTROLYTE                   0.000578           92.39  
01:37:07  INFO        D M Water                       Power_Dis                         1.210000       193411.59  
01:37:07  INFO        D M Water                       Ret steam condensate              0.203000        32448.39  
01:37:07  INFO        D M Water                       SODIUM CHLORIDE IS 797 GRADE1     0.000010            1.60  
01:37:07  INFO        D M Water                       Water                             1.050000       167836.51  
01:37:07  INFO        HP Steam PRDS                   Boiler Feed Water                 0.076800          381.85  
01:37:07  INFO        HP Steam PRDS                   SHP Steam_Dis                     0.923200         4590.15  
01:37:07  INFO        HP Steam_Dis                    HP Steam PRDS                     1.000000         4972.00  
01:37:07  INFO        HRSG2_SHP STEAM                 Boiler Feed Water                 1.024000        57537.60  
01:37:07  INFO        HRSG2_SHP STEAM                 CHEM TRISODIUM PHOSPHATE          0.000900           50.57  
01:37:07  INFO        HRSG2_SHP STEAM                 COMPRESSED AIR                    9.853236       553644.07  
01:37:07  INFO        HRSG2_SHP STEAM                 FURNACE OIL ( MEDIUM VISCOSITY    0.000098            5.51  
01:37:07  INFO        HRSG2_SHP STEAM                 LP Steam_Dis                     -0.078000        -4382.75  YES
01:37:07  INFO        HRSG2_SHP STEAM                 NATURAL GAS                       2.954424       166006.31  
01:37:07  INFO        HRSG2_SHP STEAM                 Water                             0.002660          149.46  
01:37:07  INFO        HRSG3_SHP STEAM                 Boiler Feed Water                 1.024000        57537.60  
01:37:07  INFO        HRSG3_SHP STEAM                 CHEM TRISODIUM PHOSPHATE          0.000900           50.57  
01:37:07  INFO        HRSG3_SHP STEAM                 COMPRESSED AIR                    9.596520       539219.44  
01:37:07  INFO        HRSG3_SHP STEAM                 FURNACE OIL ( MEDIUM VISCOSITY    0.000098            5.51  
01:37:07  INFO        HRSG3_SHP STEAM                 LP Steam_Dis                     -0.078000        -4382.75  YES
01:37:07  INFO        HRSG3_SHP STEAM                 NATURAL GAS                       2.954424       166006.31  
01:37:07  INFO        HRSG3_SHP STEAM                 Water                             0.002660          149.46  
01:37:07  INFO        LP Steam PRDS                   Boiler Feed Water                 0.250000         3842.21  
01:37:07  INFO        LP Steam PRDS                   MP Steam_Dis                      0.750000        11526.63  
01:37:07  INFO        LP Steam_Dis                    LP Steam PRDS                     0.359600        15399.89  
01:37:07  INFO        LP Steam_Dis                    STG1_LP STEAM                     0.640400        27425.16  
01:37:07  INFO        MP Steam PRDS SHP               Boiler Feed Water                 0.090000         2145.34  
01:37:07  INFO        MP Steam PRDS SHP               SHP Steam_Dis                     0.910000        21691.72  
01:37:07  INFO        MP Steam_Dis                    MP Steam PRDS SHP                 0.916200        23872.46  
01:37:07  INFO        MP Steam_Dis                    STG1_MP STEAM                     0.083800         2183.49  
01:37:07  INFO        Oxygen                          Cooling Water 2                   0.261000         1510.41  
01:37:07  INFO        Oxygen                          Power_Dis                       968.650000      5605577.55  
01:37:07  INFO        POWERGEN                        COMPRESSED AIR                    0.004011        36811.75  
01:37:07  INFO        POWERGEN                        COMPRESSED AIR                    0.003420        31518.72  
01:37:07  INFO        POWERGEN                        COMPRESSED AIR                    0.003839        31786.92  
01:37:07  INFO        POWERGEN                        COMPRESSED AIR                    0.000000            0.00  
01:37:07  INFO        POWERGEN                        Cooling Water 2                   0.000232         2129.23  
01:37:07  INFO        POWERGEN                        Cooling Water 2                   0.000012          110.59  
01:37:07  INFO        POWERGEN                        Cooling Water 2                   0.000013          107.64  
01:37:07  INFO        POWERGEN                        Cooling Water 2                   0.000000            0.00  
01:37:07  INFO        POWERGEN                        NATURAL GAS                       0.009373        86385.63  
01:37:07  INFO        POWERGEN                        NATURAL GAS                       0.009982        82651.39  
01:37:07  INFO        POWERGEN                        NATURAL GAS                       0.009472            0.00  
01:37:07  INFO        POWERGEN                        Power_Dis                         0.002000        18355.40  
01:37:07  INFO        POWERGEN                        Power_Dis                         0.014000       129024.00  
01:37:07  INFO        POWERGEN                        Power_Dis                         0.014000       115920.00  
01:37:07  INFO        POWERGEN                        Power_Dis                         0.000000            0.00  
01:37:07  INFO        POWERGEN                        SHP Steam_Dis                     0.003615        33177.39  
01:37:07  INFO        Power_Dis                       POWERGEN                          0.186036      8310916.45  
01:37:07  INFO        Power_Dis                       POWERGEN                          0.196717      8788076.24  
01:37:07  INFO        Power_Dis                       POWERGEN                          0.207066      9250404.36  
01:37:07  INFO        Power_Dis                       Power from MEL                    0.410169     18000000.00  
01:37:07  INFO        SHP Steam_Dis                   HRSG2_SHP STEAM                   0.500000        47498.08  
01:37:07  INFO        SHP Steam_Dis                   HRSG3_SHP STEAM                   0.500000        47498.08  
01:37:07  INFO        STG1_LP STEAM                   SHP Steam_Dis                     0.480000        13137.54  
01:37:07  INFO        STG1_MP STEAM                   SHP Steam_Dis                     0.690000         1504.37  
01:37:07  INFO      
01:37:07  INFO        Not yet converged: 29 materials
01:37:07  INFO          Boiler Feed Water               change = 0.2052%
01:37:07  INFO          CAUSTIC SODA LYE – GRADE 1      change = 0.3204%
01:37:07  INFO          CHEM  SODIUM SULPHITE;PN:MIS 19OX  change = 0.3204%
01:37:07  INFO          CHEM ALUM.SULFATE, AL2(SO4)3,18H2O  change = 0.3204%
01:37:07  INFO          CHEM CYCLO HEXY                 change = 0.1638%
01:37:07  INFO          CHEM MORPHOLENE                 change = 0.1638%
01:37:07  INFO          CHEM TRISODIUM PHOSPHATE        change = 0.2087%
01:37:07  INFO          COMPRESSED AIR                  change = 0.1947%
01:37:07  INFO          Cooling Water 2                 change = 0.0514%
01:37:07  INFO          D M Water                       change = 0.1638%
01:37:07  INFO          FURNACE OIL ( MEDIUM VISCOSITY GRADE )  change = 0.2087%
01:37:07  INFO          HRSG2_SHP STEAM                 change = 0.2164%
01:37:07  INFO          HRSG3_SHP STEAM                 change = 0.2164%
01:37:07  INFO          HYDRO CHLORIC ACID (30%) -VIRGIN  change = 0.3204%
01:37:07  INFO          KEM WATREAT B 70M               change = 0.1638%
01:37:07  INFO          LP Steam PRDS                   change = 0.2016%
01:37:07  INFO          LP Steam_Dis                    change = 0.1638%
01:37:07  INFO          MP Steam PRDS SHP               change = 0.1483%
01:37:07  INFO          MP Steam_Dis                    change = 0.1655%
01:37:07  INFO          NATURAL GAS                     change = 0.1383%
01:37:07  INFO          POLYELECTROLYTE                 change = 0.3204%
01:37:07  INFO          POWERGEN                        change = 0.0182%
01:37:07  INFO          Power_Dis                       change = 0.0223%
01:37:07  INFO          Ret steam condensate            change = 0.3204%
01:37:07  INFO          SHP Steam_Dis                   change = 0.1080%
01:37:07  INFO          SODIUM CHLORIDE IS 797 GRADE1   change = 0.3204%
01:37:07  INFO          STG1_LP STEAM                   change = 0.2016%
01:37:07  INFO          STG1_MP STEAM                   change = 0.1483%
01:37:07  INFO          Water                           change = 0.1164%
01:37:07  INFO        ------------------------------------------------------------------------------------------
01:37:08  INFO        [DISPATCH] Total demand: 44677.14 MWh, Import: 18000.00 MWh, Net for GT/STG: 26677.14 MWh
01:37:08  WARNING     [DISPATCH] No aux power norm for 'NMD-Power Plant-2'; using 0.0
01:37:08  WARNING     [DISPATCH] No aux power norm for 'NMD-Power Plant-3'; using 0.0
01:37:08  WARNING     [DISPATCH] No aux power norm for 'NMD-STG Power Plant'; using 0.0
01:37:08  INFO        ==============================================================================
01:37:08  INFO        POWER DISPATCH  (April 2025)
01:37:08  INFO        ==============================================================================
01:37:08  INFO        Demand:  Process = 44677.14 MWh  |  Fixed = 0.00 MWh  |  Total = 44677.14 MWh
01:37:08  INFO      
01:37:08  INFO        Asset                      Priority    Min MW    Max MW     Hours   Dispatched MW  Dispatched MWh    Load %  Free Steam MT  Aux Power MWh
01:37:08  INFO        -------------------------  --------  --------  --------  --------  --------------  --------------  --------  ------------  ------------
01:37:08  INFO        NMD-Power Plant-2                 1      5.00     11.50    720.00           11.50         8280.00    100.0%      16311.60          0.00
01:37:08  INFO        NMD-Power Plant-3                 1      5.00     12.80    720.00           12.80         9216.00    100.0%      18155.52          0.00
01:37:08  INFO        NMD-STG Power Plant               2      6.00     14.50    720.00           12.75         9181.14     87.9%          0.00          0.00
01:37:08  INFO        TOTAL                                                                                    26677.14                34467.12          0.00
01:37:08  INFO        DEFICIT: 18000.00 MWh under-generation
01:37:08  INFO        ==============================================================================
01:37:08  INFO        [STG EXTRACTION] STG Load: 12.75 MW, LP Extraction: 20880.00 MT, MP Extraction: 2880.00 MT
01:37:08  INFO        ==============================================================================
01:37:08  INFO        STEAM DISPATCH  (April 2025)
01:37:08  INFO        ==============================================================================
01:37:08  INFO        Grade      Process/Fixed MT  Letdown MT  Byproduct MT     Net Demand MT
01:37:08  INFO        ---------  ----------------  ----------  ------------  ----------------
01:37:08  INFO        MP                 26075.03    17396.27          0.00          23195.03
01:37:08  INFO        SHP                95076.17   103834.55          0.00         112472.44
01:37:08  INFO      
01:37:08  INFO        Total Free Steam available: 34467.12 MT
01:37:08  INFO      
01:37:08  INFO        FINAL SUPPLEMENTARY FIRING DISPATCH
01:37:08  INFO        Asset                      Priority     Min TPH     Max TPH     Hours  Dispatched TPH   Dispatched MT    Load %
01:37:08  INFO        -------------------------  --------  ----------  ----------  --------  --------------  --------------  --------
01:37:08  INFO        HRSG-1                          999       60.00      136.00      0.00            0.00            0.00      0.0%
01:37:08  INFO        HRSG-2                            1       37.34      113.34    720.00           55.45        39924.62     57.4%
01:37:08  INFO        HRSG-3                            1       34.78      110.78    720.00           52.89        38080.70     57.4%
01:37:08  INFO        TOTAL SUPPLEMENTARY                                                                          78005.32          
01:37:08  INFO        TOTAL STEAM GENERATED                                                                       112472.44          
01:37:08  INFO        Demand met
01:37:08  INFO        ==============================================================================
01:37:08  INFO        [REVERSE NG] Found GT asset: NMD-Power Plant-3, plant: NMD - Power Plant 3, heat_rate: 3862.56, free_steam: 1.97
01:37:08  INFO        [REVERSE NG] NMD - Power Plant 3: gen_qty=9216000 KWH, heat_rate=3862.56, free_steam=1.9700, consumed=86385.63 MMBTU (REVERSE)
01:37:08  INFO        [REVERSE NG] Found GT asset: NMD-Power Plant-2, plant: NMD - Power Plant 2, heat_rate: 4016.03, free_steam: 1.97
01:37:08  INFO        [REVERSE NG] NMD - Power Plant 2: gen_qty=8280000 KWH, heat_rate=4016.03, free_steam=1.9700, consumed=82651.39 MMBTU (REVERSE)
01:37:08  INFO        [REVERSE NG HRSG] Found HRSG: HRSG-2, supp_steam=39924.62 MT, free_steam=16311.60 MT, total_steam=56236.22 MT
01:37:08  INFO        [REVERSE NG HRSG] HRSG2_SHP STEAM: total_steam=56236.22 MT, norm=2.954424, consumed=166145.64 MMBTU (REVERSE, BPC method)
01:37:08  INFO        [REVERSE NG HRSG] Found HRSG: HRSG-3, supp_steam=38080.70 MT, free_steam=18155.52 MT, total_steam=56236.22 MT
01:37:09  INFO        [REVERSE NG HRSG] HRSG3_SHP STEAM: total_steam=56236.22 MT, norm=2.954424, consumed=166145.64 MMBTU (REVERSE, BPC method)
01:37:09  INFO      
01:37:09  INFO        ------------------------------------------------------------------------------------------
01:37:09  INFO        ITERATION 14
01:37:09  INFO        ------------------------------------------------------------------------------------------
01:37:09  INFO        Power:  Demand =    44677135.31 KWH  |  Gen =       26677.14 MWh  |  Surplus =     0.00  |  Deficit =     0.00
01:37:09  INFO        Steam:  Gen =      112472.44 MT  |  Surplus =     0.00  |  Deficit =     0.00
01:37:09  INFO        Power delta: 3438.9137 MWh  |  Converged: NO
01:37:09  INFO      
01:37:09  INFO        Utility                                Total Demand      U4U Demand         Initial    Change %
01:37:09  INFO        -----------------------------------  --------------  --------------  --------------  ----------
01:37:09  INFO        Boiler Feed Water                         121444.59       121552.12            0.00     0.2052%
01:37:09  INFO        COMPRESSED AIR                           7292666.66      1209505.52      6084105.59    83.4600%
01:37:09  INFO        Cooling Water 1                            15194.00            0.00        15194.00   100.0000%
01:37:09  INFO        Cooling Water 2                            13186.11         4170.93         9016.31    68.3936%
01:37:09  INFO        D M Water                                 160015.00       104442.35        55787.00    34.9703%
01:37:09  INFO        HP Steam PRDS                               4972.00         4972.00            0.00     0.0000%
01:37:09  INFO        HP Steam_Dis                                4972.00            0.00         4972.00   100.0000%
01:37:09  INFO        HRSG2_SHP STEAM                            47498.08        47538.08            0.00     0.2164%
01:37:09  INFO        HRSG3_SHP STEAM                            47498.08        47538.08            0.00     0.2164%
01:37:09  INFO        LP Steam PRDS                              15399.89        15410.24            0.00     0.2016%
01:37:09  INFO        LP Steam_Dis                               42853.84        17609.47        25280.51    59.0596%
01:37:09  INFO        MP Steam PRDS SHP                          23872.46        23889.94            0.00     0.1483%
01:37:09  INFO        MP Steam_Dis                               26075.03        11549.92        14548.40    55.8676%
01:37:09  INFO        Nitrogen Gas                             5437630.00            0.00      5437630.00   100.0000% (PT)
01:37:09  INFO        Oxygen                                      5787.00            0.00         5787.00   100.0000%
01:37:09  INFO        POWERGEN                                26349397.06     26351426.04            0.00     0.0182%
01:37:09  INFO        Power_Dis                               44677135.31     15438573.55     29242067.20    65.4597%
01:37:09  INFO        SHP Steam_Dis                              95076.17        74174.59        20975.00    22.1454%
01:37:09  INFO        STG1_LP STEAM                              27425.16        27443.60            0.00     0.2016%
01:37:09  INFO        STG1_MP STEAM                               2183.49         2185.09            0.00     0.1483%
01:37:09  INFO        Water                                     768016.57       487848.92       280371.80    36.5799% (PT)
01:37:09  INFO      
01:37:09  INFO        U4U CONSUMPTION BREAKDOWN (per producer per material):
01:37:09  INFO        Producer                        Material Consumed                     Norm        Quantity  Credit
01:37:09  INFO        ------------------------------  ------------------------------  ----------  --------------  ------
01:37:09  INFO        Boiler Feed Water               CHEM CYCLO HEXY                   0.000100           12.14  
01:37:09  INFO        Boiler Feed Water               CHEM MORPHOLENE                   0.000002            0.24  
01:37:09  INFO        Boiler Feed Water               Cooling Water 2                   0.001070          129.95  
01:37:09  INFO        Boiler Feed Water               D M Water                         0.860000       104442.35  
01:37:09  INFO        Boiler Feed Water               KEM WATREAT B 70M                 0.000570           69.22  
01:37:09  INFO        Boiler Feed Water               LP Steam_Dis                      0.145000        17609.47  
01:37:09  INFO        Boiler Feed Water               Power_Dis                         9.500000      1153723.59  
01:37:09  INFO        COMPRESSED AIR                  Cooling Water 2                   0.000025          182.32  
01:37:09  INFO        COMPRESSED AIR                  Power_Dis                         0.165000      1203290.00  
01:37:09  INFO        Cooling Water 1                 COMPRESSED AIR                    0.108592         1649.95  
01:37:09  INFO        Cooling Water 1                 Power_Dis                       244.999997      3722529.95  
01:37:09  INFO        Cooling Water 1                 SULPHURIC ACID                    0.000158            2.40  
01:37:09  INFO        Cooling Water 1                 Water                            11.050000       167893.70  
01:37:09  INFO        Cooling Water 2                 COMPRESSED AIR                    0.123044         1622.47  
01:37:09  INFO        Cooling Water 2                 Power_Dis                       249.999997      3296528.02  
01:37:09  INFO        Cooling Water 2                 SULPHURIC ACID                    0.000158            2.08  
01:37:09  INFO        Cooling Water 2                 Water                            11.500000       151640.29  
01:37:09  INFO        D M Water                       CAUSTIC SODA LYE – GRADE 1        0.000226           36.16  
01:37:09  INFO        D M Water                       CHEM  SODIUM SULPHITE;PN:MIS 1    0.000701          112.17  
01:37:09  INFO        D M Water                       CHEM ALUM.SULFATE, AL2(SO4)3,1    0.000757          121.13  
01:37:09  INFO        D M Water                       COMPRESSED AIR                    0.077000        12321.16  
01:37:09  INFO        D M Water                       HYDRO CHLORIC ACID (30%) -VIRG    0.000226           36.16  
01:37:09  INFO        D M Water                       POLYELECTROLYTE                   0.000578           92.49  
01:37:09  INFO        D M Water                       Power_Dis                         1.210000       193618.15  
01:37:09  INFO        D M Water                       Ret steam condensate              0.203000        32483.05  
01:37:09  INFO        D M Water                       SODIUM CHLORIDE IS 797 GRADE1     0.000010            1.60  
01:37:09  INFO        D M Water                       Water                             1.050000       168015.75  
01:37:09  INFO        HP Steam PRDS                   Boiler Feed Water                 0.076800          381.85  
01:37:09  INFO        HP Steam PRDS                   SHP Steam_Dis                     0.923200         4590.15  
01:37:09  INFO        HP Steam_Dis                    HP Steam PRDS                     1.000000         4972.00  
01:37:09  INFO        HRSG2_SHP STEAM                 Boiler Feed Water                 1.024000        57585.89  
01:37:09  INFO        HRSG2_SHP STEAM                 CHEM TRISODIUM PHOSPHATE          0.000900           50.61  
01:37:09  INFO        HRSG2_SHP STEAM                 COMPRESSED AIR                    9.853236       554108.75  
01:37:09  INFO        HRSG2_SHP STEAM                 FURNACE OIL ( MEDIUM VISCOSITY    0.000098            5.51  
01:37:09  INFO        HRSG2_SHP STEAM                 LP Steam_Dis                     -0.078000        -4386.43  YES
01:37:09  INFO        HRSG2_SHP STEAM                 NATURAL GAS                       2.954424       166145.64  
01:37:09  INFO        HRSG2_SHP STEAM                 Water                             0.002660          149.59  
01:37:09  INFO        HRSG3_SHP STEAM                 Boiler Feed Water                 1.024000        57585.89  
01:37:09  INFO        HRSG3_SHP STEAM                 CHEM TRISODIUM PHOSPHATE          0.000900           50.61  
01:37:09  INFO        HRSG3_SHP STEAM                 COMPRESSED AIR                    9.596520       539672.01  
01:37:09  INFO        HRSG3_SHP STEAM                 FURNACE OIL ( MEDIUM VISCOSITY    0.000098            5.51  
01:37:09  INFO        HRSG3_SHP STEAM                 LP Steam_Dis                     -0.078000        -4386.43  YES
01:37:09  INFO        HRSG3_SHP STEAM                 NATURAL GAS                       2.954424       166145.64  
01:37:09  INFO        HRSG3_SHP STEAM                 Water                             0.002660          149.59  
01:37:09  INFO        LP Steam PRDS                   Boiler Feed Water                 0.250000         3849.97  
01:37:09  INFO        LP Steam PRDS                   MP Steam_Dis                      0.750000        11549.92  
01:37:09  INFO        LP Steam_Dis                    LP Steam PRDS                     0.359600        15410.24  
01:37:09  INFO        LP Steam_Dis                    STG1_LP STEAM                     0.640400        27443.60  
01:37:09  INFO        MP Steam PRDS SHP               Boiler Feed Water                 0.090000         2148.52  
01:37:09  INFO        MP Steam PRDS SHP               SHP Steam_Dis                     0.910000        21723.94  
01:37:09  INFO        MP Steam_Dis                    MP Steam PRDS SHP                 0.916200        23889.94  
01:37:09  INFO        MP Steam_Dis                    STG1_MP STEAM                     0.083800         2185.09  
01:37:09  INFO        Oxygen                          Cooling Water 2                   0.261000         1510.41  
01:37:09  INFO        Oxygen                          Power_Dis                       968.650000      5605577.55  
01:37:09  INFO        POWERGEN                        COMPRESSED AIR                    0.004011        36825.55  
01:37:09  INFO        POWERGEN                        COMPRESSED AIR                    0.003420        31518.72  
01:37:09  INFO        POWERGEN                        COMPRESSED AIR                    0.003839        31786.92  
01:37:09  INFO        POWERGEN                        COMPRESSED AIR                    0.000000            0.00  
01:37:09  INFO        POWERGEN                        Cooling Water 2                   0.000232         2130.02  
01:37:09  INFO        POWERGEN                        Cooling Water 2                   0.000012          110.59  
01:37:09  INFO        POWERGEN                        Cooling Water 2                   0.000013          107.64  
01:37:09  INFO        POWERGEN                        Cooling Water 2                   0.000000            0.00  
01:37:09  INFO        POWERGEN                        NATURAL GAS                       0.009373        86385.63  
01:37:09  INFO        POWERGEN                        NATURAL GAS                       0.009982        82651.39  
01:37:09  INFO        POWERGEN                        NATURAL GAS                       0.009472            0.00  
01:37:09  INFO        POWERGEN                        Power_Dis                         0.002000        18362.28  
01:37:09  INFO        POWERGEN                        Power_Dis                         0.014000       129024.00  
01:37:09  INFO        POWERGEN                        Power_Dis                         0.014000       115920.00  
01:37:09  INFO        POWERGEN                        Power_Dis                         0.000000            0.00  
01:37:09  INFO        POWERGEN                        SHP Steam_Dis                     0.003615        33189.82  
01:37:09  INFO        Power_Dis                       POWERGEN                          0.186036      8311556.42  
01:37:09  INFO        Power_Dis                       POWERGEN                          0.196717      8788752.95  
01:37:09  INFO        Power_Dis                       POWERGEN                          0.207066      9251116.67  
01:37:09  INFO        Power_Dis                       Power from MEL                    0.410169     18000000.00  
01:37:09  INFO        SHP Steam_Dis                   HRSG2_SHP STEAM                   0.500000        47538.08  
01:37:09  INFO        SHP Steam_Dis                   HRSG3_SHP STEAM                   0.500000        47538.08  
01:37:09  INFO        STG1_LP STEAM                   SHP Steam_Dis                     0.480000        13164.08  
01:37:09  INFO        STG1_MP STEAM                   SHP Steam_Dis                     0.690000         1506.61  
01:37:09  INFO      
01:37:09  INFO        Not yet converged: 28 materials
01:37:09  INFO          Boiler Feed Water               change = 0.0885%
01:37:09  INFO          CAUSTIC SODA LYE – GRADE 1      change = 0.1067%
01:37:09  INFO          CHEM  SODIUM SULPHITE;PN:MIS 19OX  change = 0.1067%
01:37:09  INFO          CHEM ALUM.SULFATE, AL2(SO4)3,18H2O  change = 0.1067%
01:37:09  INFO          CHEM CYCLO HEXY                 change = 0.2052%
01:37:09  INFO          CHEM MORPHOLENE                 change = 0.2052%
01:37:09  INFO          CHEM TRISODIUM PHOSPHATE        change = 0.0839%
01:37:09  INFO          COMPRESSED AIR                  change = 0.0781%
01:37:09  INFO          Cooling Water 2                 change = 0.0269%
01:37:09  INFO          D M Water                       change = 0.2052%
01:37:09  INFO          FURNACE OIL ( MEDIUM VISCOSITY GRADE )  change = 0.0839%
01:37:09  INFO          HRSG2_SHP STEAM                 change = 0.0842%
01:37:09  INFO          HRSG3_SHP STEAM                 change = 0.0842%
01:37:09  INFO          HYDRO CHLORIC ACID (30%) -VIRGIN  change = 0.1067%
01:37:09  INFO          KEM WATREAT B 70M               change = 0.2052%
01:37:09  INFO          LP Steam PRDS                   change = 0.0672%
01:37:09  INFO          LP Steam_Dis                    change = 0.2052%
01:37:09  INFO          MP Steam PRDS SHP               change = 0.0732%
01:37:09  INFO          MP Steam_Dis                    change = 0.2016%
01:37:09  INFO          NATURAL GAS                     change = 0.0556%
01:37:09  INFO          POLYELECTROLYTE                 change = 0.1067%
01:37:09  INFO          Power_Dis                       change = 0.0227%
01:37:09  INFO          Ret steam condensate            change = 0.1067%
01:37:09  INFO          SHP Steam_Dis                   change = 0.0990%
01:37:09  INFO          SODIUM CHLORIDE IS 797 GRADE1   change = 0.1067%
01:37:09  INFO          STG1_LP STEAM                   change = 0.0672%
01:37:09  INFO          STG1_MP STEAM                   change = 0.0732%
01:37:09  INFO          Water                           change = 0.0418%
01:37:09  INFO        ------------------------------------------------------------------------------------------
01:37:10  INFO        [DISPATCH] Total demand: 44680.64 MWh, Import: 18000.00 MWh, Net for GT/STG: 26680.64 MWh
01:37:10  WARNING     [DISPATCH] No aux power norm for 'NMD-Power Plant-2'; using 0.0
01:37:10  WARNING     [DISPATCH] No aux power norm for 'NMD-Power Plant-3'; using 0.0
01:37:10  WARNING     [DISPATCH] No aux power norm for 'NMD-STG Power Plant'; using 0.0
01:37:10  INFO        ==============================================================================
01:37:10  INFO        POWER DISPATCH  (April 2025)
01:37:10  INFO        ==============================================================================
01:37:10  INFO        Demand:  Process = 44680.64 MWh  |  Fixed = 0.00 MWh  |  Total = 44680.64 MWh
01:37:10  INFO      
01:37:10  INFO        Asset                      Priority    Min MW    Max MW     Hours   Dispatched MW  Dispatched MWh    Load %  Free Steam MT  Aux Power MWh
01:37:10  INFO        -------------------------  --------  --------  --------  --------  --------------  --------------  --------  ------------  ------------
01:37:10  INFO        NMD-Power Plant-2                 1      5.00     11.50    720.00           11.50         8280.00    100.0%      16311.60          0.00
01:37:10  INFO        NMD-Power Plant-3                 1      5.00     12.80    720.00           12.80         9216.00    100.0%      18155.52          0.00
01:37:10  INFO        NMD-STG Power Plant               2      6.00     14.50    720.00           12.76         9184.64     88.0%          0.00          0.00
01:37:10  INFO        TOTAL                                                                                    26680.64                34467.12          0.00
01:37:10  INFO        DEFICIT: 18000.00 MWh under-generation
01:37:10  INFO        ==============================================================================
01:37:10  INFO        [STG EXTRACTION] STG Load: 12.76 MW, LP Extraction: 20880.00 MT, MP Extraction: 2880.00 MT
01:37:10  INFO        ==============================================================================
01:37:10  INFO        STEAM DISPATCH  (April 2025)
01:37:10  INFO        ==============================================================================
01:37:10  INFO        Grade      Process/Fixed MT  Letdown MT  Byproduct MT     Net Demand MT
01:37:10  INFO        ---------  ----------------  ----------  ------------  ----------------
01:37:10  INFO        MP                 26098.32    17413.74          0.00          23218.32
01:37:10  INFO        SHP                95149.59   103918.47          0.00         112563.33
01:37:10  INFO      
01:37:10  INFO        Total Free Steam available: 34467.12 MT
01:37:10  INFO      
01:37:10  INFO        FINAL SUPPLEMENTARY FIRING DISPATCH
01:37:10  INFO        Asset                      Priority     Min TPH     Max TPH     Hours  Dispatched TPH   Dispatched MT    Load %
01:37:10  INFO        -------------------------  --------  ----------  ----------  --------  --------------  --------------  --------
01:37:10  INFO        HRSG-1                          999       60.00      136.00      0.00            0.00            0.00      0.0%
01:37:10  INFO        HRSG-2                            1       37.34      113.34    720.00           55.51        39970.07     57.5%
01:37:10  INFO        HRSG-3                            1       34.78      110.78    720.00           52.95        38126.15     57.5%
01:37:10  INFO        TOTAL SUPPLEMENTARY                                                                          78096.22          
01:37:10  INFO        TOTAL STEAM GENERATED                                                                       112563.34          
01:37:10  INFO        SURPLUS: 0.01 MT
01:37:10  INFO        ==============================================================================
01:37:10  INFO        [REVERSE NG] Found GT asset: NMD-Power Plant-3, plant: NMD - Power Plant 3, heat_rate: 3862.56, free_steam: 1.97
01:37:10  INFO        [REVERSE NG] NMD - Power Plant 3: gen_qty=9216000 KWH, heat_rate=3862.56, free_steam=1.9700, consumed=86385.63 MMBTU (REVERSE)
01:37:10  INFO        [REVERSE NG] Found GT asset: NMD-Power Plant-2, plant: NMD - Power Plant 2, heat_rate: 4016.03, free_steam: 1.97
01:37:10  INFO        [REVERSE NG] NMD - Power Plant 2: gen_qty=8280000 KWH, heat_rate=4016.03, free_steam=1.9700, consumed=82651.39 MMBTU (REVERSE)
01:37:10  INFO        [REVERSE NG HRSG] Found HRSG: HRSG-2, supp_steam=39970.07 MT, free_steam=16311.60 MT, total_steam=56281.67 MT
01:37:10  INFO        [REVERSE NG HRSG] HRSG2_SHP STEAM: total_steam=56281.67 MT, norm=2.954424, consumed=166279.92 MMBTU (REVERSE, BPC method)
01:37:10  INFO        [REVERSE NG HRSG] Found HRSG: HRSG-3, supp_steam=38126.15 MT, free_steam=18155.52 MT, total_steam=56281.67 MT
01:37:10  INFO        [REVERSE NG HRSG] HRSG3_SHP STEAM: total_steam=56281.67 MT, norm=2.954424, consumed=166279.92 MMBTU (REVERSE, BPC method)
01:37:10  INFO      
01:37:10  INFO        ------------------------------------------------------------------------------------------
01:37:10  INFO        ITERATION 15
01:37:10  INFO        ------------------------------------------------------------------------------------------
01:37:10  INFO        Power:  Demand =    44680640.75 KWH  |  Gen =       26680.64 MWh  |  Surplus =     0.00  |  Deficit =     0.00
01:37:10  INFO        Steam:  Gen =      112563.34 MT  |  Surplus =     0.01  |  Deficit =     0.00
01:37:10  INFO        Power delta: 3505.4473 MWh  |  Converged: NO
01:37:10  INFO      
01:37:10  INFO        Utility                                Total Demand      U4U Demand         Initial    Change %
01:37:10  INFO        -----------------------------------  --------------  --------------  --------------  ----------
01:37:10  INFO        Boiler Feed Water                         121552.12       121649.36            0.00     0.0885%
01:37:10  INFO        COMPRESSED AIR                           7293611.11      1210420.20      6084105.59    83.4299%
01:37:10  INFO        Cooling Water 1                            15194.00            0.00        15194.00   100.0000%
01:37:10  INFO        Cooling Water 2                            13187.24         4171.88         9016.31    68.3800%
01:37:10  INFO        D M Water                                 160229.35       104534.82        55787.00    34.9507%
01:37:10  INFO        HP Steam PRDS                               4972.00         4972.00            0.00     0.0000%
01:37:10  INFO        HP Steam_Dis                                4972.00            0.00         4972.00   100.0000%
01:37:10  INFO        HRSG2_SHP STEAM                            47538.08        47574.80            0.00     0.0842%
01:37:10  INFO        HRSG3_SHP STEAM                            47538.08        47574.80            0.00     0.0842%
01:37:10  INFO        LP Steam PRDS                              15410.24        15423.24            0.00     0.0672%
01:37:10  INFO        LP Steam_Dis                               42889.98        17625.06        25280.51    59.0270%
01:37:10  INFO        MP Steam PRDS SHP                          23889.94        23911.28            0.00     0.0732%
01:37:10  INFO        MP Steam_Dis                               26098.32        11557.68        14548.40    55.8338%
01:37:10  INFO        Nitrogen Gas                             5437630.00            0.00      5437630.00   100.0000% (PT)
01:37:10  INFO        Oxygen                                      5787.00            0.00         5787.00   100.0000%
01:37:10  INFO        POWERGEN                                26351426.04     26353490.40            0.00     0.0077%
01:37:10  INFO        Power_Dis                               44680640.75     15440298.21     29242067.20    65.4547%
01:37:10  INFO        SHP Steam_Dis                              95149.59        74213.11        20975.00    22.1214%
01:37:10  INFO        STG1_LP STEAM                              27443.60        27466.74            0.00     0.0672%
01:37:10  INFO        STG1_MP STEAM                               2185.09         2187.04            0.00     0.0732%
01:37:10  INFO        Water                                     768220.72       488087.14       280371.80    36.5228% (PT)
01:37:10  INFO      
01:37:10  INFO        U4U CONSUMPTION BREAKDOWN (per producer per material):
01:37:10  INFO        Producer                        Material Consumed                     Norm        Quantity  Credit
01:37:10  INFO        ------------------------------  ------------------------------  ----------  --------------  ------
01:37:10  INFO        Boiler Feed Water               CHEM CYCLO HEXY                   0.000100           12.16  
01:37:10  INFO        Boiler Feed Water               CHEM MORPHOLENE                   0.000002            0.24  
01:37:10  INFO        Boiler Feed Water               Cooling Water 2                   0.001070          130.06  
01:37:10  INFO        Boiler Feed Water               D M Water                         0.860000       104534.82  
01:37:10  INFO        Boiler Feed Water               KEM WATREAT B 70M                 0.000570           69.28  
01:37:10  INFO        Boiler Feed Water               LP Steam_Dis                      0.145000        17625.06  
01:37:10  INFO        Boiler Feed Water               Power_Dis                         9.500000      1154745.16  
01:37:10  INFO        COMPRESSED AIR                  Cooling Water 2                   0.000025          182.34  
01:37:10  INFO        COMPRESSED AIR                  Power_Dis                         0.165000      1203445.83  
01:37:10  INFO        Cooling Water 1                 COMPRESSED AIR                    0.108592         1649.95  
01:37:10  INFO        Cooling Water 1                 Power_Dis                       244.999997      3722529.95  
01:37:10  INFO        Cooling Water 1                 SULPHURIC ACID                    0.000158            2.40  
01:37:10  INFO        Cooling Water 1                 Water                            11.050000       167893.70  
01:37:10  INFO        Cooling Water 2                 COMPRESSED AIR                    0.123044         1622.61  
01:37:10  INFO        Cooling Water 2                 Power_Dis                       249.999997      3296808.92  
01:37:10  INFO        Cooling Water 2                 SULPHURIC ACID                    0.000158            2.08  
01:37:10  INFO        Cooling Water 2                 Water                            11.500000       151653.21  
01:37:10  INFO        D M Water                       CAUSTIC SODA LYE – GRADE 1        0.000226           36.21  
01:37:10  INFO        D M Water                       CHEM  SODIUM SULPHITE;PN:MIS 1    0.000701          112.32  
01:37:10  INFO        D M Water                       CHEM ALUM.SULFATE, AL2(SO4)3,1    0.000757          121.29  
01:37:10  INFO        D M Water                       COMPRESSED AIR                    0.077000        12337.66  
01:37:10  INFO        D M Water                       HYDRO CHLORIC ACID (30%) -VIRG    0.000226           36.21  
01:37:10  INFO        D M Water                       POLYELECTROLYTE                   0.000578           92.61  
01:37:10  INFO        D M Water                       Power_Dis                         1.210000       193877.51  
01:37:10  INFO        D M Water                       Ret steam condensate              0.203000        32526.56  
01:37:10  INFO        D M Water                       SODIUM CHLORIDE IS 797 GRADE1     0.000010            1.60  
01:37:10  INFO        D M Water                       Water                             1.050000       168240.81  
01:37:10  INFO        HP Steam PRDS                   Boiler Feed Water                 0.076800          381.85  
01:37:10  INFO        HP Steam PRDS                   SHP Steam_Dis                     0.923200         4590.15  
01:37:10  INFO        HP Steam_Dis                    HP Steam PRDS                     1.000000         4972.00  
01:37:10  INFO        HRSG2_SHP STEAM                 Boiler Feed Water                 1.024000        57632.43  
01:37:10  INFO        HRSG2_SHP STEAM                 CHEM TRISODIUM PHOSPHATE          0.000900           50.65  
01:37:10  INFO        HRSG2_SHP STEAM                 COMPRESSED AIR                    9.853236       554556.58  
01:37:10  INFO        HRSG2_SHP STEAM                 FURNACE OIL ( MEDIUM VISCOSITY    0.000098            5.52  
01:37:10  INFO        HRSG2_SHP STEAM                 LP Steam_Dis                     -0.078000        -4389.97  YES
01:37:10  INFO        HRSG2_SHP STEAM                 NATURAL GAS                       2.954424       166279.92  
01:37:10  INFO        HRSG2_SHP STEAM                 Water                             0.002660          149.71  
01:37:10  INFO        HRSG3_SHP STEAM                 Boiler Feed Water                 1.024000        57632.43  
01:37:10  INFO        HRSG3_SHP STEAM                 CHEM TRISODIUM PHOSPHATE          0.000900           50.65  
01:37:10  INFO        HRSG3_SHP STEAM                 COMPRESSED AIR                    9.596520       540108.17  
01:37:10  INFO        HRSG3_SHP STEAM                 FURNACE OIL ( MEDIUM VISCOSITY    0.000098            5.52  
01:37:10  INFO        HRSG3_SHP STEAM                 LP Steam_Dis                     -0.078000        -4389.97  YES
01:37:10  INFO        HRSG3_SHP STEAM                 NATURAL GAS                       2.954424       166279.92  
01:37:10  INFO        HRSG3_SHP STEAM                 Water                             0.002660          149.71  
01:37:10  INFO        LP Steam PRDS                   Boiler Feed Water                 0.250000         3852.56  
01:37:10  INFO        LP Steam PRDS                   MP Steam_Dis                      0.750000        11557.68  
01:37:10  INFO        LP Steam_Dis                    LP Steam PRDS                     0.359600        15423.24  
01:37:10  INFO        LP Steam_Dis                    STG1_LP STEAM                     0.640400        27466.74  
01:37:10  INFO        MP Steam PRDS SHP               Boiler Feed Water                 0.090000         2150.09  
01:37:10  INFO        MP Steam PRDS SHP               SHP Steam_Dis                     0.910000        21739.85  
01:37:10  INFO        MP Steam_Dis                    MP Steam PRDS SHP                 0.916200        23911.28  
01:37:10  INFO        MP Steam_Dis                    STG1_MP STEAM                     0.083800         2187.04  
01:37:10  INFO        Oxygen                          Cooling Water 2                   0.261000         1510.41  
01:37:10  INFO        Oxygen                          Power_Dis                       968.650000      5605577.55  
01:37:10  INFO        POWERGEN                        COMPRESSED AIR                    0.004011        36839.59  
01:37:10  INFO        POWERGEN                        COMPRESSED AIR                    0.003420        31518.72  
01:37:10  INFO        POWERGEN                        COMPRESSED AIR                    0.003839        31786.92  
01:37:10  INFO        POWERGEN                        COMPRESSED AIR                    0.000000            0.00  
01:37:10  INFO        POWERGEN                        Cooling Water 2                   0.000232         2130.84  
01:37:10  INFO        POWERGEN                        Cooling Water 2                   0.000012          110.59  
01:37:10  INFO        POWERGEN                        Cooling Water 2                   0.000013          107.64  
01:37:10  INFO        POWERGEN                        Cooling Water 2                   0.000000            0.00  
01:37:10  INFO        POWERGEN                        NATURAL GAS                       0.009373        86385.63  
01:37:10  INFO        POWERGEN                        NATURAL GAS                       0.009982        82651.39  
01:37:10  INFO        POWERGEN                        NATURAL GAS                       0.009472            0.00  
01:37:10  INFO        POWERGEN                        Power_Dis                         0.002000        18369.28  
01:37:10  INFO        POWERGEN                        Power_Dis                         0.014000       129024.00  
01:37:10  INFO        POWERGEN                        Power_Dis                         0.014000       115920.00  
01:37:10  INFO        POWERGEN                        Power_Dis                         0.000000            0.00  
01:37:10  INFO        POWERGEN                        SHP Steam_Dis                     0.003615        33202.47  
01:37:10  INFO        Power_Dis                       POWERGEN                          0.186036      8312207.54  
01:37:10  INFO        Power_Dis                       POWERGEN                          0.196717      8789441.46  
01:37:10  INFO        Power_Dis                       POWERGEN                          0.207066      9251841.40  
01:37:10  INFO        Power_Dis                       Power from MEL                    0.410169     18000000.00  
01:37:10  INFO        SHP Steam_Dis                   HRSG2_SHP STEAM                   0.500000        47574.80  
01:37:10  INFO        SHP Steam_Dis                   HRSG3_SHP STEAM                   0.500000        47574.80  
01:37:10  INFO        STG1_LP STEAM                   SHP Steam_Dis                     0.480000        13172.93  
01:37:10  INFO        STG1_MP STEAM                   SHP Steam_Dis                     0.690000         1507.71  
01:37:10  INFO      
01:37:10  INFO        Not yet converged: 28 materials
01:37:10  INFO          Boiler Feed Water               change = 0.0799%
01:37:10  INFO          CAUSTIC SODA LYE – GRADE 1      change = 0.1338%
01:37:10  INFO          CHEM  SODIUM SULPHITE;PN:MIS 19OX  change = 0.1338%
01:37:10  INFO          CHEM ALUM.SULFATE, AL2(SO4)3,18H2O  change = 0.1338%
01:37:10  INFO          CHEM CYCLO HEXY                 change = 0.0885%
01:37:10  INFO          CHEM MORPHOLENE                 change = 0.0885%
01:37:10  INFO          CHEM TRISODIUM PHOSPHATE        change = 0.0808%
01:37:10  INFO          COMPRESSED AIR                  change = 0.0756%
01:37:10  INFO          Cooling Water 2                 change = 0.0228%
01:37:10  INFO          D M Water                       change = 0.0885%
01:37:10  INFO          FURNACE OIL ( MEDIUM VISCOSITY GRADE )  change = 0.0808%
01:37:10  INFO          HRSG2_SHP STEAM                 change = 0.0772%
01:37:10  INFO          HRSG3_SHP STEAM                 change = 0.0772%
01:37:10  INFO          HYDRO CHLORIC ACID (30%) -VIRGIN  change = 0.1338%
01:37:10  INFO          KEM WATREAT B 70M               change = 0.0885%
01:37:10  INFO          LP Steam PRDS                   change = 0.0843%
01:37:10  INFO          LP Steam_Dis                    change = 0.0885%
01:37:10  INFO          MP Steam PRDS SHP               change = 0.0892%
01:37:10  INFO          MP Steam_Dis                    change = 0.0672%
01:37:10  INFO          NATURAL GAS                     change = 0.0535%
01:37:10  INFO          POLYELECTROLYTE                 change = 0.1338%
01:37:10  INFO          Power_Dis                       change = 0.0112%
01:37:10  INFO          Ret steam condensate            change = 0.1338%
01:37:10  INFO          SHP Steam_Dis                   change = 0.0519%
01:37:10  INFO          SODIUM CHLORIDE IS 797 GRADE1   change = 0.1338%
01:37:10  INFO          STG1_LP STEAM                   change = 0.0843%
01:37:10  INFO          STG1_MP STEAM                   change = 0.0892%
01:37:10  INFO          Water                           change = 0.0488%
01:37:10  INFO        ------------------------------------------------------------------------------------------
01:37:11  INFO        [DISPATCH] Total demand: 44682.37 MWh, Import: 18000.00 MWh, Net for GT/STG: 26682.37 MWh
01:37:11  WARNING     [DISPATCH] No aux power norm for 'NMD-Power Plant-2'; using 0.0
01:37:11  WARNING     [DISPATCH] No aux power norm for 'NMD-Power Plant-3'; using 0.0
01:37:11  WARNING     [DISPATCH] No aux power norm for 'NMD-STG Power Plant'; using 0.0
01:37:11  INFO        ==============================================================================
01:37:11  INFO        POWER DISPATCH  (April 2025)
01:37:11  INFO        ==============================================================================
01:37:11  INFO        Demand:  Process = 44682.37 MWh  |  Fixed = 0.00 MWh  |  Total = 44682.37 MWh
01:37:11  INFO      
01:37:11  INFO        Asset                      Priority    Min MW    Max MW     Hours   Dispatched MW  Dispatched MWh    Load %  Free Steam MT  Aux Power MWh
01:37:11  INFO        -------------------------  --------  --------  --------  --------  --------------  --------------  --------  ------------  ------------
01:37:11  INFO        NMD-Power Plant-2                 1      5.00     11.50    720.00           11.50         8280.00    100.0%      16311.60          0.00
01:37:11  INFO        NMD-Power Plant-3                 1      5.00     12.80    720.00           12.80         9216.00    100.0%      18155.52          0.00
01:37:11  INFO        NMD-STG Power Plant               2      6.00     14.50    720.00           12.76         9186.37     88.0%          0.00          0.00
01:37:11  INFO        TOTAL                                                                                    26682.37                34467.12          0.00
01:37:11  INFO        DEFICIT: 18000.00 MWh under-generation
01:37:11  INFO        ==============================================================================
01:37:12  INFO        [STG EXTRACTION] STG Load: 12.76 MW, LP Extraction: 20880.00 MT, MP Extraction: 2880.00 MT
01:37:12  INFO        ==============================================================================
01:37:12  INFO        STEAM DISPATCH  (April 2025)
01:37:12  INFO        ==============================================================================
01:37:12  INFO        Grade      Process/Fixed MT  Letdown MT  Byproduct MT     Net Demand MT
01:37:12  INFO        ---------  ----------------  ----------  ------------  ----------------
01:37:12  INFO        MP                 26106.08    17419.56          0.00          23226.08
01:37:12  INFO        SHP                95188.11   103959.40          0.00         112607.67
01:37:12  INFO      
01:37:12  INFO        Total Free Steam available: 34467.12 MT
01:37:12  INFO      
01:37:12  INFO        FINAL SUPPLEMENTARY FIRING DISPATCH
01:37:12  INFO        Asset                      Priority     Min TPH     Max TPH     Hours  Dispatched TPH   Dispatched MT    Load %
01:37:12  INFO        -------------------------  --------  ----------  ----------  --------  --------------  --------------  --------
01:37:12  INFO        HRSG-1                          999       60.00      136.00      0.00            0.00            0.00      0.0%
01:37:12  INFO        HRSG-2                            1       37.34      113.34    720.00           55.54        39992.23     57.5%
01:37:12  INFO        HRSG-3                            1       34.78      110.78    720.00           52.98        38148.31     57.5%
01:37:12  INFO        TOTAL SUPPLEMENTARY                                                                          78140.54          
01:37:12  INFO        TOTAL STEAM GENERATED                                                                       112607.66          
01:37:12  INFO        DEFICIT: 0.01 MT
01:37:12  INFO        ==============================================================================
01:37:12  INFO        [REVERSE NG] Found GT asset: NMD-Power Plant-3, plant: NMD - Power Plant 3, heat_rate: 3862.56, free_steam: 1.97
01:37:12  INFO        [REVERSE NG] NMD - Power Plant 3: gen_qty=9216000 KWH, heat_rate=3862.56, free_steam=1.9700, consumed=86385.63 MMBTU (REVERSE)
01:37:12  INFO        [REVERSE NG] Found GT asset: NMD-Power Plant-2, plant: NMD - Power Plant 2, heat_rate: 4016.03, free_steam: 1.97
01:37:12  INFO        [REVERSE NG] NMD - Power Plant 2: gen_qty=8280000 KWH, heat_rate=4016.03, free_steam=1.9700, consumed=82651.39 MMBTU (REVERSE)
01:37:12  INFO        [REVERSE NG HRSG] Found HRSG: HRSG-2, supp_steam=39992.23 MT, free_steam=16311.60 MT, total_steam=56303.83 MT
01:37:12  INFO        [REVERSE NG HRSG] HRSG2_SHP STEAM: total_steam=56303.83 MT, norm=2.954424, consumed=166345.39 MMBTU (REVERSE, BPC method)
01:37:12  INFO        [REVERSE NG HRSG] Found HRSG: HRSG-3, supp_steam=38148.31 MT, free_steam=18155.52 MT, total_steam=56303.83 MT
01:37:12  INFO        [REVERSE NG HRSG] HRSG3_SHP STEAM: total_steam=56303.83 MT, norm=2.954424, consumed=166345.39 MMBTU (REVERSE, BPC method)
01:37:12  INFO      
01:37:12  INFO        ------------------------------------------------------------------------------------------
01:37:12  INFO        ITERATION 16
01:37:12  INFO        ------------------------------------------------------------------------------------------
01:37:12  INFO        Power:  Demand =    44682365.41 KWH  |  Gen =       26682.37 MWh  |  Surplus =     0.00  |  Deficit =     0.00
01:37:12  INFO        Steam:  Gen =      112607.66 MT  |  Surplus =     0.00  |  Deficit =     0.01
01:37:12  INFO        Power delta: 1724.6553 MWh  |  Converged: NO
01:37:12  INFO      
01:37:12  INFO        Utility                                Total Demand      U4U Demand         Initial    Change %
01:37:12  INFO        -----------------------------------  --------------  --------------  --------------  ----------
01:37:12  INFO        Boiler Feed Water                         121649.36       121699.92            0.00     0.0799%
01:37:12  INFO        COMPRESSED AIR                           7294525.79      1210865.38      6084105.59    83.4190%
01:37:12  INFO        Cooling Water 1                            15194.00            0.00        15194.00   100.0000%
01:37:12  INFO        Cooling Water 2                            13188.19         4172.40         9016.31    68.3738%
01:37:12  INFO        D M Water                                 160321.82       104618.45        55787.00    34.8546%
01:37:12  INFO        HP Steam PRDS                               4972.00         4972.00            0.00     0.0000%
01:37:12  INFO        HP Steam_Dis                                4972.00            0.00         4972.00   100.0000%
01:37:12  INFO        HRSG2_SHP STEAM                            47574.80        47594.05            0.00     0.0772%
01:37:12  INFO        HRSG3_SHP STEAM                            47574.80        47594.05            0.00     0.0772%
01:37:12  INFO        LP Steam PRDS                              15423.24        15428.84            0.00     0.0843%
01:37:12  INFO        LP Steam_Dis                               42905.57        17639.16        25280.51    58.9576%
01:37:12  INFO        MP Steam PRDS SHP                          23911.28        23918.39            0.00     0.0892%
01:37:12  INFO        MP Steam_Dis                               26106.08        11567.43        14548.40    55.7578%
01:37:12  INFO        Nitrogen Gas                             5437630.00            0.00      5437630.00   100.0000% (PT)
01:37:12  INFO        Oxygen                                      5787.00            0.00         5787.00   100.0000%
01:37:12  INFO        POWERGEN                                26353490.40     26354510.79            0.00     0.0078%
01:37:12  INFO        Power_Dis                               44682365.41     15441725.96     29242067.20    65.4482%
01:37:12  INFO        SHP Steam_Dis                              95188.11        74251.23        20975.00    22.0758%
01:37:12  INFO        STG1_LP STEAM                              27466.74        27476.73            0.00     0.0843%
01:37:12  INFO        STG1_MP STEAM                               2187.04         2187.69            0.00     0.0892%
01:37:12  INFO        Water                                     768458.94       488195.30       280371.80    36.5159% (PT)
01:37:12  INFO      
01:37:12  INFO        U4U CONSUMPTION BREAKDOWN (per producer per material):
01:37:12  INFO        Producer                        Material Consumed                     Norm        Quantity  Credit
01:37:12  INFO        ------------------------------  ------------------------------  ----------  --------------  ------
01:37:12  INFO        Boiler Feed Water               CHEM CYCLO HEXY                   0.000100           12.16  
01:37:12  INFO        Boiler Feed Water               CHEM MORPHOLENE                   0.000002            0.24  
01:37:12  INFO        Boiler Feed Water               Cooling Water 2                   0.001070          130.16  
01:37:12  INFO        Boiler Feed Water               D M Water                         0.860000       104618.45  
01:37:12  INFO        Boiler Feed Water               KEM WATREAT B 70M                 0.000570           69.34  
01:37:12  INFO        Boiler Feed Water               LP Steam_Dis                      0.145000        17639.16  
01:37:12  INFO        Boiler Feed Water               Power_Dis                         9.500000      1155668.96  
01:37:12  INFO        COMPRESSED AIR                  Cooling Water 2                   0.000025          182.36  
01:37:12  INFO        COMPRESSED AIR                  Power_Dis                         0.165000      1203596.75  
01:37:12  INFO        Cooling Water 1                 COMPRESSED AIR                    0.108592         1649.95  
01:37:12  INFO        Cooling Water 1                 Power_Dis                       244.999997      3722529.95  
01:37:12  INFO        Cooling Water 1                 SULPHURIC ACID                    0.000158            2.40  
01:37:12  INFO        Cooling Water 1                 Water                            11.050000       167893.70  
01:37:12  INFO        Cooling Water 2                 COMPRESSED AIR                    0.123044         1622.73  
01:37:12  INFO        Cooling Water 2                 Power_Dis                       249.999997      3297046.59  
01:37:12  INFO        Cooling Water 2                 SULPHURIC ACID                    0.000158            2.08  
01:37:12  INFO        Cooling Water 2                 Water                            11.500000       151664.15  
01:37:12  INFO        D M Water                       CAUSTIC SODA LYE – GRADE 1        0.000226           36.23  
01:37:12  INFO        D M Water                       CHEM  SODIUM SULPHITE;PN:MIS 1    0.000701          112.39  
01:37:12  INFO        D M Water                       CHEM ALUM.SULFATE, AL2(SO4)3,1    0.000757          121.36  
01:37:12  INFO        D M Water                       COMPRESSED AIR                    0.077000        12344.78  
01:37:12  INFO        D M Water                       HYDRO CHLORIC ACID (30%) -VIRG    0.000226           36.23  
01:37:12  INFO        D M Water                       POLYELECTROLYTE                   0.000578           92.67  
01:37:12  INFO        D M Water                       Power_Dis                         1.210000       193989.41  
01:37:12  INFO        D M Water                       Ret steam condensate              0.203000        32545.33  
01:37:12  INFO        D M Water                       SODIUM CHLORIDE IS 797 GRADE1     0.000010            1.60  
01:37:12  INFO        D M Water                       Water                             1.050000       168337.92  
01:37:12  INFO        HP Steam PRDS                   Boiler Feed Water                 0.076800          381.85  
01:37:12  INFO        HP Steam PRDS                   SHP Steam_Dis                     0.923200         4590.15  
01:37:12  INFO        HP Steam_Dis                    HP Steam PRDS                     1.000000         4972.00  
01:37:12  INFO        HRSG2_SHP STEAM                 Boiler Feed Water                 1.024000        57655.12  
01:37:12  INFO        HRSG2_SHP STEAM                 CHEM TRISODIUM PHOSPHATE          0.000900           50.67  
01:37:12  INFO        HRSG2_SHP STEAM                 COMPRESSED AIR                    9.853236       554774.92  
01:37:12  INFO        HRSG2_SHP STEAM                 FURNACE OIL ( MEDIUM VISCOSITY    0.000098            5.52  
01:37:12  INFO        HRSG2_SHP STEAM                 LP Steam_Dis                     -0.078000        -4391.70  YES
01:37:12  INFO        HRSG2_SHP STEAM                 NATURAL GAS                       2.954424       166345.39  
01:37:12  INFO        HRSG2_SHP STEAM                 Water                             0.002660          149.77  
01:37:12  INFO        HRSG3_SHP STEAM                 Boiler Feed Water                 1.024000        57655.12  
01:37:12  INFO        HRSG3_SHP STEAM                 CHEM TRISODIUM PHOSPHATE          0.000900           50.67  
01:37:12  INFO        HRSG3_SHP STEAM                 COMPRESSED AIR                    9.596520       540320.83  
01:37:12  INFO        HRSG3_SHP STEAM                 FURNACE OIL ( MEDIUM VISCOSITY    0.000098            5.52  
01:37:12  INFO        HRSG3_SHP STEAM                 LP Steam_Dis                     -0.078000        -4391.70  YES
01:37:12  INFO        HRSG3_SHP STEAM                 NATURAL GAS                       2.954424       166345.39  
01:37:12  INFO        HRSG3_SHP STEAM                 Water                             0.002660          149.77  
01:37:12  INFO        LP Steam PRDS                   Boiler Feed Water                 0.250000         3855.81  
01:37:12  INFO        LP Steam PRDS                   MP Steam_Dis                      0.750000        11567.43  
01:37:12  INFO        LP Steam_Dis                    LP Steam PRDS                     0.359600        15428.84  
01:37:12  INFO        LP Steam_Dis                    STG1_LP STEAM                     0.640400        27476.73  
01:37:12  INFO        MP Steam PRDS SHP               Boiler Feed Water                 0.090000         2152.02  
01:37:12  INFO        MP Steam PRDS SHP               SHP Steam_Dis                     0.910000        21759.26  
01:37:12  INFO        MP Steam_Dis                    MP Steam PRDS SHP                 0.916200        23918.39  
01:37:12  INFO        MP Steam_Dis                    STG1_MP STEAM                     0.083800         2187.69  
01:37:12  INFO        Oxygen                          Cooling Water 2                   0.261000         1510.41  
01:37:12  INFO        Oxygen                          Power_Dis                       968.650000      5605577.55  
01:37:12  INFO        POWERGEN                        COMPRESSED AIR                    0.004011        36846.53  
01:37:12  INFO        POWERGEN                        COMPRESSED AIR                    0.003420        31518.72  
01:37:12  INFO        POWERGEN                        COMPRESSED AIR                    0.003839        31786.92  
01:37:12  INFO        POWERGEN                        COMPRESSED AIR                    0.000000            0.00  
01:37:12  INFO        POWERGEN                        Cooling Water 2                   0.000232         2131.24  
01:37:12  INFO        POWERGEN                        Cooling Water 2                   0.000012          110.59  
01:37:12  INFO        POWERGEN                        Cooling Water 2                   0.000013          107.64  
01:37:12  INFO        POWERGEN                        Cooling Water 2                   0.000000            0.00  
01:37:12  INFO        POWERGEN                        NATURAL GAS                       0.009373        86385.63  
01:37:12  INFO        POWERGEN                        NATURAL GAS                       0.009982        82651.39  
01:37:12  INFO        POWERGEN                        NATURAL GAS                       0.009472            0.00  
01:37:12  INFO        POWERGEN                        Power_Dis                         0.002000        18372.74  
01:37:12  INFO        POWERGEN                        Power_Dis                         0.014000       129024.00  
01:37:12  INFO        POWERGEN                        Power_Dis                         0.014000       115920.00  
01:37:12  INFO        POWERGEN                        Power_Dis                         0.000000            0.00  
01:37:12  INFO        POWERGEN                        SHP Steam_Dis                     0.003615        33208.73  
01:37:12  INFO        Power_Dis                       POWERGEN                          0.186036      8312529.39  
01:37:12  INFO        Power_Dis                       POWERGEN                          0.196717      8789781.78  
01:37:12  INFO        Power_Dis                       POWERGEN                          0.207066      9252199.63  
01:37:12  INFO        Power_Dis                       Power from MEL                    0.410169     18000000.00  
01:37:12  INFO        SHP Steam_Dis                   HRSG2_SHP STEAM                   0.500000        47594.05  
01:37:12  INFO        SHP Steam_Dis                   HRSG3_SHP STEAM                   0.500000        47594.05  
01:37:12  INFO        STG1_LP STEAM                   SHP Steam_Dis                     0.480000        13184.04  
01:37:12  INFO        STG1_MP STEAM                   SHP Steam_Dis                     0.690000         1509.06  
01:37:12  INFO      
01:37:12  INFO        Not yet converged: 27 materials
01:37:12  INFO          Boiler Feed Water               change = 0.0415%
01:37:12  INFO          CAUSTIC SODA LYE – GRADE 1      change = 0.0577%
01:37:12  INFO          CHEM  SODIUM SULPHITE;PN:MIS 19OX  change = 0.0577%
01:37:12  INFO          CHEM ALUM.SULFATE, AL2(SO4)3,18H2O  change = 0.0577%
01:37:12  INFO          CHEM CYCLO HEXY                 change = 0.0799%
01:37:12  INFO          CHEM MORPHOLENE                 change = 0.0799%
01:37:12  INFO          CHEM TRISODIUM PHOSPHATE        change = 0.0394%
01:37:12  INFO          COMPRESSED AIR                  change = 0.0368%
01:37:12  INFO          Cooling Water 2                 change = 0.0127%
01:37:12  INFO          D M Water                       change = 0.0799%
01:37:12  INFO          FURNACE OIL ( MEDIUM VISCOSITY GRADE )  change = 0.0394%
01:37:12  INFO          HRSG2_SHP STEAM                 change = 0.0405%
01:37:12  INFO          HRSG3_SHP STEAM                 change = 0.0405%
01:37:12  INFO          HYDRO CHLORIC ACID (30%) -VIRGIN  change = 0.0577%
01:37:12  INFO          KEM WATREAT B 70M               change = 0.0799%
01:37:12  INFO          LP Steam PRDS                   change = 0.0363%
01:37:12  INFO          LP Steam_Dis                    change = 0.0799%
01:37:12  INFO          MP Steam PRDS SHP               change = 0.0297%
01:37:12  INFO          MP Steam_Dis                    change = 0.0843%
01:37:12  INFO          NATURAL GAS                     change = 0.0261%
01:37:12  INFO          POLYELECTROLYTE                 change = 0.0577%
01:37:12  INFO          Ret steam condensate            change = 0.0577%
01:37:12  INFO          SHP Steam_Dis                   change = 0.0513%
01:37:12  INFO          SODIUM CHLORIDE IS 797 GRADE1   change = 0.0577%
01:37:12  INFO          STG1_LP STEAM                   change = 0.0363%
01:37:12  INFO          STG1_MP STEAM                   change = 0.0297%
01:37:12  INFO          Water                           change = 0.0222%
01:37:12  INFO        ------------------------------------------------------------------------------------------
01:37:13  INFO        [DISPATCH] Total demand: 44683.79 MWh, Import: 18000.00 MWh, Net for GT/STG: 26683.79 MWh
01:37:13  WARNING     [DISPATCH] No aux power norm for 'NMD-Power Plant-2'; using 0.0
01:37:13  WARNING     [DISPATCH] No aux power norm for 'NMD-Power Plant-3'; using 0.0
01:37:13  WARNING     [DISPATCH] No aux power norm for 'NMD-STG Power Plant'; using 0.0
01:37:13  INFO        ==============================================================================
01:37:13  INFO        POWER DISPATCH  (April 2025)
01:37:13  INFO        ==============================================================================
01:37:13  INFO        Demand:  Process = 44683.79 MWh  |  Fixed = 0.00 MWh  |  Total = 44683.79 MWh
01:37:13  INFO      
01:37:13  INFO        Asset                      Priority    Min MW    Max MW     Hours   Dispatched MW  Dispatched MWh    Load %  Free Steam MT  Aux Power MWh
01:37:13  INFO        -------------------------  --------  --------  --------  --------  --------------  --------------  --------  ------------  ------------
01:37:13  INFO        NMD-Power Plant-2                 1      5.00     11.50    720.00           11.50         8280.00    100.0%      16311.60          0.00
01:37:13  INFO        NMD-Power Plant-3                 1      5.00     12.80    720.00           12.80         9216.00    100.0%      18155.52          0.00
01:37:13  INFO        NMD-STG Power Plant               2      6.00     14.50    720.00           12.76         9187.79     88.0%          0.00          0.00
01:37:13  INFO        TOTAL                                                                                    26683.79                34467.12          0.00
01:37:13  INFO        DEFICIT: 18000.00 MWh under-generation
01:37:13  INFO        ==============================================================================
01:37:13  INFO        [STG EXTRACTION] STG Load: 12.76 MW, LP Extraction: 20880.00 MT, MP Extraction: 2880.00 MT
01:37:14  INFO        ==============================================================================
01:37:14  INFO        STEAM DISPATCH  (April 2025)
01:37:14  INFO        ==============================================================================
01:37:14  INFO        Grade      Process/Fixed MT  Letdown MT  Byproduct MT     Net Demand MT
01:37:14  INFO        ---------  ----------------  ----------  ------------  ----------------
01:37:14  INFO        MP                 26115.83    17426.87          0.00          23235.83
01:37:14  INFO        SHP                95226.23   104001.34          0.00         112653.10
01:37:14  INFO      
01:37:14  INFO        Total Free Steam available: 34467.12 MT
01:37:14  INFO      
01:37:14  INFO        FINAL SUPPLEMENTARY FIRING DISPATCH
01:37:14  INFO        Asset                      Priority     Min TPH     Max TPH     Hours  Dispatched TPH   Dispatched MT    Load %
01:37:14  INFO        -------------------------  --------  ----------  ----------  --------  --------------  --------------  --------
01:37:14  INFO        HRSG-1                          999       60.00      136.00      0.00            0.00            0.00      0.0%
01:37:14  INFO        HRSG-2                            1       37.34      113.34    720.00           55.58        40014.95     57.5%
01:37:14  INFO        HRSG-3                            1       34.78      110.78    720.00           53.02        38171.03     57.5%
01:37:14  INFO        TOTAL SUPPLEMENTARY                                                                          78185.98          
01:37:14  INFO        TOTAL STEAM GENERATED                                                                       112653.10          
01:37:14  INFO        Demand met
01:37:14  INFO        ==============================================================================
01:37:14  INFO        [REVERSE NG] Found GT asset: NMD-Power Plant-3, plant: NMD - Power Plant 3, heat_rate: 3862.56, free_steam: 1.97
01:37:14  INFO        [REVERSE NG] NMD - Power Plant 3: gen_qty=9216000 KWH, heat_rate=3862.56, free_steam=1.9700, consumed=86385.63 MMBTU (REVERSE)
01:37:14  INFO        [REVERSE NG] Found GT asset: NMD-Power Plant-2, plant: NMD - Power Plant 2, heat_rate: 4016.03, free_steam: 1.97
01:37:14  INFO        [REVERSE NG] NMD - Power Plant 2: gen_qty=8280000 KWH, heat_rate=4016.03, free_steam=1.9700, consumed=82651.39 MMBTU (REVERSE)
01:37:14  INFO        [REVERSE NG HRSG] Found HRSG: HRSG-2, supp_steam=40014.95 MT, free_steam=16311.60 MT, total_steam=56326.55 MT
01:37:14  INFO        [REVERSE NG HRSG] HRSG2_SHP STEAM: total_steam=56326.55 MT, norm=2.954424, consumed=166412.51 MMBTU (REVERSE, BPC method)
01:37:14  INFO        [REVERSE NG HRSG] Found HRSG: HRSG-3, supp_steam=38171.03 MT, free_steam=18155.52 MT, total_steam=56326.55 MT
01:37:14  INFO        [REVERSE NG HRSG] HRSG3_SHP STEAM: total_steam=56326.55 MT, norm=2.954424, consumed=166412.51 MMBTU (REVERSE, BPC method)
01:37:14  INFO      
01:37:14  INFO        ------------------------------------------------------------------------------------------
01:37:14  INFO        ITERATION 17
01:37:14  INFO        ------------------------------------------------------------------------------------------
01:37:14  INFO        Power:  Demand =    44683793.16 KWH  |  Gen =       26683.79 MWh  |  Surplus =     0.00  |  Deficit =     0.00
01:37:14  INFO        Steam:  Gen =      112653.10 MT  |  Surplus =     0.00  |  Deficit =     0.00
01:37:14  INFO        Power delta: 1427.7520 MWh  |  Converged: NO
01:37:14  INFO      
01:37:14  INFO        Utility                                Total Demand      U4U Demand         Initial    Change %
01:37:14  INFO        -----------------------------------  --------------  --------------  --------------  ----------
01:37:14  INFO        Boiler Feed Water                         121699.92       121748.49            0.00     0.0415%
01:37:14  INFO        COMPRESSED AIR                           7294970.97      1211319.48      6084105.59    83.4075%
01:37:14  INFO        Cooling Water 1                            15194.00            0.00        15194.00   100.0000%
01:37:14  INFO        Cooling Water 2                            13188.71         4172.80         9016.31    68.3678%
01:37:14  INFO        D M Water                                 160405.45       104661.93        55787.00    34.8309%
01:37:14  INFO        HP Steam PRDS                               4972.00         4972.00            0.00     0.0000%
01:37:14  INFO        HP Steam_Dis                                4972.00            0.00         4972.00   100.0000%
01:37:14  INFO        HRSG2_SHP STEAM                            47594.05        47613.12            0.00     0.0405%
01:37:14  INFO        HRSG3_SHP STEAM                            47594.05        47613.12            0.00     0.0405%
01:37:14  INFO        LP Steam PRDS                              15428.84        15433.91            0.00     0.0363%
01:37:14  INFO        LP Steam_Dis                               42919.67        17646.49        25280.51    58.9348%
01:37:14  INFO        MP Steam PRDS SHP                          23918.39        23927.32            0.00     0.0297%
01:37:14  INFO        MP Steam_Dis                               26115.83        11571.63        14548.40    55.7445%
01:37:14  INFO        Nitrogen Gas                             5437630.00            0.00      5437630.00   100.0000% (PT)
01:37:14  INFO        Oxygen                                      5787.00            0.00         5787.00   100.0000%
01:37:14  INFO        POWERGEN                                26354510.79     26355348.33            0.00     0.0039%
01:37:14  INFO        Power_Dis                               44683793.16     15442515.77     29242067.20    65.4454%
01:37:14  INFO        SHP Steam_Dis                              95226.23        74268.08        20975.00    22.0665%
01:37:14  INFO        STG1_LP STEAM                              27476.73        27485.76            0.00     0.0363%
01:37:14  INFO        STG1_MP STEAM                               2187.69         2188.51            0.00     0.0297%
01:37:14  INFO        Water                                     768567.10       488289.30       280371.80    36.4939% (PT)
01:37:14  INFO      
01:37:14  INFO        U4U CONSUMPTION BREAKDOWN (per producer per material):
01:37:14  INFO        Producer                        Material Consumed                     Norm        Quantity  Credit
01:37:14  INFO        ------------------------------  ------------------------------  ----------  --------------  ------
01:37:14  INFO        Boiler Feed Water               CHEM CYCLO HEXY                   0.000100           12.17  
01:37:14  INFO        Boiler Feed Water               CHEM MORPHOLENE                   0.000002            0.24  
01:37:14  INFO        Boiler Feed Water               Cooling Water 2                   0.001070          130.22  
01:37:14  INFO        Boiler Feed Water               D M Water                         0.860000       104661.93  
01:37:14  INFO        Boiler Feed Water               KEM WATREAT B 70M                 0.000570           69.37  
01:37:14  INFO        Boiler Feed Water               LP Steam_Dis                      0.145000        17646.49  
01:37:14  INFO        Boiler Feed Water               Power_Dis                         9.500000      1156149.21  
01:37:14  INFO        COMPRESSED AIR                  Cooling Water 2                   0.000025          182.37  
01:37:14  INFO        COMPRESSED AIR                  Power_Dis                         0.165000      1203670.21  
01:37:14  INFO        Cooling Water 1                 COMPRESSED AIR                    0.108592         1649.95  
01:37:14  INFO        Cooling Water 1                 Power_Dis                       244.999997      3722529.95  
01:37:14  INFO        Cooling Water 1                 SULPHURIC ACID                    0.000158            2.40  
01:37:14  INFO        Cooling Water 1                 Water                            11.050000       167893.70  
01:37:14  INFO        Cooling Water 2                 COMPRESSED AIR                    0.123044         1622.79  
01:37:14  INFO        Cooling Water 2                 Power_Dis                       249.999997      3297178.66  
01:37:14  INFO        Cooling Water 2                 SULPHURIC ACID                    0.000158            2.08  
01:37:14  INFO        Cooling Water 2                 Water                            11.500000       151670.22  
01:37:14  INFO        D M Water                       CAUSTIC SODA LYE – GRADE 1        0.000226           36.25  
01:37:14  INFO        D M Water                       CHEM  SODIUM SULPHITE;PN:MIS 1    0.000701          112.44  
01:37:14  INFO        D M Water                       CHEM ALUM.SULFATE, AL2(SO4)3,1    0.000757          121.43  
01:37:14  INFO        D M Water                       COMPRESSED AIR                    0.077000        12351.22  
01:37:14  INFO        D M Water                       HYDRO CHLORIC ACID (30%) -VIRG    0.000226           36.25  
01:37:14  INFO        D M Water                       POLYELECTROLYTE                   0.000578           92.71  
01:37:14  INFO        D M Water                       Power_Dis                         1.210000       194090.60  
01:37:14  INFO        D M Water                       Ret steam condensate              0.203000        32562.31  
01:37:14  INFO        D M Water                       SODIUM CHLORIDE IS 797 GRADE1     0.000010            1.60  
01:37:14  INFO        D M Water                       Water                             1.050000       168425.73  
01:37:14  INFO        HP Steam PRDS                   Boiler Feed Water                 0.076800          381.85  
01:37:14  INFO        HP Steam PRDS                   SHP Steam_Dis                     0.923200         4590.15  
01:37:14  INFO        HP Steam_Dis                    HP Steam PRDS                     1.000000         4972.00  
01:37:14  INFO        HRSG2_SHP STEAM                 Boiler Feed Water                 1.024000        57678.39  
01:37:14  INFO        HRSG2_SHP STEAM                 CHEM TRISODIUM PHOSPHATE          0.000900           50.69  
01:37:14  INFO        HRSG2_SHP STEAM                 COMPRESSED AIR                    9.853236       554998.79  
01:37:14  INFO        HRSG2_SHP STEAM                 FURNACE OIL ( MEDIUM VISCOSITY    0.000098            5.52  
01:37:14  INFO        HRSG2_SHP STEAM                 LP Steam_Dis                     -0.078000        -4393.47  YES
01:37:14  INFO        HRSG2_SHP STEAM                 NATURAL GAS                       2.954424       166412.51  
01:37:14  INFO        HRSG2_SHP STEAM                 Water                             0.002660          149.83  
01:37:14  INFO        HRSG3_SHP STEAM                 Boiler Feed Water                 1.024000        57678.39  
01:37:14  INFO        HRSG3_SHP STEAM                 CHEM TRISODIUM PHOSPHATE          0.000900           50.69  
01:37:14  INFO        HRSG3_SHP STEAM                 COMPRESSED AIR                    9.596520       540538.86  
01:37:14  INFO        HRSG3_SHP STEAM                 FURNACE OIL ( MEDIUM VISCOSITY    0.000098            5.52  
01:37:14  INFO        HRSG3_SHP STEAM                 LP Steam_Dis                     -0.078000        -4393.47  YES
01:37:14  INFO        HRSG3_SHP STEAM                 NATURAL GAS                       2.954424       166412.51  
01:37:14  INFO        HRSG3_SHP STEAM                 Water                             0.002660          149.83  
01:37:14  INFO        LP Steam PRDS                   Boiler Feed Water                 0.250000         3857.21  
01:37:14  INFO        LP Steam PRDS                   MP Steam_Dis                      0.750000        11571.63  
01:37:14  INFO        LP Steam_Dis                    LP Steam PRDS                     0.359600        15433.91  
01:37:14  INFO        LP Steam_Dis                    STG1_LP STEAM                     0.640400        27485.76  
01:37:14  INFO        MP Steam PRDS SHP               Boiler Feed Water                 0.090000         2152.66  
01:37:14  INFO        MP Steam PRDS SHP               SHP Steam_Dis                     0.910000        21765.73  
01:37:14  INFO        MP Steam_Dis                    MP Steam PRDS SHP                 0.916200        23927.32  
01:37:14  INFO        MP Steam_Dis                    STG1_MP STEAM                     0.083800         2188.51  
01:37:14  INFO        Oxygen                          Cooling Water 2                   0.261000         1510.41  
01:37:14  INFO        Oxygen                          Power_Dis                       968.650000      5605577.55  
01:37:14  INFO        POWERGEN                        COMPRESSED AIR                    0.004011        36852.23  
01:37:14  INFO        POWERGEN                        COMPRESSED AIR                    0.003420        31518.72  
01:37:14  INFO        POWERGEN                        COMPRESSED AIR                    0.003839        31786.92  
01:37:14  INFO        POWERGEN                        COMPRESSED AIR                    0.000000            0.00  
01:37:14  INFO        POWERGEN                        Cooling Water 2                   0.000232         2131.57  
01:37:14  INFO        POWERGEN                        Cooling Water 2                   0.000012          110.59  
01:37:14  INFO        POWERGEN                        Cooling Water 2                   0.000013          107.64  
01:37:14  INFO        POWERGEN                        Cooling Water 2                   0.000000            0.00  
01:37:14  INFO        POWERGEN                        NATURAL GAS                       0.009373        86385.63  
01:37:14  INFO        POWERGEN                        NATURAL GAS                       0.009982        82651.39  
01:37:14  INFO        POWERGEN                        NATURAL GAS                       0.009472            0.00  
01:37:14  INFO        POWERGEN                        Power_Dis                         0.002000        18375.58  
01:37:14  INFO        POWERGEN                        Power_Dis                         0.014000       129024.00  
01:37:14  INFO        POWERGEN                        Power_Dis                         0.014000       115920.00  
01:37:14  INFO        POWERGEN                        Power_Dis                         0.000000            0.00  
01:37:14  INFO        POWERGEN                        SHP Steam_Dis                     0.003615        33213.86  
01:37:14  INFO        Power_Dis                       POWERGEN                          0.186036      8312793.56  
01:37:14  INFO        Power_Dis                       POWERGEN                          0.196717      8790061.12  
01:37:14  INFO        Power_Dis                       POWERGEN                          0.207066      9252493.66  
01:37:14  INFO        Power_Dis                       Power from MEL                    0.410169     18000000.00  
01:37:14  INFO        SHP Steam_Dis                   HRSG2_SHP STEAM                   0.500000        47613.12  
01:37:14  INFO        SHP Steam_Dis                   HRSG3_SHP STEAM                   0.500000        47613.12  
01:37:14  INFO        STG1_LP STEAM                   SHP Steam_Dis                     0.480000        13188.83  
01:37:14  INFO        STG1_MP STEAM                   SHP Steam_Dis                     0.690000         1509.51  
01:37:14  INFO      
01:37:14  INFO        Not yet converged: 26 materials
01:37:14  INFO          Boiler Feed Water               change = 0.0399%
01:37:14  INFO          CAUSTIC SODA LYE – GRADE 1      change = 0.0521%
01:37:14  INFO          CHEM  SODIUM SULPHITE;PN:MIS 19OX  change = 0.0521%
01:37:14  INFO          CHEM ALUM.SULFATE, AL2(SO4)3,18H2O  change = 0.0521%
01:37:14  INFO          CHEM CYCLO HEXY                 change = 0.0415%
01:37:14  INFO          CHEM MORPHOLENE                 change = 0.0415%
01:37:14  INFO          CHEM TRISODIUM PHOSPHATE        change = 0.0403%
01:37:14  INFO          COMPRESSED AIR                  change = 0.0375%
01:37:14  INFO          D M Water                       change = 0.0415%
01:37:14  INFO          FURNACE OIL ( MEDIUM VISCOSITY GRADE )  change = 0.0403%
01:37:14  INFO          HRSG2_SHP STEAM                 change = 0.0400%
01:37:14  INFO          HRSG3_SHP STEAM                 change = 0.0400%
01:37:14  INFO          HYDRO CHLORIC ACID (30%) -VIRGIN  change = 0.0521%
01:37:14  INFO          KEM WATREAT B 70M               change = 0.0415%
01:37:14  INFO          LP Steam PRDS                   change = 0.0329%
01:37:14  INFO          LP Steam_Dis                    change = 0.0415%
01:37:14  INFO          MP Steam PRDS SHP               change = 0.0373%
01:37:14  INFO          MP Steam_Dis                    change = 0.0363%
01:37:14  INFO          NATURAL GAS                     change = 0.0268%
01:37:14  INFO          POLYELECTROLYTE                 change = 0.0521%
01:37:14  INFO          Ret steam condensate            change = 0.0521%
01:37:14  INFO          SHP Steam_Dis                   change = 0.0227%
01:37:14  INFO          SODIUM CHLORIDE IS 797 GRADE1   change = 0.0521%
01:37:14  INFO          STG1_LP STEAM                   change = 0.0329%
01:37:14  INFO          STG1_MP STEAM                   change = 0.0373%
01:37:14  INFO          Water                           change = 0.0193%
01:37:14  INFO        ------------------------------------------------------------------------------------------
01:37:15  INFO        [DISPATCH] Total demand: 44684.58 MWh, Import: 18000.00 MWh, Net for GT/STG: 26684.58 MWh
01:37:15  WARNING     [DISPATCH] No aux power norm for 'NMD-Power Plant-2'; using 0.0
01:37:15  WARNING     [DISPATCH] No aux power norm for 'NMD-Power Plant-3'; using 0.0
01:37:15  WARNING     [DISPATCH] No aux power norm for 'NMD-STG Power Plant'; using 0.0
01:37:15  INFO        ==============================================================================
01:37:15  INFO        POWER DISPATCH  (April 2025)
01:37:15  INFO        ==============================================================================
01:37:15  INFO        Demand:  Process = 44684.58 MWh  |  Fixed = 0.00 MWh  |  Total = 44684.58 MWh
01:37:15  INFO      
01:37:15  INFO        Asset                      Priority    Min MW    Max MW     Hours   Dispatched MW  Dispatched MWh    Load %  Free Steam MT  Aux Power MWh
01:37:15  INFO        -------------------------  --------  --------  --------  --------  --------------  --------------  --------  ------------  ------------
01:37:15  INFO        NMD-Power Plant-2                 1      5.00     11.50    720.00           11.50         8280.00    100.0%      16311.60          0.00
01:37:15  INFO        NMD-Power Plant-3                 1      5.00     12.80    720.00           12.80         9216.00    100.0%      18155.52          0.00
01:37:15  INFO        NMD-STG Power Plant               2      6.00     14.50    720.00           12.76         9188.58     88.0%          0.00          0.00
01:37:15  INFO        TOTAL                                                                                    26684.58                34467.12          0.00
01:37:15  INFO        DEFICIT: 18000.00 MWh under-generation
01:37:15  INFO        ==============================================================================
01:37:15  INFO        [STG EXTRACTION] STG Load: 12.76 MW, LP Extraction: 20880.00 MT, MP Extraction: 2880.00 MT
01:37:15  INFO        ==============================================================================
01:37:15  INFO        STEAM DISPATCH  (April 2025)
01:37:15  INFO        ==============================================================================
01:37:15  INFO        Grade      Process/Fixed MT  Letdown MT  Byproduct MT     Net Demand MT
01:37:15  INFO        ---------  ----------------  ----------  ------------  ----------------
01:37:15  INFO        MP                 26120.03    17430.02          0.00          23240.03
01:37:15  INFO        SHP                95243.08   104019.81          0.00         112673.10
01:37:15  INFO      
01:37:15  INFO        Total Free Steam available: 34467.12 MT
01:37:15  INFO      
01:37:15  INFO        FINAL SUPPLEMENTARY FIRING DISPATCH
01:37:15  INFO        Asset                      Priority     Min TPH     Max TPH     Hours  Dispatched TPH   Dispatched MT    Load %
01:37:15  INFO        -------------------------  --------  ----------  ----------  --------  --------------  --------------  --------
01:37:15  INFO        HRSG-1                          999       60.00      136.00      0.00            0.00            0.00      0.0%
01:37:15  INFO        HRSG-2                            1       37.34      113.34    720.00           55.59        40024.95     57.5%
01:37:15  INFO        HRSG-3                            1       34.78      110.78    720.00           53.03        38181.03     57.5%
01:37:15  INFO        TOTAL SUPPLEMENTARY                                                                          78205.98          
01:37:15  INFO        TOTAL STEAM GENERATED                                                                       112673.10          
01:37:15  INFO        Demand met
01:37:15  INFO        ==============================================================================
01:37:15  INFO        [REVERSE NG] Found GT asset: NMD-Power Plant-3, plant: NMD - Power Plant 3, heat_rate: 3862.56, free_steam: 1.97
01:37:15  INFO        [REVERSE NG] NMD - Power Plant 3: gen_qty=9216000 KWH, heat_rate=3862.56, free_steam=1.9700, consumed=86385.63 MMBTU (REVERSE)
01:37:15  INFO        [REVERSE NG] Found GT asset: NMD-Power Plant-2, plant: NMD - Power Plant 2, heat_rate: 4016.03, free_steam: 1.97
01:37:15  INFO        [REVERSE NG] NMD - Power Plant 2: gen_qty=8280000 KWH, heat_rate=4016.03, free_steam=1.9700, consumed=82651.39 MMBTU (REVERSE)
01:37:15  INFO        [REVERSE NG HRSG] Found HRSG: HRSG-2, supp_steam=40024.95 MT, free_steam=16311.60 MT, total_steam=56336.55 MT
01:37:15  INFO        [REVERSE NG HRSG] HRSG2_SHP STEAM: total_steam=56336.55 MT, norm=2.954424, consumed=166442.06 MMBTU (REVERSE, BPC method)
01:37:15  INFO        [REVERSE NG HRSG] Found HRSG: HRSG-3, supp_steam=38181.03 MT, free_steam=18155.52 MT, total_steam=56336.55 MT
01:37:15  INFO        [REVERSE NG HRSG] HRSG3_SHP STEAM: total_steam=56336.55 MT, norm=2.954424, consumed=166442.06 MMBTU (REVERSE, BPC method)
01:37:15  INFO      
01:37:15  INFO        ------------------------------------------------------------------------------------------
01:37:15  INFO        ITERATION 18
01:37:15  INFO        ------------------------------------------------------------------------------------------
01:37:15  INFO        Power:  Demand =    44684582.97 KWH  |  Gen =       26684.58 MWh  |  Surplus =     0.00  |  Deficit =     0.00
01:37:15  INFO        Steam:  Gen =      112673.10 MT  |  Surplus =     0.00  |  Deficit =     0.00
01:37:15  INFO        Power delta: 789.8082 MWh  |  Converged: NO
01:37:15  INFO      
01:37:15  INFO        Utility                                Total Demand      U4U Demand         Initial    Change %
01:37:15  INFO        -----------------------------------  --------------  --------------  --------------  ----------
01:37:15  INFO        Boiler Feed Water                         121748.49       121771.04            0.00     0.0399%
01:37:15  INFO        COMPRESSED AIR                           7295425.07      1211520.54      6084105.59    83.4024%
01:37:15  INFO        Cooling Water 1                            15194.00            0.00        15194.00   100.0000%
01:37:15  INFO        Cooling Water 2                            13189.11         4173.05         9016.31    68.3648%
01:37:15  INFO        D M Water                                 160448.93       104703.70        55787.00    34.7964%
01:37:15  INFO        HP Steam PRDS                               4972.00         4972.00            0.00     0.0000%
01:37:15  INFO        HP Steam_Dis                                4972.00            0.00         4972.00   100.0000%
01:37:15  INFO        HRSG2_SHP STEAM                            47613.12        47621.54            0.00     0.0400%
01:37:15  INFO        HRSG3_SHP STEAM                            47613.12        47621.54            0.00     0.0400%
01:37:15  INFO        LP Steam PRDS                              15433.91        15436.55            0.00     0.0329%
01:37:15  INFO        LP Steam_Dis                               42927.00        17653.53        25280.51    58.9089%
01:37:15  INFO        MP Steam PRDS SHP                          23927.32        23931.17            0.00     0.0373%
01:37:15  INFO        MP Steam_Dis                               26120.03        11575.43        14548.40    55.7143%
01:37:15  INFO        Nitrogen Gas                             5437630.00            0.00      5437630.00   100.0000% (PT)
01:37:15  INFO        Oxygen                                      5787.00            0.00         5787.00   100.0000%
01:37:15  INFO        POWERGEN                                26355348.33     26355814.29            0.00     0.0032%
01:37:15  INFO        Power_Dis                               44684582.97     15443204.98     29242067.20    65.4428%
01:37:15  INFO        SHP Steam_Dis                              95243.08        74283.96        20975.00    22.0403%
01:37:15  INFO        STG1_LP STEAM                              27485.76        27490.45            0.00     0.0329%
01:37:15  INFO        STG1_MP STEAM                               2188.51         2188.86            0.00     0.0373%
01:37:15  INFO        Water                                     768661.10       488339.54       280371.80    36.4876% (PT)
01:37:15  INFO      
01:37:15  INFO        U4U CONSUMPTION BREAKDOWN (per producer per material):
01:37:15  INFO        Producer                        Material Consumed                     Norm        Quantity  Credit
01:37:15  INFO        ------------------------------  ------------------------------  ----------  --------------  ------
01:37:15  INFO        Boiler Feed Water               CHEM CYCLO HEXY                   0.000100           12.17  
01:37:15  INFO        Boiler Feed Water               CHEM MORPHOLENE                   0.000002            0.24  
01:37:15  INFO        Boiler Feed Water               Cooling Water 2                   0.001070          130.27  
01:37:15  INFO        Boiler Feed Water               D M Water                         0.860000       104703.70  
01:37:15  INFO        Boiler Feed Water               KEM WATREAT B 70M                 0.000570           69.40  
01:37:15  INFO        Boiler Feed Water               LP Steam_Dis                      0.145000        17653.53  
01:37:15  INFO        Boiler Feed Water               Power_Dis                         9.500000      1156610.65  
01:37:15  INFO        COMPRESSED AIR                  Cooling Water 2                   0.000025          182.39  
01:37:15  INFO        COMPRESSED AIR                  Power_Dis                         0.165000      1203745.14  
01:37:15  INFO        Cooling Water 1                 COMPRESSED AIR                    0.108592         1649.95  
01:37:15  INFO        Cooling Water 1                 Power_Dis                       244.999997      3722529.95  
01:37:15  INFO        Cooling Water 1                 SULPHURIC ACID                    0.000158            2.40  
01:37:15  INFO        Cooling Water 1                 Water                            11.050000       167893.70  
01:37:15  INFO        Cooling Water 2                 COMPRESSED AIR                    0.123044         1622.84  
01:37:15  INFO        Cooling Water 2                 Power_Dis                       249.999997      3297277.33  
01:37:15  INFO        Cooling Water 2                 SULPHURIC ACID                    0.000158            2.08  
01:37:15  INFO        Cooling Water 2                 Water                            11.500000       151674.76  
01:37:15  INFO        D M Water                       CAUSTIC SODA LYE – GRADE 1        0.000226           36.26  
01:37:15  INFO        D M Water                       CHEM  SODIUM SULPHITE;PN:MIS 1    0.000701          112.47  
01:37:15  INFO        D M Water                       CHEM ALUM.SULFATE, AL2(SO4)3,1    0.000757          121.46  
01:37:15  INFO        D M Water                       COMPRESSED AIR                    0.077000        12354.57  
01:37:15  INFO        D M Water                       HYDRO CHLORIC ACID (30%) -VIRG    0.000226           36.26  
01:37:15  INFO        D M Water                       POLYELECTROLYTE                   0.000578           92.74  
01:37:15  INFO        D M Water                       Power_Dis                         1.210000       194143.20  
01:37:15  INFO        D M Water                       Ret steam condensate              0.203000        32571.13  
01:37:15  INFO        D M Water                       SODIUM CHLORIDE IS 797 GRADE1     0.000010            1.60  
01:37:15  INFO        D M Water                       Water                             1.050000       168471.38  
01:37:15  INFO        HP Steam PRDS                   Boiler Feed Water                 0.076800          381.85  
01:37:15  INFO        HP Steam PRDS                   SHP Steam_Dis                     0.923200         4590.15  
01:37:15  INFO        HP Steam_Dis                    HP Steam PRDS                     1.000000         4972.00  
01:37:15  INFO        HRSG2_SHP STEAM                 Boiler Feed Water                 1.024000        57688.63  
01:37:15  INFO        HRSG2_SHP STEAM                 CHEM TRISODIUM PHOSPHATE          0.000900           50.70  
01:37:15  INFO        HRSG2_SHP STEAM                 COMPRESSED AIR                    9.853236       555097.32  
01:37:15  INFO        HRSG2_SHP STEAM                 FURNACE OIL ( MEDIUM VISCOSITY    0.000098            5.52  
01:37:15  INFO        HRSG2_SHP STEAM                 LP Steam_Dis                     -0.078000        -4394.25  YES
01:37:15  INFO        HRSG2_SHP STEAM                 NATURAL GAS                       2.954424       166442.06  
01:37:15  INFO        HRSG2_SHP STEAM                 Water                             0.002660          149.86  
01:37:15  INFO        HRSG3_SHP STEAM                 Boiler Feed Water                 1.024000        57688.63  
01:37:15  INFO        HRSG3_SHP STEAM                 CHEM TRISODIUM PHOSPHATE          0.000900           50.70  
01:37:15  INFO        HRSG3_SHP STEAM                 COMPRESSED AIR                    9.596520       540634.83  
01:37:15  INFO        HRSG3_SHP STEAM                 FURNACE OIL ( MEDIUM VISCOSITY    0.000098            5.52  
01:37:15  INFO        HRSG3_SHP STEAM                 LP Steam_Dis                     -0.078000        -4394.25  YES
01:37:15  INFO        HRSG3_SHP STEAM                 NATURAL GAS                       2.954424       166442.06  
01:37:15  INFO        HRSG3_SHP STEAM                 Water                             0.002660          149.86  
01:37:15  INFO        LP Steam PRDS                   Boiler Feed Water                 0.250000         3858.48  
01:37:15  INFO        LP Steam PRDS                   MP Steam_Dis                      0.750000        11575.43  
01:37:15  INFO        LP Steam_Dis                    LP Steam PRDS                     0.359600        15436.55  
01:37:15  INFO        LP Steam_Dis                    STG1_LP STEAM                     0.640400        27490.45  
01:37:15  INFO        MP Steam PRDS SHP               Boiler Feed Water                 0.090000         2153.46  
01:37:15  INFO        MP Steam PRDS SHP               SHP Steam_Dis                     0.910000        21773.86  
01:37:15  INFO        MP Steam_Dis                    MP Steam PRDS SHP                 0.916200        23931.17  
01:37:15  INFO        MP Steam_Dis                    STG1_MP STEAM                     0.083800         2188.86  
01:37:15  INFO        Oxygen                          Cooling Water 2                   0.261000         1510.41  
01:37:15  INFO        Oxygen                          Power_Dis                       968.650000      5605577.55  
01:37:15  INFO        POWERGEN                        COMPRESSED AIR                    0.004011        36855.39  
01:37:15  INFO        POWERGEN                        COMPRESSED AIR                    0.003420        31518.72  
01:37:15  INFO        POWERGEN                        COMPRESSED AIR                    0.003839        31786.92  
01:37:15  INFO        POWERGEN                        COMPRESSED AIR                    0.000000            0.00  
01:37:15  INFO        POWERGEN                        Cooling Water 2                   0.000232         2131.75  
01:37:15  INFO        POWERGEN                        Cooling Water 2                   0.000012          110.59  
01:37:15  INFO        POWERGEN                        Cooling Water 2                   0.000013          107.64  
01:37:15  INFO        POWERGEN                        Cooling Water 2                   0.000000            0.00  
01:37:15  INFO        POWERGEN                        NATURAL GAS                       0.009373        86385.63  
01:37:15  INFO        POWERGEN                        NATURAL GAS                       0.009982        82651.39  
01:37:15  INFO        POWERGEN                        NATURAL GAS                       0.009472            0.00  
01:37:15  INFO        POWERGEN                        Power_Dis                         0.002000        18377.16  
01:37:15  INFO        POWERGEN                        Power_Dis                         0.014000       129024.00  
01:37:15  INFO        POWERGEN                        Power_Dis                         0.014000       115920.00  
01:37:15  INFO        POWERGEN                        Power_Dis                         0.000000            0.00  
01:37:15  INFO        POWERGEN                        SHP Steam_Dis                     0.003615        33216.72  
01:37:15  INFO        Power_Dis                       POWERGEN                          0.186036      8312940.52  
01:37:15  INFO        Power_Dis                       POWERGEN                          0.196717      8790216.52  
01:37:15  INFO        Power_Dis                       POWERGEN                          0.207066      9252657.24  
01:37:15  INFO        Power_Dis                       Power from MEL                    0.410169     18000000.00  
01:37:15  INFO        SHP Steam_Dis                   HRSG2_SHP STEAM                   0.500000        47621.54  
01:37:15  INFO        SHP Steam_Dis                   HRSG3_SHP STEAM                   0.500000        47621.54  
01:37:15  INFO        STG1_LP STEAM                   SHP Steam_Dis                     0.480000        13193.16  
01:37:15  INFO        STG1_MP STEAM                   SHP Steam_Dis                     0.690000         1510.07  
01:37:15  INFO      
01:37:15  INFO        Not yet converged: 26 materials
01:37:15  INFO          Boiler Feed Water               change = 0.0185%
01:37:15  INFO          CAUSTIC SODA LYE – GRADE 1      change = 0.0271%
01:37:15  INFO          CHEM  SODIUM SULPHITE;PN:MIS 19OX  change = 0.0271%
01:37:15  INFO          CHEM ALUM.SULFATE, AL2(SO4)3,18H2O  change = 0.0271%
01:37:15  INFO          CHEM CYCLO HEXY                 change = 0.0399%
01:37:15  INFO          CHEM MORPHOLENE                 change = 0.0399%
01:37:15  INFO          CHEM TRISODIUM PHOSPHATE        change = 0.0178%
01:37:15  INFO          COMPRESSED AIR                  change = 0.0166%
01:37:15  INFO          D M Water                       change = 0.0399%
01:37:15  INFO          FURNACE OIL ( MEDIUM VISCOSITY GRADE )  change = 0.0178%
01:37:15  INFO          HRSG2_SHP STEAM                 change = 0.0177%
01:37:15  INFO          HRSG3_SHP STEAM                 change = 0.0177%
01:37:15  INFO          HYDRO CHLORIC ACID (30%) -VIRGIN  change = 0.0271%
01:37:15  INFO          KEM WATREAT B 70M               change = 0.0399%
01:37:15  INFO          LP Steam PRDS                   change = 0.0171%
01:37:15  INFO          LP Steam_Dis                    change = 0.0399%
01:37:15  INFO          MP Steam PRDS SHP               change = 0.0161%
01:37:15  INFO          MP Steam_Dis                    change = 0.0329%
01:37:15  INFO          NATURAL GAS                     change = 0.0118%
01:37:15  INFO          POLYELECTROLYTE                 change = 0.0271%
01:37:15  INFO          Ret steam condensate            change = 0.0271%
01:37:15  INFO          SHP Steam_Dis                   change = 0.0214%
01:37:15  INFO          SODIUM CHLORIDE IS 797 GRADE1   change = 0.0271%
01:37:15  INFO          STG1_LP STEAM                   change = 0.0171%
01:37:15  INFO          STG1_MP STEAM                   change = 0.0161%
01:37:15  INFO          Water                           change = 0.0103%
01:37:15  INFO        ------------------------------------------------------------------------------------------
01:37:16  INFO        [DISPATCH] Total demand: 44685.27 MWh, Import: 18000.00 MWh, Net for GT/STG: 26685.27 MWh
01:37:17  WARNING     [DISPATCH] No aux power norm for 'NMD-Power Plant-2'; using 0.0
01:37:17  WARNING     [DISPATCH] No aux power norm for 'NMD-Power Plant-3'; using 0.0
01:37:17  WARNING     [DISPATCH] No aux power norm for 'NMD-STG Power Plant'; using 0.0
01:37:17  INFO        ==============================================================================
01:37:17  INFO        POWER DISPATCH  (April 2025)
01:37:17  INFO        ==============================================================================
01:37:17  INFO        Demand:  Process = 44685.27 MWh  |  Fixed = 0.00 MWh  |  Total = 44685.27 MWh
01:37:17  INFO      
01:37:17  INFO        Asset                      Priority    Min MW    Max MW     Hours   Dispatched MW  Dispatched MWh    Load %  Free Steam MT  Aux Power MWh
01:37:17  INFO        -------------------------  --------  --------  --------  --------  --------------  --------------  --------  ------------  ------------
01:37:17  INFO        NMD-Power Plant-2                 1      5.00     11.50    720.00           11.50         8280.00    100.0%      16311.60          0.00
01:37:17  INFO        NMD-Power Plant-3                 1      5.00     12.80    720.00           12.80         9216.00    100.0%      18155.52          0.00
01:37:17  INFO        NMD-STG Power Plant               2      6.00     14.50    720.00           12.76         9189.27     88.0%          0.00          0.00
01:37:17  INFO        TOTAL                                                                                    26685.27                34467.12          0.00
01:37:17  INFO        DEFICIT: 18000.00 MWh under-generation
01:37:17  INFO        ==============================================================================
01:37:17  INFO        [STG EXTRACTION] STG Load: 12.76 MW, LP Extraction: 20880.00 MT, MP Extraction: 2880.00 MT
01:37:17  INFO        ==============================================================================
01:37:17  INFO        STEAM DISPATCH  (April 2025)
01:37:17  INFO        ==============================================================================
01:37:17  INFO        Grade      Process/Fixed MT  Letdown MT  Byproduct MT     Net Demand MT
01:37:17  INFO        ---------  ----------------  ----------  ------------  ----------------
01:37:17  INFO        MP                 26123.83    17432.88          0.00          23243.83
01:37:17  INFO        SHP                95258.96   104037.10          0.00         112691.84
01:37:17  INFO      
01:37:17  INFO        Total Free Steam available: 34467.12 MT
01:37:17  INFO      
01:37:17  INFO        FINAL SUPPLEMENTARY FIRING DISPATCH
01:37:17  INFO        Asset                      Priority     Min TPH     Max TPH     Hours  Dispatched TPH   Dispatched MT    Load %
01:37:17  INFO        -------------------------  --------  ----------  ----------  --------  --------------  --------------  --------
01:37:17  INFO        HRSG-1                          999       60.00      136.00      0.00            0.00            0.00      0.0%
01:37:17  INFO        HRSG-2                            1       37.34      113.34    720.00           55.60        40034.32     57.5%
01:37:17  INFO        HRSG-3                            1       34.78      110.78    720.00           53.04        38190.40     57.5%
01:37:17  INFO        TOTAL SUPPLEMENTARY                                                                          78224.72          
01:37:17  INFO        TOTAL STEAM GENERATED                                                                       112691.84          
01:37:17  INFO        Demand met
01:37:17  INFO        ==============================================================================
01:37:17  INFO        [REVERSE NG] Found GT asset: NMD-Power Plant-3, plant: NMD - Power Plant 3, heat_rate: 3862.56, free_steam: 1.97
01:37:17  INFO        [REVERSE NG] NMD - Power Plant 3: gen_qty=9216000 KWH, heat_rate=3862.56, free_steam=1.9700, consumed=86385.63 MMBTU (REVERSE)
01:37:17  INFO        [REVERSE NG] Found GT asset: NMD-Power Plant-2, plant: NMD - Power Plant 2, heat_rate: 4016.03, free_steam: 1.97
01:37:17  INFO        [REVERSE NG] NMD - Power Plant 2: gen_qty=8280000 KWH, heat_rate=4016.03, free_steam=1.9700, consumed=82651.39 MMBTU (REVERSE)
01:37:17  INFO        [REVERSE NG HRSG] Found HRSG: HRSG-2, supp_steam=40034.32 MT, free_steam=16311.60 MT, total_steam=56345.92 MT
01:37:17  INFO        [REVERSE NG HRSG] HRSG2_SHP STEAM: total_steam=56345.92 MT, norm=2.954424, consumed=166469.74 MMBTU (REVERSE, BPC method)
01:37:17  INFO        [REVERSE NG HRSG] Found HRSG: HRSG-3, supp_steam=38190.40 MT, free_steam=18155.52 MT, total_steam=56345.92 MT
01:37:17  INFO        [REVERSE NG HRSG] HRSG3_SHP STEAM: total_steam=56345.92 MT, norm=2.954424, consumed=166469.74 MMBTU (REVERSE, BPC method)
01:37:17  INFO      
01:37:17  INFO        ------------------------------------------------------------------------------------------
01:37:17  INFO        ITERATION 19
01:37:17  INFO        ------------------------------------------------------------------------------------------
01:37:17  INFO        Power:  Demand =    44685272.18 KWH  |  Gen =       26685.27 MWh  |  Surplus =     0.00  |  Deficit =     0.00
01:37:17  INFO        Steam:  Gen =      112691.84 MT  |  Surplus =     0.00  |  Deficit =     0.00
01:37:17  INFO        Power delta: 689.2147 MWh  |  Converged: NO
01:37:17  INFO      
01:37:17  INFO        Utility                                Total Demand      U4U Demand         Initial    Change %
01:37:17  INFO        -----------------------------------  --------------  --------------  --------------  ----------
01:37:17  INFO        Boiler Feed Water                         121771.04       121791.24            0.00     0.0185%
01:37:17  INFO        COMPRESSED AIR                           7295626.13      1211708.80      6084105.59    83.3966%
01:37:17  INFO        Cooling Water 1                            15194.00            0.00        15194.00   100.0000%
01:37:17  INFO        Cooling Water 2                            13189.36         4173.24         9016.31    68.3624%
01:37:17  INFO        D M Water                                 160490.70       104723.10        55787.00    34.7863%
01:37:17  INFO        HP Steam PRDS                               4972.00         4972.00            0.00     0.0000%
01:37:17  INFO        HP Steam_Dis                                4972.00            0.00         4972.00   100.0000%
01:37:17  INFO        HRSG2_SHP STEAM                            47621.54        47629.48            0.00     0.0177%
01:37:17  INFO        HRSG3_SHP STEAM                            47621.54        47629.48            0.00     0.0177%
01:37:17  INFO        LP Steam PRDS                              15436.55        15439.08            0.00     0.0171%
01:37:17  INFO        LP Steam_Dis                               42934.04        17656.80        25280.51    58.8986%
01:37:17  INFO        MP Steam PRDS SHP                          23931.17        23934.66            0.00     0.0161%
01:37:17  INFO        MP Steam_Dis                               26123.83        11577.41        14548.40    55.7047%
01:37:17  INFO        Nitrogen Gas                             5437630.00            0.00      5437630.00   100.0000% (PT)
01:37:17  INFO        Oxygen                                      5787.00            0.00         5787.00   100.0000%
01:37:17  INFO        POWERGEN                                26355814.29     26356221.27            0.00     0.0018%
01:37:17  INFO        Power_Dis                               44685272.18     15443565.97     29242067.20    65.4416%
01:37:17  INFO        SHP Steam_Dis                              95258.96        74292.46        20975.00    22.0356%
01:37:17  INFO        STG1_LP STEAM                              27490.45        27494.96            0.00     0.0171%
01:37:17  INFO        STG1_MP STEAM                               2188.86         2189.18            0.00     0.0161%
01:37:17  INFO        Water                                     768711.34       488386.29       280371.80    36.4795% (PT)
01:37:17  INFO      
01:37:17  INFO        U4U CONSUMPTION BREAKDOWN (per producer per material):
01:37:17  INFO        Producer                        Material Consumed                     Norm        Quantity  Credit
01:37:17  INFO        ------------------------------  ------------------------------  ----------  --------------  ------
01:37:17  INFO        Boiler Feed Water               CHEM CYCLO HEXY                   0.000100           12.18  
01:37:17  INFO        Boiler Feed Water               CHEM MORPHOLENE                   0.000002            0.24  
01:37:17  INFO        Boiler Feed Water               Cooling Water 2                   0.001070          130.30  
01:37:17  INFO        Boiler Feed Water               D M Water                         0.860000       104723.10  
01:37:17  INFO        Boiler Feed Water               KEM WATREAT B 70M                 0.000570           69.41  
01:37:17  INFO        Boiler Feed Water               LP Steam_Dis                      0.145000        17656.80  
01:37:17  INFO        Boiler Feed Water               Power_Dis                         9.500000      1156824.89  
01:37:17  INFO        COMPRESSED AIR                  Cooling Water 2                   0.000025          182.39  
01:37:17  INFO        COMPRESSED AIR                  Power_Dis                         0.165000      1203778.31  
01:37:17  INFO        Cooling Water 1                 COMPRESSED AIR                    0.108592         1649.95  
01:37:17  INFO        Cooling Water 1                 Power_Dis                       244.999997      3722529.95  
01:37:17  INFO        Cooling Water 1                 SULPHURIC ACID                    0.000158            2.40  
01:37:17  INFO        Cooling Water 1                 Water                            11.050000       167893.70  
01:37:17  INFO        Cooling Water 2                 COMPRESSED AIR                    0.123044         1622.87  
01:37:17  INFO        Cooling Water 2                 Power_Dis                       249.999997      3297338.98  
01:37:17  INFO        Cooling Water 2                 SULPHURIC ACID                    0.000158            2.08  
01:37:17  INFO        Cooling Water 2                 Water                            11.500000       151677.59  
01:37:17  INFO        D M Water                       CAUSTIC SODA LYE – GRADE 1        0.000226           36.27  
01:37:17  INFO        D M Water                       CHEM  SODIUM SULPHITE;PN:MIS 1    0.000701          112.50  
01:37:17  INFO        D M Water                       CHEM ALUM.SULFATE, AL2(SO4)3,1    0.000757          121.49  
01:37:17  INFO        D M Water                       COMPRESSED AIR                    0.077000        12357.78  
01:37:17  INFO        D M Water                       HYDRO CHLORIC ACID (30%) -VIRG    0.000226           36.27  
01:37:17  INFO        D M Water                       POLYELECTROLYTE                   0.000578           92.76  
01:37:17  INFO        D M Water                       Power_Dis                         1.210000       194193.75  
01:37:17  INFO        D M Water                       Ret steam condensate              0.203000        32579.61  
01:37:17  INFO        D M Water                       SODIUM CHLORIDE IS 797 GRADE1     0.000010            1.60  
01:37:17  INFO        D M Water                       Water                             1.050000       168515.24  
01:37:17  INFO        HP Steam PRDS                   Boiler Feed Water                 0.076800          381.85  
01:37:17  INFO        HP Steam PRDS                   SHP Steam_Dis                     0.923200         4590.15  
01:37:17  INFO        HP Steam_Dis                    HP Steam PRDS                     1.000000         4972.00  
01:37:17  INFO        HRSG2_SHP STEAM                 Boiler Feed Water                 1.024000        57698.22  
01:37:17  INFO        HRSG2_SHP STEAM                 CHEM TRISODIUM PHOSPHATE          0.000900           50.71  
01:37:17  INFO        HRSG2_SHP STEAM                 COMPRESSED AIR                    9.853236       555189.65  
01:37:17  INFO        HRSG2_SHP STEAM                 FURNACE OIL ( MEDIUM VISCOSITY    0.000098            5.52  
01:37:17  INFO        HRSG2_SHP STEAM                 LP Steam_Dis                     -0.078000        -4394.98  YES
01:37:17  INFO        HRSG2_SHP STEAM                 NATURAL GAS                       2.954424       166469.74  
01:37:17  INFO        HRSG2_SHP STEAM                 Water                             0.002660          149.88  
01:37:17  INFO        HRSG3_SHP STEAM                 Boiler Feed Water                 1.024000        57698.22  
01:37:17  INFO        HRSG3_SHP STEAM                 CHEM TRISODIUM PHOSPHATE          0.000900           50.71  
01:37:17  INFO        HRSG3_SHP STEAM                 COMPRESSED AIR                    9.596520       540724.75  
01:37:17  INFO        HRSG3_SHP STEAM                 FURNACE OIL ( MEDIUM VISCOSITY    0.000098            5.52  
01:37:17  INFO        HRSG3_SHP STEAM                 LP Steam_Dis                     -0.078000        -4394.98  YES
01:37:17  INFO        HRSG3_SHP STEAM                 NATURAL GAS                       2.954424       166469.74  
01:37:17  INFO        HRSG3_SHP STEAM                 Water                             0.002660          149.88  
01:37:17  INFO        LP Steam PRDS                   Boiler Feed Water                 0.250000         3859.14  
01:37:17  INFO        LP Steam PRDS                   MP Steam_Dis                      0.750000        11577.41  
01:37:17  INFO        LP Steam_Dis                    LP Steam PRDS                     0.359600        15439.08  
01:37:17  INFO        LP Steam_Dis                    STG1_LP STEAM                     0.640400        27494.96  
01:37:17  INFO        MP Steam PRDS SHP               Boiler Feed Water                 0.090000         2153.81  
01:37:17  INFO        MP Steam PRDS SHP               SHP Steam_Dis                     0.910000        21777.37  
01:37:17  INFO        MP Steam_Dis                    MP Steam PRDS SHP                 0.916200        23934.66  
01:37:17  INFO        MP Steam_Dis                    STG1_MP STEAM                     0.083800         2189.18  
01:37:17  INFO        Oxygen                          Cooling Water 2                   0.261000         1510.41  
01:37:17  INFO        Oxygen                          Power_Dis                       968.650000      5605577.55  
01:37:17  INFO        POWERGEN                        COMPRESSED AIR                    0.004011        36858.16  
01:37:17  INFO        POWERGEN                        COMPRESSED AIR                    0.003420        31518.72  
01:37:17  INFO        POWERGEN                        COMPRESSED AIR                    0.003839        31786.92  
01:37:17  INFO        POWERGEN                        COMPRESSED AIR                    0.000000            0.00  
01:37:17  INFO        POWERGEN                        Cooling Water 2                   0.000232         2131.91  
01:37:17  INFO        POWERGEN                        Cooling Water 2                   0.000012          110.59  
01:37:17  INFO        POWERGEN                        Cooling Water 2                   0.000013          107.64  
01:37:17  INFO        POWERGEN                        Cooling Water 2                   0.000000            0.00  
01:37:17  INFO        POWERGEN                        NATURAL GAS                       0.009373        86385.63  
01:37:17  INFO        POWERGEN                        NATURAL GAS                       0.009982        82651.39  
01:37:17  INFO        POWERGEN                        NATURAL GAS                       0.009472            0.00  
01:37:17  INFO        POWERGEN                        Power_Dis                         0.002000        18378.54  
01:37:17  INFO        POWERGEN                        Power_Dis                         0.014000       129024.00  
01:37:17  INFO        POWERGEN                        Power_Dis                         0.014000       115920.00  
01:37:17  INFO        POWERGEN                        Power_Dis                         0.000000            0.00  
01:37:17  INFO        POWERGEN                        SHP Steam_Dis                     0.003615        33219.21  
01:37:17  INFO        Power_Dis                       POWERGEN                          0.186036      8313068.89  
01:37:17  INFO        Power_Dis                       POWERGEN                          0.196717      8790352.26  
01:37:17  INFO        Power_Dis                       POWERGEN                          0.207066      9252800.12  
01:37:17  INFO        Power_Dis                       Power from MEL                    0.410169     18000000.00  
01:37:17  INFO        SHP Steam_Dis                   HRSG2_SHP STEAM                   0.500000        47629.48  
01:37:17  INFO        SHP Steam_Dis                   HRSG3_SHP STEAM                   0.500000        47629.48  
01:37:17  INFO        STG1_LP STEAM                   SHP Steam_Dis                     0.480000        13195.42  
01:37:17  INFO        STG1_MP STEAM                   SHP Steam_Dis                     0.690000         1510.31  
01:37:17  INFO      
01:37:17  INFO        Not yet converged: 25 materials
01:37:17  INFO          Boiler Feed Water               change = 0.0166%
01:37:17  INFO          CAUSTIC SODA LYE – GRADE 1      change = 0.0260%
01:37:17  INFO          CHEM  SODIUM SULPHITE;PN:MIS 19OX  change = 0.0260%
01:37:17  INFO          CHEM ALUM.SULFATE, AL2(SO4)3,18H2O  change = 0.0260%
01:37:17  INFO          CHEM CYCLO HEXY                 change = 0.0185%
01:37:17  INFO          CHEM MORPHOLENE                 change = 0.0185%
01:37:17  INFO          CHEM TRISODIUM PHOSPHATE        change = 0.0166%
01:37:17  INFO          COMPRESSED AIR                  change = 0.0155%
01:37:17  INFO          D M Water                       change = 0.0185%
01:37:17  INFO          FURNACE OIL ( MEDIUM VISCOSITY GRADE )  change = 0.0166%
01:37:17  INFO          HRSG2_SHP STEAM                 change = 0.0167%
01:37:17  INFO          HRSG3_SHP STEAM                 change = 0.0167%
01:37:17  INFO          HYDRO CHLORIC ACID (30%) -VIRGIN  change = 0.0260%
01:37:17  INFO          KEM WATREAT B 70M               change = 0.0185%
01:37:17  INFO          LP Steam PRDS                   change = 0.0164%
01:37:17  INFO          LP Steam_Dis                    change = 0.0185%
01:37:17  INFO          MP Steam PRDS SHP               change = 0.0146%
01:37:17  INFO          MP Steam_Dis                    change = 0.0171%
01:37:17  INFO          NATURAL GAS                     change = 0.0110%
01:37:17  INFO          POLYELECTROLYTE                 change = 0.0260%
01:37:17  INFO          Ret steam condensate            change = 0.0260%
01:37:17  INFO          SHP Steam_Dis                   change = 0.0114%
01:37:17  INFO          SODIUM CHLORIDE IS 797 GRADE1   change = 0.0260%
01:37:17  INFO          STG1_LP STEAM                   change = 0.0164%
01:37:17  INFO          STG1_MP STEAM                   change = 0.0146%
01:37:17  INFO        ------------------------------------------------------------------------------------------
01:37:18  INFO        [DISPATCH] Total demand: 44685.63 MWh, Import: 18000.00 MWh, Net for GT/STG: 26685.63 MWh
01:37:18  WARNING     [DISPATCH] No aux power norm for 'NMD-Power Plant-2'; using 0.0
01:37:18  WARNING     [DISPATCH] No aux power norm for 'NMD-Power Plant-3'; using 0.0
01:37:18  WARNING     [DISPATCH] No aux power norm for 'NMD-STG Power Plant'; using 0.0
01:37:18  INFO        ==============================================================================
01:37:18  INFO        POWER DISPATCH  (April 2025)
01:37:18  INFO        ==============================================================================
01:37:18  INFO        Demand:  Process = 44685.63 MWh  |  Fixed = 0.00 MWh  |  Total = 44685.63 MWh
01:37:18  INFO      
01:37:18  INFO        Asset                      Priority    Min MW    Max MW     Hours   Dispatched MW  Dispatched MWh    Load %  Free Steam MT  Aux Power MWh
01:37:18  INFO        -------------------------  --------  --------  --------  --------  --------------  --------------  --------  ------------  ------------
01:37:18  INFO        NMD-Power Plant-2                 1      5.00     11.50    720.00           11.50         8280.00    100.0%      16311.60          0.00
01:37:18  INFO        NMD-Power Plant-3                 1      5.00     12.80    720.00           12.80         9216.00    100.0%      18155.52          0.00
01:37:18  INFO        NMD-STG Power Plant               2      6.00     14.50    720.00           12.76         9189.63     88.0%          0.00          0.00
01:37:18  INFO        TOTAL                                                                                    26685.63                34467.12          0.00
01:37:18  INFO        DEFICIT: 18000.00 MWh under-generation
01:37:18  INFO        ==============================================================================
01:37:18  INFO        [STG EXTRACTION] STG Load: 12.76 MW, LP Extraction: 20880.00 MT, MP Extraction: 2880.00 MT
01:37:19  INFO        ==============================================================================
01:37:19  INFO        STEAM DISPATCH  (April 2025)
01:37:19  INFO        ==============================================================================
01:37:19  INFO        Grade      Process/Fixed MT  Letdown MT  Byproduct MT     Net Demand MT
01:37:19  INFO        ---------  ----------------  ----------  ------------  ----------------
01:37:19  INFO        MP                 26125.81    17434.36          0.00          23245.81
01:37:19  INFO        SHP                95267.46   104046.32          0.00         112701.82
01:37:19  INFO      
01:37:19  INFO        Total Free Steam available: 34467.12 MT
01:37:19  INFO      
01:37:19  INFO        FINAL SUPPLEMENTARY FIRING DISPATCH
01:37:19  INFO        Asset                      Priority     Min TPH     Max TPH     Hours  Dispatched TPH   Dispatched MT    Load %
01:37:19  INFO        -------------------------  --------  ----------  ----------  --------  --------------  --------------  --------
01:37:19  INFO        HRSG-1                          999       60.00      136.00      0.00            0.00            0.00      0.0%
01:37:19  INFO        HRSG-2                            1       37.34      113.34    720.00           55.61        40039.31     57.5%
01:37:19  INFO        HRSG-3                            1       34.78      110.78    720.00           53.05        38195.39     57.5%
01:37:19  INFO        TOTAL SUPPLEMENTARY                                                                          78234.70          
01:37:19  INFO        TOTAL STEAM GENERATED                                                                       112701.82          
01:37:19  INFO        Demand met
01:37:19  INFO        ==============================================================================
01:37:19  INFO        [REVERSE NG] Found GT asset: NMD-Power Plant-3, plant: NMD - Power Plant 3, heat_rate: 3862.56, free_steam: 1.97
01:37:19  INFO        [REVERSE NG] NMD - Power Plant 3: gen_qty=9216000 KWH, heat_rate=3862.56, free_steam=1.9700, consumed=86385.63 MMBTU (REVERSE)
01:37:19  INFO        [REVERSE NG] Found GT asset: NMD-Power Plant-2, plant: NMD - Power Plant 2, heat_rate: 4016.03, free_steam: 1.97
01:37:19  INFO        [REVERSE NG] NMD - Power Plant 2: gen_qty=8280000 KWH, heat_rate=4016.03, free_steam=1.9700, consumed=82651.39 MMBTU (REVERSE)
01:37:19  INFO        [REVERSE NG HRSG] Found HRSG: HRSG-2, supp_steam=40039.31 MT, free_steam=16311.60 MT, total_steam=56350.91 MT
01:37:19  INFO        [REVERSE NG HRSG] HRSG2_SHP STEAM: total_steam=56350.91 MT, norm=2.954424, consumed=166484.48 MMBTU (REVERSE, BPC method)
01:37:19  INFO        [REVERSE NG HRSG] Found HRSG: HRSG-3, supp_steam=38195.39 MT, free_steam=18155.52 MT, total_steam=56350.91 MT
01:37:19  INFO        [REVERSE NG HRSG] HRSG3_SHP STEAM: total_steam=56350.91 MT, norm=2.954424, consumed=166484.48 MMBTU (REVERSE, BPC method)
01:37:19  INFO      
01:37:19  INFO        ------------------------------------------------------------------------------------------
01:37:19  INFO        ITERATION 20
01:37:19  INFO        ------------------------------------------------------------------------------------------
01:37:19  INFO        Power:  Demand =    44685633.17 KWH  |  Gen =       26685.63 MWh  |  Surplus =     0.00  |  Deficit =     0.00
01:37:19  INFO        Steam:  Gen =      112701.82 MT  |  Surplus =     0.00  |  Deficit =     0.00
01:37:19  INFO        Power delta: 360.9884 MWh  |  Converged: NO
01:37:19  INFO      
01:37:19  INFO        Utility                                Total Demand      U4U Demand         Initial    Change %
01:37:19  INFO        -----------------------------------  --------------  --------------  --------------  ----------
01:37:19  INFO        Boiler Feed Water                         121791.24       121802.40            0.00     0.0166%
01:37:19  INFO        COMPRESSED AIR                           7295814.39      1211808.81      6084105.59    83.3943%
01:37:19  INFO        Cooling Water 1                            15194.00            0.00        15194.00   100.0000%
01:37:19  INFO        Cooling Water 2                            13189.55         4173.35         9016.31    68.3610%
01:37:19  INFO        D M Water                                 160510.10       104740.46        55787.00    34.7682%
01:37:19  INFO        HP Steam PRDS                               4972.00         4972.00            0.00     0.0000%
01:37:19  INFO        HP Steam_Dis                                4972.00            0.00         4972.00   100.0000%
01:37:19  INFO        HRSG2_SHP STEAM                            47629.48        47633.73            0.00     0.0167%
01:37:19  INFO        HRSG3_SHP STEAM                            47629.48        47633.73            0.00     0.0167%
01:37:19  INFO        LP Steam PRDS                              15439.08        15440.26            0.00     0.0164%
01:37:19  INFO        LP Steam_Dis                               42937.31        17659.73        25280.51    58.8853%
01:37:19  INFO        MP Steam PRDS SHP                          23934.66        23936.47            0.00     0.0146%
01:37:19  INFO        MP Steam_Dis                               26125.81        11579.31        14548.40    55.6935%
01:37:19  INFO        Nitrogen Gas                             5437630.00            0.00      5437630.00   100.0000% (PT)
01:37:19  INFO        Oxygen                                      5787.00            0.00         5787.00   100.0000%
01:37:19  INFO        POWERGEN                                26356221.27     26356433.60            0.00     0.0015%
01:37:19  INFO        Power_Dis                               44685633.17     15443860.39     29242067.20    65.4403%
01:37:19  INFO        SHP Steam_Dis                              95267.46        74299.31        20975.00    22.0259%
01:37:19  INFO        STG1_LP STEAM                              27494.96        27497.05            0.00     0.0164%
01:37:19  INFO        STG1_MP STEAM                               2189.18         2189.34            0.00     0.0146%
01:37:19  INFO        Water                                     768758.09       488408.86       280371.80    36.4768% (PT)
01:37:19  INFO      
01:37:19  INFO        U4U CONSUMPTION BREAKDOWN (per producer per material):
01:37:19  INFO        Producer                        Material Consumed                     Norm        Quantity  Credit
01:37:19  INFO        ------------------------------  ------------------------------  ----------  --------------  ------
01:37:19  INFO        Boiler Feed Water               CHEM CYCLO HEXY                   0.000100           12.18  
01:37:19  INFO        Boiler Feed Water               CHEM MORPHOLENE                   0.000002            0.24  
01:37:19  INFO        Boiler Feed Water               Cooling Water 2                   0.001070          130.32  
01:37:19  INFO        Boiler Feed Water               D M Water                         0.860000       104740.46  
01:37:19  INFO        Boiler Feed Water               KEM WATREAT B 70M                 0.000570           69.42  
01:37:19  INFO        Boiler Feed Water               LP Steam_Dis                      0.145000        17659.73  
01:37:19  INFO        Boiler Feed Water               Power_Dis                         9.500000      1157016.75  
01:37:19  INFO        COMPRESSED AIR                  Cooling Water 2                   0.000025          182.40  
01:37:19  INFO        COMPRESSED AIR                  Power_Dis                         0.165000      1203809.37  
01:37:19  INFO        Cooling Water 1                 COMPRESSED AIR                    0.108592         1649.95  
01:37:19  INFO        Cooling Water 1                 Power_Dis                       244.999997      3722529.95  
01:37:19  INFO        Cooling Water 1                 SULPHURIC ACID                    0.000158            2.40  
01:37:19  INFO        Cooling Water 1                 Water                            11.050000       167893.70  
01:37:19  INFO        Cooling Water 2                 COMPRESSED AIR                    0.123044         1622.89  
01:37:19  INFO        Cooling Water 2                 Power_Dis                       249.999997      3297386.29  
01:37:19  INFO        Cooling Water 2                 SULPHURIC ACID                    0.000158            2.08  
01:37:19  INFO        Cooling Water 2                 Water                            11.500000       151679.77  
01:37:19  INFO        D M Water                       CAUSTIC SODA LYE – GRADE 1        0.000226           36.28  
01:37:19  INFO        D M Water                       CHEM  SODIUM SULPHITE;PN:MIS 1    0.000701          112.52  
01:37:19  INFO        D M Water                       CHEM ALUM.SULFATE, AL2(SO4)3,1    0.000757          121.51  
01:37:19  INFO        D M Water                       COMPRESSED AIR                    0.077000        12359.28  
01:37:19  INFO        D M Water                       HYDRO CHLORIC ACID (30%) -VIRG    0.000226           36.28  
01:37:19  INFO        D M Water                       POLYELECTROLYTE                   0.000578           92.77  
01:37:19  INFO        D M Water                       Power_Dis                         1.210000       194217.22  
01:37:19  INFO        D M Water                       Ret steam condensate              0.203000        32583.55  
01:37:19  INFO        D M Water                       SODIUM CHLORIDE IS 797 GRADE1     0.000010            1.61  
01:37:19  INFO        D M Water                       Water                             1.050000       168535.60  
01:37:19  INFO        HP Steam PRDS                   Boiler Feed Water                 0.076800          381.85  
01:37:19  INFO        HP Steam PRDS                   SHP Steam_Dis                     0.923200         4590.15  
01:37:19  INFO        HP Steam_Dis                    HP Steam PRDS                     1.000000         4972.00  
01:37:19  INFO        HRSG2_SHP STEAM                 Boiler Feed Water                 1.024000        57703.33  
01:37:19  INFO        HRSG2_SHP STEAM                 CHEM TRISODIUM PHOSPHATE          0.000900           50.72  
01:37:19  INFO        HRSG2_SHP STEAM                 COMPRESSED AIR                    9.853236       555238.82  
01:37:19  INFO        HRSG2_SHP STEAM                 FURNACE OIL ( MEDIUM VISCOSITY    0.000098            5.52  
01:37:19  INFO        HRSG2_SHP STEAM                 LP Steam_Dis                     -0.078000        -4395.37  YES
01:37:19  INFO        HRSG2_SHP STEAM                 NATURAL GAS                       2.954424       166484.48  
01:37:19  INFO        HRSG2_SHP STEAM                 Water                             0.002660          149.89  
01:37:19  INFO        HRSG3_SHP STEAM                 Boiler Feed Water                 1.024000        57703.33  
01:37:19  INFO        HRSG3_SHP STEAM                 CHEM TRISODIUM PHOSPHATE          0.000900           50.72  
01:37:19  INFO        HRSG3_SHP STEAM                 COMPRESSED AIR                    9.596520       540772.63  
01:37:19  INFO        HRSG3_SHP STEAM                 FURNACE OIL ( MEDIUM VISCOSITY    0.000098            5.52  
01:37:19  INFO        HRSG3_SHP STEAM                 LP Steam_Dis                     -0.078000        -4395.37  YES
01:37:19  INFO        HRSG3_SHP STEAM                 NATURAL GAS                       2.954424       166484.48  
01:37:19  INFO        HRSG3_SHP STEAM                 Water                             0.002660          149.89  
01:37:19  INFO        LP Steam PRDS                   Boiler Feed Water                 0.250000         3859.77  
01:37:19  INFO        LP Steam PRDS                   MP Steam_Dis                      0.750000        11579.31  
01:37:19  INFO        LP Steam_Dis                    LP Steam PRDS                     0.359600        15440.26  
01:37:19  INFO        LP Steam_Dis                    STG1_LP STEAM                     0.640400        27497.05  
01:37:19  INFO        MP Steam PRDS SHP               Boiler Feed Water                 0.090000         2154.12  
01:37:19  INFO        MP Steam PRDS SHP               SHP Steam_Dis                     0.910000        21780.54  
01:37:19  INFO        MP Steam_Dis                    MP Steam PRDS SHP                 0.916200        23936.47  
01:37:19  INFO        MP Steam_Dis                    STG1_MP STEAM                     0.083800         2189.34  
01:37:19  INFO        Oxygen                          Cooling Water 2                   0.261000         1510.41  
01:37:19  INFO        Oxygen                          Power_Dis                       968.650000      5605577.55  
01:37:19  INFO        POWERGEN                        COMPRESSED AIR                    0.004011        36859.61  
01:37:19  INFO        POWERGEN                        COMPRESSED AIR                    0.003420        31518.72  
01:37:19  INFO        POWERGEN                        COMPRESSED AIR                    0.003839        31786.92  
01:37:19  INFO        POWERGEN                        COMPRESSED AIR                    0.000000            0.00  
01:37:19  INFO        POWERGEN                        Cooling Water 2                   0.000232         2131.99  
01:37:19  INFO        POWERGEN                        Cooling Water 2                   0.000012          110.59  
01:37:19  INFO        POWERGEN                        Cooling Water 2                   0.000013          107.64  
01:37:19  INFO        POWERGEN                        Cooling Water 2                   0.000000            0.00  
01:37:19  INFO        POWERGEN                        NATURAL GAS                       0.009373        86385.63  
01:37:19  INFO        POWERGEN                        NATURAL GAS                       0.009982        82651.39  
01:37:19  INFO        POWERGEN                        NATURAL GAS                       0.009472            0.00  
01:37:19  INFO        POWERGEN                        Power_Dis                         0.002000        18379.26  
01:37:19  INFO        POWERGEN                        Power_Dis                         0.014000       129024.00  
01:37:19  INFO        POWERGEN                        Power_Dis                         0.014000       115920.00  
01:37:19  INFO        POWERGEN                        Power_Dis                         0.000000            0.00  
01:37:19  INFO        POWERGEN                        SHP Steam_Dis                     0.003615        33220.51  
01:37:19  INFO        Power_Dis                       POWERGEN                          0.186036      8313135.86  
01:37:19  INFO        Power_Dis                       POWERGEN                          0.196717      8790423.08  
01:37:19  INFO        Power_Dis                       POWERGEN                          0.207066      9252874.66  
01:37:19  INFO        Power_Dis                       Power from MEL                    0.410169     18000000.00  
01:37:19  INFO        SHP Steam_Dis                   HRSG2_SHP STEAM                   0.500000        47633.73  
01:37:19  INFO        SHP Steam_Dis                   HRSG3_SHP STEAM                   0.500000        47633.73  
01:37:19  INFO        STG1_LP STEAM                   SHP Steam_Dis                     0.480000        13197.58  
01:37:19  INFO        STG1_MP STEAM                   SHP Steam_Dis                     0.690000         1510.53  
01:37:19  INFO      
01:37:19  INFO        Not yet converged: 13 materials
01:37:19  INFO          CAUSTIC SODA LYE – GRADE 1      change = 0.0121%
01:37:19  INFO          CHEM  SODIUM SULPHITE;PN:MIS 19OX  change = 0.0121%
01:37:19  INFO          CHEM ALUM.SULFATE, AL2(SO4)3,18H2O  change = 0.0121%
01:37:19  INFO          CHEM CYCLO HEXY                 change = 0.0166%
01:37:19  INFO          CHEM MORPHOLENE                 change = 0.0166%
01:37:19  INFO          D M Water                       change = 0.0166%
01:37:19  INFO          HYDRO CHLORIC ACID (30%) -VIRGIN  change = 0.0121%
01:37:19  INFO          KEM WATREAT B 70M               change = 0.0166%
01:37:19  INFO          LP Steam_Dis                    change = 0.0166%
01:37:19  INFO          MP Steam_Dis                    change = 0.0164%
01:37:19  INFO          POLYELECTROLYTE                 change = 0.0121%
01:37:19  INFO          Ret steam condensate            change = 0.0121%
01:37:19  INFO          SODIUM CHLORIDE IS 797 GRADE1   change = 0.0121%
01:37:19  INFO        ------------------------------------------------------------------------------------------
01:37:20  INFO        [DISPATCH] Total demand: 44685.93 MWh, Import: 18000.00 MWh, Net for GT/STG: 26685.93 MWh
01:37:20  WARNING     [DISPATCH] No aux power norm for 'NMD-Power Plant-2'; using 0.0
01:37:20  WARNING     [DISPATCH] No aux power norm for 'NMD-Power Plant-3'; using 0.0
01:37:20  WARNING     [DISPATCH] No aux power norm for 'NMD-STG Power Plant'; using 0.0
01:37:20  INFO        ==============================================================================
01:37:20  INFO        POWER DISPATCH  (April 2025)
01:37:20  INFO        ==============================================================================
01:37:20  INFO        Demand:  Process = 44685.93 MWh  |  Fixed = 0.00 MWh  |  Total = 44685.93 MWh
01:37:20  INFO      
01:37:20  INFO        Asset                      Priority    Min MW    Max MW     Hours   Dispatched MW  Dispatched MWh    Load %  Free Steam MT  Aux Power MWh
01:37:20  INFO        -------------------------  --------  --------  --------  --------  --------------  --------------  --------  ------------  ------------
01:37:20  INFO        NMD-Power Plant-2                 1      5.00     11.50    720.00           11.50         8280.00    100.0%      16311.60          0.00
01:37:20  INFO        NMD-Power Plant-3                 1      5.00     12.80    720.00           12.80         9216.00    100.0%      18155.52          0.00
01:37:20  INFO        NMD-STG Power Plant               2      6.00     14.50    720.00           12.76         9189.93     88.0%          0.00          0.00
01:37:20  INFO        TOTAL                                                                                    26685.93                34467.12          0.00
01:37:20  INFO        DEFICIT: 18000.00 MWh under-generation
01:37:20  INFO        ==============================================================================
01:37:20  INFO        [STG EXTRACTION] STG Load: 12.76 MW, LP Extraction: 20880.00 MT, MP Extraction: 2880.00 MT
01:37:20  INFO        ==============================================================================
01:37:20  INFO        STEAM DISPATCH  (April 2025)
01:37:20  INFO        ==============================================================================
01:37:20  INFO        Grade      Process/Fixed MT  Letdown MT  Byproduct MT     Net Demand MT
01:37:20  INFO        ---------  ----------------  ----------  ------------  ----------------
01:37:20  INFO        MP                 26127.71    17435.78          0.00          23247.71
01:37:20  INFO        SHP                95274.31   104053.96          0.00         112710.10
01:37:20  INFO      
01:37:20  INFO        Total Free Steam available: 34467.12 MT
01:37:20  INFO      
01:37:20  INFO        FINAL SUPPLEMENTARY FIRING DISPATCH
01:37:20  INFO        Asset                      Priority     Min TPH     Max TPH     Hours  Dispatched TPH   Dispatched MT    Load %
01:37:20  INFO        -------------------------  --------  ----------  ----------  --------  --------------  --------------  --------
01:37:20  INFO        HRSG-1                          999       60.00      136.00      0.00            0.00            0.00      0.0%
01:37:20  INFO        HRSG-2                            1       37.34      113.34    720.00           55.62        40043.45     57.6%
01:37:20  INFO        HRSG-3                            1       34.78      110.78    720.00           53.05        38199.53     57.6%
01:37:20  INFO        TOTAL SUPPLEMENTARY                                                                          78242.98          
01:37:20  INFO        TOTAL STEAM GENERATED                                                                       112710.10          
01:37:20  INFO        Demand met
01:37:20  INFO        ==============================================================================
01:37:20  INFO        [REVERSE NG] Found GT asset: NMD-Power Plant-3, plant: NMD - Power Plant 3, heat_rate: 3862.56, free_steam: 1.97
01:37:20  INFO        [REVERSE NG] NMD - Power Plant 3: gen_qty=9216000 KWH, heat_rate=3862.56, free_steam=1.9700, consumed=86385.63 MMBTU (REVERSE)
01:37:20  INFO        [REVERSE NG] Found GT asset: NMD-Power Plant-2, plant: NMD - Power Plant 2, heat_rate: 4016.03, free_steam: 1.97
01:37:20  INFO        [REVERSE NG] NMD - Power Plant 2: gen_qty=8280000 KWH, heat_rate=4016.03, free_steam=1.9700, consumed=82651.39 MMBTU (REVERSE)
01:37:20  INFO        [REVERSE NG HRSG] Found HRSG: HRSG-2, supp_steam=40043.45 MT, free_steam=16311.60 MT, total_steam=56355.05 MT
01:37:20  INFO        [REVERSE NG HRSG] HRSG2_SHP STEAM: total_steam=56355.05 MT, norm=2.954424, consumed=166496.71 MMBTU (REVERSE, BPC method)
01:37:20  INFO        [REVERSE NG HRSG] Found HRSG: HRSG-3, supp_steam=38199.53 MT, free_steam=18155.52 MT, total_steam=56355.05 MT
01:37:20  INFO        [REVERSE NG HRSG] HRSG3_SHP STEAM: total_steam=56355.05 MT, norm=2.954424, consumed=166496.71 MMBTU (REVERSE, BPC method)
01:37:20  INFO      
01:37:20  INFO        ------------------------------------------------------------------------------------------
01:37:20  INFO        ITERATION 21
01:37:20  INFO        ------------------------------------------------------------------------------------------
01:37:20  INFO        Power:  Demand =    44685927.59 KWH  |  Gen =       26685.93 MWh  |  Surplus =     0.00  |  Deficit =     0.00
01:37:20  INFO        Steam:  Gen =      112710.10 MT  |  Surplus =     0.00  |  Deficit =     0.00
01:37:20  INFO        Power delta: 294.4159 MWh  |  Converged: NO
01:37:20  INFO      
01:37:20  INFO        Utility                                Total Demand      U4U Demand         Initial    Change %
01:37:20  INFO        -----------------------------------  --------------  --------------  --------------  ----------
01:37:20  INFO        Boiler Feed Water                         121802.40       121811.34            0.00     0.0092%
01:37:20  INFO        COMPRESSED AIR                           7295914.40      1211891.89      6084105.59    83.3920%
01:37:20  INFO        Cooling Water 1                            15194.00            0.00        15194.00   100.0000%
01:37:20  INFO        Cooling Water 2                            13189.66         4173.43         9016.31    68.3598%
01:37:20  INFO        D M Water                                 160527.46       104750.07        55787.00    34.7631%
01:37:20  INFO        HP Steam PRDS                               4972.00         4972.00            0.00     0.0000%
01:37:20  INFO        HP Steam_Dis                                4972.00            0.00         4972.00   100.0000%
01:37:20  INFO        HRSG2_SHP STEAM                            47633.73        47637.16            0.00     0.0089%
01:37:20  INFO        HRSG3_SHP STEAM                            47633.73        47637.16            0.00     0.0089%
01:37:20  INFO        LP Steam PRDS                              15440.26        15441.31            0.00     0.0076%
01:37:20  INFO        LP Steam_Dis                               42940.24        17661.35        25280.51    58.8805%
01:37:20  INFO        MP Steam PRDS SHP                          23936.47        23938.21            0.00     0.0076%
01:37:20  INFO        MP Steam_Dis                               26127.71        11580.19        14548.40    55.6891%
01:37:20  INFO        Nitrogen Gas                             5437630.00            0.00      5437630.00   100.0000% (PT)
01:37:20  INFO        Oxygen                                      5787.00            0.00         5787.00   100.0000%
01:37:20  INFO        POWERGEN                                26356433.60     26356610.55            0.00     0.0008%
01:37:20  INFO        Power_Dis                               44685927.59     15444032.04     29242067.20    65.4398%
01:37:20  INFO        SHP Steam_Dis                              95274.31        74303.17        20975.00    22.0226%
01:37:20  INFO        STG1_LP STEAM                              27497.05        27498.93            0.00     0.0076%
01:37:20  INFO        STG1_MP STEAM                               2189.34         2189.50            0.00     0.0076%
01:37:20  INFO        Water                                     768780.66       488428.38       280371.80    36.4726% (PT)
01:37:20  INFO      
01:37:20  INFO        U4U CONSUMPTION BREAKDOWN (per producer per material):
01:37:20  INFO        Producer                        Material Consumed                     Norm        Quantity  Credit
01:37:20  INFO        ------------------------------  ------------------------------  ----------  --------------  ------
01:37:20  INFO        Boiler Feed Water               CHEM CYCLO HEXY                   0.000100           12.18  
01:37:20  INFO        Boiler Feed Water               CHEM MORPHOLENE                   0.000002            0.24  
01:37:20  INFO        Boiler Feed Water               Cooling Water 2                   0.001070          130.33  
01:37:20  INFO        Boiler Feed Water               D M Water                         0.860000       104750.07  
01:37:20  INFO        Boiler Feed Water               KEM WATREAT B 70M                 0.000570           69.43  
01:37:20  INFO        Boiler Feed Water               LP Steam_Dis                      0.145000        17661.35  
01:37:20  INFO        Boiler Feed Water               Power_Dis                         9.500000      1157122.83  
01:37:20  INFO        COMPRESSED AIR                  Cooling Water 2                   0.000025          182.40  
01:37:20  INFO        COMPRESSED AIR                  Power_Dis                         0.165000      1203825.88  
01:37:20  INFO        Cooling Water 1                 COMPRESSED AIR                    0.108592         1649.95  
01:37:20  INFO        Cooling Water 1                 Power_Dis                       244.999997      3722529.95  
01:37:20  INFO        Cooling Water 1                 SULPHURIC ACID                    0.000158            2.40  
01:37:20  INFO        Cooling Water 1                 Water                            11.050000       167893.70  
01:37:20  INFO        Cooling Water 2                 COMPRESSED AIR                    0.123044         1622.91  
01:37:20  INFO        Cooling Water 2                 Power_Dis                       249.999997      3297413.75  
01:37:20  INFO        Cooling Water 2                 SULPHURIC ACID                    0.000158            2.08  
01:37:20  INFO        Cooling Water 2                 Water                            11.500000       151681.03  
01:37:20  INFO        D M Water                       CAUSTIC SODA LYE – GRADE 1        0.000226           36.28  
01:37:20  INFO        D M Water                       CHEM  SODIUM SULPHITE;PN:MIS 1    0.000701          112.53  
01:37:20  INFO        D M Water                       CHEM ALUM.SULFATE, AL2(SO4)3,1    0.000757          121.52  
01:37:20  INFO        D M Water                       COMPRESSED AIR                    0.077000        12360.61  
01:37:20  INFO        D M Water                       HYDRO CHLORIC ACID (30%) -VIRG    0.000226           36.28  
01:37:20  INFO        D M Water                       POLYELECTROLYTE                   0.000578           92.78  
01:37:20  INFO        D M Water                       Power_Dis                         1.210000       194238.23  
01:37:20  INFO        D M Water                       Ret steam condensate              0.203000        32587.08  
01:37:20  INFO        D M Water                       SODIUM CHLORIDE IS 797 GRADE1     0.000010            1.61  
01:37:20  INFO        D M Water                       Water                             1.050000       168553.84  
01:37:20  INFO        HP Steam PRDS                   Boiler Feed Water                 0.076800          381.85  
01:37:20  INFO        HP Steam PRDS                   SHP Steam_Dis                     0.923200         4590.15  
01:37:20  INFO        HP Steam_Dis                    HP Steam PRDS                     1.000000         4972.00  
01:37:20  INFO        HRSG2_SHP STEAM                 Boiler Feed Water                 1.024000        57707.57  
01:37:20  INFO        HRSG2_SHP STEAM                 CHEM TRISODIUM PHOSPHATE          0.000900           50.72  
01:37:20  INFO        HRSG2_SHP STEAM                 COMPRESSED AIR                    9.853236       555279.61  
01:37:20  INFO        HRSG2_SHP STEAM                 FURNACE OIL ( MEDIUM VISCOSITY    0.000098            5.52  
01:37:20  INFO        HRSG2_SHP STEAM                 LP Steam_Dis                     -0.078000        -4395.69  YES
01:37:20  INFO        HRSG2_SHP STEAM                 NATURAL GAS                       2.954424       166496.71  
01:37:20  INFO        HRSG2_SHP STEAM                 Water                             0.002660          149.90  
01:37:20  INFO        HRSG3_SHP STEAM                 Boiler Feed Water                 1.024000        57707.57  
01:37:20  INFO        HRSG3_SHP STEAM                 CHEM TRISODIUM PHOSPHATE          0.000900           50.72  
01:37:20  INFO        HRSG3_SHP STEAM                 COMPRESSED AIR                    9.596520       540812.36  
01:37:20  INFO        HRSG3_SHP STEAM                 FURNACE OIL ( MEDIUM VISCOSITY    0.000098            5.52  
01:37:20  INFO        HRSG3_SHP STEAM                 LP Steam_Dis                     -0.078000        -4395.69  YES
01:37:20  INFO        HRSG3_SHP STEAM                 NATURAL GAS                       2.954424       166496.71  
01:37:20  INFO        HRSG3_SHP STEAM                 Water                             0.002660          149.90  
01:37:20  INFO        LP Steam PRDS                   Boiler Feed Water                 0.250000         3860.06  
01:37:20  INFO        LP Steam PRDS                   MP Steam_Dis                      0.750000        11580.19  
01:37:20  INFO        LP Steam_Dis                    LP Steam PRDS                     0.359600        15441.31  
01:37:20  INFO        LP Steam_Dis                    STG1_LP STEAM                     0.640400        27498.93  
01:37:20  INFO        MP Steam PRDS SHP               Boiler Feed Water                 0.090000         2154.28  
01:37:20  INFO        MP Steam PRDS SHP               SHP Steam_Dis                     0.910000        21782.19  
01:37:20  INFO        MP Steam_Dis                    MP Steam PRDS SHP                 0.916200        23938.21  
01:37:20  INFO        MP Steam_Dis                    STG1_MP STEAM                     0.083800         2189.50  
01:37:20  INFO        Oxygen                          Cooling Water 2                   0.261000         1510.41  
01:37:20  INFO        Oxygen                          Power_Dis                       968.650000      5605577.55  
01:37:20  INFO        POWERGEN                        COMPRESSED AIR                    0.004011        36860.81  
01:37:20  INFO        POWERGEN                        COMPRESSED AIR                    0.003420        31518.72  
01:37:20  INFO        POWERGEN                        COMPRESSED AIR                    0.003839        31786.92  
01:37:20  INFO        POWERGEN                        COMPRESSED AIR                    0.000000            0.00  
01:37:20  INFO        POWERGEN                        Cooling Water 2                   0.000232         2132.06  
01:37:20  INFO        POWERGEN                        Cooling Water 2                   0.000012          110.59  
01:37:20  INFO        POWERGEN                        Cooling Water 2                   0.000013          107.64  
01:37:20  INFO        POWERGEN                        Cooling Water 2                   0.000000            0.00  
01:37:20  INFO        POWERGEN                        NATURAL GAS                       0.009373        86385.63  
01:37:20  INFO        POWERGEN                        NATURAL GAS                       0.009982        82651.39  
01:37:20  INFO        POWERGEN                        NATURAL GAS                       0.009472            0.00  
01:37:20  INFO        POWERGEN                        Power_Dis                         0.002000        18379.86  
01:37:20  INFO        POWERGEN                        Power_Dis                         0.014000       129024.00  
01:37:20  INFO        POWERGEN                        Power_Dis                         0.014000       115920.00  
01:37:20  INFO        POWERGEN                        Power_Dis                         0.000000            0.00  
01:37:20  INFO        POWERGEN                        SHP Steam_Dis                     0.003615        33221.60  
01:37:20  INFO        Power_Dis                       POWERGEN                          0.186036      8313191.67  
01:37:20  INFO        Power_Dis                       POWERGEN                          0.196717      8790482.09  
01:37:20  INFO        Power_Dis                       POWERGEN                          0.207066      9252936.78  
01:37:20  INFO        Power_Dis                       Power from MEL                    0.410169     18000000.00  
01:37:20  INFO        SHP Steam_Dis                   HRSG2_SHP STEAM                   0.500000        47637.16  
01:37:20  INFO        SHP Steam_Dis                   HRSG3_SHP STEAM                   0.500000        47637.16  
01:37:20  INFO        STG1_LP STEAM                   SHP Steam_Dis                     0.480000        13198.59  
01:37:20  INFO        STG1_MP STEAM                   SHP Steam_Dis                     0.690000         1510.65  
01:37:20  INFO      
01:37:20  INFO        Not yet converged: 7 materials
01:37:20  INFO          CAUSTIC SODA LYE – GRADE 1      change = 0.0108%
01:37:20  INFO          CHEM  SODIUM SULPHITE;PN:MIS 19OX  change = 0.0108%
01:37:20  INFO          CHEM ALUM.SULFATE, AL2(SO4)3,18H2O  change = 0.0108%
01:37:20  INFO          HYDRO CHLORIC ACID (30%) -VIRGIN  change = 0.0108%
01:37:20  INFO          POLYELECTROLYTE                 change = 0.0108%
01:37:20  INFO          Ret steam condensate            change = 0.0108%
01:37:20  INFO          SODIUM CHLORIDE IS 797 GRADE1   change = 0.0108%
01:37:20  INFO        ------------------------------------------------------------------------------------------
01:37:21  INFO        [DISPATCH] Total demand: 44686.10 MWh, Import: 18000.00 MWh, Net for GT/STG: 26686.10 MWh
01:37:22  WARNING     [DISPATCH] No aux power norm for 'NMD-Power Plant-2'; using 0.0
01:37:22  WARNING     [DISPATCH] No aux power norm for 'NMD-Power Plant-3'; using 0.0
01:37:22  WARNING     [DISPATCH] No aux power norm for 'NMD-STG Power Plant'; using 0.0
01:37:22  INFO        ==============================================================================
01:37:22  INFO        POWER DISPATCH  (April 2025)
01:37:22  INFO        ==============================================================================
01:37:22  INFO        Demand:  Process = 44686.10 MWh  |  Fixed = 0.00 MWh  |  Total = 44686.10 MWh
01:37:22  INFO      
01:37:22  INFO        Asset                      Priority    Min MW    Max MW     Hours   Dispatched MW  Dispatched MWh    Load %  Free Steam MT  Aux Power MWh
01:37:22  INFO        -------------------------  --------  --------  --------  --------  --------------  --------------  --------  ------------  ------------
01:37:22  INFO        NMD-Power Plant-2                 1      5.00     11.50    720.00           11.50         8280.00    100.0%      16311.60          0.00
01:37:22  INFO        NMD-Power Plant-3                 1      5.00     12.80    720.00           12.80         9216.00    100.0%      18155.52          0.00
01:37:22  INFO        NMD-STG Power Plant               2      6.00     14.50    720.00           12.76         9190.10     88.0%          0.00          0.00
01:37:22  INFO        TOTAL                                                                                    26686.10                34467.12          0.00
01:37:22  INFO        DEFICIT: 18000.00 MWh under-generation
01:37:22  INFO        ==============================================================================
01:37:22  INFO        [STG EXTRACTION] STG Load: 12.76 MW, LP Extraction: 20880.00 MT, MP Extraction: 2880.00 MT
01:37:22  INFO        ==============================================================================
01:37:22  INFO        STEAM DISPATCH  (April 2025)
01:37:22  INFO        ==============================================================================
01:37:22  INFO        Grade      Process/Fixed MT  Letdown MT  Byproduct MT     Net Demand MT
01:37:22  INFO        ---------  ----------------  ----------  ------------  ----------------
01:37:22  INFO        MP                 26128.59    17436.44          0.00          23248.59
01:37:22  INFO        SHP                95278.17   104058.13          0.00         112714.61
01:37:22  INFO      
01:37:22  INFO        Total Free Steam available: 34467.12 MT
01:37:22  INFO      
01:37:22  INFO        FINAL SUPPLEMENTARY FIRING DISPATCH
01:37:22  INFO        Asset                      Priority     Min TPH     Max TPH     Hours  Dispatched TPH   Dispatched MT    Load %
01:37:22  INFO        -------------------------  --------  ----------  ----------  --------  --------------  --------------  --------
01:37:22  INFO        HRSG-1                          999       60.00      136.00      0.00            0.00            0.00      0.0%
01:37:22  INFO        HRSG-2                            1       37.34      113.34    720.00           55.62        40045.71     57.6%
01:37:22  INFO        HRSG-3                            1       34.78      110.78    720.00           53.06        38201.79     57.6%
01:37:22  INFO        TOTAL SUPPLEMENTARY                                                                          78247.50          
01:37:22  INFO        TOTAL STEAM GENERATED                                                                       112714.62          
01:37:22  INFO        SURPLUS: 0.01 MT
01:37:22  INFO        ==============================================================================
01:37:22  INFO        [REVERSE NG] Found GT asset: NMD-Power Plant-3, plant: NMD - Power Plant 3, heat_rate: 3862.56, free_steam: 1.97
01:37:22  INFO        [REVERSE NG] NMD - Power Plant 3: gen_qty=9216000 KWH, heat_rate=3862.56, free_steam=1.9700, consumed=86385.63 MMBTU (REVERSE)
01:37:22  INFO        [REVERSE NG] Found GT asset: NMD-Power Plant-2, plant: NMD - Power Plant 2, heat_rate: 4016.03, free_steam: 1.97
01:37:22  INFO        [REVERSE NG] NMD - Power Plant 2: gen_qty=8280000 KWH, heat_rate=4016.03, free_steam=1.9700, consumed=82651.39 MMBTU (REVERSE)
01:37:22  INFO        [REVERSE NG HRSG] Found HRSG: HRSG-2, supp_steam=40045.71 MT, free_steam=16311.60 MT, total_steam=56357.31 MT
01:37:22  INFO        [REVERSE NG HRSG] HRSG2_SHP STEAM: total_steam=56357.31 MT, norm=2.954424, consumed=166503.39 MMBTU (REVERSE, BPC method)
01:37:22  INFO        [REVERSE NG HRSG] Found HRSG: HRSG-3, supp_steam=38201.79 MT, free_steam=18155.52 MT, total_steam=56357.31 MT
01:37:22  INFO        [REVERSE NG HRSG] HRSG3_SHP STEAM: total_steam=56357.31 MT, norm=2.954424, consumed=166503.39 MMBTU (REVERSE, BPC method)
01:37:22  INFO      
01:37:22  INFO        ------------------------------------------------------------------------------------------
01:37:22  INFO        ITERATION 22
01:37:22  INFO        ------------------------------------------------------------------------------------------
01:37:22  INFO        Power:  Demand =    44686099.24 KWH  |  Gen =       26686.10 MWh  |  Surplus =     0.00  |  Deficit =     0.00
01:37:22  INFO        Steam:  Gen =      112714.62 MT  |  Surplus =     0.01  |  Deficit =     0.00
01:37:22  INFO        Power delta: 171.6563 MWh  |  Converged: NO
01:37:22  INFO      
01:37:22  INFO        Utility                                Total Demand      U4U Demand         Initial    Change %
01:37:22  INFO        -----------------------------------  --------------  --------------  --------------  ----------
01:37:22  INFO        Boiler Feed Water                         121811.34       121816.39            0.00     0.0073%
01:37:22  INFO        COMPRESSED AIR                           7295997.48      1211937.28      6084105.59    83.3908%
01:37:22  INFO        Cooling Water 1                            15194.00            0.00        15194.00   100.0000%
01:37:22  INFO        Cooling Water 2                            13189.74         4173.48         9016.31    68.3592%
01:37:22  INFO        D M Water                                 160537.07       104757.75        55787.00    34.7562%
01:37:22  INFO        HP Steam PRDS                               4972.00         4972.00            0.00     0.0000%
01:37:22  INFO        HP Steam_Dis                                4972.00            0.00         4972.00   100.0000%
01:37:22  INFO        HRSG2_SHP STEAM                            47637.16        47639.08            0.00     0.0072%
01:37:22  INFO        HRSG3_SHP STEAM                            47637.16        47639.08            0.00     0.0072%
01:37:22  INFO        LP Steam PRDS                              15441.31        15441.89            0.00     0.0068%
01:37:22  INFO        LP Steam_Dis                               42941.86        17662.64        25280.51    58.8753%
01:37:22  INFO        MP Steam PRDS SHP                          23938.21        23939.02            0.00     0.0073%
01:37:22  INFO        MP Steam_Dis                               26128.59        11580.98        14548.40    55.6834%
01:37:22  INFO        Nitrogen Gas                             5437630.00            0.00      5437630.00   100.0000% (PT)
01:37:22  INFO        Oxygen                                      5787.00            0.00         5787.00   100.0000%
01:37:22  INFO        POWERGEN                                26356610.55     26356710.82            0.00     0.0007%
01:37:22  INFO        Power_Dis                               44686099.24     15444163.61     29242067.20    65.4392%
01:37:22  INFO        SHP Steam_Dis                              95278.17        74306.37        20975.00    22.0185%
01:37:22  INFO        STG1_LP STEAM                              27498.93        27499.97            0.00     0.0068%
01:37:22  INFO        STG1_MP STEAM                               2189.50         2189.58            0.00     0.0073%
01:37:22  INFO        Water                                     768800.18       488439.44       280371.80    36.4713% (PT)
01:37:22  INFO      
01:37:22  INFO        U4U CONSUMPTION BREAKDOWN (per producer per material):
01:37:22  INFO        Producer                        Material Consumed                     Norm        Quantity  Credit
01:37:22  INFO        ------------------------------  ------------------------------  ----------  --------------  ------
01:37:22  INFO        Boiler Feed Water               CHEM CYCLO HEXY                   0.000100           12.18  
01:37:22  INFO        Boiler Feed Water               CHEM MORPHOLENE                   0.000002            0.24  
01:37:22  INFO        Boiler Feed Water               Cooling Water 2                   0.001070          130.34  
01:37:22  INFO        Boiler Feed Water               D M Water                         0.860000       104757.75  
01:37:22  INFO        Boiler Feed Water               KEM WATREAT B 70M                 0.000570           69.43  
01:37:22  INFO        Boiler Feed Water               LP Steam_Dis                      0.145000        17662.64  
01:37:22  INFO        Boiler Feed Water               Power_Dis                         9.500000      1157207.71  
01:37:22  INFO        COMPRESSED AIR                  Cooling Water 2                   0.000025          182.40  
01:37:22  INFO        COMPRESSED AIR                  Power_Dis                         0.165000      1203839.58  
01:37:22  INFO        Cooling Water 1                 COMPRESSED AIR                    0.108592         1649.95  
01:37:22  INFO        Cooling Water 1                 Power_Dis                       244.999997      3722529.95  
01:37:22  INFO        Cooling Water 1                 SULPHURIC ACID                    0.000158            2.40  
01:37:22  INFO        Cooling Water 1                 Water                            11.050000       167893.70  
01:37:22  INFO        Cooling Water 2                 COMPRESSED AIR                    0.123044         1622.92  
01:37:22  INFO        Cooling Water 2                 Power_Dis                       249.999997      3297434.76  
01:37:22  INFO        Cooling Water 2                 SULPHURIC ACID                    0.000158            2.08  
01:37:22  INFO        Cooling Water 2                 Water                            11.500000       151682.00  
01:37:22  INFO        D M Water                       CAUSTIC SODA LYE – GRADE 1        0.000226           36.28  
01:37:22  INFO        D M Water                       CHEM  SODIUM SULPHITE;PN:MIS 1    0.000701          112.54  
01:37:22  INFO        D M Water                       CHEM ALUM.SULFATE, AL2(SO4)3,1    0.000757          121.53  
01:37:22  INFO        D M Water                       COMPRESSED AIR                    0.077000        12361.35  
01:37:22  INFO        D M Water                       HYDRO CHLORIC ACID (30%) -VIRG    0.000226           36.28  
01:37:22  INFO        D M Water                       POLYELECTROLYTE                   0.000578           92.79  
01:37:22  INFO        D M Water                       Power_Dis                         1.210000       194249.85  
01:37:22  INFO        D M Water                       Ret steam condensate              0.203000        32589.02  
01:37:22  INFO        D M Water                       SODIUM CHLORIDE IS 797 GRADE1     0.000010            1.61  
01:37:22  INFO        D M Water                       Water                             1.050000       168563.92  
01:37:22  INFO        HP Steam PRDS                   Boiler Feed Water                 0.076800          381.85  
01:37:22  INFO        HP Steam PRDS                   SHP Steam_Dis                     0.923200         4590.15  
01:37:22  INFO        HP Steam_Dis                    HP Steam PRDS                     1.000000         4972.00  
01:37:22  INFO        HRSG2_SHP STEAM                 Boiler Feed Water                 1.024000        57709.89  
01:37:22  INFO        HRSG2_SHP STEAM                 CHEM TRISODIUM PHOSPHATE          0.000900           50.72  
01:37:22  INFO        HRSG2_SHP STEAM                 COMPRESSED AIR                    9.853236       555301.88  
01:37:22  INFO        HRSG2_SHP STEAM                 FURNACE OIL ( MEDIUM VISCOSITY    0.000098            5.52  
01:37:22  INFO        HRSG2_SHP STEAM                 LP Steam_Dis                     -0.078000        -4395.87  YES
01:37:22  INFO        HRSG2_SHP STEAM                 NATURAL GAS                       2.954424       166503.39  
01:37:22  INFO        HRSG2_SHP STEAM                 Water                             0.002660          149.91  
01:37:22  INFO        HRSG3_SHP STEAM                 Boiler Feed Water                 1.024000        57709.89  
01:37:22  INFO        HRSG3_SHP STEAM                 CHEM TRISODIUM PHOSPHATE          0.000900           50.72  
01:37:22  INFO        HRSG3_SHP STEAM                 COMPRESSED AIR                    9.596520       540834.05  
01:37:22  INFO        HRSG3_SHP STEAM                 FURNACE OIL ( MEDIUM VISCOSITY    0.000098            5.52  
01:37:22  INFO        HRSG3_SHP STEAM                 LP Steam_Dis                     -0.078000        -4395.87  YES
01:37:22  INFO        HRSG3_SHP STEAM                 NATURAL GAS                       2.954424       166503.39  
01:37:22  INFO        HRSG3_SHP STEAM                 Water                             0.002660          149.91  
01:37:22  INFO        LP Steam PRDS                   Boiler Feed Water                 0.250000         3860.33  
01:37:22  INFO        LP Steam PRDS                   MP Steam_Dis                      0.750000        11580.98  
01:37:22  INFO        LP Steam_Dis                    LP Steam PRDS                     0.359600        15441.89  
01:37:22  INFO        LP Steam_Dis                    STG1_LP STEAM                     0.640400        27499.97  
01:37:22  INFO        MP Steam PRDS SHP               Boiler Feed Water                 0.090000         2154.44  
01:37:22  INFO        MP Steam PRDS SHP               SHP Steam_Dis                     0.910000        21783.77  
01:37:22  INFO        MP Steam_Dis                    MP Steam PRDS SHP                 0.916200        23939.02  
01:37:22  INFO        MP Steam_Dis                    STG1_MP STEAM                     0.083800         2189.58  
01:37:22  INFO        Oxygen                          Cooling Water 2                   0.261000         1510.41  
01:37:22  INFO        Oxygen                          Power_Dis                       968.650000      5605577.55  
01:37:22  INFO        POWERGEN                        COMPRESSED AIR                    0.004011        36861.49  
01:37:22  INFO        POWERGEN                        COMPRESSED AIR                    0.003420        31518.72  
01:37:22  INFO        POWERGEN                        COMPRESSED AIR                    0.003839        31786.92  
01:37:22  INFO        POWERGEN                        COMPRESSED AIR                    0.000000            0.00  
01:37:22  INFO        POWERGEN                        Cooling Water 2                   0.000232         2132.10  
01:37:22  INFO        POWERGEN                        Cooling Water 2                   0.000012          110.59  
01:37:22  INFO        POWERGEN                        Cooling Water 2                   0.000013          107.64  
01:37:22  INFO        POWERGEN                        Cooling Water 2                   0.000000            0.00  
01:37:22  INFO        POWERGEN                        NATURAL GAS                       0.009373        86385.63  
01:37:22  INFO        POWERGEN                        NATURAL GAS                       0.009982        82651.39  
01:37:22  INFO        POWERGEN                        NATURAL GAS                       0.009472            0.00  
01:37:22  INFO        POWERGEN                        Power_Dis                         0.002000        18380.20  
01:37:22  INFO        POWERGEN                        Power_Dis                         0.014000       129024.00  
01:37:22  INFO        POWERGEN                        Power_Dis                         0.014000       115920.00  
01:37:22  INFO        POWERGEN                        Power_Dis                         0.000000            0.00  
01:37:22  INFO        POWERGEN                        SHP Steam_Dis                     0.003615        33222.21  
01:37:22  INFO        Power_Dis                       POWERGEN                          0.186036      8313223.30  
01:37:22  INFO        Power_Dis                       POWERGEN                          0.196717      8790515.53  
01:37:22  INFO        Power_Dis                       POWERGEN                          0.207066      9252971.98  
01:37:22  INFO        Power_Dis                       Power from MEL                    0.410169     18000000.00  
01:37:22  INFO        SHP Steam_Dis                   HRSG2_SHP STEAM                   0.500000        47639.08  
01:37:22  INFO        SHP Steam_Dis                   HRSG3_SHP STEAM                   0.500000        47639.08  
01:37:22  INFO        STG1_LP STEAM                   SHP Steam_Dis                     0.480000        13199.49  
01:37:22  INFO        STG1_MP STEAM                   SHP Steam_Dis                     0.690000         1510.76  
01:37:22  INFO      
01:37:22  INFO        All U4U materials converged within tolerance
01:37:22  INFO        ------------------------------------------------------------------------------------------
01:37:23  INFO        [DISPATCH] Total demand: 44686.23 MWh, Import: 18000.00 MWh, Net for GT/STG: 26686.23 MWh
01:37:23  WARNING     [DISPATCH] No aux power norm for 'NMD-Power Plant-2'; using 0.0
01:37:23  WARNING     [DISPATCH] No aux power norm for 'NMD-Power Plant-3'; using 0.0
01:37:23  WARNING     [DISPATCH] No aux power norm for 'NMD-STG Power Plant'; using 0.0
01:37:23  INFO        ==============================================================================
01:37:23  INFO        POWER DISPATCH  (April 2025)
01:37:23  INFO        ==============================================================================
01:37:23  INFO        Demand:  Process = 44686.23 MWh  |  Fixed = 0.00 MWh  |  Total = 44686.23 MWh
01:37:23  INFO      
01:37:23  INFO        Asset                      Priority    Min MW    Max MW     Hours   Dispatched MW  Dispatched MWh    Load %  Free Steam MT  Aux Power MWh
01:37:23  INFO        -------------------------  --------  --------  --------  --------  --------------  --------------  --------  ------------  ------------
01:37:23  INFO        NMD-Power Plant-2                 1      5.00     11.50    720.00           11.50         8280.00    100.0%      16311.60          0.00
01:37:23  INFO        NMD-Power Plant-3                 1      5.00     12.80    720.00           12.80         9216.00    100.0%      18155.52          0.00
01:37:23  INFO        NMD-STG Power Plant               2      6.00     14.50    720.00           12.76         9190.23     88.0%          0.00          0.00
01:37:23  INFO        TOTAL                                                                                    26686.23                34467.12          0.00
01:37:23  INFO        DEFICIT: 18000.00 MWh under-generation
01:37:23  INFO        ==============================================================================
01:37:23  INFO        [STG EXTRACTION] STG Load: 12.76 MW, LP Extraction: 20880.00 MT, MP Extraction: 2880.00 MT
01:37:24  INFO        ==============================================================================
01:37:24  INFO        STEAM DISPATCH  (April 2025)
01:37:24  INFO        ==============================================================================
01:37:24  INFO        Grade      Process/Fixed MT  Letdown MT  Byproduct MT     Net Demand MT
01:37:24  INFO        ---------  ----------------  ----------  ------------  ----------------
01:37:24  INFO        MP                 26129.38    17437.04          0.00          23249.38
01:37:24  INFO        SHP                95281.37   104061.64          0.00         112718.41
01:37:24  INFO      
01:37:24  INFO        Total Free Steam available: 34467.12 MT
01:37:24  INFO      
01:37:24  INFO        FINAL SUPPLEMENTARY FIRING DISPATCH
01:37:24  INFO        Asset                      Priority     Min TPH     Max TPH     Hours  Dispatched TPH   Dispatched MT    Load %
01:37:24  INFO        -------------------------  --------  ----------  ----------  --------  --------------  --------------  --------
01:37:24  INFO        HRSG-1                          999       60.00      136.00      0.00            0.00            0.00      0.0%
01:37:24  INFO        HRSG-2                            1       37.34      113.34    720.00           55.62        40047.61     57.6%
01:37:24  INFO        HRSG-3                            1       34.78      110.78    720.00           53.06        38203.69     57.6%
01:37:24  INFO        TOTAL SUPPLEMENTARY                                                                          78251.30          
01:37:24  INFO        TOTAL STEAM GENERATED                                                                       112718.42          
01:37:24  INFO        SURPLUS: 0.01 MT
01:37:24  INFO        ==============================================================================
01:37:24  INFO        [REVERSE NG] Found GT asset: NMD-Power Plant-3, plant: NMD - Power Plant 3, heat_rate: 3862.56, free_steam: 1.97
01:37:24  INFO        [REVERSE NG] NMD - Power Plant 3: gen_qty=9216000 KWH, heat_rate=3862.56, free_steam=1.9700, consumed=86385.63 MMBTU (REVERSE)
01:37:24  INFO        [REVERSE NG] Found GT asset: NMD-Power Plant-2, plant: NMD - Power Plant 2, heat_rate: 4016.03, free_steam: 1.97
01:37:24  INFO        [REVERSE NG] NMD - Power Plant 2: gen_qty=8280000 KWH, heat_rate=4016.03, free_steam=1.9700, consumed=82651.39 MMBTU (REVERSE)
01:37:24  INFO        [REVERSE NG HRSG] Found HRSG: HRSG-2, supp_steam=40047.61 MT, free_steam=16311.60 MT, total_steam=56359.21 MT
01:37:24  INFO        [REVERSE NG HRSG] HRSG2_SHP STEAM: total_steam=56359.21 MT, norm=2.954424, consumed=166509.00 MMBTU (REVERSE, BPC method)
01:37:24  INFO        [REVERSE NG HRSG] Found HRSG: HRSG-3, supp_steam=38203.69 MT, free_steam=18155.52 MT, total_steam=56359.21 MT
01:37:24  INFO        [REVERSE NG HRSG] HRSG3_SHP STEAM: total_steam=56359.21 MT, norm=2.954424, consumed=166509.00 MMBTU (REVERSE, BPC method)
01:37:24  INFO      
01:37:24  INFO        ------------------------------------------------------------------------------------------
01:37:24  INFO        ITERATION 23
01:37:24  INFO        ------------------------------------------------------------------------------------------
01:37:24  INFO        Power:  Demand =    44686230.81 KWH  |  Gen =       26686.23 MWh  |  Surplus =     0.00  |  Deficit =     0.00
01:37:24  INFO        Steam:  Gen =      112718.42 MT  |  Surplus =     0.01  |  Deficit =     0.00
01:37:24  INFO        Power delta: 131.5684 MWh  |  Converged: NO
01:37:24  INFO      
01:37:24  INFO        Utility                                Total Demand      U4U Demand         Initial    Change %
01:37:24  INFO        -----------------------------------  --------------  --------------  --------------  ----------
01:37:24  INFO        Boiler Feed Water                         121816.39       121820.50            0.00     0.0041%
01:37:24  INFO        COMPRESSED AIR                           7296042.87      1211975.35      6084105.59    83.3897%
01:37:24  INFO        Cooling Water 1                            15194.00            0.00        15194.00   100.0000%
01:37:24  INFO        Cooling Water 2                            13189.79         4173.52         9016.31    68.3586%
01:37:24  INFO        D M Water                                 160544.75       104762.09        55787.00    34.7534%
01:37:24  INFO        HP Steam PRDS                               4972.00         4972.00            0.00     0.0000%
01:37:24  INFO        HP Steam_Dis                                4972.00            0.00         4972.00   100.0000%
01:37:24  INFO        HRSG2_SHP STEAM                            47639.08        47640.69            0.00     0.0040%
01:37:24  INFO        HRSG3_SHP STEAM                            47639.08        47640.69            0.00     0.0040%
01:37:24  INFO        LP Steam PRDS                              15441.89        15442.36            0.00     0.0038%
01:37:24  INFO        LP Steam_Dis                               42943.15        17663.38        25280.51    58.8727%
01:37:24  INFO        MP Steam PRDS SHP                          23939.02        23939.74            0.00     0.0034%
01:37:24  INFO        MP Steam_Dis                               26129.38        11581.42        14548.40    55.6813%
01:37:24  INFO        Nitrogen Gas                             5437630.00            0.00      5437630.00   100.0000% (PT)
01:37:24  INFO        Oxygen                                      5787.00            0.00         5787.00   100.0000%
01:37:24  INFO        POWERGEN                                26356710.82     26356787.49            0.00     0.0004%
01:37:24  INFO        Power_Dis                               44686230.81     15444241.39     29242067.20    65.4389%
01:37:24  INFO        SHP Steam_Dis                              95281.37        74308.13        20975.00    22.0171%
01:37:24  INFO        STG1_LP STEAM                              27499.97        27500.80            0.00     0.0038%
01:37:24  INFO        STG1_MP STEAM                               2189.58         2189.64            0.00     0.0034%
01:37:24  INFO        Water                                     768811.24       488448.11       280371.80    36.4697% (PT)
01:37:24  INFO      
01:37:24  INFO        U4U CONSUMPTION BREAKDOWN (per producer per material):
01:37:24  INFO        Producer                        Material Consumed                     Norm        Quantity  Credit
01:37:24  INFO        ------------------------------  ------------------------------  ----------  --------------  ------
01:37:24  INFO        Boiler Feed Water               CHEM CYCLO HEXY                   0.000100           12.18  
01:37:24  INFO        Boiler Feed Water               CHEM MORPHOLENE                   0.000002            0.24  
01:37:24  INFO        Boiler Feed Water               Cooling Water 2                   0.001070          130.34  
01:37:24  INFO        Boiler Feed Water               D M Water                         0.860000       104762.09  
01:37:24  INFO        Boiler Feed Water               KEM WATREAT B 70M                 0.000570           69.44  
01:37:24  INFO        Boiler Feed Water               LP Steam_Dis                      0.145000        17663.38  
01:37:24  INFO        Boiler Feed Water               Power_Dis                         9.500000      1157255.67  
01:37:24  INFO        COMPRESSED AIR                  Cooling Water 2                   0.000025          182.40  
01:37:24  INFO        COMPRESSED AIR                  Power_Dis                         0.165000      1203847.07  
01:37:24  INFO        Cooling Water 1                 COMPRESSED AIR                    0.108592         1649.95  
01:37:24  INFO        Cooling Water 1                 Power_Dis                       244.999997      3722529.95  
01:37:24  INFO        Cooling Water 1                 SULPHURIC ACID                    0.000158            2.40  
01:37:24  INFO        Cooling Water 1                 Water                            11.050000       167893.70  
01:37:24  INFO        Cooling Water 2                 COMPRESSED AIR                    0.123044         1622.92  
01:37:24  INFO        Cooling Water 2                 Power_Dis                       249.999997      3297447.53  
01:37:24  INFO        Cooling Water 2                 SULPHURIC ACID                    0.000158            2.08  
01:37:24  INFO        Cooling Water 2                 Water                            11.500000       151682.59  
01:37:24  INFO        D M Water                       CAUSTIC SODA LYE – GRADE 1        0.000226           36.28  
01:37:24  INFO        D M Water                       CHEM  SODIUM SULPHITE;PN:MIS 1    0.000701          112.54  
01:37:24  INFO        D M Water                       CHEM ALUM.SULFATE, AL2(SO4)3,1    0.000757          121.53  
01:37:24  INFO        D M Water                       COMPRESSED AIR                    0.077000        12361.95  
01:37:24  INFO        D M Water                       HYDRO CHLORIC ACID (30%) -VIRG    0.000226           36.28  
01:37:24  INFO        D M Water                       POLYELECTROLYTE                   0.000578           92.79  
01:37:24  INFO        D M Water                       Power_Dis                         1.210000       194259.15  
01:37:24  INFO        D M Water                       Ret steam condensate              0.203000        32590.58  
01:37:24  INFO        D M Water                       SODIUM CHLORIDE IS 797 GRADE1     0.000010            1.61  
01:37:24  INFO        D M Water                       Water                             1.050000       168571.99  
01:37:24  INFO        HP Steam PRDS                   Boiler Feed Water                 0.076800          381.85  
01:37:24  INFO        HP Steam PRDS                   SHP Steam_Dis                     0.923200         4590.15  
01:37:24  INFO        HP Steam_Dis                    HP Steam PRDS                     1.000000         4972.00  
01:37:24  INFO        HRSG2_SHP STEAM                 Boiler Feed Water                 1.024000        57711.83  
01:37:24  INFO        HRSG2_SHP STEAM                 CHEM TRISODIUM PHOSPHATE          0.000900           50.72  
01:37:24  INFO        HRSG2_SHP STEAM                 COMPRESSED AIR                    9.853236       555320.60  
01:37:24  INFO        HRSG2_SHP STEAM                 FURNACE OIL ( MEDIUM VISCOSITY    0.000098            5.52  
01:37:24  INFO        HRSG2_SHP STEAM                 LP Steam_Dis                     -0.078000        -4396.02  YES
01:37:24  INFO        HRSG2_SHP STEAM                 NATURAL GAS                       2.954424       166509.00  
01:37:24  INFO        HRSG2_SHP STEAM                 Water                             0.002660          149.92  
01:37:24  INFO        HRSG3_SHP STEAM                 Boiler Feed Water                 1.024000        57711.83  
01:37:24  INFO        HRSG3_SHP STEAM                 CHEM TRISODIUM PHOSPHATE          0.000900           50.72  
01:37:24  INFO        HRSG3_SHP STEAM                 COMPRESSED AIR                    9.596520       540852.29  
01:37:24  INFO        HRSG3_SHP STEAM                 FURNACE OIL ( MEDIUM VISCOSITY    0.000098            5.52  
01:37:24  INFO        HRSG3_SHP STEAM                 LP Steam_Dis                     -0.078000        -4396.02  YES
01:37:24  INFO        HRSG3_SHP STEAM                 NATURAL GAS                       2.954424       166509.00  
01:37:24  INFO        HRSG3_SHP STEAM                 Water                             0.002660          149.92  
01:37:24  INFO        LP Steam PRDS                   Boiler Feed Water                 0.250000         3860.47  
01:37:24  INFO        LP Steam PRDS                   MP Steam_Dis                      0.750000        11581.42  
01:37:24  INFO        LP Steam_Dis                    LP Steam PRDS                     0.359600        15442.36  
01:37:24  INFO        LP Steam_Dis                    STG1_LP STEAM                     0.640400        27500.80  
01:37:24  INFO        MP Steam PRDS SHP               Boiler Feed Water                 0.090000         2154.51  
01:37:24  INFO        MP Steam PRDS SHP               SHP Steam_Dis                     0.910000        21784.51  
01:37:24  INFO        MP Steam_Dis                    MP Steam PRDS SHP                 0.916200        23939.74  
01:37:24  INFO        MP Steam_Dis                    STG1_MP STEAM                     0.083800         2189.64  
01:37:24  INFO        Oxygen                          Cooling Water 2                   0.261000         1510.41  
01:37:24  INFO        Oxygen                          Power_Dis                       968.650000      5605577.55  
01:37:24  INFO        POWERGEN                        COMPRESSED AIR                    0.004011        36862.01  
01:37:24  INFO        POWERGEN                        COMPRESSED AIR                    0.003420        31518.72  
01:37:24  INFO        POWERGEN                        COMPRESSED AIR                    0.003839        31786.92  
01:37:24  INFO        POWERGEN                        COMPRESSED AIR                    0.000000            0.00  
01:37:24  INFO        POWERGEN                        Cooling Water 2                   0.000232         2132.13  
01:37:24  INFO        POWERGEN                        Cooling Water 2                   0.000012          110.59  
01:37:24  INFO        POWERGEN                        Cooling Water 2                   0.000013          107.64  
01:37:24  INFO        POWERGEN                        Cooling Water 2                   0.000000            0.00  
01:37:24  INFO        POWERGEN                        NATURAL GAS                       0.009373        86385.63  
01:37:24  INFO        POWERGEN                        NATURAL GAS                       0.009982        82651.39  
01:37:24  INFO        POWERGEN                        NATURAL GAS                       0.009472            0.00  
01:37:24  INFO        POWERGEN                        Power_Dis                         0.002000        18380.46  
01:37:24  INFO        POWERGEN                        Power_Dis                         0.014000       129024.00  
01:37:24  INFO        POWERGEN                        Power_Dis                         0.014000       115920.00  
01:37:24  INFO        POWERGEN                        Power_Dis                         0.000000            0.00  
01:37:24  INFO        POWERGEN                        SHP Steam_Dis                     0.003615        33222.68  
01:37:24  INFO        Power_Dis                       POWERGEN                          0.186036      8313247.48  
01:37:24  INFO        Power_Dis                       POWERGEN                          0.196717      8790541.11  
01:37:24  INFO        Power_Dis                       POWERGEN                          0.207066      9252998.90  
01:37:24  INFO        Power_Dis                       Power from MEL                    0.410169     18000000.00  
01:37:24  INFO        SHP Steam_Dis                   HRSG2_SHP STEAM                   0.500000        47640.69  
01:37:24  INFO        SHP Steam_Dis                   HRSG3_SHP STEAM                   0.500000        47640.69  
01:37:24  INFO        STG1_LP STEAM                   SHP Steam_Dis                     0.480000        13199.98  
01:37:24  INFO        STG1_MP STEAM                   SHP Steam_Dis                     0.690000         1510.81  
01:37:24  INFO      
01:37:24  INFO        All U4U materials converged within tolerance
01:37:24  INFO        ------------------------------------------------------------------------------------------
01:37:25  INFO        [DISPATCH] Total demand: 44686.31 MWh, Import: 18000.00 MWh, Net for GT/STG: 26686.31 MWh
01:37:25  WARNING     [DISPATCH] No aux power norm for 'NMD-Power Plant-2'; using 0.0
01:37:25  WARNING     [DISPATCH] No aux power norm for 'NMD-Power Plant-3'; using 0.0
01:37:25  WARNING     [DISPATCH] No aux power norm for 'NMD-STG Power Plant'; using 0.0
01:37:25  INFO        ==============================================================================
01:37:25  INFO        POWER DISPATCH  (April 2025)
01:37:25  INFO        ==============================================================================
01:37:25  INFO        Demand:  Process = 44686.31 MWh  |  Fixed = 0.00 MWh  |  Total = 44686.31 MWh
01:37:25  INFO      
01:37:25  INFO        Asset                      Priority    Min MW    Max MW     Hours   Dispatched MW  Dispatched MWh    Load %  Free Steam MT  Aux Power MWh
01:37:25  INFO        -------------------------  --------  --------  --------  --------  --------------  --------------  --------  ------------  ------------
01:37:25  INFO        NMD-Power Plant-2                 1      5.00     11.50    720.00           11.50         8280.00    100.0%      16311.60          0.00
01:37:25  INFO        NMD-Power Plant-3                 1      5.00     12.80    720.00           12.80         9216.00    100.0%      18155.52          0.00
01:37:25  INFO        NMD-STG Power Plant               2      6.00     14.50    720.00           12.76         9190.31     88.0%          0.00          0.00
01:37:25  INFO        TOTAL                                                                                    26686.31                34467.12          0.00
01:37:25  INFO        DEFICIT: 18000.00 MWh under-generation
01:37:25  INFO        ==============================================================================
01:37:25  INFO        [STG EXTRACTION] STG Load: 12.76 MW, LP Extraction: 20880.00 MT, MP Extraction: 2880.00 MT
01:37:25  INFO        ==============================================================================
01:37:25  INFO        STEAM DISPATCH  (April 2025)
01:37:25  INFO        ==============================================================================
01:37:25  INFO        Grade      Process/Fixed MT  Letdown MT  Byproduct MT     Net Demand MT
01:37:25  INFO        ---------  ----------------  ----------  ------------  ----------------
01:37:25  INFO        MP                 26129.82    17437.36          0.00          23249.82
01:37:25  INFO        SHP                95283.13   104063.56          0.00         112720.49
01:37:25  INFO      
01:37:25  INFO        Total Free Steam available: 34467.12 MT
01:37:25  INFO      
01:37:25  INFO        FINAL SUPPLEMENTARY FIRING DISPATCH
01:37:25  INFO        Asset                      Priority     Min TPH     Max TPH     Hours  Dispatched TPH   Dispatched MT    Load %
01:37:25  INFO        -------------------------  --------  ----------  ----------  --------  --------------  --------------  --------
01:37:25  INFO        HRSG-1                          999       60.00      136.00      0.00            0.00            0.00      0.0%
01:37:25  INFO        HRSG-2                            1       37.34      113.34    720.00           55.62        40048.65     57.6%
01:37:25  INFO        HRSG-3                            1       34.78      110.78    720.00           53.06        38204.73     57.6%
01:37:25  INFO        TOTAL SUPPLEMENTARY                                                                          78253.38          
01:37:25  INFO        TOTAL STEAM GENERATED                                                                       112720.50          
01:37:25  INFO        SURPLUS: 0.01 MT
01:37:25  INFO        ==============================================================================
01:37:25  INFO        [REVERSE NG] Found GT asset: NMD-Power Plant-3, plant: NMD - Power Plant 3, heat_rate: 3862.56, free_steam: 1.97
01:37:25  INFO        [REVERSE NG] NMD - Power Plant 3: gen_qty=9216000 KWH, heat_rate=3862.56, free_steam=1.9700, consumed=86385.63 MMBTU (REVERSE)
01:37:25  INFO        [REVERSE NG] Found GT asset: NMD-Power Plant-2, plant: NMD - Power Plant 2, heat_rate: 4016.03, free_steam: 1.97
01:37:25  INFO        [REVERSE NG] NMD - Power Plant 2: gen_qty=8280000 KWH, heat_rate=4016.03, free_steam=1.9700, consumed=82651.39 MMBTU (REVERSE)
01:37:25  INFO        [REVERSE NG HRSG] Found HRSG: HRSG-2, supp_steam=40048.65 MT, free_steam=16311.60 MT, total_steam=56360.25 MT
01:37:25  INFO        [REVERSE NG HRSG] HRSG2_SHP STEAM: total_steam=56360.25 MT, norm=2.954424, consumed=166512.08 MMBTU (REVERSE, BPC method)
01:37:25  INFO        [REVERSE NG HRSG] Found HRSG: HRSG-3, supp_steam=38204.73 MT, free_steam=18155.52 MT, total_steam=56360.25 MT
01:37:25  INFO        [REVERSE NG HRSG] HRSG3_SHP STEAM: total_steam=56360.25 MT, norm=2.954424, consumed=166512.08 MMBTU (REVERSE, BPC method)
01:37:25  INFO      
01:37:25  INFO        ------------------------------------------------------------------------------------------
01:37:25  INFO        ITERATION 24
01:37:25  INFO        ------------------------------------------------------------------------------------------
01:37:25  INFO        Power:  Demand =    44686308.59 KWH  |  Gen =       26686.31 MWh  |  Surplus =     0.00  |  Deficit =     0.00
01:37:25  INFO        Steam:  Gen =      112720.50 MT  |  Surplus =     0.01  |  Deficit =     0.00
01:37:25  INFO        Power delta: 77.7765 MWh  |  Converged: NO
01:37:25  INFO      
01:37:25  INFO        Utility                                Total Demand      U4U Demand         Initial    Change %
01:37:25  INFO        -----------------------------------  --------------  --------------  --------------  ----------
01:37:25  INFO        Boiler Feed Water                         121820.50       121822.81            0.00     0.0034%
01:37:25  INFO        COMPRESSED AIR                           7296080.94      1211996.24      6084105.59    83.3892%
01:37:25  INFO        Cooling Water 1                            15194.00            0.00        15194.00   100.0000%
01:37:25  INFO        Cooling Water 2                            13189.83         4173.54         9016.31    68.3583%
01:37:25  INFO        D M Water                                 160549.09       104765.63        55787.00    34.7503%
01:37:25  INFO        HP Steam PRDS                               4972.00         4972.00            0.00     0.0000%
01:37:25  INFO        HP Steam_Dis                                4972.00            0.00         4972.00   100.0000%
01:37:25  INFO        HRSG2_SHP STEAM                            47640.69        47641.56            0.00     0.0034%
01:37:25  INFO        HRSG3_SHP STEAM                            47640.69        47641.56            0.00     0.0034%
01:37:25  INFO        LP Steam PRDS                              15442.36        15442.62            0.00     0.0030%
01:37:25  INFO        LP Steam_Dis                               42943.89        17663.97        25280.51    58.8704%
01:37:25  INFO        MP Steam PRDS SHP                          23939.74        23940.14            0.00     0.0030%
01:37:25  INFO        MP Steam_Dis                               26129.82        11581.77        14548.40    55.6791%
01:37:25  INFO        Nitrogen Gas                             5437630.00            0.00      5437630.00   100.0000% (PT)
01:37:25  INFO        Oxygen                                      5787.00            0.00         5787.00   100.0000%
01:37:25  INFO        POWERGEN                                26356787.49     26356834.68            0.00     0.0003%
01:37:25  INFO        Power_Dis                               44686308.59     15444301.30     29242067.20    65.4387%
01:37:25  INFO        SHP Steam_Dis                              95283.13        74309.52        20975.00    22.0152%
01:37:25  INFO        STG1_LP STEAM                              27500.80        27501.26            0.00     0.0030%
01:37:25  INFO        STG1_MP STEAM                               2189.64         2189.68            0.00     0.0030%
01:37:25  INFO        Water                                     768819.91       488453.09       280371.80    36.4689% (PT)
01:37:25  INFO      
01:37:25  INFO        U4U CONSUMPTION BREAKDOWN (per producer per material):
01:37:25  INFO        Producer                        Material Consumed                     Norm        Quantity  Credit
01:37:25  INFO        ------------------------------  ------------------------------  ----------  --------------  ------
01:37:25  INFO        Boiler Feed Water               CHEM CYCLO HEXY                   0.000100           12.18  
01:37:25  INFO        Boiler Feed Water               CHEM MORPHOLENE                   0.000002            0.24  
01:37:25  INFO        Boiler Feed Water               Cooling Water 2                   0.001070          130.35  
01:37:25  INFO        Boiler Feed Water               D M Water                         0.860000       104765.63  
01:37:25  INFO        Boiler Feed Water               KEM WATREAT B 70M                 0.000570           69.44  
01:37:25  INFO        Boiler Feed Water               LP Steam_Dis                      0.145000        17663.97  
01:37:25  INFO        Boiler Feed Water               Power_Dis                         9.500000      1157294.71  
01:37:25  INFO        COMPRESSED AIR                  Cooling Water 2                   0.000025          182.40  
01:37:25  INFO        COMPRESSED AIR                  Power_Dis                         0.165000      1203853.36  
01:37:25  INFO        Cooling Water 1                 COMPRESSED AIR                    0.108592         1649.95  
01:37:25  INFO        Cooling Water 1                 Power_Dis                       244.999997      3722529.95  
01:37:25  INFO        Cooling Water 1                 SULPHURIC ACID                    0.000158            2.40  
01:37:25  INFO        Cooling Water 1                 Water                            11.050000       167893.70  
01:37:25  INFO        Cooling Water 2                 COMPRESSED AIR                    0.123044         1622.93  
01:37:25  INFO        Cooling Water 2                 Power_Dis                       249.999997      3297456.70  
01:37:25  INFO        Cooling Water 2                 SULPHURIC ACID                    0.000158            2.08  
01:37:25  INFO        Cooling Water 2                 Water                            11.500000       151683.01  
01:37:25  INFO        D M Water                       CAUSTIC SODA LYE – GRADE 1        0.000226           36.28  
01:37:25  INFO        D M Water                       CHEM  SODIUM SULPHITE;PN:MIS 1    0.000701          112.54  
01:37:25  INFO        D M Water                       CHEM ALUM.SULFATE, AL2(SO4)3,1    0.000757          121.54  
01:37:25  INFO        D M Water                       COMPRESSED AIR                    0.077000        12362.28  
01:37:25  INFO        D M Water                       HYDRO CHLORIC ACID (30%) -VIRG    0.000226           36.28  
01:37:25  INFO        D M Water                       POLYELECTROLYTE                   0.000578           92.80  
01:37:25  INFO        D M Water                       Power_Dis                         1.210000       194264.40  
01:37:25  INFO        D M Water                       Ret steam condensate              0.203000        32591.47  
01:37:25  INFO        D M Water                       SODIUM CHLORIDE IS 797 GRADE1     0.000010            1.61  
01:37:25  INFO        D M Water                       Water                             1.050000       168576.55  
01:37:25  INFO        HP Steam PRDS                   Boiler Feed Water                 0.076800          381.85  
01:37:25  INFO        HP Steam PRDS                   SHP Steam_Dis                     0.923200         4590.15  
01:37:25  INFO        HP Steam_Dis                    HP Steam PRDS                     1.000000         4972.00  
01:37:25  INFO        HRSG2_SHP STEAM                 Boiler Feed Water                 1.024000        57712.90  
01:37:25  INFO        HRSG2_SHP STEAM                 CHEM TRISODIUM PHOSPHATE          0.000900           50.72  
01:37:25  INFO        HRSG2_SHP STEAM                 COMPRESSED AIR                    9.853236       555330.84  
01:37:25  INFO        HRSG2_SHP STEAM                 FURNACE OIL ( MEDIUM VISCOSITY    0.000098            5.52  
01:37:25  INFO        HRSG2_SHP STEAM                 LP Steam_Dis                     -0.078000        -4396.10  YES
01:37:25  INFO        HRSG2_SHP STEAM                 NATURAL GAS                       2.954424       166512.08  
01:37:25  INFO        HRSG2_SHP STEAM                 Water                             0.002660          149.92  
01:37:25  INFO        HRSG3_SHP STEAM                 Boiler Feed Water                 1.024000        57712.90  
01:37:25  INFO        HRSG3_SHP STEAM                 CHEM TRISODIUM PHOSPHATE          0.000900           50.72  
01:37:25  INFO        HRSG3_SHP STEAM                 COMPRESSED AIR                    9.596520       540862.27  
01:37:25  INFO        HRSG3_SHP STEAM                 FURNACE OIL ( MEDIUM VISCOSITY    0.000098            5.52  
01:37:25  INFO        HRSG3_SHP STEAM                 LP Steam_Dis                     -0.078000        -4396.10  YES
01:37:25  INFO        HRSG3_SHP STEAM                 NATURAL GAS                       2.954424       166512.08  
01:37:25  INFO        HRSG3_SHP STEAM                 Water                             0.002660          149.92  
01:37:25  INFO        LP Steam PRDS                   Boiler Feed Water                 0.250000         3860.59  
01:37:25  INFO        LP Steam PRDS                   MP Steam_Dis                      0.750000        11581.77  
01:37:25  INFO        LP Steam_Dis                    LP Steam PRDS                     0.359600        15442.62  
01:37:25  INFO        LP Steam_Dis                    STG1_LP STEAM                     0.640400        27501.26  
01:37:25  INFO        MP Steam PRDS SHP               Boiler Feed Water                 0.090000         2154.58  
01:37:25  INFO        MP Steam PRDS SHP               SHP Steam_Dis                     0.910000        21785.16  
01:37:25  INFO        MP Steam_Dis                    MP Steam PRDS SHP                 0.916200        23940.14  
01:37:25  INFO        MP Steam_Dis                    STG1_MP STEAM                     0.083800         2189.68  
01:37:25  INFO        Oxygen                          Cooling Water 2                   0.261000         1510.41  
01:37:25  INFO        Oxygen                          Power_Dis                       968.650000      5605577.55  
01:37:25  INFO        POWERGEN                        COMPRESSED AIR                    0.004011        36862.33  
01:37:25  INFO        POWERGEN                        COMPRESSED AIR                    0.003420        31518.72  
01:37:25  INFO        POWERGEN                        COMPRESSED AIR                    0.003839        31786.92  
01:37:25  INFO        POWERGEN                        COMPRESSED AIR                    0.000000            0.00  
01:37:25  INFO        POWERGEN                        Cooling Water 2                   0.000232         2132.15  
01:37:25  INFO        POWERGEN                        Cooling Water 2                   0.000012          110.59  
01:37:25  INFO        POWERGEN                        Cooling Water 2                   0.000013          107.64  
01:37:25  INFO        POWERGEN                        Cooling Water 2                   0.000000            0.00  
01:37:25  INFO        POWERGEN                        NATURAL GAS                       0.009373        86385.63  
01:37:25  INFO        POWERGEN                        NATURAL GAS                       0.009982        82651.39  
01:37:25  INFO        POWERGEN                        NATURAL GAS                       0.009472            0.00  
01:37:25  INFO        POWERGEN                        Power_Dis                         0.002000        18380.62  
01:37:25  INFO        POWERGEN                        Power_Dis                         0.014000       129024.00  
01:37:25  INFO        POWERGEN                        Power_Dis                         0.014000       115920.00  
01:37:25  INFO        POWERGEN                        Power_Dis                         0.000000            0.00  
01:37:25  INFO        POWERGEN                        SHP Steam_Dis                     0.003615        33222.97  
01:37:25  INFO        Power_Dis                       POWERGEN                          0.186036      8313262.37  
01:37:25  INFO        Power_Dis                       POWERGEN                          0.196717      8790556.84  
01:37:25  INFO        Power_Dis                       POWERGEN                          0.207066      9253015.47  
01:37:25  INFO        Power_Dis                       Power from MEL                    0.410169     18000000.00  
01:37:25  INFO        SHP Steam_Dis                   HRSG2_SHP STEAM                   0.500000        47641.56  
01:37:25  INFO        SHP Steam_Dis                   HRSG3_SHP STEAM                   0.500000        47641.56  
01:37:25  INFO        STG1_LP STEAM                   SHP Steam_Dis                     0.480000        13200.38  
01:37:25  INFO        STG1_MP STEAM                   SHP Steam_Dis                     0.690000         1510.85  
01:37:25  INFO      
01:37:25  INFO        All U4U materials converged within tolerance
01:37:25  INFO        ------------------------------------------------------------------------------------------
01:37:27  INFO        [DISPATCH] Total demand: 44686.37 MWh, Import: 18000.00 MWh, Net for GT/STG: 26686.37 MWh
01:37:27  WARNING     [DISPATCH] No aux power norm for 'NMD-Power Plant-2'; using 0.0
01:37:27  WARNING     [DISPATCH] No aux power norm for 'NMD-Power Plant-3'; using 0.0
01:37:27  WARNING     [DISPATCH] No aux power norm for 'NMD-STG Power Plant'; using 0.0
01:37:27  INFO        ==============================================================================
01:37:27  INFO        POWER DISPATCH  (April 2025)
01:37:27  INFO        ==============================================================================
01:37:27  INFO        Demand:  Process = 44686.37 MWh  |  Fixed = 0.00 MWh  |  Total = 44686.37 MWh
01:37:27  INFO      
01:37:27  INFO        Asset                      Priority    Min MW    Max MW     Hours   Dispatched MW  Dispatched MWh    Load %  Free Steam MT  Aux Power MWh
01:37:27  INFO        -------------------------  --------  --------  --------  --------  --------------  --------------  --------  ------------  ------------
01:37:27  INFO        NMD-Power Plant-2                 1      5.00     11.50    720.00           11.50         8280.00    100.0%      16311.60          0.00
01:37:27  INFO        NMD-Power Plant-3                 1      5.00     12.80    720.00           12.80         9216.00    100.0%      18155.52          0.00
01:37:27  INFO        NMD-STG Power Plant               2      6.00     14.50    720.00           12.76         9190.37     88.0%          0.00          0.00
01:37:27  INFO        TOTAL                                                                                    26686.37                34467.12          0.00
01:37:27  INFO        DEFICIT: 18000.00 MWh under-generation
01:37:27  INFO        ==============================================================================
01:37:27  INFO        [STG EXTRACTION] STG Load: 12.76 MW, LP Extraction: 20880.00 MT, MP Extraction: 2880.00 MT
01:37:27  INFO        ==============================================================================
01:37:27  INFO        STEAM DISPATCH  (April 2025)
01:37:27  INFO        ==============================================================================
01:37:27  INFO        Grade      Process/Fixed MT  Letdown MT  Byproduct MT     Net Demand MT
01:37:27  INFO        ---------  ----------------  ----------  ------------  ----------------
01:37:27  INFO        MP                 26130.17    17437.63          0.00          23250.17
01:37:27  INFO        SHP                95284.52   104065.09          0.00         112722.15
01:37:27  INFO      
01:37:27  INFO        Total Free Steam available: 34467.12 MT
01:37:27  INFO      
01:37:27  INFO        FINAL SUPPLEMENTARY FIRING DISPATCH
01:37:27  INFO        Asset                      Priority     Min TPH     Max TPH     Hours  Dispatched TPH   Dispatched MT    Load %
01:37:27  INFO        -------------------------  --------  ----------  ----------  --------  --------------  --------------  --------
01:37:27  INFO        HRSG-1                          999       60.00      136.00      0.00            0.00            0.00      0.0%
01:37:27  INFO        HRSG-2                            1       37.34      113.34    720.00           55.62        40049.47     57.6%
01:37:27  INFO        HRSG-3                            1       34.78      110.78    720.00           53.06        38205.55     57.6%
01:37:27  INFO        TOTAL SUPPLEMENTARY                                                                          78255.02          
01:37:27  INFO        TOTAL STEAM GENERATED                                                                       112722.14          
01:37:27  INFO        DEFICIT: 0.01 MT
01:37:27  INFO        ==============================================================================
01:37:27  INFO        [REVERSE NG] Found GT asset: NMD-Power Plant-3, plant: NMD - Power Plant 3, heat_rate: 3862.56, free_steam: 1.97
01:37:27  INFO        [REVERSE NG] NMD - Power Plant 3: gen_qty=9216000 KWH, heat_rate=3862.56, free_steam=1.9700, consumed=86385.63 MMBTU (REVERSE)
01:37:27  INFO        [REVERSE NG] Found GT asset: NMD-Power Plant-2, plant: NMD - Power Plant 2, heat_rate: 4016.03, free_steam: 1.97
01:37:27  INFO        [REVERSE NG] NMD - Power Plant 2: gen_qty=8280000 KWH, heat_rate=4016.03, free_steam=1.9700, consumed=82651.39 MMBTU (REVERSE)
01:37:27  INFO        [REVERSE NG HRSG] Found HRSG: HRSG-2, supp_steam=40049.47 MT, free_steam=16311.60 MT, total_steam=56361.07 MT
01:37:27  INFO        [REVERSE NG HRSG] HRSG2_SHP STEAM: total_steam=56361.07 MT, norm=2.954424, consumed=166514.50 MMBTU (REVERSE, BPC method)
01:37:27  INFO        [REVERSE NG HRSG] Found HRSG: HRSG-3, supp_steam=38205.55 MT, free_steam=18155.52 MT, total_steam=56361.07 MT
01:37:27  INFO        [REVERSE NG HRSG] HRSG3_SHP STEAM: total_steam=56361.07 MT, norm=2.954424, consumed=166514.50 MMBTU (REVERSE, BPC method)
01:37:27  INFO      
01:37:27  INFO        ------------------------------------------------------------------------------------------
01:37:27  INFO        ITERATION 25
01:37:27  INFO        ------------------------------------------------------------------------------------------
01:37:27  INFO        Power:  Demand =    44686368.50 KWH  |  Gen =       26686.37 MWh  |  Surplus =     0.00  |  Deficit =     0.00
01:37:27  INFO        Steam:  Gen =      112722.14 MT  |  Surplus =     0.00  |  Deficit =     0.01
01:37:27  INFO        Power delta: 59.9097 MWh  |  Converged: NO
01:37:27  INFO      
01:37:27  INFO        Utility                                Total Demand      U4U Demand         Initial    Change %
01:37:27  INFO        -----------------------------------  --------------  --------------  --------------  ----------
01:37:27  INFO        Boiler Feed Water                         121822.81       121824.59            0.00     0.0019%
01:37:27  INFO        COMPRESSED AIR                           7296101.83      1212012.70      6084105.59    83.3887%
01:37:27  INFO        Cooling Water 1                            15194.00            0.00        15194.00   100.0000%
01:37:27  INFO        Cooling Water 2                            13189.85         4173.56         9016.31    68.3581%
01:37:27  INFO        D M Water                                 160552.63       104767.61        55787.00    34.7491%
01:37:27  INFO        HP Steam PRDS                               4972.00         4972.00            0.00     0.0000%
01:37:27  INFO        HP Steam_Dis                                4972.00            0.00         4972.00   100.0000%
01:37:27  INFO        HRSG2_SHP STEAM                            47641.56        47642.26            0.00     0.0018%
01:37:27  INFO        HRSG3_SHP STEAM                            47641.56        47642.26            0.00     0.0018%
01:37:27  INFO        LP Steam PRDS                              15442.62        15442.84            0.00     0.0017%
01:37:27  INFO        LP Steam_Dis                               42944.48        17664.31        25280.51    58.8693%
01:37:27  INFO        MP Steam PRDS SHP                          23940.14        23940.46            0.00     0.0017%
01:37:27  INFO        MP Steam_Dis                               26130.17        11581.97        14548.40    55.6780%
01:37:27  INFO        Nitrogen Gas                             5437630.00            0.00      5437630.00   100.0000% (PT)
01:37:27  INFO        Oxygen                                      5787.00            0.00         5787.00   100.0000%
01:37:27  INFO        POWERGEN                                26356834.68     26356870.07            0.00     0.0002%
01:37:27  INFO        Power_Dis                               44686368.50     15444337.08     29242067.20    65.4386%
01:37:27  INFO        SHP Steam_Dis                              95284.52        74310.35        20975.00    22.0145%
01:37:27  INFO        STG1_LP STEAM                              27501.26        27501.65            0.00     0.0017%
01:37:27  INFO        STG1_MP STEAM                               2189.68         2189.71            0.00     0.0017%
01:37:27  INFO        Water                                     768824.89       488457.08       280371.80    36.4682% (PT)
01:37:27  INFO      
01:37:27  INFO        U4U CONSUMPTION BREAKDOWN (per producer per material):
01:37:27  INFO        Producer                        Material Consumed                     Norm        Quantity  Credit
01:37:27  INFO        ------------------------------  ------------------------------  ----------  --------------  ------
01:37:27  INFO        Boiler Feed Water               CHEM CYCLO HEXY                   0.000100           12.18  
01:37:27  INFO        Boiler Feed Water               CHEM MORPHOLENE                   0.000002            0.24  
01:37:27  INFO        Boiler Feed Water               Cooling Water 2                   0.001070          130.35  
01:37:27  INFO        Boiler Feed Water               D M Water                         0.860000       104767.61  
01:37:27  INFO        Boiler Feed Water               KEM WATREAT B 70M                 0.000570           69.44  
01:37:27  INFO        Boiler Feed Water               LP Steam_Dis                      0.145000        17664.31  
01:37:27  INFO        Boiler Feed Water               Power_Dis                         9.500000      1157316.67  
01:37:27  INFO        COMPRESSED AIR                  Cooling Water 2                   0.000025          182.40  
01:37:27  INFO        COMPRESSED AIR                  Power_Dis                         0.165000      1203856.80  
01:37:27  INFO        Cooling Water 1                 COMPRESSED AIR                    0.108592         1649.95  
01:37:27  INFO        Cooling Water 1                 Power_Dis                       244.999997      3722529.95  
01:37:27  INFO        Cooling Water 1                 SULPHURIC ACID                    0.000158            2.40  
01:37:27  INFO        Cooling Water 1                 Water                            11.050000       167893.70  
01:37:27  INFO        Cooling Water 2                 COMPRESSED AIR                    0.123044         1622.93  
01:37:27  INFO        Cooling Water 2                 Power_Dis                       249.999997      3297462.68  
01:37:27  INFO        Cooling Water 2                 SULPHURIC ACID                    0.000158            2.08  
01:37:27  INFO        Cooling Water 2                 Water                            11.500000       151683.29  
01:37:27  INFO        D M Water                       CAUSTIC SODA LYE – GRADE 1        0.000226           36.28  
01:37:27  INFO        D M Water                       CHEM  SODIUM SULPHITE;PN:MIS 1    0.000701          112.55  
01:37:27  INFO        D M Water                       CHEM ALUM.SULFATE, AL2(SO4)3,1    0.000757          121.54  
01:37:27  INFO        D M Water                       COMPRESSED AIR                    0.077000        12362.55  
01:37:27  INFO        D M Water                       HYDRO CHLORIC ACID (30%) -VIRG    0.000226           36.28  
01:37:27  INFO        D M Water                       POLYELECTROLYTE                   0.000578           92.80  
01:37:27  INFO        D M Water                       Power_Dis                         1.210000       194268.68  
01:37:27  INFO        D M Water                       Ret steam condensate              0.203000        32592.18  
01:37:27  INFO        D M Water                       SODIUM CHLORIDE IS 797 GRADE1     0.000010            1.61  
01:37:27  INFO        D M Water                       Water                             1.050000       168580.26  
01:37:27  INFO        HP Steam PRDS                   Boiler Feed Water                 0.076800          381.85  
01:37:27  INFO        HP Steam PRDS                   SHP Steam_Dis                     0.923200         4590.15  
01:37:27  INFO        HP Steam_Dis                    HP Steam PRDS                     1.000000         4972.00  
01:37:27  INFO        HRSG2_SHP STEAM                 Boiler Feed Water                 1.024000        57713.74  
01:37:27  INFO        HRSG2_SHP STEAM                 CHEM TRISODIUM PHOSPHATE          0.000900           50.72  
01:37:27  INFO        HRSG2_SHP STEAM                 COMPRESSED AIR                    9.853236       555338.92  
01:37:27  INFO        HRSG2_SHP STEAM                 FURNACE OIL ( MEDIUM VISCOSITY    0.000098            5.52  
01:37:27  INFO        HRSG2_SHP STEAM                 LP Steam_Dis                     -0.078000        -4396.16  YES
01:37:27  INFO        HRSG2_SHP STEAM                 NATURAL GAS                       2.954424       166514.50  
01:37:27  INFO        HRSG2_SHP STEAM                 Water                             0.002660          149.92  
01:37:27  INFO        HRSG3_SHP STEAM                 Boiler Feed Water                 1.024000        57713.74  
01:37:27  INFO        HRSG3_SHP STEAM                 CHEM TRISODIUM PHOSPHATE          0.000900           50.72  
01:37:27  INFO        HRSG3_SHP STEAM                 COMPRESSED AIR                    9.596520       540870.14  
01:37:27  INFO        HRSG3_SHP STEAM                 FURNACE OIL ( MEDIUM VISCOSITY    0.000098            5.52  
01:37:27  INFO        HRSG3_SHP STEAM                 LP Steam_Dis                     -0.078000        -4396.16  YES
01:37:27  INFO        HRSG3_SHP STEAM                 NATURAL GAS                       2.954424       166514.50  
01:37:27  INFO        HRSG3_SHP STEAM                 Water                             0.002660          149.92  
01:37:27  INFO        LP Steam PRDS                   Boiler Feed Water                 0.250000         3860.66  
01:37:27  INFO        LP Steam PRDS                   MP Steam_Dis                      0.750000        11581.97  
01:37:27  INFO        LP Steam_Dis                    LP Steam PRDS                     0.359600        15442.84  
01:37:27  INFO        LP Steam_Dis                    STG1_LP STEAM                     0.640400        27501.65  
01:37:27  INFO        MP Steam PRDS SHP               Boiler Feed Water                 0.090000         2154.61  
01:37:27  INFO        MP Steam PRDS SHP               SHP Steam_Dis                     0.910000        21785.53  
01:37:27  INFO        MP Steam_Dis                    MP Steam PRDS SHP                 0.916200        23940.46  
01:37:27  INFO        MP Steam_Dis                    STG1_MP STEAM                     0.083800         2189.71  
01:37:27  INFO        Oxygen                          Cooling Water 2                   0.261000         1510.41  
01:37:27  INFO        Oxygen                          Power_Dis                       968.650000      5605577.55  
01:37:27  INFO        POWERGEN                        COMPRESSED AIR                    0.004011        36862.57  
01:37:27  INFO        POWERGEN                        COMPRESSED AIR                    0.003420        31518.72  
01:37:27  INFO        POWERGEN                        COMPRESSED AIR                    0.003839        31786.92  
01:37:27  INFO        POWERGEN                        COMPRESSED AIR                    0.000000            0.00  
01:37:27  INFO        POWERGEN                        Cooling Water 2                   0.000232         2132.17  
01:37:27  INFO        POWERGEN                        Cooling Water 2                   0.000012          110.59  
01:37:27  INFO        POWERGEN                        Cooling Water 2                   0.000013          107.64  
01:37:27  INFO        POWERGEN                        Cooling Water 2                   0.000000            0.00  
01:37:27  INFO        POWERGEN                        NATURAL GAS                       0.009373        86385.63  
01:37:27  INFO        POWERGEN                        NATURAL GAS                       0.009982        82651.39  
01:37:27  INFO        POWERGEN                        NATURAL GAS                       0.009472            0.00  
01:37:27  INFO        POWERGEN                        Power_Dis                         0.002000        18380.74  
01:37:27  INFO        POWERGEN                        Power_Dis                         0.014000       129024.00  
01:37:27  INFO        POWERGEN                        Power_Dis                         0.014000       115920.00  
01:37:27  INFO        POWERGEN                        Power_Dis                         0.000000            0.00  
01:37:27  INFO        POWERGEN                        SHP Steam_Dis                     0.003615        33223.19  
01:37:27  INFO        Power_Dis                       POWERGEN                          0.186036      8313273.53  
01:37:27  INFO        Power_Dis                       POWERGEN                          0.196717      8790568.65  
01:37:27  INFO        Power_Dis                       POWERGEN                          0.207066      9253027.89  
01:37:27  INFO        Power_Dis                       Power from MEL                    0.410169     18000000.00  
01:37:27  INFO        SHP Steam_Dis                   HRSG2_SHP STEAM                   0.500000        47642.26  
01:37:27  INFO        SHP Steam_Dis                   HRSG3_SHP STEAM                   0.500000        47642.26  
01:37:27  INFO        STG1_LP STEAM                   SHP Steam_Dis                     0.480000        13200.61  
01:37:27  INFO        STG1_MP STEAM                   SHP Steam_Dis                     0.690000         1510.88  
01:37:27  INFO      
01:37:27  INFO        All U4U materials converged within tolerance
01:37:27  INFO        ------------------------------------------------------------------------------------------
01:37:28  INFO        [DISPATCH] Total demand: 44686.40 MWh, Import: 18000.00 MWh, Net for GT/STG: 26686.40 MWh
01:37:28  WARNING     [DISPATCH] No aux power norm for 'NMD-Power Plant-2'; using 0.0
01:37:28  WARNING     [DISPATCH] No aux power norm for 'NMD-Power Plant-3'; using 0.0
01:37:28  WARNING     [DISPATCH] No aux power norm for 'NMD-STG Power Plant'; using 0.0
01:37:28  INFO        ==============================================================================
01:37:28  INFO        POWER DISPATCH  (April 2025)
01:37:28  INFO        ==============================================================================
01:37:28  INFO        Demand:  Process = 44686.40 MWh  |  Fixed = 0.00 MWh  |  Total = 44686.40 MWh
01:37:28  INFO      
01:37:28  INFO        Asset                      Priority    Min MW    Max MW     Hours   Dispatched MW  Dispatched MWh    Load %  Free Steam MT  Aux Power MWh
01:37:28  INFO        -------------------------  --------  --------  --------  --------  --------------  --------------  --------  ------------  ------------
01:37:28  INFO        NMD-Power Plant-2                 1      5.00     11.50    720.00           11.50         8280.00    100.0%      16311.60          0.00
01:37:28  INFO        NMD-Power Plant-3                 1      5.00     12.80    720.00           12.80         9216.00    100.0%      18155.52          0.00
01:37:28  INFO        NMD-STG Power Plant               2      6.00     14.50    720.00           12.76         9190.40     88.0%          0.00          0.00
01:37:28  INFO        TOTAL                                                                                    26686.40                34467.12          0.00
01:37:28  INFO        DEFICIT: 18000.00 MWh under-generation
01:37:28  INFO        ==============================================================================
01:37:29  INFO        [STG EXTRACTION] STG Load: 12.76 MW, LP Extraction: 20880.00 MT, MP Extraction: 2880.00 MT
01:37:29  INFO        ==============================================================================
01:37:29  INFO        STEAM DISPATCH  (April 2025)
01:37:29  INFO        ==============================================================================
01:37:29  INFO        Grade      Process/Fixed MT  Letdown MT  Byproduct MT     Net Demand MT
01:37:29  INFO        ---------  ----------------  ----------  ------------  ----------------
01:37:29  INFO        MP                 26130.37    17437.77          0.00          23250.37
01:37:29  INFO        SHP                95285.35   104065.99          0.00         112723.13
01:37:29  INFO      
01:37:29  INFO        Total Free Steam available: 34467.12 MT
01:37:29  INFO      
01:37:29  INFO        FINAL SUPPLEMENTARY FIRING DISPATCH
01:37:29  INFO        Asset                      Priority     Min TPH     Max TPH     Hours  Dispatched TPH   Dispatched MT    Load %
01:37:29  INFO        -------------------------  --------  ----------  ----------  --------  --------------  --------------  --------
01:37:29  INFO        HRSG-1                          999       60.00      136.00      0.00            0.00            0.00      0.0%
01:37:29  INFO        HRSG-2                            1       37.34      113.34    720.00           55.62        40049.96     57.6%
01:37:29  INFO        HRSG-3                            1       34.78      110.78    720.00           53.06        38206.04     57.6%
01:37:29  INFO        TOTAL SUPPLEMENTARY                                                                          78256.00          
01:37:29  INFO        TOTAL STEAM GENERATED                                                                       112723.12          
01:37:29  INFO        DEFICIT: 0.01 MT
01:37:29  INFO        ==============================================================================
01:37:29  INFO        [REVERSE NG] Found GT asset: NMD-Power Plant-3, plant: NMD - Power Plant 3, heat_rate: 3862.56, free_steam: 1.97
01:37:29  INFO        [REVERSE NG] NMD - Power Plant 3: gen_qty=9216000 KWH, heat_rate=3862.56, free_steam=1.9700, consumed=86385.63 MMBTU (REVERSE)
01:37:29  INFO        [REVERSE NG] Found GT asset: NMD-Power Plant-2, plant: NMD - Power Plant 2, heat_rate: 4016.03, free_steam: 1.97
01:37:29  INFO        [REVERSE NG] NMD - Power Plant 2: gen_qty=8280000 KWH, heat_rate=4016.03, free_steam=1.9700, consumed=82651.39 MMBTU (REVERSE)
01:37:29  INFO        [REVERSE NG HRSG] Found HRSG: HRSG-2, supp_steam=40049.96 MT, free_steam=16311.60 MT, total_steam=56361.56 MT
01:37:29  INFO        [REVERSE NG HRSG] HRSG2_SHP STEAM: total_steam=56361.56 MT, norm=2.954424, consumed=166515.95 MMBTU (REVERSE, BPC method)
01:37:29  INFO        [REVERSE NG HRSG] Found HRSG: HRSG-3, supp_steam=38206.04 MT, free_steam=18155.52 MT, total_steam=56361.56 MT
01:37:29  INFO        [REVERSE NG HRSG] HRSG3_SHP STEAM: total_steam=56361.56 MT, norm=2.954424, consumed=166515.95 MMBTU (REVERSE, BPC method)
01:37:29  INFO      
01:37:29  INFO        ------------------------------------------------------------------------------------------
01:37:29  INFO        ITERATION 26
01:37:29  INFO        ------------------------------------------------------------------------------------------
01:37:29  INFO        Power:  Demand =    44686404.28 KWH  |  Gen =       26686.40 MWh  |  Surplus =     0.00  |  Deficit =     0.00
01:37:29  INFO        Steam:  Gen =      112723.12 MT  |  Surplus =     0.00  |  Deficit =     0.01
01:37:29  INFO        Power delta: 35.7795 MWh  |  Converged: NO
01:37:29  INFO      
01:37:29  INFO        Utility                                Total Demand      U4U Demand         Initial    Change %
01:37:29  INFO        -----------------------------------  --------------  --------------  --------------  ----------
01:37:29  INFO        Boiler Feed Water                         121824.59       121825.67            0.00     0.0015%
01:37:29  INFO        COMPRESSED AIR                           7296118.29      1212022.51      6084105.59    83.3885%
01:37:29  INFO        Cooling Water 1                            15194.00            0.00        15194.00   100.0000%
01:37:29  INFO        Cooling Water 2                            13189.87         4173.57         9016.31    68.3580%
01:37:29  INFO        D M Water                                 160554.61       104769.15        55787.00    34.7477%
01:37:29  INFO        HP Steam PRDS                               4972.00         4972.00            0.00     0.0000%
01:37:29  INFO        HP Steam_Dis                                4972.00            0.00         4972.00   100.0000%
01:37:29  INFO        HRSG2_SHP STEAM                            47642.26        47642.68            0.00     0.0015%
01:37:29  INFO        HRSG3_SHP STEAM                            47642.26        47642.68            0.00     0.0015%
01:37:29  INFO        LP Steam PRDS                              15442.84        15442.96            0.00     0.0014%
01:37:29  INFO        LP Steam_Dis                               42944.82        17664.57        25280.51    58.8682%
01:37:29  INFO        MP Steam PRDS SHP                          23940.46        23940.64            0.00     0.0013%
01:37:29  INFO        MP Steam_Dis                               26130.37        11582.13        14548.40    55.6770%
01:37:29  INFO        Nitrogen Gas                             5437630.00            0.00      5437630.00   100.0000% (PT)
01:37:29  INFO        Oxygen                                      5787.00            0.00         5787.00   100.0000%
01:37:29  INFO        POWERGEN                                26356870.07     26356887.76            0.00     0.0001%
01:37:29  INFO        Power_Dis                               44686404.28     15444363.41     29242067.20    65.4385%
01:37:29  INFO        SHP Steam_Dis                              95285.35        74310.95        20975.00    22.0137%
01:37:29  INFO        STG1_LP STEAM                              27501.65        27501.86            0.00     0.0014%
01:37:29  INFO        STG1_MP STEAM                               2189.71         2189.72            0.00     0.0013%
01:37:29  INFO        Water                                     768828.88       488459.37       280371.80    36.4679% (PT)
01:37:29  INFO      
01:37:29  INFO        U4U CONSUMPTION BREAKDOWN (per producer per material):
01:37:29  INFO        Producer                        Material Consumed                     Norm        Quantity  Credit
01:37:29  INFO        ------------------------------  ------------------------------  ----------  --------------  ------
01:37:29  INFO        Boiler Feed Water               CHEM CYCLO HEXY                   0.000100           12.18  
01:37:29  INFO        Boiler Feed Water               CHEM MORPHOLENE                   0.000002            0.24  
01:37:29  INFO        Boiler Feed Water               Cooling Water 2                   0.001070          130.35  
01:37:29  INFO        Boiler Feed Water               D M Water                         0.860000       104769.15  
01:37:29  INFO        Boiler Feed Water               KEM WATREAT B 70M                 0.000570           69.44  
01:37:29  INFO        Boiler Feed Water               LP Steam_Dis                      0.145000        17664.57  
01:37:29  INFO        Boiler Feed Water               Power_Dis                         9.500000      1157333.60  
01:37:29  INFO        COMPRESSED AIR                  Cooling Water 2                   0.000025          182.40  
01:37:29  INFO        COMPRESSED AIR                  Power_Dis                         0.165000      1203859.52  
01:37:29  INFO        Cooling Water 1                 COMPRESSED AIR                    0.108592         1649.95  
01:37:29  INFO        Cooling Water 1                 Power_Dis                       244.999997      3722529.95  
01:37:29  INFO        Cooling Water 1                 SULPHURIC ACID                    0.000158            2.40  
01:37:29  INFO        Cooling Water 1                 Water                            11.050000       167893.70  
01:37:29  INFO        Cooling Water 2                 COMPRESSED AIR                    0.123044         1622.93  
01:37:29  INFO        Cooling Water 2                 Power_Dis                       249.999997      3297466.91  
01:37:29  INFO        Cooling Water 2                 SULPHURIC ACID                    0.000158            2.08  
01:37:29  INFO        Cooling Water 2                 Water                            11.500000       151683.48  
01:37:29  INFO        D M Water                       CAUSTIC SODA LYE – GRADE 1        0.000226           36.29  
01:37:29  INFO        D M Water                       CHEM  SODIUM SULPHITE;PN:MIS 1    0.000701          112.55  
01:37:29  INFO        D M Water                       CHEM ALUM.SULFATE, AL2(SO4)3,1    0.000757          121.54  
01:37:29  INFO        D M Water                       COMPRESSED AIR                    0.077000        12362.71  
01:37:29  INFO        D M Water                       HYDRO CHLORIC ACID (30%) -VIRG    0.000226           36.29  
01:37:29  INFO        D M Water                       POLYELECTROLYTE                   0.000578           92.80  
01:37:29  INFO        D M Water                       Power_Dis                         1.210000       194271.08  
01:37:29  INFO        D M Water                       Ret steam condensate              0.203000        32592.59  
01:37:29  INFO        D M Water                       SODIUM CHLORIDE IS 797 GRADE1     0.000010            1.61  
01:37:29  INFO        D M Water                       Water                             1.050000       168582.35  
01:37:29  INFO        HP Steam PRDS                   Boiler Feed Water                 0.076800          381.85  
01:37:29  INFO        HP Steam PRDS                   SHP Steam_Dis                     0.923200         4590.15  
01:37:29  INFO        HP Steam_Dis                    HP Steam PRDS                     1.000000         4972.00  
01:37:29  INFO        HRSG2_SHP STEAM                 Boiler Feed Water                 1.024000        57714.24  
01:37:29  INFO        HRSG2_SHP STEAM                 CHEM TRISODIUM PHOSPHATE          0.000900           50.73  
01:37:29  INFO        HRSG2_SHP STEAM                 COMPRESSED AIR                    9.853236       555343.75  
01:37:29  INFO        HRSG2_SHP STEAM                 FURNACE OIL ( MEDIUM VISCOSITY    0.000098            5.52  
01:37:29  INFO        HRSG2_SHP STEAM                 LP Steam_Dis                     -0.078000        -4396.20  YES
01:37:29  INFO        HRSG2_SHP STEAM                 NATURAL GAS                       2.954424       166515.95  
01:37:29  INFO        HRSG2_SHP STEAM                 Water                             0.002660          149.92  
01:37:29  INFO        HRSG3_SHP STEAM                 Boiler Feed Water                 1.024000        57714.24  
01:37:29  INFO        HRSG3_SHP STEAM                 CHEM TRISODIUM PHOSPHATE          0.000900           50.73  
01:37:29  INFO        HRSG3_SHP STEAM                 COMPRESSED AIR                    9.596520       540874.84  
01:37:29  INFO        HRSG3_SHP STEAM                 FURNACE OIL ( MEDIUM VISCOSITY    0.000098            5.52  
01:37:29  INFO        HRSG3_SHP STEAM                 LP Steam_Dis                     -0.078000        -4396.20  YES
01:37:29  INFO        HRSG3_SHP STEAM                 NATURAL GAS                       2.954424       166515.95  
01:37:29  INFO        HRSG3_SHP STEAM                 Water                             0.002660          149.92  
01:37:29  INFO        LP Steam PRDS                   Boiler Feed Water                 0.250000         3860.71  
01:37:29  INFO        LP Steam PRDS                   MP Steam_Dis                      0.750000        11582.13  
01:37:29  INFO        LP Steam_Dis                    LP Steam PRDS                     0.359600        15442.96  
01:37:29  INFO        LP Steam_Dis                    STG1_LP STEAM                     0.640400        27501.86  
01:37:29  INFO        MP Steam PRDS SHP               Boiler Feed Water                 0.090000         2154.64  
01:37:29  INFO        MP Steam PRDS SHP               SHP Steam_Dis                     0.910000        21785.82  
01:37:29  INFO        MP Steam_Dis                    MP Steam PRDS SHP                 0.916200        23940.64  
01:37:29  INFO        MP Steam_Dis                    STG1_MP STEAM                     0.083800         2189.72  
01:37:29  INFO        Oxygen                          Cooling Water 2                   0.261000         1510.41  
01:37:29  INFO        Oxygen                          Power_Dis                       968.650000      5605577.55  
01:37:29  INFO        POWERGEN                        COMPRESSED AIR                    0.004011        36862.69  
01:37:29  INFO        POWERGEN                        COMPRESSED AIR                    0.003420        31518.72  
01:37:29  INFO        POWERGEN                        COMPRESSED AIR                    0.003839        31786.92  
01:37:29  INFO        POWERGEN                        COMPRESSED AIR                    0.000000            0.00  
01:37:29  INFO        POWERGEN                        Cooling Water 2                   0.000232         2132.17  
01:37:29  INFO        POWERGEN                        Cooling Water 2                   0.000012          110.59  
01:37:29  INFO        POWERGEN                        Cooling Water 2                   0.000013          107.64  
01:37:29  INFO        POWERGEN                        Cooling Water 2                   0.000000            0.00  
01:37:29  INFO        POWERGEN                        NATURAL GAS                       0.009373        86385.63  
01:37:29  INFO        POWERGEN                        NATURAL GAS                       0.009982        82651.39  
01:37:29  INFO        POWERGEN                        NATURAL GAS                       0.009472            0.00  
01:37:29  INFO        POWERGEN                        Power_Dis                         0.002000        18380.80  
01:37:29  INFO        POWERGEN                        Power_Dis                         0.014000       129024.00  
01:37:29  INFO        POWERGEN                        Power_Dis                         0.014000       115920.00  
01:37:29  INFO        POWERGEN                        Power_Dis                         0.000000            0.00  
01:37:29  INFO        POWERGEN                        SHP Steam_Dis                     0.003615        33223.30  
01:37:29  INFO        Power_Dis                       POWERGEN                          0.186036      8313279.11  
01:37:29  INFO        Power_Dis                       POWERGEN                          0.196717      8790574.55  
01:37:29  INFO        Power_Dis                       POWERGEN                          0.207066      9253034.10  
01:37:29  INFO        Power_Dis                       Power from MEL                    0.410169     18000000.00  
01:37:29  INFO        SHP Steam_Dis                   HRSG2_SHP STEAM                   0.500000        47642.68  
01:37:29  INFO        SHP Steam_Dis                   HRSG3_SHP STEAM                   0.500000        47642.68  
01:37:29  INFO        STG1_LP STEAM                   SHP Steam_Dis                     0.480000        13200.79  
01:37:29  INFO        STG1_MP STEAM                   SHP Steam_Dis                     0.690000         1510.90  
01:37:29  INFO      
01:37:29  INFO        All U4U materials converged within tolerance
01:37:29  INFO        ------------------------------------------------------------------------------------------
01:37:30  INFO        [DISPATCH] Total demand: 44686.43 MWh, Import: 18000.00 MWh, Net for GT/STG: 26686.43 MWh
01:37:30  WARNING     [DISPATCH] No aux power norm for 'NMD-Power Plant-2'; using 0.0
01:37:30  WARNING     [DISPATCH] No aux power norm for 'NMD-Power Plant-3'; using 0.0
01:37:30  WARNING     [DISPATCH] No aux power norm for 'NMD-STG Power Plant'; using 0.0
01:37:30  INFO        ==============================================================================
01:37:30  INFO        POWER DISPATCH  (April 2025)
01:37:30  INFO        ==============================================================================
01:37:30  INFO        Demand:  Process = 44686.43 MWh  |  Fixed = 0.00 MWh  |  Total = 44686.43 MWh
01:37:30  INFO      
01:37:30  INFO        Asset                      Priority    Min MW    Max MW     Hours   Dispatched MW  Dispatched MWh    Load %  Free Steam MT  Aux Power MWh
01:37:30  INFO        -------------------------  --------  --------  --------  --------  --------------  --------------  --------  ------------  ------------
01:37:30  INFO        NMD-Power Plant-2                 1      5.00     11.50    720.00           11.50         8280.00    100.0%      16311.60          0.00
01:37:30  INFO        NMD-Power Plant-3                 1      5.00     12.80    720.00           12.80         9216.00    100.0%      18155.52          0.00
01:37:30  INFO        NMD-STG Power Plant               2      6.00     14.50    720.00           12.76         9190.43     88.0%          0.00          0.00
01:37:30  INFO        TOTAL                                                                                    26686.43                34467.12          0.00
01:37:30  INFO        DEFICIT: 18000.00 MWh under-generation
01:37:30  INFO        ==============================================================================
01:37:30  INFO        [STG EXTRACTION] STG Load: 12.76 MW, LP Extraction: 20880.00 MT, MP Extraction: 2880.00 MT
01:37:31  INFO        ==============================================================================
01:37:31  INFO        STEAM DISPATCH  (April 2025)
01:37:31  INFO        ==============================================================================
01:37:31  INFO        Grade      Process/Fixed MT  Letdown MT  Byproduct MT     Net Demand MT
01:37:31  INFO        ---------  ----------------  ----------  ------------  ----------------
01:37:31  INFO        MP                 26130.53    17437.90          0.00          23250.53
01:37:31  INFO        SHP                95285.95   104066.66          0.00         112723.85
01:37:31  INFO      
01:37:31  INFO        Total Free Steam available: 34467.12 MT
01:37:31  INFO      
01:37:31  INFO        FINAL SUPPLEMENTARY FIRING DISPATCH
01:37:31  INFO        Asset                      Priority     Min TPH     Max TPH     Hours  Dispatched TPH   Dispatched MT    Load %
01:37:31  INFO        -------------------------  --------  ----------  ----------  --------  --------------  --------------  --------
01:37:31  INFO        HRSG-1                          999       60.00      136.00      0.00            0.00            0.00      0.0%
01:37:31  INFO        HRSG-2                            1       37.34      113.34    720.00           55.63        40050.32     57.6%
01:37:31  INFO        HRSG-3                            1       34.78      110.78    720.00           53.06        38206.40     57.6%
01:37:31  INFO        TOTAL SUPPLEMENTARY                                                                          78256.72          
01:37:31  INFO        TOTAL STEAM GENERATED                                                                       112723.84          
01:37:31  INFO        DEFICIT: 0.01 MT
01:37:31  INFO        ==============================================================================
01:37:31  INFO        [REVERSE NG] Found GT asset: NMD-Power Plant-3, plant: NMD - Power Plant 3, heat_rate: 3862.56, free_steam: 1.97
01:37:31  INFO        [REVERSE NG] NMD - Power Plant 3: gen_qty=9216000 KWH, heat_rate=3862.56, free_steam=1.9700, consumed=86385.63 MMBTU (REVERSE)
01:37:31  INFO        [REVERSE NG] Found GT asset: NMD-Power Plant-2, plant: NMD - Power Plant 2, heat_rate: 4016.03, free_steam: 1.97
01:37:31  INFO        [REVERSE NG] NMD - Power Plant 2: gen_qty=8280000 KWH, heat_rate=4016.03, free_steam=1.9700, consumed=82651.39 MMBTU (REVERSE)
01:37:31  INFO        [REVERSE NG HRSG] Found HRSG: HRSG-2, supp_steam=40050.32 MT, free_steam=16311.60 MT, total_steam=56361.92 MT
01:37:31  INFO        [REVERSE NG HRSG] HRSG2_SHP STEAM: total_steam=56361.92 MT, norm=2.954424, consumed=166517.01 MMBTU (REVERSE, BPC method)
01:37:31  INFO        [REVERSE NG HRSG] Found HRSG: HRSG-3, supp_steam=38206.40 MT, free_steam=18155.52 MT, total_steam=56361.92 MT
01:37:31  INFO        [REVERSE NG HRSG] HRSG3_SHP STEAM: total_steam=56361.92 MT, norm=2.954424, consumed=166517.01 MMBTU (REVERSE, BPC method)
01:37:31  INFO      
01:37:31  INFO        ------------------------------------------------------------------------------------------
01:37:31  INFO        ITERATION 27
01:37:31  INFO        ------------------------------------------------------------------------------------------
01:37:31  INFO        Power:  Demand =    44686430.61 KWH  |  Gen =       26686.43 MWh  |  Surplus =     0.00  |  Deficit =     0.00
01:37:31  INFO        Steam:  Gen =      112723.84 MT  |  Surplus =     0.00  |  Deficit =     0.01
01:37:31  INFO        Power delta: 26.3321 MWh  |  Converged: NO
01:37:31  INFO      
01:37:31  INFO        Utility                                Total Demand      U4U Demand         Initial    Change %
01:37:31  INFO        -----------------------------------  --------------  --------------  --------------  ----------
01:37:31  INFO        Boiler Feed Water                         121825.67       121826.46            0.00     0.0009%
01:37:31  INFO        COMPRESSED AIR                           7296128.10      1212029.75      6084105.59    83.3883%
01:37:31  INFO        Cooling Water 1                            15194.00            0.00        15194.00   100.0000%
01:37:31  INFO        Cooling Water 2                            13189.88         4173.58         9016.31    68.3579%
01:37:31  INFO        D M Water                                 160556.15       104770.08        55787.00    34.7471%
01:37:31  INFO        HP Steam PRDS                               4972.00         4972.00            0.00     0.0000%
01:37:31  INFO        HP Steam_Dis                                4972.00            0.00         4972.00   100.0000%
01:37:31  INFO        HRSG2_SHP STEAM                            47642.68        47642.98            0.00     0.0009%
01:37:31  INFO        HRSG3_SHP STEAM                            47642.68        47642.98            0.00     0.0009%
01:37:31  INFO        LP Steam PRDS                              15442.96        15443.05            0.00     0.0008%
01:37:31  INFO        LP Steam_Dis                               42945.08        17664.72        25280.51    58.8677%
01:37:31  INFO        MP Steam PRDS SHP                          23940.64        23940.79            0.00     0.0008%
01:37:31  INFO        MP Steam_Dis                               26130.53        11582.22        14548.40    55.6765%
01:37:31  INFO        Nitrogen Gas                             5437630.00            0.00      5437630.00   100.0000% (PT)
01:37:31  INFO        Oxygen                                      5787.00            0.00         5787.00   100.0000%
01:37:31  INFO        POWERGEN                                26356887.76     26356905.46            0.00     0.0001%
01:37:31  INFO        Power_Dis                               44686430.61     15444379.58     29242067.20    65.4384%
01:37:31  INFO        SHP Steam_Dis                              95285.95        74311.34        20975.00    22.0133%
01:37:31  INFO        STG1_LP STEAM                              27501.86        27502.03            0.00     0.0008%
01:37:31  INFO        STG1_MP STEAM                               2189.72         2189.74            0.00     0.0008%
01:37:31  INFO        Water                                     768831.17       488461.09       280371.80    36.4676% (PT)
01:37:31  INFO      
01:37:31  INFO        U4U CONSUMPTION BREAKDOWN (per producer per material):
01:37:31  INFO        Producer                        Material Consumed                     Norm        Quantity  Credit
01:37:31  INFO        ------------------------------  ------------------------------  ----------  --------------  ------
01:37:31  INFO        Boiler Feed Water               CHEM CYCLO HEXY                   0.000100           12.18  
01:37:31  INFO        Boiler Feed Water               CHEM MORPHOLENE                   0.000002            0.24  
01:37:31  INFO        Boiler Feed Water               Cooling Water 2                   0.001070          130.35  
01:37:31  INFO        Boiler Feed Water               D M Water                         0.860000       104770.08  
01:37:31  INFO        Boiler Feed Water               KEM WATREAT B 70M                 0.000570           69.44  
01:37:31  INFO        Boiler Feed Water               LP Steam_Dis                      0.145000        17664.72  
01:37:31  INFO        Boiler Feed Water               Power_Dis                         9.500000      1157343.91  
01:37:31  INFO        COMPRESSED AIR                  Cooling Water 2                   0.000025          182.40  
01:37:31  INFO        COMPRESSED AIR                  Power_Dis                         0.165000      1203861.14  
01:37:31  INFO        Cooling Water 1                 COMPRESSED AIR                    0.108592         1649.95  
01:37:31  INFO        Cooling Water 1                 Power_Dis                       244.999997      3722529.95  
01:37:31  INFO        Cooling Water 1                 SULPHURIC ACID                    0.000158            2.40  
01:37:31  INFO        Cooling Water 1                 Water                            11.050000       167893.70  
01:37:31  INFO        Cooling Water 2                 COMPRESSED AIR                    0.123044         1622.94  
01:37:31  INFO        Cooling Water 2                 Power_Dis                       249.999997      3297469.23  
01:37:31  INFO        Cooling Water 2                 SULPHURIC ACID                    0.000158            2.08  
01:37:31  INFO        Cooling Water 2                 Water                            11.500000       151683.59  
01:37:31  INFO        D M Water                       CAUSTIC SODA LYE – GRADE 1        0.000226           36.29  
01:37:31  INFO        D M Water                       CHEM  SODIUM SULPHITE;PN:MIS 1    0.000701          112.55  
01:37:31  INFO        D M Water                       CHEM ALUM.SULFATE, AL2(SO4)3,1    0.000757          121.54  
01:37:31  INFO        D M Water                       COMPRESSED AIR                    0.077000        12362.82  
01:37:31  INFO        D M Water                       HYDRO CHLORIC ACID (30%) -VIRG    0.000226           36.29  
01:37:31  INFO        D M Water                       POLYELECTROLYTE                   0.000578           92.80  
01:37:31  INFO        D M Water                       Power_Dis                         1.210000       194272.94  
01:37:31  INFO        D M Water                       Ret steam condensate              0.203000        32592.90  
01:37:31  INFO        D M Water                       SODIUM CHLORIDE IS 797 GRADE1     0.000010            1.61  
01:37:31  INFO        D M Water                       Water                             1.050000       168583.95  
01:37:31  INFO        HP Steam PRDS                   Boiler Feed Water                 0.076800          381.85  
01:37:31  INFO        HP Steam PRDS                   SHP Steam_Dis                     0.923200         4590.15  
01:37:31  INFO        HP Steam_Dis                    HP Steam PRDS                     1.000000         4972.00  
01:37:31  INFO        HRSG2_SHP STEAM                 Boiler Feed Water                 1.024000        57714.61  
01:37:31  INFO        HRSG2_SHP STEAM                 CHEM TRISODIUM PHOSPHATE          0.000900           50.73  
01:37:31  INFO        HRSG2_SHP STEAM                 COMPRESSED AIR                    9.853236       555347.30  
01:37:31  INFO        HRSG2_SHP STEAM                 FURNACE OIL ( MEDIUM VISCOSITY    0.000098            5.52  
01:37:31  INFO        HRSG2_SHP STEAM                 LP Steam_Dis                     -0.078000        -4396.23  YES
01:37:31  INFO        HRSG2_SHP STEAM                 NATURAL GAS                       2.954424       166517.01  
01:37:31  INFO        HRSG2_SHP STEAM                 Water                             0.002660          149.92  
01:37:31  INFO        HRSG3_SHP STEAM                 Boiler Feed Water                 1.024000        57714.61  
01:37:31  INFO        HRSG3_SHP STEAM                 CHEM TRISODIUM PHOSPHATE          0.000900           50.73  
01:37:31  INFO        HRSG3_SHP STEAM                 COMPRESSED AIR                    9.596520       540878.29  
01:37:31  INFO        HRSG3_SHP STEAM                 FURNACE OIL ( MEDIUM VISCOSITY    0.000098            5.52  
01:37:31  INFO        HRSG3_SHP STEAM                 LP Steam_Dis                     -0.078000        -4396.23  YES
01:37:31  INFO        HRSG3_SHP STEAM                 NATURAL GAS                       2.954424       166517.01  
01:37:31  INFO        HRSG3_SHP STEAM                 Water                             0.002660          149.92  
01:37:31  INFO        LP Steam PRDS                   Boiler Feed Water                 0.250000         3860.74  
01:37:31  INFO        LP Steam PRDS                   MP Steam_Dis                      0.750000        11582.22  
01:37:31  INFO        LP Steam_Dis                    LP Steam PRDS                     0.359600        15443.05  
01:37:31  INFO        LP Steam_Dis                    STG1_LP STEAM                     0.640400        27502.03  
01:37:31  INFO        MP Steam PRDS SHP               Boiler Feed Water                 0.090000         2154.66  
01:37:31  INFO        MP Steam PRDS SHP               SHP Steam_Dis                     0.910000        21785.98  
01:37:31  INFO        MP Steam_Dis                    MP Steam PRDS SHP                 0.916200        23940.79  
01:37:31  INFO        MP Steam_Dis                    STG1_MP STEAM                     0.083800         2189.74  
01:37:31  INFO        Oxygen                          Cooling Water 2                   0.261000         1510.41  
01:37:31  INFO        Oxygen                          Power_Dis                       968.650000      5605577.55  
01:37:31  INFO        POWERGEN                        COMPRESSED AIR                    0.004011        36862.81  
01:37:31  INFO        POWERGEN                        COMPRESSED AIR                    0.003420        31518.72  
01:37:31  INFO        POWERGEN                        COMPRESSED AIR                    0.003839        31786.92  
01:37:31  INFO        POWERGEN                        COMPRESSED AIR                    0.000000            0.00  
01:37:31  INFO        POWERGEN                        Cooling Water 2                   0.000232         2132.18  
01:37:31  INFO        POWERGEN                        Cooling Water 2                   0.000012          110.59  
01:37:31  INFO        POWERGEN                        Cooling Water 2                   0.000013          107.64  
01:37:31  INFO        POWERGEN                        Cooling Water 2                   0.000000            0.00  
01:37:31  INFO        POWERGEN                        NATURAL GAS                       0.009373        86385.63  
01:37:31  INFO        POWERGEN                        NATURAL GAS                       0.009982        82651.39  
01:37:31  INFO        POWERGEN                        NATURAL GAS                       0.009472            0.00  
01:37:31  INFO        POWERGEN                        Power_Dis                         0.002000        18380.86  
01:37:31  INFO        POWERGEN                        Power_Dis                         0.014000       129024.00  
01:37:31  INFO        POWERGEN                        Power_Dis                         0.014000       115920.00  
01:37:31  INFO        POWERGEN                        Power_Dis                         0.000000            0.00  
01:37:31  INFO        POWERGEN                        SHP Steam_Dis                     0.003615        33223.40  
01:37:31  INFO        Power_Dis                       POWERGEN                          0.186036      8313284.69  
01:37:31  INFO        Power_Dis                       POWERGEN                          0.196717      8790580.45  
01:37:31  INFO        Power_Dis                       POWERGEN                          0.207066      9253040.31  
01:37:31  INFO        Power_Dis                       Power from MEL                    0.410169     18000000.00  
01:37:31  INFO        SHP Steam_Dis                   HRSG2_SHP STEAM                   0.500000        47642.98  
01:37:31  INFO        SHP Steam_Dis                   HRSG3_SHP STEAM                   0.500000        47642.98  
01:37:31  INFO        STG1_LP STEAM                   SHP Steam_Dis                     0.480000        13200.89  
01:37:31  INFO        STG1_MP STEAM                   SHP Steam_Dis                     0.690000         1510.91  
01:37:31  INFO      
01:37:31  INFO        All U4U materials converged within tolerance
01:37:31  INFO        ------------------------------------------------------------------------------------------
01:37:32  INFO        [DISPATCH] Total demand: 44686.45 MWh, Import: 18000.00 MWh, Net for GT/STG: 26686.45 MWh
01:37:32  WARNING     [DISPATCH] No aux power norm for 'NMD-Power Plant-2'; using 0.0
01:37:32  WARNING     [DISPATCH] No aux power norm for 'NMD-Power Plant-3'; using 0.0
01:37:32  WARNING     [DISPATCH] No aux power norm for 'NMD-STG Power Plant'; using 0.0
01:37:32  INFO        ==============================================================================
01:37:32  INFO        POWER DISPATCH  (April 2025)
01:37:32  INFO        ==============================================================================
01:37:32  INFO        Demand:  Process = 44686.45 MWh  |  Fixed = 0.00 MWh  |  Total = 44686.45 MWh
01:37:32  INFO      
01:37:32  INFO        Asset                      Priority    Min MW    Max MW     Hours   Dispatched MW  Dispatched MWh    Load %  Free Steam MT  Aux Power MWh
01:37:32  INFO        -------------------------  --------  --------  --------  --------  --------------  --------------  --------  ------------  ------------
01:37:32  INFO        NMD-Power Plant-2                 1      5.00     11.50    720.00           11.50         8280.00    100.0%      16311.60          0.00
01:37:32  INFO        NMD-Power Plant-3                 1      5.00     12.80    720.00           12.80         9216.00    100.0%      18155.52          0.00
01:37:32  INFO        NMD-STG Power Plant               2      6.00     14.50    720.00           12.76         9190.45     88.0%          0.00          0.00
01:37:32  INFO        TOTAL                                                                                    26686.45                34467.12          0.00
01:37:32  INFO        DEFICIT: 18000.00 MWh under-generation
01:37:32  INFO        ==============================================================================
01:37:32  INFO        [STG EXTRACTION] STG Load: 12.76 MW, LP Extraction: 20880.00 MT, MP Extraction: 2880.00 MT
01:37:32  INFO        ==============================================================================
01:37:32  INFO        STEAM DISPATCH  (April 2025)
01:37:32  INFO        ==============================================================================
01:37:32  INFO        Grade      Process/Fixed MT  Letdown MT  Byproduct MT     Net Demand MT
01:37:32  INFO        ---------  ----------------  ----------  ------------  ----------------
01:37:32  INFO        MP                 26130.62    17437.96          0.00          23250.62
01:37:32  INFO        SHP                95286.34   104067.08          0.00         112724.30
01:37:32  INFO      
01:37:32  INFO        Total Free Steam available: 34467.12 MT
01:37:32  INFO      
01:37:32  INFO        FINAL SUPPLEMENTARY FIRING DISPATCH
01:37:32  INFO        Asset                      Priority     Min TPH     Max TPH     Hours  Dispatched TPH   Dispatched MT    Load %
01:37:32  INFO        -------------------------  --------  ----------  ----------  --------  --------------  --------------  --------
01:37:32  INFO        HRSG-1                          999       60.00      136.00      0.00            0.00            0.00      0.0%
01:37:32  INFO        HRSG-2                            1       37.34      113.34    720.00           55.63        40050.55     57.6%
01:37:32  INFO        HRSG-3                            1       34.78      110.78    720.00           53.06        38206.63     57.6%
01:37:32  INFO        TOTAL SUPPLEMENTARY                                                                          78257.18          
01:37:32  INFO        TOTAL STEAM GENERATED                                                                       112724.30          
01:37:32  INFO        DEFICIT: 0.00 MT
01:37:32  INFO        ==============================================================================
01:37:32  INFO        [REVERSE NG] Found GT asset: NMD-Power Plant-3, plant: NMD - Power Plant 3, heat_rate: 3862.56, free_steam: 1.97
01:37:32  INFO        [REVERSE NG] NMD - Power Plant 3: gen_qty=9216000 KWH, heat_rate=3862.56, free_steam=1.9700, consumed=86385.63 MMBTU (REVERSE)
01:37:32  INFO        [REVERSE NG] Found GT asset: NMD-Power Plant-2, plant: NMD - Power Plant 2, heat_rate: 4016.03, free_steam: 1.97
01:37:32  INFO        [REVERSE NG] NMD - Power Plant 2: gen_qty=8280000 KWH, heat_rate=4016.03, free_steam=1.9700, consumed=82651.39 MMBTU (REVERSE)
01:37:32  INFO        [REVERSE NG HRSG] Found HRSG: HRSG-2, supp_steam=40050.55 MT, free_steam=16311.60 MT, total_steam=56362.15 MT
01:37:32  INFO        [REVERSE NG HRSG] HRSG2_SHP STEAM: total_steam=56362.15 MT, norm=2.954424, consumed=166517.69 MMBTU (REVERSE, BPC method)
01:37:32  INFO        [REVERSE NG HRSG] Found HRSG: HRSG-3, supp_steam=38206.63 MT, free_steam=18155.52 MT, total_steam=56362.15 MT
01:37:32  INFO        [REVERSE NG HRSG] HRSG3_SHP STEAM: total_steam=56362.15 MT, norm=2.954424, consumed=166517.69 MMBTU (REVERSE, BPC method)
01:37:32  INFO      
01:37:32  INFO        ------------------------------------------------------------------------------------------
01:37:32  INFO        ITERATION 28
01:37:32  INFO        ------------------------------------------------------------------------------------------
01:37:32  INFO        Power:  Demand =    44686446.78 KWH  |  Gen =       26686.45 MWh  |  Surplus =     0.00  |  Deficit =     0.00
01:37:32  INFO        Steam:  Gen =      112724.30 MT  |  Surplus =     0.00  |  Deficit =     0.00
01:37:32  INFO        Power delta: 16.1669 MWh  |  Converged: NO
01:37:32  INFO      
01:37:32  INFO        Utility                                Total Demand      U4U Demand         Initial    Change %
01:37:32  INFO        -----------------------------------  --------------  --------------  --------------  ----------
01:37:32  INFO        Boiler Feed Water                         121826.46       121826.97            0.00     0.0006%
01:37:32  INFO        COMPRESSED AIR                           7296135.34      1212034.38      6084105.59    83.3882%
01:37:32  INFO        Cooling Water 1                            15194.00            0.00        15194.00   100.0000%
01:37:32  INFO        Cooling Water 2                            13189.89         4173.58         9016.31    68.3578%
01:37:32  INFO        D M Water                                 160557.08       104770.75        55787.00    34.7465%
01:37:32  INFO        HP Steam PRDS                               4972.00         4972.00            0.00     0.0000%
01:37:32  INFO        HP Steam_Dis                                4972.00            0.00         4972.00   100.0000%
01:37:32  INFO        HRSG2_SHP STEAM                            47642.98        47643.17            0.00     0.0006%
01:37:32  INFO        HRSG3_SHP STEAM                            47642.98        47643.17            0.00     0.0006%
01:37:32  INFO        LP Steam PRDS                              15443.05        15443.11            0.00     0.0006%
01:37:32  INFO        LP Steam_Dis                               42945.23        17664.84        25280.51    58.8672%
01:37:32  INFO        MP Steam PRDS SHP                          23940.79        23940.87            0.00     0.0006%
01:37:32  INFO        MP Steam_Dis                               26130.62        11582.29        14548.40    55.6760%
01:37:32  INFO        Nitrogen Gas                             5437630.00            0.00      5437630.00   100.0000% (PT)
01:37:32  INFO        Oxygen                                      5787.00            0.00         5787.00   100.0000%
01:37:32  INFO        POWERGEN                                26356905.46     26356917.25            0.00     0.0001%
01:37:32  INFO        Power_Dis                               44686446.78     15444391.48     29242067.20    65.4384%
01:37:32  INFO        SHP Steam_Dis                              95286.34        74311.64        20975.00    22.0130%
01:37:32  INFO        STG1_LP STEAM                              27502.03        27502.13            0.00     0.0006%
01:37:32  INFO        STG1_MP STEAM                               2189.74         2189.75            0.00     0.0006%
01:37:32  INFO        Water                                     768832.89       488462.16       280371.80    36.4674% (PT)
01:37:32  INFO      
01:37:32  INFO        U4U CONSUMPTION BREAKDOWN (per producer per material):
01:37:32  INFO        Producer                        Material Consumed                     Norm        Quantity  Credit
01:37:32  INFO        ------------------------------  ------------------------------  ----------  --------------  ------
01:37:32  INFO        Boiler Feed Water               CHEM CYCLO HEXY                   0.000100           12.18  
01:37:32  INFO        Boiler Feed Water               CHEM MORPHOLENE                   0.000002            0.24  
01:37:32  INFO        Boiler Feed Water               Cooling Water 2                   0.001070          130.35  
01:37:32  INFO        Boiler Feed Water               D M Water                         0.860000       104770.75  
01:37:32  INFO        Boiler Feed Water               KEM WATREAT B 70M                 0.000570           69.44  
01:37:32  INFO        Boiler Feed Water               LP Steam_Dis                      0.145000        17664.84  
01:37:32  INFO        Boiler Feed Water               Power_Dis                         9.500000      1157351.36  
01:37:32  INFO        COMPRESSED AIR                  Cooling Water 2                   0.000025          182.40  
01:37:32  INFO        COMPRESSED AIR                  Power_Dis                         0.165000      1203862.33  
01:37:32  INFO        Cooling Water 1                 COMPRESSED AIR                    0.108592         1649.95  
01:37:32  INFO        Cooling Water 1                 Power_Dis                       244.999997      3722529.95  
01:37:32  INFO        Cooling Water 1                 SULPHURIC ACID                    0.000158            2.40  
01:37:32  INFO        Cooling Water 1                 Water                            11.050000       167893.70  
01:37:32  INFO        Cooling Water 2                 COMPRESSED AIR                    0.123044         1622.94  
01:37:32  INFO        Cooling Water 2                 Power_Dis                       249.999997      3297471.32  
01:37:32  INFO        Cooling Water 2                 SULPHURIC ACID                    0.000158            2.08  
01:37:32  INFO        Cooling Water 2                 Water                            11.500000       151683.68  
01:37:32  INFO        D M Water                       CAUSTIC SODA LYE – GRADE 1        0.000226           36.29  
01:37:32  INFO        D M Water                       CHEM  SODIUM SULPHITE;PN:MIS 1    0.000701          112.55  
01:37:32  INFO        D M Water                       CHEM ALUM.SULFATE, AL2(SO4)3,1    0.000757          121.54  
01:37:32  INFO        D M Water                       COMPRESSED AIR                    0.077000        12362.90  
01:37:32  INFO        D M Water                       HYDRO CHLORIC ACID (30%) -VIRG    0.000226           36.29  
01:37:32  INFO        D M Water                       POLYELECTROLYTE                   0.000578           92.80  
01:37:32  INFO        D M Water                       Power_Dis                         1.210000       194274.07  
01:37:32  INFO        D M Water                       Ret steam condensate              0.203000        32593.09  
01:37:32  INFO        D M Water                       SODIUM CHLORIDE IS 797 GRADE1     0.000010            1.61  
01:37:32  INFO        D M Water                       Water                             1.050000       168584.93  
01:37:32  INFO        HP Steam PRDS                   Boiler Feed Water                 0.076800          381.85  
01:37:32  INFO        HP Steam PRDS                   SHP Steam_Dis                     0.923200         4590.15  
01:37:32  INFO        HP Steam_Dis                    HP Steam PRDS                     1.000000         4972.00  
01:37:32  INFO        HRSG2_SHP STEAM                 Boiler Feed Water                 1.024000        57714.84  
01:37:32  INFO        HRSG2_SHP STEAM                 CHEM TRISODIUM PHOSPHATE          0.000900           50.73  
01:37:32  INFO        HRSG2_SHP STEAM                 COMPRESSED AIR                    9.853236       555349.57  
01:37:32  INFO        HRSG2_SHP STEAM                 FURNACE OIL ( MEDIUM VISCOSITY    0.000098            5.52  
01:37:32  INFO        HRSG2_SHP STEAM                 LP Steam_Dis                     -0.078000        -4396.25  YES
01:37:32  INFO        HRSG2_SHP STEAM                 NATURAL GAS                       2.954424       166517.69  
01:37:32  INFO        HRSG2_SHP STEAM                 Water                             0.002660          149.92  
01:37:32  INFO        HRSG3_SHP STEAM                 Boiler Feed Water                 1.024000        57714.84  
01:37:32  INFO        HRSG3_SHP STEAM                 CHEM TRISODIUM PHOSPHATE          0.000900           50.73  
01:37:32  INFO        HRSG3_SHP STEAM                 COMPRESSED AIR                    9.596520       540880.50  
01:37:32  INFO        HRSG3_SHP STEAM                 FURNACE OIL ( MEDIUM VISCOSITY    0.000098            5.52  
01:37:32  INFO        HRSG3_SHP STEAM                 LP Steam_Dis                     -0.078000        -4396.25  YES
01:37:32  INFO        HRSG3_SHP STEAM                 NATURAL GAS                       2.954424       166517.69  
01:37:32  INFO        HRSG3_SHP STEAM                 Water                             0.002660          149.92  
01:37:32  INFO        LP Steam PRDS                   Boiler Feed Water                 0.250000         3860.76  
01:37:32  INFO        LP Steam PRDS                   MP Steam_Dis                      0.750000        11582.29  
01:37:32  INFO        LP Steam_Dis                    LP Steam PRDS                     0.359600        15443.11  
01:37:32  INFO        LP Steam_Dis                    STG1_LP STEAM                     0.640400        27502.13  
01:37:32  INFO        MP Steam PRDS SHP               Boiler Feed Water                 0.090000         2154.67  
01:37:32  INFO        MP Steam PRDS SHP               SHP Steam_Dis                     0.910000        21786.12  
01:37:32  INFO        MP Steam_Dis                    MP Steam PRDS SHP                 0.916200        23940.87  
01:37:32  INFO        MP Steam_Dis                    STG1_MP STEAM                     0.083800         2189.75  
01:37:32  INFO        Oxygen                          Cooling Water 2                   0.261000         1510.41  
01:37:32  INFO        Oxygen                          Power_Dis                       968.650000      5605577.55  
01:37:32  INFO        POWERGEN                        COMPRESSED AIR                    0.004011        36862.89  
01:37:32  INFO        POWERGEN                        COMPRESSED AIR                    0.003420        31518.72  
01:37:32  INFO        POWERGEN                        COMPRESSED AIR                    0.003839        31786.92  
01:37:32  INFO        POWERGEN                        COMPRESSED AIR                    0.000000            0.00  
01:37:32  INFO        POWERGEN                        Cooling Water 2                   0.000232         2132.18  
01:37:32  INFO        POWERGEN                        Cooling Water 2                   0.000012          110.59  
01:37:32  INFO        POWERGEN                        Cooling Water 2                   0.000013          107.64  
01:37:32  INFO        POWERGEN                        Cooling Water 2                   0.000000            0.00  
01:37:32  INFO        POWERGEN                        NATURAL GAS                       0.009373        86385.63  
01:37:32  INFO        POWERGEN                        NATURAL GAS                       0.009982        82651.39  
01:37:32  INFO        POWERGEN                        NATURAL GAS                       0.009472            0.00  
01:37:32  INFO        POWERGEN                        Power_Dis                         0.002000        18380.90  
01:37:32  INFO        POWERGEN                        Power_Dis                         0.014000       129024.00  
01:37:32  INFO        POWERGEN                        Power_Dis                         0.014000       115920.00  
01:37:32  INFO        POWERGEN                        Power_Dis                         0.000000            0.00  
01:37:32  INFO        POWERGEN                        SHP Steam_Dis                     0.003615        33223.48  
01:37:32  INFO        Power_Dis                       POWERGEN                          0.186036      8313288.41  
01:37:32  INFO        Power_Dis                       POWERGEN                          0.196717      8790584.38  
01:37:32  INFO        Power_Dis                       POWERGEN                          0.207066      9253044.46  
01:37:32  INFO        Power_Dis                       Power from MEL                    0.410169     18000000.00  
01:37:32  INFO        SHP Steam_Dis                   HRSG2_SHP STEAM                   0.500000        47643.17  
01:37:32  INFO        SHP Steam_Dis                   HRSG3_SHP STEAM                   0.500000        47643.17  
01:37:32  INFO        STG1_LP STEAM                   SHP Steam_Dis                     0.480000        13200.97  
01:37:32  INFO        STG1_MP STEAM                   SHP Steam_Dis                     0.690000         1510.92  
01:37:32  INFO      
01:37:32  INFO        All U4U materials converged within tolerance
01:37:32  INFO        ------------------------------------------------------------------------------------------
01:37:33  INFO        [DISPATCH] Total demand: 44686.46 MWh, Import: 18000.00 MWh, Net for GT/STG: 26686.46 MWh
01:37:33  WARNING     [DISPATCH] No aux power norm for 'NMD-Power Plant-2'; using 0.0
01:37:34  WARNING     [DISPATCH] No aux power norm for 'NMD-Power Plant-3'; using 0.0
01:37:34  WARNING     [DISPATCH] No aux power norm for 'NMD-STG Power Plant'; using 0.0
01:37:34  INFO        ==============================================================================
01:37:34  INFO        POWER DISPATCH  (April 2025)
01:37:34  INFO        ==============================================================================
01:37:34  INFO        Demand:  Process = 44686.46 MWh  |  Fixed = 0.00 MWh  |  Total = 44686.46 MWh
01:37:34  INFO      
01:37:34  INFO        Asset                      Priority    Min MW    Max MW     Hours   Dispatched MW  Dispatched MWh    Load %  Free Steam MT  Aux Power MWh
01:37:34  INFO        -------------------------  --------  --------  --------  --------  --------------  --------------  --------  ------------  ------------
01:37:34  INFO        NMD-Power Plant-2                 1      5.00     11.50    720.00           11.50         8280.00    100.0%      16311.60          0.00
01:37:34  INFO        NMD-Power Plant-3                 1      5.00     12.80    720.00           12.80         9216.00    100.0%      18155.52          0.00
01:37:34  INFO        NMD-STG Power Plant               2      6.00     14.50    720.00           12.76         9190.46     88.0%          0.00          0.00
01:37:34  INFO        TOTAL                                                                                    26686.46                34467.12          0.00
01:37:34  INFO        DEFICIT: 18000.00 MWh under-generation
01:37:34  INFO        ==============================================================================
01:37:34  INFO        [STG EXTRACTION] STG Load: 12.76 MW, LP Extraction: 20880.00 MT, MP Extraction: 2880.00 MT
01:37:34  INFO        ==============================================================================
01:37:34  INFO        STEAM DISPATCH  (April 2025)
01:37:34  INFO        ==============================================================================
01:37:34  INFO        Grade      Process/Fixed MT  Letdown MT  Byproduct MT     Net Demand MT
01:37:34  INFO        ---------  ----------------  ----------  ------------  ----------------
01:37:34  INFO        MP                 26130.69    17438.02          0.00          23250.69
01:37:34  INFO        SHP                95286.64   104067.40          0.00         112724.65
01:37:34  INFO      
01:37:34  INFO        Total Free Steam available: 34467.12 MT
01:37:34  INFO      
01:37:34  INFO        FINAL SUPPLEMENTARY FIRING DISPATCH
01:37:34  INFO        Asset                      Priority     Min TPH     Max TPH     Hours  Dispatched TPH   Dispatched MT    Load %
01:37:34  INFO        -------------------------  --------  ----------  ----------  --------  --------------  --------------  --------
01:37:34  INFO        HRSG-1                          999       60.00      136.00      0.00            0.00            0.00      0.0%
01:37:34  INFO        HRSG-2                            1       37.34      113.34    720.00           55.63        40050.73     57.6%
01:37:34  INFO        HRSG-3                            1       34.78      110.78    720.00           53.06        38206.81     57.6%
01:37:34  INFO        TOTAL SUPPLEMENTARY                                                                          78257.54          
01:37:34  INFO        TOTAL STEAM GENERATED                                                                       112724.66          
01:37:34  INFO        SURPLUS: 0.01 MT
01:37:34  INFO        ==============================================================================
01:37:34  INFO        [REVERSE NG] Found GT asset: NMD-Power Plant-3, plant: NMD - Power Plant 3, heat_rate: 3862.56, free_steam: 1.97
01:37:34  INFO        [REVERSE NG] NMD - Power Plant 3: gen_qty=9216000 KWH, heat_rate=3862.56, free_steam=1.9700, consumed=86385.63 MMBTU (REVERSE)
01:37:34  INFO        [REVERSE NG] Found GT asset: NMD-Power Plant-2, plant: NMD - Power Plant 2, heat_rate: 4016.03, free_steam: 1.97
01:37:34  INFO        [REVERSE NG] NMD - Power Plant 2: gen_qty=8280000 KWH, heat_rate=4016.03, free_steam=1.9700, consumed=82651.39 MMBTU (REVERSE)
01:37:34  INFO        [REVERSE NG HRSG] Found HRSG: HRSG-2, supp_steam=40050.73 MT, free_steam=16311.60 MT, total_steam=56362.33 MT
01:37:34  INFO        [REVERSE NG HRSG] HRSG2_SHP STEAM: total_steam=56362.33 MT, norm=2.954424, consumed=166518.22 MMBTU (REVERSE, BPC method)
01:37:34  INFO        [REVERSE NG HRSG] Found HRSG: HRSG-3, supp_steam=38206.81 MT, free_steam=18155.52 MT, total_steam=56362.33 MT
01:37:34  INFO        [REVERSE NG HRSG] HRSG3_SHP STEAM: total_steam=56362.33 MT, norm=2.954424, consumed=166518.22 MMBTU (REVERSE, BPC method)
01:37:34  INFO      
01:37:34  INFO        ------------------------------------------------------------------------------------------
01:37:34  INFO        ITERATION 29
01:37:34  INFO        ------------------------------------------------------------------------------------------
01:37:34  INFO        Power:  Demand =    44686458.68 KWH  |  Gen =       26686.46 MWh  |  Surplus =     0.00  |  Deficit =     0.00
01:37:34  INFO        Steam:  Gen =      112724.66 MT  |  Surplus =     0.01  |  Deficit =     0.00
01:37:34  INFO        Power delta: 11.9016 MWh  |  Converged: NO
01:37:34  INFO      
01:37:34  INFO        Utility                                Total Demand      U4U Demand         Initial    Change %
01:37:34  INFO        -----------------------------------  --------------  --------------  --------------  ----------
01:37:34  INFO        Boiler Feed Water                         121826.97       121827.36            0.00     0.0004%
01:37:34  INFO        COMPRESSED AIR                           7296139.97      1212037.97      6084105.59    83.3881%
01:37:34  INFO        Cooling Water 1                            15194.00            0.00        15194.00   100.0000%
01:37:34  INFO        Cooling Water 2                            13189.89         4173.58         9016.31    68.3578%
01:37:34  INFO        D M Water                                 160557.75       104771.19        55787.00    34.7462%
01:37:34  INFO        HP Steam PRDS                               4972.00         4972.00            0.00     0.0000%
01:37:34  INFO        HP Steam_Dis                                4972.00            0.00         4972.00   100.0000%
01:37:34  INFO        HRSG2_SHP STEAM                            47643.17        47643.32            0.00     0.0004%
01:37:34  INFO        HRSG3_SHP STEAM                            47643.17        47643.32            0.00     0.0004%
01:37:34  INFO        LP Steam PRDS                              15443.11        15443.15            0.00     0.0004%
01:37:34  INFO        LP Steam_Dis                               42945.35        17664.91        25280.51    58.8670%
01:37:34  INFO        MP Steam PRDS SHP                          23940.87        23940.94            0.00     0.0003%
01:37:34  INFO        MP Steam_Dis                               26130.69        11582.33        14548.40    55.6758%
01:37:34  INFO        Nitrogen Gas                             5437630.00            0.00      5437630.00   100.0000% (PT)
01:37:34  INFO        Oxygen                                      5787.00            0.00         5787.00   100.0000%
01:37:34  INFO        POWERGEN                                26356917.25     26356923.15            0.00     0.0000%
01:37:34  INFO        Power_Dis                               44686458.68     15444399.31     29242067.20    65.4383%
01:37:34  INFO        SHP Steam_Dis                              95286.64        74311.80        20975.00    22.0128%
01:37:34  INFO        STG1_LP STEAM                              27502.13        27502.20            0.00     0.0004%
01:37:34  INFO        STG1_MP STEAM                               2189.75         2189.75            0.00     0.0003%
01:37:34  INFO        Water                                     768833.96       488462.94       280371.80    36.4673% (PT)
01:37:34  INFO      
01:37:34  INFO        U4U CONSUMPTION BREAKDOWN (per producer per material):
01:37:34  INFO        Producer                        Material Consumed                     Norm        Quantity  Credit
01:37:34  INFO        ------------------------------  ------------------------------  ----------  --------------  ------
01:37:34  INFO        Boiler Feed Water               CHEM CYCLO HEXY                   0.000100           12.18  
01:37:34  INFO        Boiler Feed Water               CHEM MORPHOLENE                   0.000002            0.24  
01:37:34  INFO        Boiler Feed Water               Cooling Water 2                   0.001070          130.35  
01:37:34  INFO        Boiler Feed Water               D M Water                         0.860000       104771.19  
01:37:34  INFO        Boiler Feed Water               KEM WATREAT B 70M                 0.000570           69.44  
01:37:34  INFO        Boiler Feed Water               LP Steam_Dis                      0.145000        17664.91  
01:37:34  INFO        Boiler Feed Water               Power_Dis                         9.500000      1157356.18  
01:37:34  INFO        COMPRESSED AIR                  Cooling Water 2                   0.000025          182.40  
01:37:34  INFO        COMPRESSED AIR                  Power_Dis                         0.165000      1203863.09  
01:37:34  INFO        Cooling Water 1                 COMPRESSED AIR                    0.108592         1649.95  
01:37:34  INFO        Cooling Water 1                 Power_Dis                       244.999997      3722529.95  
01:37:34  INFO        Cooling Water 1                 SULPHURIC ACID                    0.000158            2.40  
01:37:34  INFO        Cooling Water 1                 Water                            11.050000       167893.70  
01:37:34  INFO        Cooling Water 2                 COMPRESSED AIR                    0.123044         1622.94  
01:37:34  INFO        Cooling Water 2                 Power_Dis                       249.999997      3297472.73  
01:37:34  INFO        Cooling Water 2                 SULPHURIC ACID                    0.000158            2.08  
01:37:34  INFO        Cooling Water 2                 Water                            11.500000       151683.75  
01:37:34  INFO        D M Water                       CAUSTIC SODA LYE – GRADE 1        0.000226           36.29  
01:37:34  INFO        D M Water                       CHEM  SODIUM SULPHITE;PN:MIS 1    0.000701          112.55  
01:37:34  INFO        D M Water                       CHEM ALUM.SULFATE, AL2(SO4)3,1    0.000757          121.54  
01:37:34  INFO        D M Water                       COMPRESSED AIR                    0.077000        12362.95  
01:37:34  INFO        D M Water                       HYDRO CHLORIC ACID (30%) -VIRG    0.000226           36.29  
01:37:34  INFO        D M Water                       POLYELECTROLYTE                   0.000578           92.80  
01:37:34  INFO        D M Water                       Power_Dis                         1.210000       194274.88  
01:37:34  INFO        D M Water                       Ret steam condensate              0.203000        32593.22  
01:37:34  INFO        D M Water                       SODIUM CHLORIDE IS 797 GRADE1     0.000010            1.61  
01:37:34  INFO        D M Water                       Water                             1.050000       168585.64  
01:37:34  INFO        HP Steam PRDS                   Boiler Feed Water                 0.076800          381.85  
01:37:34  INFO        HP Steam PRDS                   SHP Steam_Dis                     0.923200         4590.15  
01:37:34  INFO        HP Steam_Dis                    HP Steam PRDS                     1.000000         4972.00  
01:37:34  INFO        HRSG2_SHP STEAM                 Boiler Feed Water                 1.024000        57715.03  
01:37:34  INFO        HRSG2_SHP STEAM                 CHEM TRISODIUM PHOSPHATE          0.000900           50.73  
01:37:34  INFO        HRSG2_SHP STEAM                 COMPRESSED AIR                    9.853236       555351.34  
01:37:34  INFO        HRSG2_SHP STEAM                 FURNACE OIL ( MEDIUM VISCOSITY    0.000098            5.52  
01:37:34  INFO        HRSG2_SHP STEAM                 LP Steam_Dis                     -0.078000        -4396.26  YES
01:37:34  INFO        HRSG2_SHP STEAM                 NATURAL GAS                       2.954424       166518.22  
01:37:34  INFO        HRSG2_SHP STEAM                 Water                             0.002660          149.92  
01:37:34  INFO        HRSG3_SHP STEAM                 Boiler Feed Water                 1.024000        57715.03  
01:37:34  INFO        HRSG3_SHP STEAM                 CHEM TRISODIUM PHOSPHATE          0.000900           50.73  
01:37:34  INFO        HRSG3_SHP STEAM                 COMPRESSED AIR                    9.596520       540882.23  
01:37:34  INFO        HRSG3_SHP STEAM                 FURNACE OIL ( MEDIUM VISCOSITY    0.000098            5.52  
01:37:34  INFO        HRSG3_SHP STEAM                 LP Steam_Dis                     -0.078000        -4396.26  YES
01:37:34  INFO        HRSG3_SHP STEAM                 NATURAL GAS                       2.954424       166518.22  
01:37:34  INFO        HRSG3_SHP STEAM                 Water                             0.002660          149.92  
01:37:34  INFO        LP Steam PRDS                   Boiler Feed Water                 0.250000         3860.78  
01:37:34  INFO        LP Steam PRDS                   MP Steam_Dis                      0.750000        11582.33  
01:37:34  INFO        LP Steam_Dis                    LP Steam PRDS                     0.359600        15443.15  
01:37:34  INFO        LP Steam_Dis                    STG1_LP STEAM                     0.640400        27502.20  
01:37:34  INFO        MP Steam PRDS SHP               Boiler Feed Water                 0.090000         2154.68  
01:37:34  INFO        MP Steam PRDS SHP               SHP Steam_Dis                     0.910000        21786.19  
01:37:34  INFO        MP Steam_Dis                    MP Steam PRDS SHP                 0.916200        23940.94  
01:37:34  INFO        MP Steam_Dis                    STG1_MP STEAM                     0.083800         2189.75  
01:37:34  INFO        Oxygen                          Cooling Water 2                   0.261000         1510.41  
01:37:34  INFO        Oxygen                          Power_Dis                       968.650000      5605577.55  
01:37:34  INFO        POWERGEN                        COMPRESSED AIR                    0.004011        36862.94  
01:37:34  INFO        POWERGEN                        COMPRESSED AIR                    0.003420        31518.72  
01:37:34  INFO        POWERGEN                        COMPRESSED AIR                    0.003839        31786.92  
01:37:34  INFO        POWERGEN                        COMPRESSED AIR                    0.000000            0.00  
01:37:34  INFO        POWERGEN                        Cooling Water 2                   0.000232         2132.19  
01:37:34  INFO        POWERGEN                        Cooling Water 2                   0.000012          110.59  
01:37:34  INFO        POWERGEN                        Cooling Water 2                   0.000013          107.64  
01:37:34  INFO        POWERGEN                        Cooling Water 2                   0.000000            0.00  
01:37:34  INFO        POWERGEN                        NATURAL GAS                       0.009373        86385.63  
01:37:34  INFO        POWERGEN                        NATURAL GAS                       0.009982        82651.39  
01:37:34  INFO        POWERGEN                        NATURAL GAS                       0.009472            0.00  
01:37:34  INFO        POWERGEN                        Power_Dis                         0.002000        18380.92  
01:37:34  INFO        POWERGEN                        Power_Dis                         0.014000       129024.00  
01:37:34  INFO        POWERGEN                        Power_Dis                         0.014000       115920.00  
01:37:34  INFO        POWERGEN                        Power_Dis                         0.000000            0.00  
01:37:34  INFO        POWERGEN                        SHP Steam_Dis                     0.003615        33223.51  
01:37:34  INFO        Power_Dis                       POWERGEN                          0.186036      8313290.27  
01:37:34  INFO        Power_Dis                       POWERGEN                          0.196717      8790586.35  
01:37:34  INFO        Power_Dis                       POWERGEN                          0.207066      9253046.53  
01:37:34  INFO        Power_Dis                       Power from MEL                    0.410169     18000000.00  
01:37:34  INFO        SHP Steam_Dis                   HRSG2_SHP STEAM                   0.500000        47643.32  
01:37:34  INFO        SHP Steam_Dis                   HRSG3_SHP STEAM                   0.500000        47643.32  
01:37:34  INFO        STG1_LP STEAM                   SHP Steam_Dis                     0.480000        13201.02  
01:37:34  INFO        STG1_MP STEAM                   SHP Steam_Dis                     0.690000         1510.92  
01:37:34  INFO      
01:37:34  INFO        All U4U materials converged within tolerance
01:37:34  INFO        ------------------------------------------------------------------------------------------
01:37:35  INFO        [DISPATCH] Total demand: 44686.47 MWh, Import: 18000.00 MWh, Net for GT/STG: 26686.47 MWh
01:37:35  WARNING     [DISPATCH] No aux power norm for 'NMD-Power Plant-2'; using 0.0
01:37:35  WARNING     [DISPATCH] No aux power norm for 'NMD-Power Plant-3'; using 0.0
01:37:35  WARNING     [DISPATCH] No aux power norm for 'NMD-STG Power Plant'; using 0.0
01:37:35  INFO        ==============================================================================
01:37:35  INFO        POWER DISPATCH  (April 2025)
01:37:35  INFO        ==============================================================================
01:37:35  INFO        Demand:  Process = 44686.47 MWh  |  Fixed = 0.00 MWh  |  Total = 44686.47 MWh
01:37:35  INFO      
01:37:35  INFO        Asset                      Priority    Min MW    Max MW     Hours   Dispatched MW  Dispatched MWh    Load %  Free Steam MT  Aux Power MWh
01:37:35  INFO        -------------------------  --------  --------  --------  --------  --------------  --------------  --------  ------------  ------------
01:37:35  INFO        NMD-Power Plant-2                 1      5.00     11.50    720.00           11.50         8280.00    100.0%      16311.60          0.00
01:37:35  INFO        NMD-Power Plant-3                 1      5.00     12.80    720.00           12.80         9216.00    100.0%      18155.52          0.00
01:37:35  INFO        NMD-STG Power Plant               2      6.00     14.50    720.00           12.76         9190.47     88.0%          0.00          0.00
01:37:35  INFO        TOTAL                                                                                    26686.47                34467.12          0.00
01:37:35  INFO        DEFICIT: 18000.00 MWh under-generation
01:37:35  INFO        ==============================================================================
01:37:35  INFO        [STG EXTRACTION] STG Load: 12.76 MW, LP Extraction: 20880.00 MT, MP Extraction: 2880.00 MT
01:37:36  INFO        ==============================================================================
01:37:36  INFO        STEAM DISPATCH  (April 2025)
01:37:36  INFO        ==============================================================================
01:37:36  INFO        Grade      Process/Fixed MT  Letdown MT  Byproduct MT     Net Demand MT
01:37:36  INFO        ---------  ----------------  ----------  ------------  ----------------
01:37:36  INFO        MP                 26130.73    17438.05          0.00          23250.73
01:37:36  INFO        SHP                95286.80   104067.58          0.00         112724.85
01:37:36  INFO      
01:37:36  INFO        Total Free Steam available: 34467.12 MT
01:37:36  INFO      
01:37:36  INFO        FINAL SUPPLEMENTARY FIRING DISPATCH
01:37:36  INFO        Asset                      Priority     Min TPH     Max TPH     Hours  Dispatched TPH   Dispatched MT    Load %
01:37:36  INFO        -------------------------  --------  ----------  ----------  --------  --------------  --------------  --------
01:37:36  INFO        HRSG-1                          999       60.00      136.00      0.00            0.00            0.00      0.0%
01:37:36  INFO        HRSG-2                            1       37.34      113.34    720.00           55.63        40050.82     57.6%
01:37:36  INFO        HRSG-3                            1       34.78      110.78    720.00           53.07        38206.90     57.6%
01:37:36  INFO        TOTAL SUPPLEMENTARY                                                                          78257.72          
01:37:36  INFO        TOTAL STEAM GENERATED                                                                       112724.84          
01:37:36  INFO        DEFICIT: 0.01 MT
01:37:36  INFO        ==============================================================================
01:37:36  INFO        [REVERSE NG] Found GT asset: NMD-Power Plant-3, plant: NMD - Power Plant 3, heat_rate: 3862.56, free_steam: 1.97
01:37:36  INFO        [REVERSE NG] NMD - Power Plant 3: gen_qty=9216000 KWH, heat_rate=3862.56, free_steam=1.9700, consumed=86385.63 MMBTU (REVERSE)
01:37:36  INFO        [REVERSE NG] Found GT asset: NMD-Power Plant-2, plant: NMD - Power Plant 2, heat_rate: 4016.03, free_steam: 1.97
01:37:36  INFO        [REVERSE NG] NMD - Power Plant 2: gen_qty=8280000 KWH, heat_rate=4016.03, free_steam=1.9700, consumed=82651.39 MMBTU (REVERSE)
01:37:36  INFO        [REVERSE NG HRSG] Found HRSG: HRSG-2, supp_steam=40050.82 MT, free_steam=16311.60 MT, total_steam=56362.42 MT
01:37:36  INFO        [REVERSE NG HRSG] HRSG2_SHP STEAM: total_steam=56362.42 MT, norm=2.954424, consumed=166518.49 MMBTU (REVERSE, BPC method)
01:37:36  INFO        [REVERSE NG HRSG] Found HRSG: HRSG-3, supp_steam=38206.90 MT, free_steam=18155.52 MT, total_steam=56362.42 MT
01:37:36  INFO        [REVERSE NG HRSG] HRSG3_SHP STEAM: total_steam=56362.42 MT, norm=2.954424, consumed=166518.49 MMBTU (REVERSE, BPC method)
01:37:36  INFO      
01:37:36  INFO        ------------------------------------------------------------------------------------------
01:37:36  INFO        ITERATION 30
01:37:36  INFO        ------------------------------------------------------------------------------------------
01:37:36  INFO        Power:  Demand =    44686466.51 KWH  |  Gen =       26686.47 MWh  |  Surplus =     0.00  |  Deficit =     0.00
01:37:36  INFO        Steam:  Gen =      112724.84 MT  |  Surplus =     0.00  |  Deficit =     0.01
01:37:36  INFO        Power delta: 7.8351 MWh  |  Converged: NO
01:37:36  INFO      
01:37:36  INFO        Utility                                Total Demand      U4U Demand         Initial    Change %
01:37:36  INFO        -----------------------------------  --------------  --------------  --------------  ----------
01:37:36  INFO        Boiler Feed Water                         121827.36       121827.56            0.00     0.0003%
01:37:36  INFO        COMPRESSED AIR                           7296143.56      1212039.80      6084105.59    83.3880%
01:37:36  INFO        Cooling Water 1                            15194.00            0.00        15194.00   100.0000%
01:37:36  INFO        Cooling Water 2                            13189.89         4173.59         9016.31    68.3577%
01:37:36  INFO        D M Water                                 160558.19       104771.53        55787.00    34.7459%
01:37:36  INFO        HP Steam PRDS                               4972.00         4972.00            0.00     0.0000%
01:37:36  INFO        HP Steam_Dis                                4972.00            0.00         4972.00   100.0000%
01:37:36  INFO        HRSG2_SHP STEAM                            47643.32        47643.40            0.00     0.0003%
01:37:36  INFO        HRSG3_SHP STEAM                            47643.32        47643.40            0.00     0.0003%
01:37:36  INFO        LP Steam PRDS                              15443.15        15443.17            0.00     0.0003%
01:37:36  INFO        LP Steam_Dis                               42945.42        17664.97        25280.51    58.8668%
01:37:36  INFO        MP Steam PRDS SHP                          23940.94        23940.97            0.00     0.0003%
01:37:36  INFO        MP Steam_Dis                               26130.73        11582.36        14548.40    55.6756%
01:37:36  INFO        Nitrogen Gas                             5437630.00            0.00      5437630.00   100.0000% (PT)
01:37:36  INFO        Oxygen                                      5787.00            0.00         5787.00   100.0000%
01:37:36  INFO        POWERGEN                                26356923.15     26356929.05            0.00     0.0000%
01:37:36  INFO        Power_Dis                               44686466.51     15444404.91     29242067.20    65.4383%
01:37:36  INFO        SHP Steam_Dis                              95286.80        74311.94        20975.00    22.0127%
01:37:36  INFO        STG1_LP STEAM                              27502.20        27502.25            0.00     0.0003%
01:37:36  INFO        STG1_MP STEAM                               2189.75         2189.76            0.00     0.0003%
01:37:36  INFO        Water                                     768834.74       488463.43       280371.80    36.4672% (PT)
01:37:36  INFO      
01:37:36  INFO        U4U CONSUMPTION BREAKDOWN (per producer per material):
01:37:36  INFO        Producer                        Material Consumed                     Norm        Quantity  Credit
01:37:36  INFO        ------------------------------  ------------------------------  ----------  --------------  ------
01:37:36  INFO        Boiler Feed Water               CHEM CYCLO HEXY                   0.000100           12.18  
01:37:36  INFO        Boiler Feed Water               CHEM MORPHOLENE                   0.000002            0.24  
01:37:36  INFO        Boiler Feed Water               Cooling Water 2                   0.001070          130.36  
01:37:36  INFO        Boiler Feed Water               D M Water                         0.860000       104771.53  
01:37:36  INFO        Boiler Feed Water               KEM WATREAT B 70M                 0.000570           69.44  
01:37:36  INFO        Boiler Feed Water               LP Steam_Dis                      0.145000        17664.97  
01:37:36  INFO        Boiler Feed Water               Power_Dis                         9.500000      1157359.88  
01:37:36  INFO        COMPRESSED AIR                  Cooling Water 2                   0.000025          182.40  
01:37:36  INFO        COMPRESSED AIR                  Power_Dis                         0.165000      1203863.69  
01:37:36  INFO        Cooling Water 1                 COMPRESSED AIR                    0.108592         1649.95  
01:37:36  INFO        Cooling Water 1                 Power_Dis                       244.999997      3722529.95  
01:37:36  INFO        Cooling Water 1                 SULPHURIC ACID                    0.000158            2.40  
01:37:36  INFO        Cooling Water 1                 Water                            11.050000       167893.70  
01:37:36  INFO        Cooling Water 2                 COMPRESSED AIR                    0.123044         1622.94  
01:37:36  INFO        Cooling Water 2                 Power_Dis                       249.999997      3297473.48  
01:37:36  INFO        Cooling Water 2                 SULPHURIC ACID                    0.000158            2.08  
01:37:36  INFO        Cooling Water 2                 Water                            11.500000       151683.78  
01:37:36  INFO        D M Water                       CAUSTIC SODA LYE – GRADE 1        0.000226           36.29  
01:37:36  INFO        D M Water                       CHEM  SODIUM SULPHITE;PN:MIS 1    0.000701          112.55  
01:37:36  INFO        D M Water                       CHEM ALUM.SULFATE, AL2(SO4)3,1    0.000757          121.54  
01:37:36  INFO        D M Water                       COMPRESSED AIR                    0.077000        12362.98  
01:37:36  INFO        D M Water                       HYDRO CHLORIC ACID (30%) -VIRG    0.000226           36.29  
01:37:36  INFO        D M Water                       POLYELECTROLYTE                   0.000578           92.80  
01:37:36  INFO        D M Water                       Power_Dis                         1.210000       194275.41  
01:37:36  INFO        D M Water                       Ret steam condensate              0.203000        32593.31  
01:37:36  INFO        D M Water                       SODIUM CHLORIDE IS 797 GRADE1     0.000010            1.61  
01:37:36  INFO        D M Water                       Water                             1.050000       168586.10  
01:37:36  INFO        HP Steam PRDS                   Boiler Feed Water                 0.076800          381.85  
01:37:36  INFO        HP Steam PRDS                   SHP Steam_Dis                     0.923200         4590.15  
01:37:36  INFO        HP Steam_Dis                    HP Steam PRDS                     1.000000         4972.00  
01:37:36  INFO        HRSG2_SHP STEAM                 Boiler Feed Water                 1.024000        57715.12  
01:37:36  INFO        HRSG2_SHP STEAM                 CHEM TRISODIUM PHOSPHATE          0.000900           50.73  
01:37:36  INFO        HRSG2_SHP STEAM                 COMPRESSED AIR                    9.853236       555352.23  
01:37:36  INFO        HRSG2_SHP STEAM                 FURNACE OIL ( MEDIUM VISCOSITY    0.000098            5.52  
01:37:36  INFO        HRSG2_SHP STEAM                 LP Steam_Dis                     -0.078000        -4396.27  YES
01:37:36  INFO        HRSG2_SHP STEAM                 NATURAL GAS                       2.954424       166518.49  
01:37:36  INFO        HRSG2_SHP STEAM                 Water                             0.002660          149.92  
01:37:36  INFO        HRSG3_SHP STEAM                 Boiler Feed Water                 1.024000        57715.12  
01:37:36  INFO        HRSG3_SHP STEAM                 CHEM TRISODIUM PHOSPHATE          0.000900           50.73  
01:37:36  INFO        HRSG3_SHP STEAM                 COMPRESSED AIR                    9.596520       540883.09  
01:37:36  INFO        HRSG3_SHP STEAM                 FURNACE OIL ( MEDIUM VISCOSITY    0.000098            5.52  
01:37:36  INFO        HRSG3_SHP STEAM                 LP Steam_Dis                     -0.078000        -4396.27  YES
01:37:36  INFO        HRSG3_SHP STEAM                 NATURAL GAS                       2.954424       166518.49  
01:37:36  INFO        HRSG3_SHP STEAM                 Water                             0.002660          149.92  
01:37:36  INFO        LP Steam PRDS                   Boiler Feed Water                 0.250000         3860.79  
01:37:36  INFO        LP Steam PRDS                   MP Steam_Dis                      0.750000        11582.36  
01:37:36  INFO        LP Steam_Dis                    LP Steam PRDS                     0.359600        15443.17  
01:37:36  INFO        LP Steam_Dis                    STG1_LP STEAM                     0.640400        27502.25  
01:37:36  INFO        MP Steam PRDS SHP               Boiler Feed Water                 0.090000         2154.68  
01:37:36  INFO        MP Steam PRDS SHP               SHP Steam_Dis                     0.910000        21786.25  
01:37:36  INFO        MP Steam_Dis                    MP Steam PRDS SHP                 0.916200        23940.97  
01:37:36  INFO        MP Steam_Dis                    STG1_MP STEAM                     0.083800         2189.76  
01:37:36  INFO        Oxygen                          Cooling Water 2                   0.261000         1510.41  
01:37:36  INFO        Oxygen                          Power_Dis                       968.650000      5605577.55  
01:37:36  INFO        POWERGEN                        COMPRESSED AIR                    0.004011        36862.98  
01:37:36  INFO        POWERGEN                        COMPRESSED AIR                    0.003420        31518.72  
01:37:36  INFO        POWERGEN                        COMPRESSED AIR                    0.003839        31786.92  
01:37:36  INFO        POWERGEN                        COMPRESSED AIR                    0.000000            0.00  
01:37:36  INFO        POWERGEN                        Cooling Water 2                   0.000232         2132.19  
01:37:36  INFO        POWERGEN                        Cooling Water 2                   0.000012          110.59  
01:37:36  INFO        POWERGEN                        Cooling Water 2                   0.000013          107.64  
01:37:36  INFO        POWERGEN                        Cooling Water 2                   0.000000            0.00  
01:37:36  INFO        POWERGEN                        NATURAL GAS                       0.009373        86385.63  
01:37:36  INFO        POWERGEN                        NATURAL GAS                       0.009982        82651.39  
01:37:36  INFO        POWERGEN                        NATURAL GAS                       0.009472            0.00  
01:37:36  INFO        POWERGEN                        Power_Dis                         0.002000        18380.94  
01:37:36  INFO        POWERGEN                        Power_Dis                         0.014000       129024.00  
01:37:36  INFO        POWERGEN                        Power_Dis                         0.014000       115920.00  
01:37:36  INFO        POWERGEN                        Power_Dis                         0.000000            0.00  
01:37:36  INFO        POWERGEN                        SHP Steam_Dis                     0.003615        33223.55  
01:37:36  INFO        Power_Dis                       POWERGEN                          0.186036      8313292.13  
01:37:36  INFO        Power_Dis                       POWERGEN                          0.196717      8790588.32  
01:37:36  INFO        Power_Dis                       POWERGEN                          0.207066      9253048.60  
01:37:36  INFO        Power_Dis                       Power from MEL                    0.410169     18000000.00  
01:37:36  INFO        SHP Steam_Dis                   HRSG2_SHP STEAM                   0.500000        47643.40  
01:37:36  INFO        SHP Steam_Dis                   HRSG3_SHP STEAM                   0.500000        47643.40  
01:37:36  INFO        STG1_LP STEAM                   SHP Steam_Dis                     0.480000        13201.06  
01:37:36  INFO        STG1_MP STEAM                   SHP Steam_Dis                     0.690000         1510.93  
01:37:36  INFO      
01:37:36  INFO        All U4U materials converged within tolerance
01:37:36  INFO        ------------------------------------------------------------------------------------------
01:37:37  INFO        [DISPATCH] Total demand: 44686.47 MWh, Import: 18000.00 MWh, Net for GT/STG: 26686.47 MWh
01:37:37  WARNING     [DISPATCH] No aux power norm for 'NMD-Power Plant-2'; using 0.0
01:37:37  WARNING     [DISPATCH] No aux power norm for 'NMD-Power Plant-3'; using 0.0
01:37:37  WARNING     [DISPATCH] No aux power norm for 'NMD-STG Power Plant'; using 0.0
01:37:37  INFO        ==============================================================================
01:37:37  INFO        POWER DISPATCH  (April 2025)
01:37:37  INFO        ==============================================================================
01:37:37  INFO        Demand:  Process = 44686.47 MWh  |  Fixed = 0.00 MWh  |  Total = 44686.47 MWh
01:37:37  INFO      
01:37:37  INFO        Asset                      Priority    Min MW    Max MW     Hours   Dispatched MW  Dispatched MWh    Load %  Free Steam MT  Aux Power MWh
01:37:37  INFO        -------------------------  --------  --------  --------  --------  --------------  --------------  --------  ------------  ------------
01:37:37  INFO        NMD-Power Plant-2                 1      5.00     11.50    720.00           11.50         8280.00    100.0%      16311.60          0.00
01:37:37  INFO        NMD-Power Plant-3                 1      5.00     12.80    720.00           12.80         9216.00    100.0%      18155.52          0.00
01:37:37  INFO        NMD-STG Power Plant               2      6.00     14.50    720.00           12.76         9190.47     88.0%          0.00          0.00
01:37:37  INFO        TOTAL                                                                                    26686.47                34467.12          0.00
01:37:37  INFO        DEFICIT: 18000.00 MWh under-generation
01:37:37  INFO        ==============================================================================
01:37:37  INFO        [STG EXTRACTION] STG Load: 12.76 MW, LP Extraction: 20880.00 MT, MP Extraction: 2880.00 MT
01:37:37  INFO        ==============================================================================
01:37:37  INFO        STEAM DISPATCH  (April 2025)
01:37:37  INFO        ==============================================================================
01:37:37  INFO        Grade      Process/Fixed MT  Letdown MT  Byproduct MT     Net Demand MT
01:37:37  INFO        ---------  ----------------  ----------  ------------  ----------------
01:37:37  INFO        MP                 26130.76    17438.07          0.00          23250.76
01:37:37  INFO        SHP                95286.94   104067.72          0.00         112725.01
01:37:37  INFO      
01:37:37  INFO        Total Free Steam available: 34467.12 MT
01:37:37  INFO      
01:37:37  INFO        FINAL SUPPLEMENTARY FIRING DISPATCH
01:37:37  INFO        Asset                      Priority     Min TPH     Max TPH     Hours  Dispatched TPH   Dispatched MT    Load %
01:37:37  INFO        -------------------------  --------  ----------  ----------  --------  --------------  --------------  --------
01:37:37  INFO        HRSG-1                          999       60.00      136.00      0.00            0.00            0.00      0.0%
01:37:37  INFO        HRSG-2                            1       37.34      113.34    720.00           55.63        40050.90     57.6%
01:37:37  INFO        HRSG-3                            1       34.78      110.78    720.00           53.07        38206.98     57.6%
01:37:37  INFO        TOTAL SUPPLEMENTARY                                                                          78257.88          
01:37:37  INFO        TOTAL STEAM GENERATED                                                                       112725.00          
01:37:37  INFO        DEFICIT: 0.01 MT
01:37:37  INFO        ==============================================================================
01:37:37  INFO        [REVERSE NG] Found GT asset: NMD-Power Plant-3, plant: NMD - Power Plant 3, heat_rate: 3862.56, free_steam: 1.97
01:37:37  INFO        [REVERSE NG] NMD - Power Plant 3: gen_qty=9216000 KWH, heat_rate=3862.56, free_steam=1.9700, consumed=86385.63 MMBTU (REVERSE)
01:37:37  INFO        [REVERSE NG] Found GT asset: NMD-Power Plant-2, plant: NMD - Power Plant 2, heat_rate: 4016.03, free_steam: 1.97
01:37:37  INFO        [REVERSE NG] NMD - Power Plant 2: gen_qty=8280000 KWH, heat_rate=4016.03, free_steam=1.9700, consumed=82651.39 MMBTU (REVERSE)
01:37:37  INFO        [REVERSE NG HRSG] Found HRSG: HRSG-2, supp_steam=40050.90 MT, free_steam=16311.60 MT, total_steam=56362.50 MT
01:37:37  INFO        [REVERSE NG HRSG] HRSG2_SHP STEAM: total_steam=56362.50 MT, norm=2.954424, consumed=166518.72 MMBTU (REVERSE, BPC method)
01:37:37  INFO        [REVERSE NG HRSG] Found HRSG: HRSG-3, supp_steam=38206.98 MT, free_steam=18155.52 MT, total_steam=56362.50 MT
01:37:37  INFO        [REVERSE NG HRSG] HRSG3_SHP STEAM: total_steam=56362.50 MT, norm=2.954424, consumed=166518.72 MMBTU (REVERSE, BPC method)
01:37:37  INFO      
01:37:37  INFO        ------------------------------------------------------------------------------------------
01:37:37  INFO        ITERATION 31
01:37:37  INFO        ------------------------------------------------------------------------------------------
01:37:37  INFO        Power:  Demand =    44686472.11 KWH  |  Gen =       26686.47 MWh  |  Surplus =     0.00  |  Deficit =     0.00
01:37:37  INFO        Steam:  Gen =      112725.00 MT  |  Surplus =     0.00  |  Deficit =     0.01
01:37:37  INFO        Power delta: 5.5931 MWh  |  Converged: NO
01:37:37  INFO      
01:37:37  INFO        Utility                                Total Demand      U4U Demand         Initial    Change %
01:37:37  INFO        -----------------------------------  --------------  --------------  --------------  ----------
01:37:37  INFO        Boiler Feed Water                         121827.56       121827.73            0.00     0.0002%
01:37:37  INFO        COMPRESSED AIR                           7296145.39      1212041.38      6084105.59    83.3880%
01:37:37  INFO        Cooling Water 1                            15194.00            0.00        15194.00   100.0000%
01:37:37  INFO        Cooling Water 2                            13189.90         4173.59         9016.31    68.3577%
01:37:37  INFO        D M Water                                 160558.53       104771.70        55787.00    34.7458%
01:37:37  INFO        HP Steam PRDS                               4972.00         4972.00            0.00     0.0000%
01:37:37  INFO        HP Steam_Dis                                4972.00            0.00         4972.00   100.0000%
01:37:37  INFO        HRSG2_SHP STEAM                            47643.40        47643.47            0.00     0.0002%
01:37:37  INFO        HRSG3_SHP STEAM                            47643.40        47643.47            0.00     0.0002%
01:37:37  INFO        LP Steam PRDS                              15443.17        15443.19            0.00     0.0002%
01:37:37  INFO        LP Steam_Dis                               42945.48        17665.00        25280.51    58.8667%
01:37:37  INFO        MP Steam PRDS SHP                          23940.97        23941.00            0.00     0.0002%
01:37:37  INFO        MP Steam_Dis                               26130.76        11582.38        14548.40    55.6755%
01:37:37  INFO        Nitrogen Gas                             5437630.00            0.00      5437630.00   100.0000% (PT)
01:37:37  INFO        Oxygen                                      5787.00            0.00         5787.00   100.0000%
01:37:37  INFO        POWERGEN                                26356929.05     26356929.05            0.00     0.0000%
01:37:37  INFO        Power_Dis                               44686472.11     15444408.22     29242067.20    65.4383%
01:37:37  INFO        SHP Steam_Dis                              95286.94        74312.00        20975.00    22.0126%
01:37:37  INFO        STG1_LP STEAM                              27502.25        27502.28            0.00     0.0002%
01:37:37  INFO        STG1_MP STEAM                               2189.76         2189.76            0.00     0.0002%
01:37:37  INFO        Water                                     768835.23       488463.82       280371.80    36.4671% (PT)
01:37:37  INFO      
01:37:37  INFO        U4U CONSUMPTION BREAKDOWN (per producer per material):
01:37:37  INFO        Producer                        Material Consumed                     Norm        Quantity  Credit
01:37:37  INFO        ------------------------------  ------------------------------  ----------  --------------  ------
01:37:37  INFO        Boiler Feed Water               CHEM CYCLO HEXY                   0.000100           12.18  
01:37:37  INFO        Boiler Feed Water               CHEM MORPHOLENE                   0.000002            0.24  
01:37:37  INFO        Boiler Feed Water               Cooling Water 2                   0.001070          130.36  
01:37:37  INFO        Boiler Feed Water               D M Water                         0.860000       104771.70  
01:37:37  INFO        Boiler Feed Water               KEM WATREAT B 70M                 0.000570           69.44  
01:37:37  INFO        Boiler Feed Water               LP Steam_Dis                      0.145000        17665.00  
01:37:37  INFO        Boiler Feed Water               Power_Dis                         9.500000      1157361.79  
01:37:37  INFO        COMPRESSED AIR                  Cooling Water 2                   0.000025          182.40  
01:37:37  INFO        COMPRESSED AIR                  Power_Dis                         0.165000      1203863.99  
01:37:37  INFO        Cooling Water 1                 COMPRESSED AIR                    0.108592         1649.95  
01:37:37  INFO        Cooling Water 1                 Power_Dis                       244.999997      3722529.95  
01:37:37  INFO        Cooling Water 1                 SULPHURIC ACID                    0.000158            2.40  
01:37:37  INFO        Cooling Water 1                 Water                            11.050000       167893.70  
01:37:37  INFO        Cooling Water 2                 COMPRESSED AIR                    0.123044         1622.94  
01:37:37  INFO        Cooling Water 2                 Power_Dis                       249.999997      3297474.19  
01:37:37  INFO        Cooling Water 2                 SULPHURIC ACID                    0.000158            2.08  
01:37:37  INFO        Cooling Water 2                 Water                            11.500000       151683.81  
01:37:37  INFO        D M Water                       CAUSTIC SODA LYE – GRADE 1        0.000226           36.29  
01:37:37  INFO        D M Water                       CHEM  SODIUM SULPHITE;PN:MIS 1    0.000701          112.55  
01:37:37  INFO        D M Water                       CHEM ALUM.SULFATE, AL2(SO4)3,1    0.000757          121.54  
01:37:37  INFO        D M Water                       COMPRESSED AIR                    0.077000        12363.01  
01:37:37  INFO        D M Water                       HYDRO CHLORIC ACID (30%) -VIRG    0.000226           36.29  
01:37:37  INFO        D M Water                       POLYELECTROLYTE                   0.000578           92.80  
01:37:37  INFO        D M Water                       Power_Dis                         1.210000       194275.82  
01:37:37  INFO        D M Water                       Ret steam condensate              0.203000        32593.38  
01:37:37  INFO        D M Water                       SODIUM CHLORIDE IS 797 GRADE1     0.000010            1.61  
01:37:37  INFO        D M Water                       Water                             1.050000       168586.45  
01:37:37  INFO        HP Steam PRDS                   Boiler Feed Water                 0.076800          381.85  
01:37:37  INFO        HP Steam PRDS                   SHP Steam_Dis                     0.923200         4590.15  
01:37:37  INFO        HP Steam_Dis                    HP Steam PRDS                     1.000000         4972.00  
01:37:37  INFO        HRSG2_SHP STEAM                 Boiler Feed Water                 1.024000        57715.20  
01:37:37  INFO        HRSG2_SHP STEAM                 CHEM TRISODIUM PHOSPHATE          0.000900           50.73  
01:37:37  INFO        HRSG2_SHP STEAM                 COMPRESSED AIR                    9.853236       555353.01  
01:37:37  INFO        HRSG2_SHP STEAM                 FURNACE OIL ( MEDIUM VISCOSITY    0.000098            5.52  
01:37:37  INFO        HRSG2_SHP STEAM                 LP Steam_Dis                     -0.078000        -4396.27  YES
01:37:37  INFO        HRSG2_SHP STEAM                 NATURAL GAS                       2.954424       166518.72  
01:37:37  INFO        HRSG2_SHP STEAM                 Water                             0.002660          149.92  
01:37:37  INFO        HRSG3_SHP STEAM                 Boiler Feed Water                 1.024000        57715.20  
01:37:37  INFO        HRSG3_SHP STEAM                 CHEM TRISODIUM PHOSPHATE          0.000900           50.73  
01:37:37  INFO        HRSG3_SHP STEAM                 COMPRESSED AIR                    9.596520       540883.86  
01:37:37  INFO        HRSG3_SHP STEAM                 FURNACE OIL ( MEDIUM VISCOSITY    0.000098            5.52  
01:37:37  INFO        HRSG3_SHP STEAM                 LP Steam_Dis                     -0.078000        -4396.27  YES
01:37:37  INFO        HRSG3_SHP STEAM                 NATURAL GAS                       2.954424       166518.72  
01:37:37  INFO        HRSG3_SHP STEAM                 Water                             0.002660          149.92  
01:37:37  INFO        LP Steam PRDS                   Boiler Feed Water                 0.250000         3860.79  
01:37:37  INFO        LP Steam PRDS                   MP Steam_Dis                      0.750000        11582.38  
01:37:37  INFO        LP Steam_Dis                    LP Steam PRDS                     0.359600        15443.19  
01:37:37  INFO        LP Steam_Dis                    STG1_LP STEAM                     0.640400        27502.28  
01:37:37  INFO        MP Steam PRDS SHP               Boiler Feed Water                 0.090000         2154.69  
01:37:37  INFO        MP Steam PRDS SHP               SHP Steam_Dis                     0.910000        21786.29  
01:37:37  INFO        MP Steam_Dis                    MP Steam PRDS SHP                 0.916200        23941.00  
01:37:37  INFO        MP Steam_Dis                    STG1_MP STEAM                     0.083800         2189.76  
01:37:37  INFO        Oxygen                          Cooling Water 2                   0.261000         1510.41  
01:37:37  INFO        Oxygen                          Power_Dis                       968.650000      5605577.55  
01:37:37  INFO        POWERGEN                        COMPRESSED AIR                    0.004011        36862.98  
01:37:37  INFO        POWERGEN                        COMPRESSED AIR                    0.003420        31518.72  
01:37:37  INFO        POWERGEN                        COMPRESSED AIR                    0.003839        31786.92  
01:37:37  INFO        POWERGEN                        COMPRESSED AIR                    0.000000            0.00  
01:37:37  INFO        POWERGEN                        Cooling Water 2                   0.000232         2132.19  
01:37:37  INFO        POWERGEN                        Cooling Water 2                   0.000012          110.59  
01:37:37  INFO        POWERGEN                        Cooling Water 2                   0.000013          107.64  
01:37:37  INFO        POWERGEN                        Cooling Water 2                   0.000000            0.00  
01:37:37  INFO        POWERGEN                        NATURAL GAS                       0.009373        86385.63  
01:37:37  INFO        POWERGEN                        NATURAL GAS                       0.009982        82651.39  
01:37:37  INFO        POWERGEN                        NATURAL GAS                       0.009472            0.00  
01:37:37  INFO        POWERGEN                        Power_Dis                         0.002000        18380.94  
01:37:37  INFO        POWERGEN                        Power_Dis                         0.014000       129024.00  
01:37:37  INFO        POWERGEN                        Power_Dis                         0.014000       115920.00  
01:37:37  INFO        POWERGEN                        Power_Dis                         0.000000            0.00  
01:37:37  INFO        POWERGEN                        SHP Steam_Dis                     0.003615        33223.55  
01:37:37  INFO        Power_Dis                       POWERGEN                          0.186036      8313292.13  
01:37:37  INFO        Power_Dis                       POWERGEN                          0.196717      8790588.32  
01:37:37  INFO        Power_Dis                       POWERGEN                          0.207066      9253048.60  
01:37:37  INFO        Power_Dis                       Power from MEL                    0.410169     18000000.00  
01:37:37  INFO        SHP Steam_Dis                   HRSG2_SHP STEAM                   0.500000        47643.47  
01:37:37  INFO        SHP Steam_Dis                   HRSG3_SHP STEAM                   0.500000        47643.47  
01:37:37  INFO        STG1_LP STEAM                   SHP Steam_Dis                     0.480000        13201.08  
01:37:37  INFO        STG1_MP STEAM                   SHP Steam_Dis                     0.690000         1510.93  
01:37:37  INFO      
01:37:37  INFO        All U4U materials converged within tolerance
01:37:37  INFO        ------------------------------------------------------------------------------------------
01:37:38  INFO        [DISPATCH] Total demand: 44686.48 MWh, Import: 18000.00 MWh, Net for GT/STG: 26686.48 MWh
01:37:39  WARNING     [DISPATCH] No aux power norm for 'NMD-Power Plant-2'; using 0.0
01:37:39  WARNING     [DISPATCH] No aux power norm for 'NMD-Power Plant-3'; using 0.0
01:37:39  WARNING     [DISPATCH] No aux power norm for 'NMD-STG Power Plant'; using 0.0
01:37:39  INFO        ==============================================================================
01:37:39  INFO        POWER DISPATCH  (April 2025)
01:37:39  INFO        ==============================================================================
01:37:39  INFO        Demand:  Process = 44686.48 MWh  |  Fixed = 0.00 MWh  |  Total = 44686.48 MWh
01:37:39  INFO      
01:37:39  INFO        Asset                      Priority    Min MW    Max MW     Hours   Dispatched MW  Dispatched MWh    Load %  Free Steam MT  Aux Power MWh
01:37:39  INFO        -------------------------  --------  --------  --------  --------  --------------  --------------  --------  ------------  ------------
01:37:39  INFO        NMD-Power Plant-2                 1      5.00     11.50    720.00           11.50         8280.00    100.0%      16311.60          0.00
01:37:39  INFO        NMD-Power Plant-3                 1      5.00     12.80    720.00           12.80         9216.00    100.0%      18155.52          0.00
01:37:39  INFO        NMD-STG Power Plant               2      6.00     14.50    720.00           12.76         9190.48     88.0%          0.00          0.00
01:37:39  INFO        TOTAL                                                                                    26686.48                34467.12          0.00
01:37:39  INFO        DEFICIT: 18000.00 MWh under-generation
01:37:39  INFO        ==============================================================================
01:37:39  INFO        [STG EXTRACTION] STG Load: 12.76 MW, LP Extraction: 20880.00 MT, MP Extraction: 2880.00 MT
01:37:39  INFO        ==============================================================================
01:37:39  INFO        STEAM DISPATCH  (April 2025)
01:37:39  INFO        ==============================================================================
01:37:39  INFO        Grade      Process/Fixed MT  Letdown MT  Byproduct MT     Net Demand MT
01:37:39  INFO        ---------  ----------------  ----------  ------------  ----------------
01:37:39  INFO        MP                 26130.78    17438.08          0.00          23250.78
01:37:39  INFO        SHP                95287.00   104067.79          0.00         112725.08
01:37:39  INFO      
01:37:39  INFO        Total Free Steam available: 34467.12 MT
01:37:39  INFO      
01:37:39  INFO        FINAL SUPPLEMENTARY FIRING DISPATCH
01:37:39  INFO        Asset                      Priority     Min TPH     Max TPH     Hours  Dispatched TPH   Dispatched MT    Load %
01:37:39  INFO        -------------------------  --------  ----------  ----------  --------  --------------  --------------  --------
01:37:39  INFO        HRSG-1                          999       60.00      136.00      0.00            0.00            0.00      0.0%
01:37:39  INFO        HRSG-2                            1       37.34      113.34    720.00           55.63        40050.94     57.6%
01:37:39  INFO        HRSG-3                            1       34.78      110.78    720.00           53.07        38207.02     57.6%
01:37:39  INFO        TOTAL SUPPLEMENTARY                                                                          78257.96          
01:37:39  INFO        TOTAL STEAM GENERATED                                                                       112725.08          
01:37:39  INFO        DEFICIT: 0.00 MT
01:37:39  INFO        ==============================================================================
01:37:39  INFO        [REVERSE NG] Found GT asset: NMD-Power Plant-3, plant: NMD - Power Plant 3, heat_rate: 3862.56, free_steam: 1.97
01:37:39  INFO        [REVERSE NG] NMD - Power Plant 3: gen_qty=9216000 KWH, heat_rate=3862.56, free_steam=1.9700, consumed=86385.63 MMBTU (REVERSE)
01:37:39  INFO        [REVERSE NG] Found GT asset: NMD-Power Plant-2, plant: NMD - Power Plant 2, heat_rate: 4016.03, free_steam: 1.97
01:37:39  INFO        [REVERSE NG] NMD - Power Plant 2: gen_qty=8280000 KWH, heat_rate=4016.03, free_steam=1.9700, consumed=82651.39 MMBTU (REVERSE)
01:37:39  INFO        [REVERSE NG HRSG] Found HRSG: HRSG-2, supp_steam=40050.94 MT, free_steam=16311.60 MT, total_steam=56362.54 MT
01:37:39  INFO        [REVERSE NG HRSG] HRSG2_SHP STEAM: total_steam=56362.54 MT, norm=2.954424, consumed=166518.84 MMBTU (REVERSE, BPC method)
01:37:39  INFO        [REVERSE NG HRSG] Found HRSG: HRSG-3, supp_steam=38207.02 MT, free_steam=18155.52 MT, total_steam=56362.54 MT
01:37:39  INFO        [REVERSE NG HRSG] HRSG3_SHP STEAM: total_steam=56362.54 MT, norm=2.954424, consumed=166518.84 MMBTU (REVERSE, BPC method)
01:37:39  INFO      
01:37:39  INFO        ------------------------------------------------------------------------------------------
01:37:39  INFO        ITERATION 32
01:37:39  INFO        ------------------------------------------------------------------------------------------
01:37:39  INFO        Power:  Demand =    44686475.42 KWH  |  Gen =       26686.48 MWh  |  Surplus =     0.00  |  Deficit =     0.00
01:37:39  INFO        Steam:  Gen =      112725.08 MT  |  Surplus =     0.00  |  Deficit =     0.00
01:37:39  INFO        Power delta: 3.3167 MWh  |  Converged: NO
01:37:39  INFO      
01:37:39  INFO        Utility                                Total Demand      U4U Demand         Initial    Change %
01:37:39  INFO        -----------------------------------  --------------  --------------  --------------  ----------
01:37:39  INFO        Boiler Feed Water                         121827.73       121827.82            0.00     0.0001%
01:37:39  INFO        COMPRESSED AIR                           7296146.97      1212042.21      6084105.59    83.3879%
01:37:39  INFO        Cooling Water 1                            15194.00            0.00        15194.00   100.0000%
01:37:39  INFO        Cooling Water 2                            13189.90         4173.59         9016.31    68.3577%
01:37:39  INFO        D M Water                                 160558.70       104771.85        55787.00    34.7457%
01:37:39  INFO        HP Steam PRDS                               4972.00         4972.00            0.00     0.0000%
01:37:39  INFO        HP Steam_Dis                                4972.00            0.00         4972.00   100.0000%
01:37:39  INFO        HRSG2_SHP STEAM                            47643.47        47643.50            0.00     0.0001%
01:37:39  INFO        HRSG3_SHP STEAM                            47643.47        47643.50            0.00     0.0001%
01:37:39  INFO        LP Steam PRDS                              15443.19        15443.20            0.00     0.0001%
01:37:39  INFO        LP Steam_Dis                               42945.51        17665.02        25280.51    58.8666%
01:37:39  INFO        MP Steam PRDS SHP                          23941.00        23941.02            0.00     0.0001%
01:37:39  INFO        MP Steam_Dis                               26130.78        11582.40        14548.40    55.6754%
01:37:39  INFO        Nitrogen Gas                             5437630.00            0.00      5437630.00   100.0000% (PT)
01:37:39  INFO        Oxygen                                      5787.00            0.00         5787.00   100.0000%
01:37:39  INFO        POWERGEN                                26356929.05     26356934.95            0.00     0.0000%
01:37:39  INFO        Power_Dis                               44686475.42     15444410.43     29242067.20    65.4383%
01:37:39  INFO        SHP Steam_Dis                              95287.00        74312.08        20975.00    22.0125%
01:37:39  INFO        STG1_LP STEAM                              27502.28        27502.30            0.00     0.0001%
01:37:39  INFO        STG1_MP STEAM                               2189.76         2189.76            0.00     0.0001%
01:37:39  INFO        Water                                     768835.62       488464.00       280371.80    36.4671% (PT)
01:37:39  INFO      
01:37:39  INFO        U4U CONSUMPTION BREAKDOWN (per producer per material):
01:37:39  INFO        Producer                        Material Consumed                     Norm        Quantity  Credit
01:37:39  INFO        ------------------------------  ------------------------------  ----------  --------------  ------
01:37:39  INFO        Boiler Feed Water               CHEM CYCLO HEXY                   0.000100           12.18  
01:37:39  INFO        Boiler Feed Water               CHEM MORPHOLENE                   0.000002            0.24  
01:37:39  INFO        Boiler Feed Water               Cooling Water 2                   0.001070          130.36  
01:37:39  INFO        Boiler Feed Water               D M Water                         0.860000       104771.85  
01:37:39  INFO        Boiler Feed Water               KEM WATREAT B 70M                 0.000570           69.44  
01:37:39  INFO        Boiler Feed Water               LP Steam_Dis                      0.145000        17665.02  
01:37:39  INFO        Boiler Feed Water               Power_Dis                         9.500000      1157363.44  
01:37:39  INFO        COMPRESSED AIR                  Cooling Water 2                   0.000025          182.40  
01:37:39  INFO        COMPRESSED AIR                  Power_Dis                         0.165000      1203864.25  
01:37:39  INFO        Cooling Water 1                 COMPRESSED AIR                    0.108592         1649.95  
01:37:39  INFO        Cooling Water 1                 Power_Dis                       244.999997      3722529.95  
01:37:39  INFO        Cooling Water 1                 SULPHURIC ACID                    0.000158            2.40  
01:37:39  INFO        Cooling Water 1                 Water                            11.050000       167893.70  
01:37:39  INFO        Cooling Water 2                 COMPRESSED AIR                    0.123044         1622.94  
01:37:39  INFO        Cooling Water 2                 Power_Dis                       249.999997      3297474.25  
01:37:39  INFO        Cooling Water 2                 SULPHURIC ACID                    0.000158            2.08  
01:37:39  INFO        Cooling Water 2                 Water                            11.500000       151683.82  
01:37:39  INFO        D M Water                       CAUSTIC SODA LYE – GRADE 1        0.000226           36.29  
01:37:39  INFO        D M Water                       CHEM  SODIUM SULPHITE;PN:MIS 1    0.000701          112.55  
01:37:39  INFO        D M Water                       CHEM ALUM.SULFATE, AL2(SO4)3,1    0.000757          121.54  
01:37:39  INFO        D M Water                       COMPRESSED AIR                    0.077000        12363.02  
01:37:39  INFO        D M Water                       HYDRO CHLORIC ACID (30%) -VIRG    0.000226           36.29  
01:37:39  INFO        D M Water                       POLYELECTROLYTE                   0.000578           92.80  
01:37:39  INFO        D M Water                       Power_Dis                         1.210000       194276.03  
01:37:39  INFO        D M Water                       Ret steam condensate              0.203000        32593.42  
01:37:39  INFO        D M Water                       SODIUM CHLORIDE IS 797 GRADE1     0.000010            1.61  
01:37:39  INFO        D M Water                       Water                             1.050000       168586.63  
01:37:39  INFO        HP Steam PRDS                   Boiler Feed Water                 0.076800          381.85  
01:37:39  INFO        HP Steam PRDS                   SHP Steam_Dis                     0.923200         4590.15  
01:37:39  INFO        HP Steam_Dis                    HP Steam PRDS                     1.000000         4972.00  
01:37:39  INFO        HRSG2_SHP STEAM                 Boiler Feed Water                 1.024000        57715.24  
01:37:39  INFO        HRSG2_SHP STEAM                 CHEM TRISODIUM PHOSPHATE          0.000900           50.73  
01:37:39  INFO        HRSG2_SHP STEAM                 COMPRESSED AIR                    9.853236       555353.41  
01:37:39  INFO        HRSG2_SHP STEAM                 FURNACE OIL ( MEDIUM VISCOSITY    0.000098            5.52  
01:37:39  INFO        HRSG2_SHP STEAM                 LP Steam_Dis                     -0.078000        -4396.28  YES
01:37:39  INFO        HRSG2_SHP STEAM                 NATURAL GAS                       2.954424       166518.84  
01:37:39  INFO        HRSG2_SHP STEAM                 Water                             0.002660          149.92  
01:37:39  INFO        HRSG3_SHP STEAM                 Boiler Feed Water                 1.024000        57715.24  
01:37:39  INFO        HRSG3_SHP STEAM                 CHEM TRISODIUM PHOSPHATE          0.000900           50.73  
01:37:39  INFO        HRSG3_SHP STEAM                 COMPRESSED AIR                    9.596520       540884.24  
01:37:39  INFO        HRSG3_SHP STEAM                 FURNACE OIL ( MEDIUM VISCOSITY    0.000098            5.52  
01:37:39  INFO        HRSG3_SHP STEAM                 LP Steam_Dis                     -0.078000        -4396.28  YES
01:37:39  INFO        HRSG3_SHP STEAM                 NATURAL GAS                       2.954424       166518.84  
01:37:39  INFO        HRSG3_SHP STEAM                 Water                             0.002660          149.92  
01:37:39  INFO        LP Steam PRDS                   Boiler Feed Water                 0.250000         3860.80  
01:37:39  INFO        LP Steam PRDS                   MP Steam_Dis                      0.750000        11582.40  
01:37:39  INFO        LP Steam_Dis                    LP Steam PRDS                     0.359600        15443.20  
01:37:39  INFO        LP Steam_Dis                    STG1_LP STEAM                     0.640400        27502.30  
01:37:39  INFO        MP Steam PRDS SHP               Boiler Feed Water                 0.090000         2154.69  
01:37:39  INFO        MP Steam PRDS SHP               SHP Steam_Dis                     0.910000        21786.31  
01:37:39  INFO        MP Steam_Dis                    MP Steam PRDS SHP                 0.916200        23941.02  
01:37:39  INFO        MP Steam_Dis                    STG1_MP STEAM                     0.083800         2189.76  
01:37:39  INFO        Oxygen                          Cooling Water 2                   0.261000         1510.41  
01:37:39  INFO        Oxygen                          Power_Dis                       968.650000      5605577.55  
01:37:39  INFO        POWERGEN                        COMPRESSED AIR                    0.004011        36863.02  
01:37:39  INFO        POWERGEN                        COMPRESSED AIR                    0.003420        31518.72  
01:37:39  INFO        POWERGEN                        COMPRESSED AIR                    0.003839        31786.92  
01:37:39  INFO        POWERGEN                        COMPRESSED AIR                    0.000000            0.00  
01:37:39  INFO        POWERGEN                        Cooling Water 2                   0.000232         2132.19  
01:37:39  INFO        POWERGEN                        Cooling Water 2                   0.000012          110.59  
01:37:39  INFO        POWERGEN                        Cooling Water 2                   0.000013          107.64  
01:37:39  INFO        POWERGEN                        Cooling Water 2                   0.000000            0.00  
01:37:39  INFO        POWERGEN                        NATURAL GAS                       0.009373        86385.63  
01:37:39  INFO        POWERGEN                        NATURAL GAS                       0.009982        82651.39  
01:37:39  INFO        POWERGEN                        NATURAL GAS                       0.009472            0.00  
01:37:39  INFO        POWERGEN                        Power_Dis                         0.002000        18380.96  
01:37:39  INFO        POWERGEN                        Power_Dis                         0.014000       129024.00  
01:37:39  INFO        POWERGEN                        Power_Dis                         0.014000       115920.00  
01:37:39  INFO        POWERGEN                        Power_Dis                         0.000000            0.00  
01:37:39  INFO        POWERGEN                        SHP Steam_Dis                     0.003615        33223.59  
01:37:39  INFO        Power_Dis                       POWERGEN                          0.186036      8313293.99  
01:37:39  INFO        Power_Dis                       POWERGEN                          0.196717      8790590.29  
01:37:39  INFO        Power_Dis                       POWERGEN                          0.207066      9253050.67  
01:37:39  INFO        Power_Dis                       Power from MEL                    0.410169     18000000.00  
01:37:39  INFO        SHP Steam_Dis                   HRSG2_SHP STEAM                   0.500000        47643.50  
01:37:39  INFO        SHP Steam_Dis                   HRSG3_SHP STEAM                   0.500000        47643.50  
01:37:39  INFO        STG1_LP STEAM                   SHP Steam_Dis                     0.480000        13201.10  
01:37:39  INFO        STG1_MP STEAM                   SHP Steam_Dis                     0.690000         1510.93  
01:37:39  INFO      
01:37:39  INFO        All U4U materials converged within tolerance
01:37:39  INFO        ------------------------------------------------------------------------------------------
01:37:40  INFO        [DISPATCH] Total demand: 44686.48 MWh, Import: 18000.00 MWh, Net for GT/STG: 26686.48 MWh
01:37:40  WARNING     [DISPATCH] No aux power norm for 'NMD-Power Plant-2'; using 0.0
01:37:40  WARNING     [DISPATCH] No aux power norm for 'NMD-Power Plant-3'; using 0.0
01:37:40  WARNING     [DISPATCH] No aux power norm for 'NMD-STG Power Plant'; using 0.0
01:37:40  INFO        ==============================================================================
01:37:40  INFO        POWER DISPATCH  (April 2025)
01:37:40  INFO        ==============================================================================
01:37:40  INFO        Demand:  Process = 44686.48 MWh  |  Fixed = 0.00 MWh  |  Total = 44686.48 MWh
01:37:40  INFO      
01:37:40  INFO        Asset                      Priority    Min MW    Max MW     Hours   Dispatched MW  Dispatched MWh    Load %  Free Steam MT  Aux Power MWh
01:37:40  INFO        -------------------------  --------  --------  --------  --------  --------------  --------------  --------  ------------  ------------
01:37:40  INFO        NMD-Power Plant-2                 1      5.00     11.50    720.00           11.50         8280.00    100.0%      16311.60          0.00
01:37:40  INFO        NMD-Power Plant-3                 1      5.00     12.80    720.00           12.80         9216.00    100.0%      18155.52          0.00
01:37:40  INFO        NMD-STG Power Plant               2      6.00     14.50    720.00           12.76         9190.48     88.0%          0.00          0.00
01:37:40  INFO        TOTAL                                                                                    26686.48                34467.12          0.00
01:37:40  INFO        DEFICIT: 18000.00 MWh under-generation
01:37:40  INFO        ==============================================================================
01:37:40  INFO        [STG EXTRACTION] STG Load: 12.76 MW, LP Extraction: 20880.00 MT, MP Extraction: 2880.00 MT
01:37:41  INFO        ==============================================================================
01:37:41  INFO        STEAM DISPATCH  (April 2025)
01:37:41  INFO        ==============================================================================
01:37:41  INFO        Grade      Process/Fixed MT  Letdown MT  Byproduct MT     Net Demand MT
01:37:41  INFO        ---------  ----------------  ----------  ------------  ----------------
01:37:41  INFO        MP                 26130.80    17438.10          0.00          23250.80
01:37:41  INFO        SHP                95287.08   104067.88          0.00         112725.17
01:37:41  INFO      
01:37:41  INFO        Total Free Steam available: 34467.12 MT
01:37:41  INFO      
01:37:41  INFO        FINAL SUPPLEMENTARY FIRING DISPATCH
01:37:41  INFO        Asset                      Priority     Min TPH     Max TPH     Hours  Dispatched TPH   Dispatched MT    Load %
01:37:41  INFO        -------------------------  --------  ----------  ----------  --------  --------------  --------------  --------
01:37:41  INFO        HRSG-1                          999       60.00      136.00      0.00            0.00            0.00      0.0%
01:37:41  INFO        HRSG-2                            1       37.34      113.34    720.00           55.63        40050.99     57.6%
01:37:41  INFO        HRSG-3                            1       34.78      110.78    720.00           53.07        38207.07     57.6%
01:37:41  INFO        TOTAL SUPPLEMENTARY                                                                          78258.06          
01:37:41  INFO        TOTAL STEAM GENERATED                                                                       112725.18          
01:37:41  INFO        SURPLUS: 0.01 MT
01:37:41  INFO        ==============================================================================
01:37:41  INFO        [REVERSE NG] Found GT asset: NMD-Power Plant-3, plant: NMD - Power Plant 3, heat_rate: 3862.56, free_steam: 1.97
01:37:41  INFO        [REVERSE NG] NMD - Power Plant 3: gen_qty=9216000 KWH, heat_rate=3862.56, free_steam=1.9700, consumed=86385.63 MMBTU (REVERSE)
01:37:41  INFO        [REVERSE NG] Found GT asset: NMD-Power Plant-2, plant: NMD - Power Plant 2, heat_rate: 4016.03, free_steam: 1.97
01:37:41  INFO        [REVERSE NG] NMD - Power Plant 2: gen_qty=8280000 KWH, heat_rate=4016.03, free_steam=1.9700, consumed=82651.39 MMBTU (REVERSE)
01:37:41  INFO        [REVERSE NG HRSG] Found HRSG: HRSG-2, supp_steam=40050.99 MT, free_steam=16311.60 MT, total_steam=56362.59 MT
01:37:41  INFO        [REVERSE NG HRSG] HRSG2_SHP STEAM: total_steam=56362.59 MT, norm=2.954424, consumed=166518.99 MMBTU (REVERSE, BPC method)
01:37:41  INFO        [REVERSE NG HRSG] Found HRSG: HRSG-3, supp_steam=38207.07 MT, free_steam=18155.52 MT, total_steam=56362.59 MT
01:37:41  INFO        [REVERSE NG HRSG] HRSG3_SHP STEAM: total_steam=56362.59 MT, norm=2.954424, consumed=166518.99 MMBTU (REVERSE, BPC method)
01:37:41  INFO      
01:37:41  INFO        ------------------------------------------------------------------------------------------
01:37:41  INFO        ITERATION 33
01:37:41  INFO        ------------------------------------------------------------------------------------------
01:37:41  INFO        Power:  Demand =    44686477.63 KWH  |  Gen =       26686.48 MWh  |  Surplus =     0.00  |  Deficit =     0.00
01:37:41  INFO        Steam:  Gen =      112725.18 MT  |  Surplus =     0.01  |  Deficit =     0.00
01:37:41  INFO        Power delta: 2.2070 MWh  |  Converged: NO
01:37:41  INFO      
01:37:41  INFO        Utility                                Total Demand      U4U Demand         Initial    Change %
01:37:41  INFO        -----------------------------------  --------------  --------------  --------------  ----------
01:37:41  INFO        Boiler Feed Water                         121827.82       121827.93            0.00     0.0001%
01:37:41  INFO        COMPRESSED AIR                           7296147.80      1212043.19      6084105.59    83.3879%
01:37:41  INFO        Cooling Water 1                            15194.00            0.00        15194.00   100.0000%
01:37:41  INFO        Cooling Water 2                            13189.90         4173.59         9016.31    68.3577%
01:37:41  INFO        D M Water                                 160558.85       104771.93        55787.00    34.7456%
01:37:41  INFO        HP Steam PRDS                               4972.00         4972.00            0.00     0.0000%
01:37:41  INFO        HP Steam_Dis                                4972.00            0.00         4972.00   100.0000%
01:37:41  INFO        HRSG2_SHP STEAM                            47643.50        47643.54            0.00     0.0001%
01:37:41  INFO        HRSG3_SHP STEAM                            47643.50        47643.54            0.00     0.0001%
01:37:41  INFO        LP Steam PRDS                              15443.20        15443.21            0.00     0.0001%
01:37:41  INFO        LP Steam_Dis                               42945.53        17665.03        25280.51    58.8665%
01:37:41  INFO        MP Steam PRDS SHP                          23941.02        23941.03            0.00     0.0001%
01:37:41  INFO        MP Steam_Dis                               26130.80        11582.40        14548.40    55.6754%
01:37:41  INFO        Nitrogen Gas                             5437630.00            0.00      5437630.00   100.0000% (PT)
01:37:41  INFO        Oxygen                                      5787.00            0.00         5787.00   100.0000%
01:37:41  INFO        POWERGEN                                26356934.95     26356934.95            0.00     0.0000%
01:37:41  INFO        Power_Dis                               44686477.63     15444412.24     29242067.20    65.4383%
01:37:41  INFO        SHP Steam_Dis                              95287.08        74312.10        20975.00    22.0125%
01:37:41  INFO        STG1_LP STEAM                              27502.30        27502.32            0.00     0.0001%
01:37:41  INFO        STG1_MP STEAM                               2189.76         2189.76            0.00     0.0001%
01:37:41  INFO        Water                                     768835.80       488464.19       280371.80    36.4671% (PT)
01:37:41  INFO      
01:37:41  INFO        U4U CONSUMPTION BREAKDOWN (per producer per material):
01:37:41  INFO        Producer                        Material Consumed                     Norm        Quantity  Credit
01:37:41  INFO        ------------------------------  ------------------------------  ----------  --------------  ------
01:37:41  INFO        Boiler Feed Water               CHEM CYCLO HEXY                   0.000100           12.18  
01:37:41  INFO        Boiler Feed Water               CHEM MORPHOLENE                   0.000002            0.24  
01:37:41  INFO        Boiler Feed Water               Cooling Water 2                   0.001070          130.36  
01:37:41  INFO        Boiler Feed Water               D M Water                         0.860000       104771.93  
01:37:41  INFO        Boiler Feed Water               KEM WATREAT B 70M                 0.000570           69.44  
01:37:41  INFO        Boiler Feed Water               LP Steam_Dis                      0.145000        17665.03  
01:37:41  INFO        Boiler Feed Water               Power_Dis                         9.500000      1157364.29  
01:37:41  INFO        COMPRESSED AIR                  Cooling Water 2                   0.000025          182.40  
01:37:41  INFO        COMPRESSED AIR                  Power_Dis                         0.165000      1203864.39  
01:37:41  INFO        Cooling Water 1                 COMPRESSED AIR                    0.108592         1649.95  
01:37:41  INFO        Cooling Water 1                 Power_Dis                       244.999997      3722529.95  
01:37:41  INFO        Cooling Water 1                 SULPHURIC ACID                    0.000158            2.40  
01:37:41  INFO        Cooling Water 1                 Water                            11.050000       167893.70  
01:37:41  INFO        Cooling Water 2                 COMPRESSED AIR                    0.123044         1622.94  
01:37:41  INFO        Cooling Water 2                 Power_Dis                       249.999997      3297474.89  
01:37:41  INFO        Cooling Water 2                 SULPHURIC ACID                    0.000158            2.08  
01:37:41  INFO        Cooling Water 2                 Water                            11.500000       151683.85  
01:37:41  INFO        D M Water                       CAUSTIC SODA LYE – GRADE 1        0.000226           36.29  
01:37:41  INFO        D M Water                       CHEM  SODIUM SULPHITE;PN:MIS 1    0.000701          112.55  
01:37:41  INFO        D M Water                       CHEM ALUM.SULFATE, AL2(SO4)3,1    0.000757          121.54  
01:37:41  INFO        D M Water                       COMPRESSED AIR                    0.077000        12363.03  
01:37:41  INFO        D M Water                       HYDRO CHLORIC ACID (30%) -VIRG    0.000226           36.29  
01:37:41  INFO        D M Water                       POLYELECTROLYTE                   0.000578           92.80  
01:37:41  INFO        D M Water                       Power_Dis                         1.210000       194276.21  
01:37:41  INFO        D M Water                       Ret steam condensate              0.203000        32593.45  
01:37:41  INFO        D M Water                       SODIUM CHLORIDE IS 797 GRADE1     0.000010            1.61  
01:37:41  INFO        D M Water                       Water                             1.050000       168586.79  
01:37:41  INFO        HP Steam PRDS                   Boiler Feed Water                 0.076800          381.85  
01:37:41  INFO        HP Steam PRDS                   SHP Steam_Dis                     0.923200         4590.15  
01:37:41  INFO        HP Steam_Dis                    HP Steam PRDS                     1.000000         4972.00  
01:37:41  INFO        HRSG2_SHP STEAM                 Boiler Feed Water                 1.024000        57715.29  
01:37:41  INFO        HRSG2_SHP STEAM                 CHEM TRISODIUM PHOSPHATE          0.000900           50.73  
01:37:41  INFO        HRSG2_SHP STEAM                 COMPRESSED AIR                    9.853236       555353.90  
01:37:41  INFO        HRSG2_SHP STEAM                 FURNACE OIL ( MEDIUM VISCOSITY    0.000098            5.52  
01:37:41  INFO        HRSG2_SHP STEAM                 LP Steam_Dis                     -0.078000        -4396.28  YES
01:37:41  INFO        HRSG2_SHP STEAM                 NATURAL GAS                       2.954424       166518.99  
01:37:41  INFO        HRSG2_SHP STEAM                 Water                             0.002660          149.92  
01:37:41  INFO        HRSG3_SHP STEAM                 Boiler Feed Water                 1.024000        57715.29  
01:37:41  INFO        HRSG3_SHP STEAM                 CHEM TRISODIUM PHOSPHATE          0.000900           50.73  
01:37:41  INFO        HRSG3_SHP STEAM                 COMPRESSED AIR                    9.596520       540884.72  
01:37:41  INFO        HRSG3_SHP STEAM                 FURNACE OIL ( MEDIUM VISCOSITY    0.000098            5.52  
01:37:41  INFO        HRSG3_SHP STEAM                 LP Steam_Dis                     -0.078000        -4396.28  YES
01:37:41  INFO        HRSG3_SHP STEAM                 NATURAL GAS                       2.954424       166518.99  
01:37:41  INFO        HRSG3_SHP STEAM                 Water                             0.002660          149.92  
01:37:41  INFO        LP Steam PRDS                   Boiler Feed Water                 0.250000         3860.80  
01:37:41  INFO        LP Steam PRDS                   MP Steam_Dis                      0.750000        11582.40  
01:37:41  INFO        LP Steam_Dis                    LP Steam PRDS                     0.359600        15443.21  
01:37:41  INFO        LP Steam_Dis                    STG1_LP STEAM                     0.640400        27502.32  
01:37:41  INFO        MP Steam PRDS SHP               Boiler Feed Water                 0.090000         2154.69  
01:37:41  INFO        MP Steam PRDS SHP               SHP Steam_Dis                     0.910000        21786.33  
01:37:41  INFO        MP Steam_Dis                    MP Steam PRDS SHP                 0.916200        23941.03  
01:37:41  INFO        MP Steam_Dis                    STG1_MP STEAM                     0.083800         2189.76  
01:37:41  INFO        Oxygen                          Cooling Water 2                   0.261000         1510.41  
01:37:41  INFO        Oxygen                          Power_Dis                       968.650000      5605577.55  
01:37:41  INFO        POWERGEN                        COMPRESSED AIR                    0.004011        36863.02  
01:37:41  INFO        POWERGEN                        COMPRESSED AIR                    0.003420        31518.72  
01:37:41  INFO        POWERGEN                        COMPRESSED AIR                    0.003839        31786.92  
01:37:41  INFO        POWERGEN                        COMPRESSED AIR                    0.000000            0.00  
01:37:41  INFO        POWERGEN                        Cooling Water 2                   0.000232         2132.19  
01:37:41  INFO        POWERGEN                        Cooling Water 2                   0.000012          110.59  
01:37:41  INFO        POWERGEN                        Cooling Water 2                   0.000013          107.64  
01:37:41  INFO        POWERGEN                        Cooling Water 2                   0.000000            0.00  
01:37:41  INFO        POWERGEN                        NATURAL GAS                       0.009373        86385.63  
01:37:41  INFO        POWERGEN                        NATURAL GAS                       0.009982        82651.39  
01:37:41  INFO        POWERGEN                        NATURAL GAS                       0.009472            0.00  
01:37:41  INFO        POWERGEN                        Power_Dis                         0.002000        18380.96  
01:37:41  INFO        POWERGEN                        Power_Dis                         0.014000       129024.00  
01:37:41  INFO        POWERGEN                        Power_Dis                         0.014000       115920.00  
01:37:41  INFO        POWERGEN                        Power_Dis                         0.000000            0.00  
01:37:41  INFO        POWERGEN                        SHP Steam_Dis                     0.003615        33223.59  
01:37:41  INFO        Power_Dis                       POWERGEN                          0.186036      8313293.99  
01:37:41  INFO        Power_Dis                       POWERGEN                          0.196717      8790590.29  
01:37:41  INFO        Power_Dis                       POWERGEN                          0.207066      9253050.67  
01:37:41  INFO        Power_Dis                       Power from MEL                    0.410169     18000000.00  
01:37:41  INFO        SHP Steam_Dis                   HRSG2_SHP STEAM                   0.500000        47643.54  
01:37:41  INFO        SHP Steam_Dis                   HRSG3_SHP STEAM                   0.500000        47643.54  
01:37:41  INFO        STG1_LP STEAM                   SHP Steam_Dis                     0.480000        13201.10  
01:37:41  INFO        STG1_MP STEAM                   SHP Steam_Dis                     0.690000         1510.93  
01:37:41  INFO      
01:37:41  INFO        All U4U materials converged within tolerance
01:37:41  INFO        ------------------------------------------------------------------------------------------
01:37:42  INFO        [DISPATCH] Total demand: 44686.48 MWh, Import: 18000.00 MWh, Net for GT/STG: 26686.48 MWh
01:37:42  WARNING     [DISPATCH] No aux power norm for 'NMD-Power Plant-2'; using 0.0
01:37:42  WARNING     [DISPATCH] No aux power norm for 'NMD-Power Plant-3'; using 0.0
01:37:42  WARNING     [DISPATCH] No aux power norm for 'NMD-STG Power Plant'; using 0.0
01:37:42  INFO        ==============================================================================
01:37:42  INFO        POWER DISPATCH  (April 2025)
01:37:42  INFO        ==============================================================================
01:37:42  INFO        Demand:  Process = 44686.48 MWh  |  Fixed = 0.00 MWh  |  Total = 44686.48 MWh
01:37:42  INFO      
01:37:42  INFO        Asset                      Priority    Min MW    Max MW     Hours   Dispatched MW  Dispatched MWh    Load %  Free Steam MT  Aux Power MWh
01:37:42  INFO        -------------------------  --------  --------  --------  --------  --------------  --------------  --------  ------------  ------------
01:37:42  INFO        NMD-Power Plant-2                 1      5.00     11.50    720.00           11.50         8280.00    100.0%      16311.60          0.00
01:37:42  INFO        NMD-Power Plant-3                 1      5.00     12.80    720.00           12.80         9216.00    100.0%      18155.52          0.00
01:37:42  INFO        NMD-STG Power Plant               2      6.00     14.50    720.00           12.76         9190.48     88.0%          0.00          0.00
01:37:42  INFO        TOTAL                                                                                    26686.48                34467.12          0.00
01:37:42  INFO        DEFICIT: 18000.00 MWh under-generation
01:37:42  INFO        ==============================================================================
01:37:42  INFO        [STG EXTRACTION] STG Load: 12.76 MW, LP Extraction: 20880.00 MT, MP Extraction: 2880.00 MT
01:37:42  INFO        ==============================================================================
01:37:42  INFO        STEAM DISPATCH  (April 2025)
01:37:42  INFO        ==============================================================================
01:37:42  INFO        Grade      Process/Fixed MT  Letdown MT  Byproduct MT     Net Demand MT
01:37:42  INFO        ---------  ----------------  ----------  ------------  ----------------
01:37:42  INFO        MP                 26130.80    17438.10          0.00          23250.80
01:37:42  INFO        SHP                95287.10   104067.91          0.00         112725.21
01:37:42  INFO      
01:37:42  INFO        Total Free Steam available: 34467.12 MT
01:37:42  INFO      
01:37:42  INFO        FINAL SUPPLEMENTARY FIRING DISPATCH
01:37:42  INFO        Asset                      Priority     Min TPH     Max TPH     Hours  Dispatched TPH   Dispatched MT    Load %
01:37:42  INFO        -------------------------  --------  ----------  ----------  --------  --------------  --------------  --------
01:37:42  INFO        HRSG-1                          999       60.00      136.00      0.00            0.00            0.00      0.0%
01:37:42  INFO        HRSG-2                            1       37.34      113.34    720.00           55.63        40051.00     57.6%
01:37:42  INFO        HRSG-3                            1       34.78      110.78    720.00           53.07        38207.08     57.6%
01:37:42  INFO        TOTAL SUPPLEMENTARY                                                                          78258.08          
01:37:42  INFO        TOTAL STEAM GENERATED                                                                       112725.20          
01:37:42  INFO        DEFICIT: 0.01 MT
01:37:42  INFO        ==============================================================================
01:37:42  INFO        [REVERSE NG] Found GT asset: NMD-Power Plant-3, plant: NMD - Power Plant 3, heat_rate: 3862.56, free_steam: 1.97
01:37:42  INFO        [REVERSE NG] NMD - Power Plant 3: gen_qty=9216000 KWH, heat_rate=3862.56, free_steam=1.9700, consumed=86385.63 MMBTU (REVERSE)
01:37:42  INFO        [REVERSE NG] Found GT asset: NMD-Power Plant-2, plant: NMD - Power Plant 2, heat_rate: 4016.03, free_steam: 1.97
01:37:42  INFO        [REVERSE NG] NMD - Power Plant 2: gen_qty=8280000 KWH, heat_rate=4016.03, free_steam=1.9700, consumed=82651.39 MMBTU (REVERSE)
01:37:42  INFO        [REVERSE NG HRSG] Found HRSG: HRSG-2, supp_steam=40051.00 MT, free_steam=16311.60 MT, total_steam=56362.60 MT
01:37:42  INFO        [REVERSE NG HRSG] HRSG2_SHP STEAM: total_steam=56362.60 MT, norm=2.954424, consumed=166519.02 MMBTU (REVERSE, BPC method)
01:37:42  INFO        [REVERSE NG HRSG] Found HRSG: HRSG-3, supp_steam=38207.08 MT, free_steam=18155.52 MT, total_steam=56362.60 MT
01:37:42  INFO        [REVERSE NG HRSG] HRSG3_SHP STEAM: total_steam=56362.60 MT, norm=2.954424, consumed=166519.02 MMBTU (REVERSE, BPC method)
01:37:42  INFO      
01:37:42  INFO        ------------------------------------------------------------------------------------------
01:37:42  INFO        ITERATION 34
01:37:42  INFO        ------------------------------------------------------------------------------------------
01:37:42  INFO        Power:  Demand =    44686479.44 KWH  |  Gen =       26686.48 MWh  |  Surplus =     0.00  |  Deficit =     0.00
01:37:42  INFO        Steam:  Gen =      112725.20 MT  |  Surplus =     0.00  |  Deficit =     0.01
01:37:42  INFO        Power delta: 1.8052 MWh  |  Converged: NO
01:37:42  INFO      
01:37:42  INFO        Utility                                Total Demand      U4U Demand         Initial    Change %
01:37:42  INFO        -----------------------------------  --------------  --------------  --------------  ----------
01:37:42  INFO        Boiler Feed Water                         121827.93       121827.95            0.00     0.0001%
01:37:42  INFO        COMPRESSED AIR                           7296148.78      1212043.39      6084105.59    83.3879%
01:37:42  INFO        Cooling Water 1                            15194.00            0.00        15194.00   100.0000%
01:37:42  INFO        Cooling Water 2                            13189.90         4173.59         9016.31    68.3577%
01:37:42  INFO        D M Water                                 160558.93       104772.02        55787.00    34.7455%
01:37:42  INFO        HP Steam PRDS                               4972.00         4972.00            0.00     0.0000%
01:37:42  INFO        HP Steam_Dis                                4972.00            0.00         4972.00   100.0000%
01:37:42  INFO        HRSG2_SHP STEAM                            47643.54        47643.55            0.00     0.0001%
01:37:42  INFO        HRSG3_SHP STEAM                            47643.54        47643.55            0.00     0.0001%
01:37:42  INFO        LP Steam PRDS                              15443.21        15443.22            0.00     0.0001%
01:37:42  INFO        LP Steam_Dis                               42945.54        17665.05        25280.51    58.8665%
01:37:42  INFO        MP Steam PRDS SHP                          23941.03        23941.04            0.00     0.0001%
01:37:42  INFO        MP Steam_Dis                               26130.80        11582.41        14548.40    55.6753%
01:37:42  INFO        Nitrogen Gas                             5437630.00            0.00      5437630.00   100.0000% (PT)
01:37:42  INFO        Oxygen                                      5787.00            0.00         5787.00   100.0000%
01:37:42  INFO        POWERGEN                                26356934.95     26356934.95            0.00     0.0000%
01:37:42  INFO        Power_Dis                               44686479.44     15444413.53     29242067.20    65.4383%
01:37:42  INFO        SHP Steam_Dis                              95287.10        74312.12        20975.00    22.0125%
01:37:42  INFO        STG1_LP STEAM                              27502.32        27502.33            0.00     0.0001%
01:37:42  INFO        STG1_MP STEAM                               2189.76         2189.76            0.00     0.0001%
01:37:42  INFO        Water                                     768835.99       488464.27       280371.80    36.4671% (PT)
01:37:42  INFO      
01:37:42  INFO        U4U CONSUMPTION BREAKDOWN (per producer per material):
01:37:42  INFO        Producer                        Material Consumed                     Norm        Quantity  Credit
01:37:42  INFO        ------------------------------  ------------------------------  ----------  --------------  ------
01:37:42  INFO        Boiler Feed Water               CHEM CYCLO HEXY                   0.000100           12.18  
01:37:42  INFO        Boiler Feed Water               CHEM MORPHOLENE                   0.000002            0.24  
01:37:42  INFO        Boiler Feed Water               Cooling Water 2                   0.001070          130.36  
01:37:42  INFO        Boiler Feed Water               D M Water                         0.860000       104772.02  
01:37:42  INFO        Boiler Feed Water               KEM WATREAT B 70M                 0.000570           69.44  
01:37:42  INFO        Boiler Feed Water               LP Steam_Dis                      0.145000        17665.05  
01:37:42  INFO        Boiler Feed Water               Power_Dis                         9.500000      1157365.30  
01:37:42  INFO        COMPRESSED AIR                  Cooling Water 2                   0.000025          182.40  
01:37:42  INFO        COMPRESSED AIR                  Power_Dis                         0.165000      1203864.55  
01:37:42  INFO        Cooling Water 1                 COMPRESSED AIR                    0.108592         1649.95  
01:37:42  INFO        Cooling Water 1                 Power_Dis                       244.999997      3722529.95  
01:37:42  INFO        Cooling Water 1                 SULPHURIC ACID                    0.000158            2.40  
01:37:42  INFO        Cooling Water 1                 Water                            11.050000       167893.70  
01:37:42  INFO        Cooling Water 2                 COMPRESSED AIR                    0.123044         1622.94  
01:37:42  INFO        Cooling Water 2                 Power_Dis                       249.999997      3297474.92  
01:37:42  INFO        Cooling Water 2                 SULPHURIC ACID                    0.000158            2.08  
01:37:42  INFO        Cooling Water 2                 Water                            11.500000       151683.85  
01:37:42  INFO        D M Water                       CAUSTIC SODA LYE – GRADE 1        0.000226           36.29  
01:37:42  INFO        D M Water                       CHEM  SODIUM SULPHITE;PN:MIS 1    0.000701          112.55  
01:37:42  INFO        D M Water                       CHEM ALUM.SULFATE, AL2(SO4)3,1    0.000757          121.54  
01:37:42  INFO        D M Water                       COMPRESSED AIR                    0.077000        12363.04  
01:37:42  INFO        D M Water                       HYDRO CHLORIC ACID (30%) -VIRG    0.000226           36.29  
01:37:42  INFO        D M Water                       POLYELECTROLYTE                   0.000578           92.80  
01:37:42  INFO        D M Water                       Power_Dis                         1.210000       194276.30  
01:37:42  INFO        D M Water                       Ret steam condensate              0.203000        32593.46  
01:37:42  INFO        D M Water                       SODIUM CHLORIDE IS 797 GRADE1     0.000010            1.61  
01:37:42  INFO        D M Water                       Water                             1.050000       168586.87  
01:37:42  INFO        HP Steam PRDS                   Boiler Feed Water                 0.076800          381.85  
01:37:42  INFO        HP Steam PRDS                   SHP Steam_Dis                     0.923200         4590.15  
01:37:42  INFO        HP Steam_Dis                    HP Steam PRDS                     1.000000         4972.00  
01:37:42  INFO        HRSG2_SHP STEAM                 Boiler Feed Water                 1.024000        57715.30  
01:37:42  INFO        HRSG2_SHP STEAM                 CHEM TRISODIUM PHOSPHATE          0.000900           50.73  
01:37:42  INFO        HRSG2_SHP STEAM                 COMPRESSED AIR                    9.853236       555354.00  
01:37:42  INFO        HRSG2_SHP STEAM                 FURNACE OIL ( MEDIUM VISCOSITY    0.000098            5.52  
01:37:42  INFO        HRSG2_SHP STEAM                 LP Steam_Dis                     -0.078000        -4396.28  YES
01:37:42  INFO        HRSG2_SHP STEAM                 NATURAL GAS                       2.954424       166519.02  
01:37:42  INFO        HRSG2_SHP STEAM                 Water                             0.002660          149.92  
01:37:42  INFO        HRSG3_SHP STEAM                 Boiler Feed Water                 1.024000        57715.30  
01:37:42  INFO        HRSG3_SHP STEAM                 CHEM TRISODIUM PHOSPHATE          0.000900           50.73  
01:37:42  INFO        HRSG3_SHP STEAM                 COMPRESSED AIR                    9.596520       540884.82  
01:37:42  INFO        HRSG3_SHP STEAM                 FURNACE OIL ( MEDIUM VISCOSITY    0.000098            5.52  
01:37:42  INFO        HRSG3_SHP STEAM                 LP Steam_Dis                     -0.078000        -4396.28  YES
01:37:42  INFO        HRSG3_SHP STEAM                 NATURAL GAS                       2.954424       166519.02  
01:37:42  INFO        HRSG3_SHP STEAM                 Water                             0.002660          149.92  
01:37:42  INFO        LP Steam PRDS                   Boiler Feed Water                 0.250000         3860.80  
01:37:42  INFO        LP Steam PRDS                   MP Steam_Dis                      0.750000        11582.41  
01:37:42  INFO        LP Steam_Dis                    LP Steam PRDS                     0.359600        15443.22  
01:37:42  INFO        LP Steam_Dis                    STG1_LP STEAM                     0.640400        27502.33  
01:37:42  INFO        MP Steam PRDS SHP               Boiler Feed Water                 0.090000         2154.69  
01:37:42  INFO        MP Steam PRDS SHP               SHP Steam_Dis                     0.910000        21786.34  
01:37:42  INFO        MP Steam_Dis                    MP Steam PRDS SHP                 0.916200        23941.04  
01:37:42  INFO        MP Steam_Dis                    STG1_MP STEAM                     0.083800         2189.76  
01:37:42  INFO        Oxygen                          Cooling Water 2                   0.261000         1510.41  
01:37:42  INFO        Oxygen                          Power_Dis                       968.650000      5605577.55  
01:37:42  INFO        POWERGEN                        COMPRESSED AIR                    0.004011        36863.02  
01:37:42  INFO        POWERGEN                        COMPRESSED AIR                    0.003420        31518.72  
01:37:42  INFO        POWERGEN                        COMPRESSED AIR                    0.003839        31786.92  
01:37:42  INFO        POWERGEN                        COMPRESSED AIR                    0.000000            0.00  
01:37:42  INFO        POWERGEN                        Cooling Water 2                   0.000232         2132.19  
01:37:42  INFO        POWERGEN                        Cooling Water 2                   0.000012          110.59  
01:37:42  INFO        POWERGEN                        Cooling Water 2                   0.000013          107.64  
01:37:42  INFO        POWERGEN                        Cooling Water 2                   0.000000            0.00  
01:37:42  INFO        POWERGEN                        NATURAL GAS                       0.009373        86385.63  
01:37:42  INFO        POWERGEN                        NATURAL GAS                       0.009982        82651.39  
01:37:42  INFO        POWERGEN                        NATURAL GAS                       0.009472            0.00  
01:37:42  INFO        POWERGEN                        Power_Dis                         0.002000        18380.96  
01:37:42  INFO        POWERGEN                        Power_Dis                         0.014000       129024.00  
01:37:42  INFO        POWERGEN                        Power_Dis                         0.014000       115920.00  
01:37:42  INFO        POWERGEN                        Power_Dis                         0.000000            0.00  
01:37:42  INFO        POWERGEN                        SHP Steam_Dis                     0.003615        33223.59  
01:37:42  INFO        Power_Dis                       POWERGEN                          0.186036      8313293.99  
01:37:42  INFO        Power_Dis                       POWERGEN                          0.196717      8790590.29  
01:37:42  INFO        Power_Dis                       POWERGEN                          0.207066      9253050.67  
01:37:42  INFO        Power_Dis                       Power from MEL                    0.410169     18000000.00  
01:37:42  INFO        SHP Steam_Dis                   HRSG2_SHP STEAM                   0.500000        47643.55  
01:37:42  INFO        SHP Steam_Dis                   HRSG3_SHP STEAM                   0.500000        47643.55  
01:37:42  INFO        STG1_LP STEAM                   SHP Steam_Dis                     0.480000        13201.11  
01:37:42  INFO        STG1_MP STEAM                   SHP Steam_Dis                     0.690000         1510.93  
01:37:42  INFO      
01:37:42  INFO        All U4U materials converged within tolerance
01:37:42  INFO        ------------------------------------------------------------------------------------------
01:37:43  INFO        [DISPATCH] Total demand: 44686.48 MWh, Import: 18000.00 MWh, Net for GT/STG: 26686.48 MWh
01:37:44  WARNING     [DISPATCH] No aux power norm for 'NMD-Power Plant-2'; using 0.0
01:37:44  WARNING     [DISPATCH] No aux power norm for 'NMD-Power Plant-3'; using 0.0
01:37:44  WARNING     [DISPATCH] No aux power norm for 'NMD-STG Power Plant'; using 0.0
01:37:44  INFO        ==============================================================================
01:37:44  INFO        POWER DISPATCH  (April 2025)
01:37:44  INFO        ==============================================================================
01:37:44  INFO        Demand:  Process = 44686.48 MWh  |  Fixed = 0.00 MWh  |  Total = 44686.48 MWh
01:37:44  INFO      
01:37:44  INFO        Asset                      Priority    Min MW    Max MW     Hours   Dispatched MW  Dispatched MWh    Load %  Free Steam MT  Aux Power MWh
01:37:44  INFO        -------------------------  --------  --------  --------  --------  --------------  --------------  --------  ------------  ------------
01:37:44  INFO        NMD-Power Plant-2                 1      5.00     11.50    720.00           11.50         8280.00    100.0%      16311.60          0.00
01:37:44  INFO        NMD-Power Plant-3                 1      5.00     12.80    720.00           12.80         9216.00    100.0%      18155.52          0.00
01:37:44  INFO        NMD-STG Power Plant               2      6.00     14.50    720.00           12.76         9190.48     88.0%          0.00          0.00
01:37:44  INFO        TOTAL                                                                                    26686.48                34467.12          0.00
01:37:44  INFO        DEFICIT: 18000.00 MWh under-generation
01:37:44  INFO        ==============================================================================
01:37:44  INFO        [STG EXTRACTION] STG Load: 12.76 MW, LP Extraction: 20880.00 MT, MP Extraction: 2880.00 MT
01:37:44  INFO        ==============================================================================
01:37:44  INFO        STEAM DISPATCH  (April 2025)
01:37:44  INFO        ==============================================================================
01:37:44  INFO        Grade      Process/Fixed MT  Letdown MT  Byproduct MT     Net Demand MT
01:37:44  INFO        ---------  ----------------  ----------  ------------  ----------------
01:37:44  INFO        MP                 26130.81    17438.11          0.00          23250.81
01:37:44  INFO        SHP                95287.12   104067.93          0.00         112725.23
01:37:44  INFO      
01:37:44  INFO        Total Free Steam available: 34467.12 MT
01:37:44  INFO      
01:37:44  INFO        FINAL SUPPLEMENTARY FIRING DISPATCH
01:37:44  INFO        Asset                      Priority     Min TPH     Max TPH     Hours  Dispatched TPH   Dispatched MT    Load %
01:37:44  INFO        -------------------------  --------  ----------  ----------  --------  --------------  --------------  --------
01:37:44  INFO        HRSG-1                          999       60.00      136.00      0.00            0.00            0.00      0.0%
01:37:44  INFO        HRSG-2                            1       37.34      113.34    720.00           55.63        40051.02     57.6%
01:37:44  INFO        HRSG-3                            1       34.78      110.78    720.00           53.07        38207.10     57.6%
01:37:44  INFO        TOTAL SUPPLEMENTARY                                                                          78258.12          
01:37:44  INFO        TOTAL STEAM GENERATED                                                                       112725.24          
01:37:44  INFO        SURPLUS: 0.01 MT
01:37:44  INFO        ==============================================================================
01:37:44  INFO        [REVERSE NG] Found GT asset: NMD-Power Plant-3, plant: NMD - Power Plant 3, heat_rate: 3862.56, free_steam: 1.97
01:37:44  INFO        [REVERSE NG] NMD - Power Plant 3: gen_qty=9216000 KWH, heat_rate=3862.56, free_steam=1.9700, consumed=86385.63 MMBTU (REVERSE)
01:37:44  INFO        [REVERSE NG] Found GT asset: NMD-Power Plant-2, plant: NMD - Power Plant 2, heat_rate: 4016.03, free_steam: 1.97
01:37:44  INFO        [REVERSE NG] NMD - Power Plant 2: gen_qty=8280000 KWH, heat_rate=4016.03, free_steam=1.9700, consumed=82651.39 MMBTU (REVERSE)
01:37:44  INFO        [REVERSE NG HRSG] Found HRSG: HRSG-2, supp_steam=40051.02 MT, free_steam=16311.60 MT, total_steam=56362.62 MT
01:37:44  INFO        [REVERSE NG HRSG] HRSG2_SHP STEAM: total_steam=56362.62 MT, norm=2.954424, consumed=166519.08 MMBTU (REVERSE, BPC method)
01:37:44  INFO        [REVERSE NG HRSG] Found HRSG: HRSG-3, supp_steam=38207.10 MT, free_steam=18155.52 MT, total_steam=56362.62 MT
01:37:44  INFO        [REVERSE NG HRSG] HRSG3_SHP STEAM: total_steam=56362.62 MT, norm=2.954424, consumed=166519.08 MMBTU (REVERSE, BPC method)
01:37:44  INFO      
01:37:44  INFO        ------------------------------------------------------------------------------------------
01:37:44  INFO        ITERATION 35
01:37:44  INFO        ------------------------------------------------------------------------------------------
01:37:44  INFO        Power:  Demand =    44686480.73 KWH  |  Gen =       26686.48 MWh  |  Surplus =     0.00  |  Deficit =     0.00
01:37:44  INFO        Steam:  Gen =      112725.24 MT  |  Surplus =     0.01  |  Deficit =     0.00
01:37:44  INFO        Power delta: 1.2979 MWh  |  Converged: NO
01:37:44  INFO      
01:37:44  INFO        Utility                                Total Demand      U4U Demand         Initial    Change %
01:37:44  INFO        -----------------------------------  --------------  --------------  --------------  ----------
01:37:44  INFO        Boiler Feed Water                         121827.95       121827.99            0.00     0.0000%
01:37:44  INFO        COMPRESSED AIR                           7296148.98      1212043.79      6084105.59    83.3879%
01:37:44  INFO        Cooling Water 1                            15194.00            0.00        15194.00   100.0000%
01:37:44  INFO        Cooling Water 2                            13189.90         4173.59         9016.31    68.3577%
01:37:44  INFO        D M Water                                 160559.02       104772.04        55787.00    34.7455%
01:37:44  INFO        HP Steam PRDS                               4972.00         4972.00            0.00     0.0000%
01:37:44  INFO        HP Steam_Dis                                4972.00            0.00         4972.00   100.0000%
01:37:44  INFO        HRSG2_SHP STEAM                            47643.55        47643.56            0.00     0.0000%
01:37:44  INFO        HRSG3_SHP STEAM                            47643.55        47643.56            0.00     0.0000%
01:37:44  INFO        LP Steam PRDS                              15443.22        15443.22            0.00     0.0000%
01:37:44  INFO        LP Steam_Dis                               42945.56        17665.05        25280.51    58.8664%
01:37:44  INFO        MP Steam PRDS SHP                          23941.04        23941.05            0.00     0.0000%
01:37:44  INFO        MP Steam_Dis                               26130.81        11582.41        14548.40    55.6753%
01:37:44  INFO        Nitrogen Gas                             5437630.00            0.00      5437630.00   100.0000% (PT)
01:37:44  INFO        Oxygen                                      5787.00            0.00         5787.00   100.0000%
01:37:44  INFO        POWERGEN                                26356934.95     26356934.95            0.00     0.0000%
01:37:44  INFO        Power_Dis                               44686480.73     15444413.94     29242067.20    65.4383%
01:37:44  INFO        SHP Steam_Dis                              95287.12        74312.14        20975.00    22.0124%
01:37:44  INFO        STG1_LP STEAM                              27502.33        27502.34            0.00     0.0000%
01:37:44  INFO        STG1_MP STEAM                               2189.76         2189.76            0.00     0.0000%
01:37:44  INFO        Water                                     768836.07       488464.37       280371.80    36.4671% (PT)
01:37:44  INFO      
01:37:44  INFO        U4U CONSUMPTION BREAKDOWN (per producer per material):
01:37:44  INFO        Producer                        Material Consumed                     Norm        Quantity  Credit
01:37:44  INFO        ------------------------------  ------------------------------  ----------  --------------  ------
01:37:44  INFO        Boiler Feed Water               CHEM CYCLO HEXY                   0.000100           12.18  
01:37:44  INFO        Boiler Feed Water               CHEM MORPHOLENE                   0.000002            0.24  
01:37:44  INFO        Boiler Feed Water               Cooling Water 2                   0.001070          130.36  
01:37:44  INFO        Boiler Feed Water               D M Water                         0.860000       104772.04  
01:37:44  INFO        Boiler Feed Water               KEM WATREAT B 70M                 0.000570           69.44  
01:37:44  INFO        Boiler Feed Water               LP Steam_Dis                      0.145000        17665.05  
01:37:44  INFO        Boiler Feed Water               Power_Dis                         9.500000      1157365.53  
01:37:44  INFO        COMPRESSED AIR                  Cooling Water 2                   0.000025          182.40  
01:37:44  INFO        COMPRESSED AIR                  Power_Dis                         0.165000      1203864.58  
01:37:44  INFO        Cooling Water 1                 COMPRESSED AIR                    0.108592         1649.95  
01:37:44  INFO        Cooling Water 1                 Power_Dis                       244.999997      3722529.95  
01:37:44  INFO        Cooling Water 1                 SULPHURIC ACID                    0.000158            2.40  
01:37:44  INFO        Cooling Water 1                 Water                            11.050000       167893.70  
01:37:44  INFO        Cooling Water 2                 COMPRESSED AIR                    0.123044         1622.94  
01:37:44  INFO        Cooling Water 2                 Power_Dis                       249.999997      3297474.95  
01:37:44  INFO        Cooling Water 2                 SULPHURIC ACID                    0.000158            2.08  
01:37:44  INFO        Cooling Water 2                 Water                            11.500000       151683.85  
01:37:44  INFO        D M Water                       CAUSTIC SODA LYE – GRADE 1        0.000226           36.29  
01:37:44  INFO        D M Water                       CHEM  SODIUM SULPHITE;PN:MIS 1    0.000701          112.55  
01:37:44  INFO        D M Water                       CHEM ALUM.SULFATE, AL2(SO4)3,1    0.000757          121.54  
01:37:44  INFO        D M Water                       COMPRESSED AIR                    0.077000        12363.04  
01:37:44  INFO        D M Water                       HYDRO CHLORIC ACID (30%) -VIRG    0.000226           36.29  
01:37:44  INFO        D M Water                       POLYELECTROLYTE                   0.000578           92.80  
01:37:44  INFO        D M Water                       Power_Dis                         1.210000       194276.41  
01:37:44  INFO        D M Water                       Ret steam condensate              0.203000        32593.48  
01:37:44  INFO        D M Water                       SODIUM CHLORIDE IS 797 GRADE1     0.000010            1.61  
01:37:44  INFO        D M Water                       Water                             1.050000       168586.97  
01:37:44  INFO        HP Steam PRDS                   Boiler Feed Water                 0.076800          381.85  
01:37:44  INFO        HP Steam PRDS                   SHP Steam_Dis                     0.923200         4590.15  
01:37:44  INFO        HP Steam_Dis                    HP Steam PRDS                     1.000000         4972.00  
01:37:44  INFO        HRSG2_SHP STEAM                 Boiler Feed Water                 1.024000        57715.32  
01:37:44  INFO        HRSG2_SHP STEAM                 CHEM TRISODIUM PHOSPHATE          0.000900           50.73  
01:37:44  INFO        HRSG2_SHP STEAM                 COMPRESSED AIR                    9.853236       555354.20  
01:37:44  INFO        HRSG2_SHP STEAM                 FURNACE OIL ( MEDIUM VISCOSITY    0.000098            5.52  
01:37:44  INFO        HRSG2_SHP STEAM                 LP Steam_Dis                     -0.078000        -4396.28  YES
01:37:44  INFO        HRSG2_SHP STEAM                 NATURAL GAS                       2.954424       166519.08  
01:37:44  INFO        HRSG2_SHP STEAM                 Water                             0.002660          149.92  
01:37:44  INFO        HRSG3_SHP STEAM                 Boiler Feed Water                 1.024000        57715.32  
01:37:44  INFO        HRSG3_SHP STEAM                 CHEM TRISODIUM PHOSPHATE          0.000900           50.73  
01:37:44  INFO        HRSG3_SHP STEAM                 COMPRESSED AIR                    9.596520       540885.01  
01:37:44  INFO        HRSG3_SHP STEAM                 FURNACE OIL ( MEDIUM VISCOSITY    0.000098            5.52  
01:37:44  INFO        HRSG3_SHP STEAM                 LP Steam_Dis                     -0.078000        -4396.28  YES
01:37:44  INFO        HRSG3_SHP STEAM                 NATURAL GAS                       2.954424       166519.08  
01:37:44  INFO        HRSG3_SHP STEAM                 Water                             0.002660          149.92  
01:37:44  INFO        LP Steam PRDS                   Boiler Feed Water                 0.250000         3860.80  
01:37:44  INFO        LP Steam PRDS                   MP Steam_Dis                      0.750000        11582.41  
01:37:44  INFO        LP Steam_Dis                    LP Steam PRDS                     0.359600        15443.22  
01:37:44  INFO        LP Steam_Dis                    STG1_LP STEAM                     0.640400        27502.34  
01:37:44  INFO        MP Steam PRDS SHP               Boiler Feed Water                 0.090000         2154.69  
01:37:44  INFO        MP Steam PRDS SHP               SHP Steam_Dis                     0.910000        21786.35  
01:37:44  INFO        MP Steam_Dis                    MP Steam PRDS SHP                 0.916200        23941.05  
01:37:44  INFO        MP Steam_Dis                    STG1_MP STEAM                     0.083800         2189.76  
01:37:44  INFO        Oxygen                          Cooling Water 2                   0.261000         1510.41  
01:37:44  INFO        Oxygen                          Power_Dis                       968.650000      5605577.55  
01:37:44  INFO        POWERGEN                        COMPRESSED AIR                    0.004011        36863.02  
01:37:44  INFO        POWERGEN                        COMPRESSED AIR                    0.003420        31518.72  
01:37:44  INFO        POWERGEN                        COMPRESSED AIR                    0.003839        31786.92  
01:37:44  INFO        POWERGEN                        COMPRESSED AIR                    0.000000            0.00  
01:37:44  INFO        POWERGEN                        Cooling Water 2                   0.000232         2132.19  
01:37:44  INFO        POWERGEN                        Cooling Water 2                   0.000012          110.59  
01:37:44  INFO        POWERGEN                        Cooling Water 2                   0.000013          107.64  
01:37:44  INFO        POWERGEN                        Cooling Water 2                   0.000000            0.00  
01:37:44  INFO        POWERGEN                        NATURAL GAS                       0.009373        86385.63  
01:37:44  INFO        POWERGEN                        NATURAL GAS                       0.009982        82651.39  
01:37:44  INFO        POWERGEN                        NATURAL GAS                       0.009472            0.00  
01:37:44  INFO        POWERGEN                        Power_Dis                         0.002000        18380.96  
01:37:44  INFO        POWERGEN                        Power_Dis                         0.014000       129024.00  
01:37:44  INFO        POWERGEN                        Power_Dis                         0.014000       115920.00  
01:37:44  INFO        POWERGEN                        Power_Dis                         0.000000            0.00  
01:37:44  INFO        POWERGEN                        SHP Steam_Dis                     0.003615        33223.59  
01:37:44  INFO        Power_Dis                       POWERGEN                          0.186036      8313293.99  
01:37:44  INFO        Power_Dis                       POWERGEN                          0.196717      8790590.29  
01:37:44  INFO        Power_Dis                       POWERGEN                          0.207066      9253050.67  
01:37:44  INFO        Power_Dis                       Power from MEL                    0.410169     18000000.00  
01:37:44  INFO        SHP Steam_Dis                   HRSG2_SHP STEAM                   0.500000        47643.56  
01:37:44  INFO        SHP Steam_Dis                   HRSG3_SHP STEAM                   0.500000        47643.56  
01:37:44  INFO        STG1_LP STEAM                   SHP Steam_Dis                     0.480000        13201.12  
01:37:44  INFO        STG1_MP STEAM                   SHP Steam_Dis                     0.690000         1510.94  
01:37:44  INFO      
01:37:44  INFO        All U4U materials converged within tolerance
01:37:44  INFO        ------------------------------------------------------------------------------------------
01:37:45  INFO        [DISPATCH] Total demand: 44686.48 MWh, Import: 18000.00 MWh, Net for GT/STG: 26686.48 MWh
01:37:45  WARNING     [DISPATCH] No aux power norm for 'NMD-Power Plant-2'; using 0.0
01:37:45  WARNING     [DISPATCH] No aux power norm for 'NMD-Power Plant-3'; using 0.0
01:37:45  WARNING     [DISPATCH] No aux power norm for 'NMD-STG Power Plant'; using 0.0
01:37:45  INFO        ==============================================================================
01:37:45  INFO        POWER DISPATCH  (April 2025)
01:37:45  INFO        ==============================================================================
01:37:45  INFO        Demand:  Process = 44686.48 MWh  |  Fixed = 0.00 MWh  |  Total = 44686.48 MWh
01:37:45  INFO      
01:37:45  INFO        Asset                      Priority    Min MW    Max MW     Hours   Dispatched MW  Dispatched MWh    Load %  Free Steam MT  Aux Power MWh
01:37:45  INFO        -------------------------  --------  --------  --------  --------  --------------  --------------  --------  ------------  ------------
01:37:45  INFO        NMD-Power Plant-2                 1      5.00     11.50    720.00           11.50         8280.00    100.0%      16311.60          0.00
01:37:45  INFO        NMD-Power Plant-3                 1      5.00     12.80    720.00           12.80         9216.00    100.0%      18155.52          0.00
01:37:45  INFO        NMD-STG Power Plant               2      6.00     14.50    720.00           12.76         9190.48     88.0%          0.00          0.00
01:37:45  INFO        TOTAL                                                                                    26686.48                34467.12          0.00
01:37:45  INFO        DEFICIT: 18000.00 MWh under-generation
01:37:45  INFO        ==============================================================================
01:37:45  INFO        [STG EXTRACTION] STG Load: 12.76 MW, LP Extraction: 20880.00 MT, MP Extraction: 2880.00 MT
01:37:46  INFO        ==============================================================================
01:37:46  INFO        STEAM DISPATCH  (April 2025)
01:37:46  INFO        ==============================================================================
01:37:46  INFO        Grade      Process/Fixed MT  Letdown MT  Byproduct MT     Net Demand MT
01:37:46  INFO        ---------  ----------------  ----------  ------------  ----------------
01:37:46  INFO        MP                 26130.81    17438.11          0.00          23250.81
01:37:46  INFO        SHP                95287.14   104067.95          0.00         112725.25
01:37:46  INFO      
01:37:46  INFO        Total Free Steam available: 34467.12 MT
01:37:46  INFO      
01:37:46  INFO        FINAL SUPPLEMENTARY FIRING DISPATCH
01:37:46  INFO        Asset                      Priority     Min TPH     Max TPH     Hours  Dispatched TPH   Dispatched MT    Load %
01:37:46  INFO        -------------------------  --------  ----------  ----------  --------  --------------  --------------  --------
01:37:46  INFO        HRSG-1                          999       60.00      136.00      0.00            0.00            0.00      0.0%
01:37:46  INFO        HRSG-2                            1       37.34      113.34    720.00           55.63        40051.02     57.6%
01:37:46  INFO        HRSG-3                            1       34.78      110.78    720.00           53.07        38207.10     57.6%
01:37:46  INFO        TOTAL SUPPLEMENTARY                                                                          78258.12          
01:37:46  INFO        TOTAL STEAM GENERATED                                                                       112725.24          
01:37:46  INFO        DEFICIT: 0.01 MT
01:37:46  INFO        ==============================================================================
01:37:46  INFO        [REVERSE NG] Found GT asset: NMD-Power Plant-3, plant: NMD - Power Plant 3, heat_rate: 3862.56, free_steam: 1.97
01:37:46  INFO        [REVERSE NG] NMD - Power Plant 3: gen_qty=9216000 KWH, heat_rate=3862.56, free_steam=1.9700, consumed=86385.63 MMBTU (REVERSE)
01:37:46  INFO        [REVERSE NG] Found GT asset: NMD-Power Plant-2, plant: NMD - Power Plant 2, heat_rate: 4016.03, free_steam: 1.97
01:37:46  INFO        [REVERSE NG] NMD - Power Plant 2: gen_qty=8280000 KWH, heat_rate=4016.03, free_steam=1.9700, consumed=82651.39 MMBTU (REVERSE)
01:37:46  INFO        [REVERSE NG HRSG] Found HRSG: HRSG-2, supp_steam=40051.02 MT, free_steam=16311.60 MT, total_steam=56362.62 MT
01:37:46  INFO        [REVERSE NG HRSG] HRSG2_SHP STEAM: total_steam=56362.62 MT, norm=2.954424, consumed=166519.08 MMBTU (REVERSE, BPC method)
01:37:46  INFO        [REVERSE NG HRSG] Found HRSG: HRSG-3, supp_steam=38207.10 MT, free_steam=18155.52 MT, total_steam=56362.62 MT
01:37:46  INFO        [REVERSE NG HRSG] HRSG3_SHP STEAM: total_steam=56362.62 MT, norm=2.954424, consumed=166519.08 MMBTU (REVERSE, BPC method)
01:37:46  INFO      
01:37:46  INFO        ------------------------------------------------------------------------------------------
01:37:46  INFO        ITERATION 36
01:37:46  INFO        ------------------------------------------------------------------------------------------
01:37:46  INFO        Power:  Demand =    44686481.14 KWH  |  Gen =       26686.48 MWh  |  Surplus =     0.00  |  Deficit =     0.00
01:37:46  INFO        Steam:  Gen =      112725.24 MT  |  Surplus =     0.00  |  Deficit =     0.01
01:37:46  INFO        Power delta: 0.4068 MWh  |  Converged: NO
01:37:46  INFO      
01:37:46  INFO        Utility                                Total Demand      U4U Demand         Initial    Change %
01:37:46  INFO        -----------------------------------  --------------  --------------  --------------  ----------
01:37:46  INFO        Boiler Feed Water                         121827.99       121828.00            0.00     0.0000%
01:37:46  INFO        COMPRESSED AIR                           7296149.38      1212043.79      6084105.59    83.3879%
01:37:46  INFO        Cooling Water 1                            15194.00            0.00        15194.00   100.0000%
01:37:46  INFO        Cooling Water 2                            13189.90         4173.59         9016.31    68.3577%
01:37:46  INFO        D M Water                                 160559.04       104772.07        55787.00    34.7455%
01:37:46  INFO        HP Steam PRDS                               4972.00         4972.00            0.00     0.0000%
01:37:46  INFO        HP Steam_Dis                                4972.00            0.00         4972.00   100.0000%
01:37:46  INFO        HRSG2_SHP STEAM                            47643.56        47643.57            0.00     0.0000%
01:37:46  INFO        HRSG3_SHP STEAM                            47643.56        47643.57            0.00     0.0000%
01:37:46  INFO        LP Steam PRDS                              15443.22        15443.22            0.00     0.0000%
01:37:46  INFO        LP Steam_Dis                               42945.56        17665.06        25280.51    58.8664%
01:37:46  INFO        MP Steam PRDS SHP                          23941.05        23941.05            0.00     0.0000%
01:37:46  INFO        MP Steam_Dis                               26130.81        11582.42        14548.40    55.6753%
01:37:46  INFO        Nitrogen Gas                             5437630.00            0.00      5437630.00   100.0000% (PT)
01:37:46  INFO        Oxygen                                      5787.00            0.00         5787.00   100.0000%
01:37:46  INFO        POWERGEN                                26356934.95     26356934.95            0.00     0.0000%
01:37:46  INFO        Power_Dis                               44686481.14     15444414.44     29242067.20    65.4383%
01:37:46  INFO        SHP Steam_Dis                              95287.14        74312.15        20975.00    22.0124%
01:37:46  INFO        STG1_LP STEAM                              27502.34        27502.34            0.00     0.0000%
01:37:46  INFO        STG1_MP STEAM                               2189.76         2189.76            0.00     0.0000%
01:37:46  INFO        Water                                     768836.17       488464.39       280371.80    36.4671% (PT)
01:37:46  INFO      
01:37:46  INFO        U4U CONSUMPTION BREAKDOWN (per producer per material):
01:37:46  INFO        Producer                        Material Consumed                     Norm        Quantity  Credit
01:37:46  INFO        ------------------------------  ------------------------------  ----------  --------------  ------
01:37:46  INFO        Boiler Feed Water               CHEM CYCLO HEXY                   0.000100           12.18  
01:37:46  INFO        Boiler Feed Water               CHEM MORPHOLENE                   0.000002            0.24  
01:37:46  INFO        Boiler Feed Water               Cooling Water 2                   0.001070          130.36  
01:37:46  INFO        Boiler Feed Water               D M Water                         0.860000       104772.07  
01:37:46  INFO        Boiler Feed Water               KEM WATREAT B 70M                 0.000570           69.44  
01:37:46  INFO        Boiler Feed Water               LP Steam_Dis                      0.145000        17665.06  
01:37:46  INFO        Boiler Feed Water               Power_Dis                         9.500000      1157365.94  
01:37:46  INFO        COMPRESSED AIR                  Cooling Water 2                   0.000025          182.40  
01:37:46  INFO        COMPRESSED AIR                  Power_Dis                         0.165000      1203864.65  
01:37:46  INFO        Cooling Water 1                 COMPRESSED AIR                    0.108592         1649.95  
01:37:46  INFO        Cooling Water 1                 Power_Dis                       244.999997      3722529.95  
01:37:46  INFO        Cooling Water 1                 SULPHURIC ACID                    0.000158            2.40  
01:37:46  INFO        Cooling Water 1                 Water                            11.050000       167893.70  
01:37:46  INFO        Cooling Water 2                 COMPRESSED AIR                    0.123044         1622.94  
01:37:46  INFO        Cooling Water 2                 Power_Dis                       249.999997      3297474.96  
01:37:46  INFO        Cooling Water 2                 SULPHURIC ACID                    0.000158            2.08  
01:37:46  INFO        Cooling Water 2                 Water                            11.500000       151683.85  
01:37:46  INFO        D M Water                       CAUSTIC SODA LYE – GRADE 1        0.000226           36.29  
01:37:46  INFO        D M Water                       CHEM  SODIUM SULPHITE;PN:MIS 1    0.000701          112.55  
01:37:46  INFO        D M Water                       CHEM ALUM.SULFATE, AL2(SO4)3,1    0.000757          121.54  
01:37:46  INFO        D M Water                       COMPRESSED AIR                    0.077000        12363.05  
01:37:46  INFO        D M Water                       HYDRO CHLORIC ACID (30%) -VIRG    0.000226           36.29  
01:37:46  INFO        D M Water                       POLYELECTROLYTE                   0.000578           92.80  
01:37:46  INFO        D M Water                       Power_Dis                         1.210000       194276.44  
01:37:46  INFO        D M Water                       Ret steam condensate              0.203000        32593.48  
01:37:46  INFO        D M Water                       SODIUM CHLORIDE IS 797 GRADE1     0.000010            1.61  
01:37:46  INFO        D M Water                       Water                             1.050000       168586.99  
01:37:46  INFO        HP Steam PRDS                   Boiler Feed Water                 0.076800          381.85  
01:37:46  INFO        HP Steam PRDS                   SHP Steam_Dis                     0.923200         4590.15  
01:37:46  INFO        HP Steam_Dis                    HP Steam PRDS                     1.000000         4972.00  
01:37:46  INFO        HRSG2_SHP STEAM                 Boiler Feed Water                 1.024000        57715.32  
01:37:46  INFO        HRSG2_SHP STEAM                 CHEM TRISODIUM PHOSPHATE          0.000900           50.73  
01:37:46  INFO        HRSG2_SHP STEAM                 COMPRESSED AIR                    9.853236       555354.20  
01:37:46  INFO        HRSG2_SHP STEAM                 FURNACE OIL ( MEDIUM VISCOSITY    0.000098            5.52  
01:37:46  INFO        HRSG2_SHP STEAM                 LP Steam_Dis                     -0.078000        -4396.28  YES
01:37:46  INFO        HRSG2_SHP STEAM                 NATURAL GAS                       2.954424       166519.08  
01:37:46  INFO        HRSG2_SHP STEAM                 Water                             0.002660          149.92  
01:37:46  INFO        HRSG3_SHP STEAM                 Boiler Feed Water                 1.024000        57715.32  
01:37:46  INFO        HRSG3_SHP STEAM                 CHEM TRISODIUM PHOSPHATE          0.000900           50.73  
01:37:46  INFO        HRSG3_SHP STEAM                 COMPRESSED AIR                    9.596520       540885.01  
01:37:46  INFO        HRSG3_SHP STEAM                 FURNACE OIL ( MEDIUM VISCOSITY    0.000098            5.52  
01:37:46  INFO        HRSG3_SHP STEAM                 LP Steam_Dis                     -0.078000        -4396.28  YES
01:37:46  INFO        HRSG3_SHP STEAM                 NATURAL GAS                       2.954424       166519.08  
01:37:46  INFO        HRSG3_SHP STEAM                 Water                             0.002660          149.92  
01:37:46  INFO        LP Steam PRDS                   Boiler Feed Water                 0.250000         3860.81  
01:37:46  INFO        LP Steam PRDS                   MP Steam_Dis                      0.750000        11582.42  
01:37:46  INFO        LP Steam_Dis                    LP Steam PRDS                     0.359600        15443.22  
01:37:46  INFO        LP Steam_Dis                    STG1_LP STEAM                     0.640400        27502.34  
01:37:46  INFO        MP Steam PRDS SHP               Boiler Feed Water                 0.090000         2154.69  
01:37:46  INFO        MP Steam PRDS SHP               SHP Steam_Dis                     0.910000        21786.35  
01:37:46  INFO        MP Steam_Dis                    MP Steam PRDS SHP                 0.916200        23941.05  
01:37:46  INFO        MP Steam_Dis                    STG1_MP STEAM                     0.083800         2189.76  
01:37:46  INFO        Oxygen                          Cooling Water 2                   0.261000         1510.41  
01:37:46  INFO        Oxygen                          Power_Dis                       968.650000      5605577.55  
01:37:46  INFO        POWERGEN                        COMPRESSED AIR                    0.004011        36863.02  
01:37:46  INFO        POWERGEN                        COMPRESSED AIR                    0.003420        31518.72  
01:37:46  INFO        POWERGEN                        COMPRESSED AIR                    0.003839        31786.92  
01:37:46  INFO        POWERGEN                        COMPRESSED AIR                    0.000000            0.00  
01:37:46  INFO        POWERGEN                        Cooling Water 2                   0.000232         2132.19  
01:37:46  INFO        POWERGEN                        Cooling Water 2                   0.000012          110.59  
01:37:46  INFO        POWERGEN                        Cooling Water 2                   0.000013          107.64  
01:37:46  INFO        POWERGEN                        Cooling Water 2                   0.000000            0.00  
01:37:46  INFO        POWERGEN                        NATURAL GAS                       0.009373        86385.63  
01:37:46  INFO        POWERGEN                        NATURAL GAS                       0.009982        82651.39  
01:37:46  INFO        POWERGEN                        NATURAL GAS                       0.009472            0.00  
01:37:46  INFO        POWERGEN                        Power_Dis                         0.002000        18380.96  
01:37:46  INFO        POWERGEN                        Power_Dis                         0.014000       129024.00  
01:37:46  INFO        POWERGEN                        Power_Dis                         0.014000       115920.00  
01:37:46  INFO        POWERGEN                        Power_Dis                         0.000000            0.00  
01:37:46  INFO        POWERGEN                        SHP Steam_Dis                     0.003615        33223.59  
01:37:46  INFO        Power_Dis                       POWERGEN                          0.186036      8313293.99  
01:37:46  INFO        Power_Dis                       POWERGEN                          0.196717      8790590.29  
01:37:46  INFO        Power_Dis                       POWERGEN                          0.207066      9253050.67  
01:37:46  INFO        Power_Dis                       Power from MEL                    0.410169     18000000.00  
01:37:46  INFO        SHP Steam_Dis                   HRSG2_SHP STEAM                   0.500000        47643.57  
01:37:46  INFO        SHP Steam_Dis                   HRSG3_SHP STEAM                   0.500000        47643.57  
01:37:46  INFO        STG1_LP STEAM                   SHP Steam_Dis                     0.480000        13201.12  
01:37:46  INFO        STG1_MP STEAM                   SHP Steam_Dis                     0.690000         1510.94  
01:37:46  INFO      
01:37:46  INFO        All U4U materials converged within tolerance
01:37:46  INFO        ------------------------------------------------------------------------------------------
01:37:47  INFO        [DISPATCH] Total demand: 44686.48 MWh, Import: 18000.00 MWh, Net for GT/STG: 26686.48 MWh
01:37:47  WARNING     [DISPATCH] No aux power norm for 'NMD-Power Plant-2'; using 0.0
01:37:47  WARNING     [DISPATCH] No aux power norm for 'NMD-Power Plant-3'; using 0.0
01:37:47  WARNING     [DISPATCH] No aux power norm for 'NMD-STG Power Plant'; using 0.0
01:37:47  INFO        ==============================================================================
01:37:47  INFO        POWER DISPATCH  (April 2025)
01:37:47  INFO        ==============================================================================
01:37:47  INFO        Demand:  Process = 44686.48 MWh  |  Fixed = 0.00 MWh  |  Total = 44686.48 MWh
01:37:47  INFO      
01:37:47  INFO        Asset                      Priority    Min MW    Max MW     Hours   Dispatched MW  Dispatched MWh    Load %  Free Steam MT  Aux Power MWh
01:37:47  INFO        -------------------------  --------  --------  --------  --------  --------------  --------------  --------  ------------  ------------
01:37:47  INFO        NMD-Power Plant-2                 1      5.00     11.50    720.00           11.50         8280.00    100.0%      16311.60          0.00
01:37:47  INFO        NMD-Power Plant-3                 1      5.00     12.80    720.00           12.80         9216.00    100.0%      18155.52          0.00
01:37:47  INFO        NMD-STG Power Plant               2      6.00     14.50    720.00           12.76         9190.48     88.0%          0.00          0.00
01:37:47  INFO        TOTAL                                                                                    26686.48                34467.12          0.00
01:37:47  INFO        DEFICIT: 18000.00 MWh under-generation
01:37:47  INFO        ==============================================================================
01:37:47  INFO        [STG EXTRACTION] STG Load: 12.76 MW, LP Extraction: 20880.00 MT, MP Extraction: 2880.00 MT
01:37:47  INFO        ==============================================================================
01:37:47  INFO        STEAM DISPATCH  (April 2025)
01:37:47  INFO        ==============================================================================
01:37:47  INFO        Grade      Process/Fixed MT  Letdown MT  Byproduct MT     Net Demand MT
01:37:47  INFO        ---------  ----------------  ----------  ------------  ----------------
01:37:47  INFO        MP                 26130.82    17438.11          0.00          23250.82
01:37:47  INFO        SHP                95287.15   104067.96          0.00         112725.26
01:37:47  INFO      
01:37:47  INFO        Total Free Steam available: 34467.12 MT
01:37:47  INFO      
01:37:47  INFO        FINAL SUPPLEMENTARY FIRING DISPATCH
01:37:47  INFO        Asset                      Priority     Min TPH     Max TPH     Hours  Dispatched TPH   Dispatched MT    Load %
01:37:47  INFO        -------------------------  --------  ----------  ----------  --------  --------------  --------------  --------
01:37:47  INFO        HRSG-1                          999       60.00      136.00      0.00            0.00            0.00      0.0%
01:37:47  INFO        HRSG-2                            1       37.34      113.34    720.00           55.63        40051.03     57.6%
01:37:47  INFO        HRSG-3                            1       34.78      110.78    720.00           53.07        38207.11     57.6%
01:37:47  INFO        TOTAL SUPPLEMENTARY                                                                          78258.14          
01:37:47  INFO        TOTAL STEAM GENERATED                                                                       112725.26          
01:37:47  INFO        SURPLUS: 0.00 MT
01:37:47  INFO        ==============================================================================
01:37:47  INFO        [REVERSE NG] Found GT asset: NMD-Power Plant-3, plant: NMD - Power Plant 3, heat_rate: 3862.56, free_steam: 1.97
01:37:47  INFO        [REVERSE NG] NMD - Power Plant 3: gen_qty=9216000 KWH, heat_rate=3862.56, free_steam=1.9700, consumed=86385.63 MMBTU (REVERSE)
01:37:47  INFO        [REVERSE NG] Found GT asset: NMD-Power Plant-2, plant: NMD - Power Plant 2, heat_rate: 4016.03, free_steam: 1.97
01:37:47  INFO        [REVERSE NG] NMD - Power Plant 2: gen_qty=8280000 KWH, heat_rate=4016.03, free_steam=1.9700, consumed=82651.39 MMBTU (REVERSE)
01:37:47  INFO        [REVERSE NG HRSG] Found HRSG: HRSG-2, supp_steam=40051.03 MT, free_steam=16311.60 MT, total_steam=56362.63 MT
01:37:47  INFO        [REVERSE NG HRSG] HRSG2_SHP STEAM: total_steam=56362.63 MT, norm=2.954424, consumed=166519.11 MMBTU (REVERSE, BPC method)
01:37:47  INFO        [REVERSE NG HRSG] Found HRSG: HRSG-3, supp_steam=38207.11 MT, free_steam=18155.52 MT, total_steam=56362.63 MT
01:37:47  INFO        [REVERSE NG HRSG] HRSG3_SHP STEAM: total_steam=56362.63 MT, norm=2.954424, consumed=166519.11 MMBTU (REVERSE, BPC method)
01:37:47  INFO      
01:37:47  INFO        ------------------------------------------------------------------------------------------
01:37:47  INFO        ITERATION 37
01:37:47  INFO        ------------------------------------------------------------------------------------------
01:37:47  INFO        Power:  Demand =    44686481.64 KWH  |  Gen =       26686.48 MWh  |  Surplus =     0.00  |  Deficit =     0.00
01:37:47  INFO        Steam:  Gen =      112725.26 MT  |  Surplus =     0.00  |  Deficit =     0.00
01:37:47  INFO        Power delta: 0.5044 MWh  |  Converged: NO
01:37:47  INFO      
01:37:47  INFO        Utility                                Total Demand      U4U Demand         Initial    Change %
01:37:47  INFO        -----------------------------------  --------------  --------------  --------------  ----------
01:37:47  INFO        Boiler Feed Water                         121828.00       121828.02            0.00     0.0000%
01:37:47  INFO        COMPRESSED AIR                           7296149.38      1212043.99      6084105.59    83.3879%
01:37:47  INFO        Cooling Water 1                            15194.00            0.00        15194.00   100.0000%
01:37:47  INFO        Cooling Water 2                            13189.90         4173.59         9016.31    68.3577%
01:37:47  INFO        D M Water                                 160559.07       104772.08        55787.00    34.7455%
01:37:47  INFO        HP Steam PRDS                               4972.00         4972.00            0.00     0.0000%
01:37:47  INFO        HP Steam_Dis                                4972.00            0.00         4972.00   100.0000%
01:37:47  INFO        HRSG2_SHP STEAM                            47643.57        47643.57            0.00     0.0000%
01:37:47  INFO        HRSG3_SHP STEAM                            47643.57        47643.57            0.00     0.0000%
01:37:47  INFO        LP Steam PRDS                              15443.22        15443.23            0.00     0.0000%
01:37:47  INFO        LP Steam_Dis                               42945.57        17665.06        25280.51    58.8664%
01:37:47  INFO        MP Steam PRDS SHP                          23941.05        23941.05            0.00     0.0000%
01:37:47  INFO        MP Steam_Dis                               26130.82        11582.42        14548.40    55.6753%
01:37:47  INFO        Nitrogen Gas                             5437630.00            0.00      5437630.00   100.0000% (PT)
01:37:47  INFO        Oxygen                                      5787.00            0.00         5787.00   100.0000%
01:37:47  INFO        POWERGEN                                26356934.95     26356934.95            0.00     0.0000%
01:37:47  INFO        Power_Dis                               44686481.64     15444414.52     29242067.20    65.4383%
01:37:47  INFO        SHP Steam_Dis                              95287.15        74312.15        20975.00    22.0124%
01:37:47  INFO        STG1_LP STEAM                              27502.34        27502.34            0.00     0.0000%
01:37:47  INFO        STG1_MP STEAM                               2189.76         2189.76            0.00     0.0000%
01:37:47  INFO        Water                                     768836.19       488464.43       280371.80    36.4670% (PT)
01:37:47  INFO      
01:37:47  INFO        U4U CONSUMPTION BREAKDOWN (per producer per material):
01:37:47  INFO        Producer                        Material Consumed                     Norm        Quantity  Credit
01:37:47  INFO        ------------------------------  ------------------------------  ----------  --------------  ------
01:37:47  INFO        Boiler Feed Water               CHEM CYCLO HEXY                   0.000100           12.18  
01:37:47  INFO        Boiler Feed Water               CHEM MORPHOLENE                   0.000002            0.24  
01:37:47  INFO        Boiler Feed Water               Cooling Water 2                   0.001070          130.36  
01:37:47  INFO        Boiler Feed Water               D M Water                         0.860000       104772.08  
01:37:47  INFO        Boiler Feed Water               KEM WATREAT B 70M                 0.000570           69.44  
01:37:47  INFO        Boiler Feed Water               LP Steam_Dis                      0.145000        17665.06  
01:37:47  INFO        Boiler Feed Water               Power_Dis                         9.500000      1157365.96  
01:37:47  INFO        COMPRESSED AIR                  Cooling Water 2                   0.000025          182.40  
01:37:47  INFO        COMPRESSED AIR                  Power_Dis                         0.165000      1203864.65  
01:37:47  INFO        Cooling Water 1                 COMPRESSED AIR                    0.108592         1649.95  
01:37:47  INFO        Cooling Water 1                 Power_Dis                       244.999997      3722529.95  
01:37:47  INFO        Cooling Water 1                 SULPHURIC ACID                    0.000158            2.40  
01:37:47  INFO        Cooling Water 1                 Water                            11.050000       167893.70  
01:37:47  INFO        Cooling Water 2                 COMPRESSED AIR                    0.123044         1622.94  
01:37:47  INFO        Cooling Water 2                 Power_Dis                       249.999997      3297474.97  
01:37:47  INFO        Cooling Water 2                 SULPHURIC ACID                    0.000158            2.08  
01:37:47  INFO        Cooling Water 2                 Water                            11.500000       151683.85  
01:37:47  INFO        D M Water                       CAUSTIC SODA LYE – GRADE 1        0.000226           36.29  
01:37:47  INFO        D M Water                       CHEM  SODIUM SULPHITE;PN:MIS 1    0.000701          112.55  
01:37:47  INFO        D M Water                       CHEM ALUM.SULFATE, AL2(SO4)3,1    0.000757          121.54  
01:37:47  INFO        D M Water                       COMPRESSED AIR                    0.077000        12363.05  
01:37:47  INFO        D M Water                       HYDRO CHLORIC ACID (30%) -VIRG    0.000226           36.29  
01:37:47  INFO        D M Water                       POLYELECTROLYTE                   0.000578           92.80  
01:37:47  INFO        D M Water                       Power_Dis                         1.210000       194276.48  
01:37:47  INFO        D M Water                       Ret steam condensate              0.203000        32593.49  
01:37:47  INFO        D M Water                       SODIUM CHLORIDE IS 797 GRADE1     0.000010            1.61  
01:37:47  INFO        D M Water                       Water                             1.050000       168587.03  
01:37:47  INFO        HP Steam PRDS                   Boiler Feed Water                 0.076800          381.85  
01:37:47  INFO        HP Steam PRDS                   SHP Steam_Dis                     0.923200         4590.15  
01:37:47  INFO        HP Steam_Dis                    HP Steam PRDS                     1.000000         4972.00  
01:37:47  INFO        HRSG2_SHP STEAM                 Boiler Feed Water                 1.024000        57715.33  
01:37:47  INFO        HRSG2_SHP STEAM                 CHEM TRISODIUM PHOSPHATE          0.000900           50.73  
01:37:47  INFO        HRSG2_SHP STEAM                 COMPRESSED AIR                    9.853236       555354.29  
01:37:47  INFO        HRSG2_SHP STEAM                 FURNACE OIL ( MEDIUM VISCOSITY    0.000098            5.52  
01:37:47  INFO        HRSG2_SHP STEAM                 LP Steam_Dis                     -0.078000        -4396.29  YES
01:37:47  INFO        HRSG2_SHP STEAM                 NATURAL GAS                       2.954424       166519.11  
01:37:47  INFO        HRSG2_SHP STEAM                 Water                             0.002660          149.92  
01:37:47  INFO        HRSG3_SHP STEAM                 Boiler Feed Water                 1.024000        57715.33  
01:37:47  INFO        HRSG3_SHP STEAM                 CHEM TRISODIUM PHOSPHATE          0.000900           50.73  
01:37:47  INFO        HRSG3_SHP STEAM                 COMPRESSED AIR                    9.596520       540885.11  
01:37:47  INFO        HRSG3_SHP STEAM                 FURNACE OIL ( MEDIUM VISCOSITY    0.000098            5.52  
01:37:47  INFO        HRSG3_SHP STEAM                 LP Steam_Dis                     -0.078000        -4396.29  YES
01:37:47  INFO        HRSG3_SHP STEAM                 NATURAL GAS                       2.954424       166519.11  
01:37:47  INFO        HRSG3_SHP STEAM                 Water                             0.002660          149.92  
01:37:47  INFO        LP Steam PRDS                   Boiler Feed Water                 0.250000         3860.81  
01:37:47  INFO        LP Steam PRDS                   MP Steam_Dis                      0.750000        11582.42  
01:37:47  INFO        LP Steam_Dis                    LP Steam PRDS                     0.359600        15443.23  
01:37:47  INFO        LP Steam_Dis                    STG1_LP STEAM                     0.640400        27502.34  
01:37:47  INFO        MP Steam PRDS SHP               Boiler Feed Water                 0.090000         2154.69  
01:37:47  INFO        MP Steam PRDS SHP               SHP Steam_Dis                     0.910000        21786.36  
01:37:47  INFO        MP Steam_Dis                    MP Steam PRDS SHP                 0.916200        23941.05  
01:37:47  INFO        MP Steam_Dis                    STG1_MP STEAM                     0.083800         2189.76  
01:37:47  INFO        Oxygen                          Cooling Water 2                   0.261000         1510.41  
01:37:47  INFO        Oxygen                          Power_Dis                       968.650000      5605577.55  
01:37:47  INFO        POWERGEN                        COMPRESSED AIR                    0.004011        36863.02  
01:37:47  INFO        POWERGEN                        COMPRESSED AIR                    0.003420        31518.72  
01:37:47  INFO        POWERGEN                        COMPRESSED AIR                    0.003839        31786.92  
01:37:47  INFO        POWERGEN                        COMPRESSED AIR                    0.000000            0.00  
01:37:47  INFO        POWERGEN                        Cooling Water 2                   0.000232         2132.19  
01:37:47  INFO        POWERGEN                        Cooling Water 2                   0.000012          110.59  
01:37:47  INFO        POWERGEN                        Cooling Water 2                   0.000013          107.64  
01:37:47  INFO        POWERGEN                        Cooling Water 2                   0.000000            0.00  
01:37:47  INFO        POWERGEN                        NATURAL GAS                       0.009373        86385.63  
01:37:47  INFO        POWERGEN                        NATURAL GAS                       0.009982        82651.39  
01:37:47  INFO        POWERGEN                        NATURAL GAS                       0.009472            0.00  
01:37:47  INFO        POWERGEN                        Power_Dis                         0.002000        18380.96  
01:37:47  INFO        POWERGEN                        Power_Dis                         0.014000       129024.00  
01:37:47  INFO        POWERGEN                        Power_Dis                         0.014000       115920.00  
01:37:47  INFO        POWERGEN                        Power_Dis                         0.000000            0.00  
01:37:47  INFO        POWERGEN                        SHP Steam_Dis                     0.003615        33223.59  
01:37:47  INFO        Power_Dis                       POWERGEN                          0.186036      8313293.99  
01:37:47  INFO        Power_Dis                       POWERGEN                          0.196717      8790590.29  
01:37:47  INFO        Power_Dis                       POWERGEN                          0.207066      9253050.67  
01:37:47  INFO        Power_Dis                       Power from MEL                    0.410169     18000000.00  
01:37:47  INFO        SHP Steam_Dis                   HRSG2_SHP STEAM                   0.500000        47643.57  
01:37:47  INFO        SHP Steam_Dis                   HRSG3_SHP STEAM                   0.500000        47643.57  
01:37:47  INFO        STG1_LP STEAM                   SHP Steam_Dis                     0.480000        13201.12  
01:37:47  INFO        STG1_MP STEAM                   SHP Steam_Dis                     0.690000         1510.94  
01:37:47  INFO      
01:37:47  INFO        All U4U materials converged within tolerance
01:37:47  INFO        ------------------------------------------------------------------------------------------
01:37:48  INFO        [DISPATCH] Total demand: 44686.48 MWh, Import: 18000.00 MWh, Net for GT/STG: 26686.48 MWh
01:37:48  WARNING     [DISPATCH] No aux power norm for 'NMD-Power Plant-2'; using 0.0
01:37:48  WARNING     [DISPATCH] No aux power norm for 'NMD-Power Plant-3'; using 0.0
01:37:48  WARNING     [DISPATCH] No aux power norm for 'NMD-STG Power Plant'; using 0.0
01:37:48  INFO        ==============================================================================
01:37:48  INFO        POWER DISPATCH  (April 2025)
01:37:48  INFO        ==============================================================================
01:37:48  INFO        Demand:  Process = 44686.48 MWh  |  Fixed = 0.00 MWh  |  Total = 44686.48 MWh
01:37:48  INFO      
01:37:48  INFO        Asset                      Priority    Min MW    Max MW     Hours   Dispatched MW  Dispatched MWh    Load %  Free Steam MT  Aux Power MWh
01:37:48  INFO        -------------------------  --------  --------  --------  --------  --------------  --------------  --------  ------------  ------------
01:37:48  INFO        NMD-Power Plant-2                 1      5.00     11.50    720.00           11.50         8280.00    100.0%      16311.60          0.00
01:37:48  INFO        NMD-Power Plant-3                 1      5.00     12.80    720.00           12.80         9216.00    100.0%      18155.52          0.00
01:37:48  INFO        NMD-STG Power Plant               2      6.00     14.50    720.00           12.76         9190.48     88.0%          0.00          0.00
01:37:48  INFO        TOTAL                                                                                    26686.48                34467.12          0.00
01:37:48  INFO        DEFICIT: 18000.00 MWh under-generation
01:37:48  INFO        ==============================================================================
01:37:49  INFO        [STG EXTRACTION] STG Load: 12.76 MW, LP Extraction: 20880.00 MT, MP Extraction: 2880.00 MT
01:37:49  INFO        ==============================================================================
01:37:49  INFO        STEAM DISPATCH  (April 2025)
01:37:49  INFO        ==============================================================================
01:37:49  INFO        Grade      Process/Fixed MT  Letdown MT  Byproduct MT     Net Demand MT
01:37:49  INFO        ---------  ----------------  ----------  ------------  ----------------
01:37:49  INFO        MP                 26130.82    17438.11          0.00          23250.82
01:37:49  INFO        SHP                95287.15   104067.96          0.00         112725.26
01:37:49  INFO      
01:37:49  INFO        Total Free Steam available: 34467.12 MT
01:37:49  INFO      
01:37:49  INFO        FINAL SUPPLEMENTARY FIRING DISPATCH
01:37:49  INFO        Asset                      Priority     Min TPH     Max TPH     Hours  Dispatched TPH   Dispatched MT    Load %
01:37:49  INFO        -------------------------  --------  ----------  ----------  --------  --------------  --------------  --------
01:37:49  INFO        HRSG-1                          999       60.00      136.00      0.00            0.00            0.00      0.0%
01:37:49  INFO        HRSG-2                            1       37.34      113.34    720.00           55.63        40051.03     57.6%
01:37:49  INFO        HRSG-3                            1       34.78      110.78    720.00           53.07        38207.11     57.6%
01:37:49  INFO        TOTAL SUPPLEMENTARY                                                                          78258.14          
01:37:49  INFO        TOTAL STEAM GENERATED                                                                       112725.26          
01:37:49  INFO        SURPLUS: 0.00 MT
01:37:49  INFO        ==============================================================================
01:37:49  INFO        [REVERSE NG] Found GT asset: NMD-Power Plant-3, plant: NMD - Power Plant 3, heat_rate: 3862.56, free_steam: 1.97
01:37:49  INFO        [REVERSE NG] NMD - Power Plant 3: gen_qty=9216000 KWH, heat_rate=3862.56, free_steam=1.9700, consumed=86385.63 MMBTU (REVERSE)
01:37:49  INFO        [REVERSE NG] Found GT asset: NMD-Power Plant-2, plant: NMD - Power Plant 2, heat_rate: 4016.03, free_steam: 1.97
01:37:49  INFO        [REVERSE NG] NMD - Power Plant 2: gen_qty=8280000 KWH, heat_rate=4016.03, free_steam=1.9700, consumed=82651.39 MMBTU (REVERSE)
01:37:49  INFO        [REVERSE NG HRSG] Found HRSG: HRSG-2, supp_steam=40051.03 MT, free_steam=16311.60 MT, total_steam=56362.63 MT
01:37:49  INFO        [REVERSE NG HRSG] HRSG2_SHP STEAM: total_steam=56362.63 MT, norm=2.954424, consumed=166519.11 MMBTU (REVERSE, BPC method)
01:37:49  INFO        [REVERSE NG HRSG] Found HRSG: HRSG-3, supp_steam=38207.11 MT, free_steam=18155.52 MT, total_steam=56362.63 MT
01:37:49  INFO        [REVERSE NG HRSG] HRSG3_SHP STEAM: total_steam=56362.63 MT, norm=2.954424, consumed=166519.11 MMBTU (REVERSE, BPC method)
01:37:49  INFO      
01:37:49  INFO        ------------------------------------------------------------------------------------------
01:37:49  INFO        ITERATION 38
01:37:49  INFO        ------------------------------------------------------------------------------------------
01:37:49  INFO        Power:  Demand =    44686481.72 KWH  |  Gen =       26686.48 MWh  |  Surplus =     0.00  |  Deficit =     0.00
01:37:49  INFO        Steam:  Gen =      112725.26 MT  |  Surplus =     0.00  |  Deficit =     0.00
01:37:49  INFO        Power delta: 0.0772 MWh  |  Converged: NO
01:37:49  INFO      
01:37:49  INFO        Utility                                Total Demand      U4U Demand         Initial    Change %
01:37:49  INFO        -----------------------------------  --------------  --------------  --------------  ----------
01:37:49  INFO        Boiler Feed Water                         121828.02       121828.02            0.00     0.0000%
01:37:49  INFO        COMPRESSED AIR                           7296149.58      1212043.99      6084105.59    83.3879%
01:37:49  INFO        Cooling Water 1                            15194.00            0.00        15194.00   100.0000%
01:37:49  INFO        Cooling Water 2                            13189.90         4173.59         9016.31    68.3577%
01:37:49  INFO        D M Water                                 160559.08       104772.09        55787.00    34.7455%
01:37:49  INFO        HP Steam PRDS                               4972.00         4972.00            0.00     0.0000%
01:37:49  INFO        HP Steam_Dis                                4972.00            0.00         4972.00   100.0000%
01:37:49  INFO        HRSG2_SHP STEAM                            47643.57        47643.58            0.00     0.0000%
01:37:49  INFO        HRSG3_SHP STEAM                            47643.57        47643.58            0.00     0.0000%
01:37:49  INFO        LP Steam PRDS                              15443.23        15443.23            0.00     0.0000%
01:37:49  INFO        LP Steam_Dis                               42945.57        17665.06        25280.51    58.8664%
01:37:49  INFO        MP Steam PRDS SHP                          23941.05        23941.06            0.00     0.0000%
01:37:49  INFO        MP Steam_Dis                               26130.82        11582.42        14548.40    55.6753%
01:37:49  INFO        Nitrogen Gas                             5437630.00            0.00      5437630.00   100.0000% (PT)
01:37:49  INFO        Oxygen                                      5787.00            0.00         5787.00   100.0000%
01:37:49  INFO        POWERGEN                                26356934.95     26356934.95            0.00     0.0000%
01:37:49  INFO        Power_Dis                               44686481.72     15444414.76     29242067.20    65.4383%
01:37:49  INFO        SHP Steam_Dis                              95287.15        74312.16        20975.00    22.0124%
01:37:49  INFO        STG1_LP STEAM                              27502.34        27502.34            0.00     0.0000%
01:37:49  INFO        STG1_MP STEAM                               2189.76         2189.76            0.00     0.0000%
01:37:49  INFO        Water                                     768836.23       488464.43       280371.80    36.4670% (PT)
01:37:49  INFO      
01:37:49  INFO        U4U CONSUMPTION BREAKDOWN (per producer per material):
01:37:49  INFO        Producer                        Material Consumed                     Norm        Quantity  Credit
01:37:49  INFO        ------------------------------  ------------------------------  ----------  --------------  ------
01:37:49  INFO        Boiler Feed Water               CHEM CYCLO HEXY                   0.000100           12.18  
01:37:49  INFO        Boiler Feed Water               CHEM MORPHOLENE                   0.000002            0.24  
01:37:49  INFO        Boiler Feed Water               Cooling Water 2                   0.001070          130.36  
01:37:49  INFO        Boiler Feed Water               D M Water                         0.860000       104772.09  
01:37:49  INFO        Boiler Feed Water               KEM WATREAT B 70M                 0.000570           69.44  
01:37:49  INFO        Boiler Feed Water               LP Steam_Dis                      0.145000        17665.06  
01:37:49  INFO        Boiler Feed Water               Power_Dis                         9.500000      1157366.16  
01:37:49  INFO        COMPRESSED AIR                  Cooling Water 2                   0.000025          182.40  
01:37:49  INFO        COMPRESSED AIR                  Power_Dis                         0.165000      1203864.68  
01:37:49  INFO        Cooling Water 1                 COMPRESSED AIR                    0.108592         1649.95  
01:37:49  INFO        Cooling Water 1                 Power_Dis                       244.999997      3722529.95  
01:37:49  INFO        Cooling Water 1                 SULPHURIC ACID                    0.000158            2.40  
01:37:49  INFO        Cooling Water 1                 Water                            11.050000       167893.70  
01:37:49  INFO        Cooling Water 2                 COMPRESSED AIR                    0.123044         1622.94  
01:37:49  INFO        Cooling Water 2                 Power_Dis                       249.999997      3297474.97  
01:37:49  INFO        Cooling Water 2                 SULPHURIC ACID                    0.000158            2.08  
01:37:49  INFO        Cooling Water 2                 Water                            11.500000       151683.85  
01:37:49  INFO        D M Water                       CAUSTIC SODA LYE – GRADE 1        0.000226           36.29  
01:37:49  INFO        D M Water                       CHEM  SODIUM SULPHITE;PN:MIS 1    0.000701          112.55  
01:37:49  INFO        D M Water                       CHEM ALUM.SULFATE, AL2(SO4)3,1    0.000757          121.54  
01:37:49  INFO        D M Water                       COMPRESSED AIR                    0.077000        12363.05  
01:37:49  INFO        D M Water                       HYDRO CHLORIC ACID (30%) -VIRG    0.000226           36.29  
01:37:49  INFO        D M Water                       POLYELECTROLYTE                   0.000578           92.80  
01:37:49  INFO        D M Water                       Power_Dis                         1.210000       194276.48  
01:37:49  INFO        D M Water                       Ret steam condensate              0.203000        32593.49  
01:37:49  INFO        D M Water                       SODIUM CHLORIDE IS 797 GRADE1     0.000010            1.61  
01:37:49  INFO        D M Water                       Water                             1.050000       168587.03  
01:37:49  INFO        HP Steam PRDS                   Boiler Feed Water                 0.076800          381.85  
01:37:49  INFO        HP Steam PRDS                   SHP Steam_Dis                     0.923200         4590.15  
01:37:49  INFO        HP Steam_Dis                    HP Steam PRDS                     1.000000         4972.00  
01:37:49  INFO        HRSG2_SHP STEAM                 Boiler Feed Water                 1.024000        57715.33  
01:37:49  INFO        HRSG2_SHP STEAM                 CHEM TRISODIUM PHOSPHATE          0.000900           50.73  
01:37:49  INFO        HRSG2_SHP STEAM                 COMPRESSED AIR                    9.853236       555354.29  
01:37:49  INFO        HRSG2_SHP STEAM                 FURNACE OIL ( MEDIUM VISCOSITY    0.000098            5.52  
01:37:49  INFO        HRSG2_SHP STEAM                 LP Steam_Dis                     -0.078000        -4396.29  YES
01:37:49  INFO        HRSG2_SHP STEAM                 NATURAL GAS                       2.954424       166519.11  
01:37:49  INFO        HRSG2_SHP STEAM                 Water                             0.002660          149.92  
01:37:49  INFO        HRSG3_SHP STEAM                 Boiler Feed Water                 1.024000        57715.33  
01:37:49  INFO        HRSG3_SHP STEAM                 CHEM TRISODIUM PHOSPHATE          0.000900           50.73  
01:37:49  INFO        HRSG3_SHP STEAM                 COMPRESSED AIR                    9.596520       540885.11  
01:37:49  INFO        HRSG3_SHP STEAM                 FURNACE OIL ( MEDIUM VISCOSITY    0.000098            5.52  
01:37:49  INFO        HRSG3_SHP STEAM                 LP Steam_Dis                     -0.078000        -4396.29  YES
01:37:49  INFO        HRSG3_SHP STEAM                 NATURAL GAS                       2.954424       166519.11  
01:37:49  INFO        HRSG3_SHP STEAM                 Water                             0.002660          149.92  
01:37:49  INFO        LP Steam PRDS                   Boiler Feed Water                 0.250000         3860.81  
01:37:49  INFO        LP Steam PRDS                   MP Steam_Dis                      0.750000        11582.42  
01:37:49  INFO        LP Steam_Dis                    LP Steam PRDS                     0.359600        15443.23  
01:37:49  INFO        LP Steam_Dis                    STG1_LP STEAM                     0.640400        27502.34  
01:37:49  INFO        MP Steam PRDS SHP               Boiler Feed Water                 0.090000         2154.69  
01:37:49  INFO        MP Steam PRDS SHP               SHP Steam_Dis                     0.910000        21786.36  
01:37:49  INFO        MP Steam_Dis                    MP Steam PRDS SHP                 0.916200        23941.06  
01:37:49  INFO        MP Steam_Dis                    STG1_MP STEAM                     0.083800         2189.76  
01:37:49  INFO        Oxygen                          Cooling Water 2                   0.261000         1510.41  
01:37:49  INFO        Oxygen                          Power_Dis                       968.650000      5605577.55  
01:37:49  INFO        POWERGEN                        COMPRESSED AIR                    0.004011        36863.02  
01:37:49  INFO        POWERGEN                        COMPRESSED AIR                    0.003420        31518.72  
01:37:49  INFO        POWERGEN                        COMPRESSED AIR                    0.003839        31786.92  
01:37:49  INFO        POWERGEN                        COMPRESSED AIR                    0.000000            0.00  
01:37:49  INFO        POWERGEN                        Cooling Water 2                   0.000232         2132.19  
01:37:49  INFO        POWERGEN                        Cooling Water 2                   0.000012          110.59  
01:37:49  INFO        POWERGEN                        Cooling Water 2                   0.000013          107.64  
01:37:49  INFO        POWERGEN                        Cooling Water 2                   0.000000            0.00  
01:37:49  INFO        POWERGEN                        NATURAL GAS                       0.009373        86385.63  
01:37:49  INFO        POWERGEN                        NATURAL GAS                       0.009982        82651.39  
01:37:49  INFO        POWERGEN                        NATURAL GAS                       0.009472            0.00  
01:37:49  INFO        POWERGEN                        Power_Dis                         0.002000        18380.96  
01:37:49  INFO        POWERGEN                        Power_Dis                         0.014000       129024.00  
01:37:49  INFO        POWERGEN                        Power_Dis                         0.014000       115920.00  
01:37:49  INFO        POWERGEN                        Power_Dis                         0.000000            0.00  
01:37:49  INFO        POWERGEN                        SHP Steam_Dis                     0.003615        33223.59  
01:37:49  INFO        Power_Dis                       POWERGEN                          0.186036      8313293.99  
01:37:49  INFO        Power_Dis                       POWERGEN                          0.196717      8790590.29  
01:37:49  INFO        Power_Dis                       POWERGEN                          0.207066      9253050.67  
01:37:49  INFO        Power_Dis                       Power from MEL                    0.410169     18000000.00  
01:37:49  INFO        SHP Steam_Dis                   HRSG2_SHP STEAM                   0.500000        47643.58  
01:37:49  INFO        SHP Steam_Dis                   HRSG3_SHP STEAM                   0.500000        47643.58  
01:37:49  INFO        STG1_LP STEAM                   SHP Steam_Dis                     0.480000        13201.12  
01:37:49  INFO        STG1_MP STEAM                   SHP Steam_Dis                     0.690000         1510.94  
01:37:49  INFO      
01:37:49  INFO        All U4U materials converged within tolerance
01:37:49  INFO        ------------------------------------------------------------------------------------------
01:37:50  INFO        [DISPATCH] Total demand: 44686.48 MWh, Import: 18000.00 MWh, Net for GT/STG: 26686.48 MWh
01:37:50  WARNING     [DISPATCH] No aux power norm for 'NMD-Power Plant-2'; using 0.0
01:37:50  WARNING     [DISPATCH] No aux power norm for 'NMD-Power Plant-3'; using 0.0
01:37:50  WARNING     [DISPATCH] No aux power norm for 'NMD-STG Power Plant'; using 0.0
01:37:50  INFO        ==============================================================================
01:37:50  INFO        POWER DISPATCH  (April 2025)
01:37:50  INFO        ==============================================================================
01:37:50  INFO        Demand:  Process = 44686.48 MWh  |  Fixed = 0.00 MWh  |  Total = 44686.48 MWh
01:37:50  INFO      
01:37:50  INFO        Asset                      Priority    Min MW    Max MW     Hours   Dispatched MW  Dispatched MWh    Load %  Free Steam MT  Aux Power MWh
01:37:50  INFO        -------------------------  --------  --------  --------  --------  --------------  --------------  --------  ------------  ------------
01:37:50  INFO        NMD-Power Plant-2                 1      5.00     11.50    720.00           11.50         8280.00    100.0%      16311.60          0.00
01:37:50  INFO        NMD-Power Plant-3                 1      5.00     12.80    720.00           12.80         9216.00    100.0%      18155.52          0.00
01:37:50  INFO        NMD-STG Power Plant               2      6.00     14.50    720.00           12.76         9190.48     88.0%          0.00          0.00
01:37:50  INFO        TOTAL                                                                                    26686.48                34467.12          0.00
01:37:50  INFO        DEFICIT: 18000.00 MWh under-generation
01:37:50  INFO        ==============================================================================
01:37:50  INFO        [STG EXTRACTION] STG Load: 12.76 MW, LP Extraction: 20880.00 MT, MP Extraction: 2880.00 MT
01:37:51  INFO        ==============================================================================
01:37:51  INFO        STEAM DISPATCH  (April 2025)
01:37:51  INFO        ==============================================================================
01:37:51  INFO        Grade      Process/Fixed MT  Letdown MT  Byproduct MT     Net Demand MT
01:37:51  INFO        ---------  ----------------  ----------  ------------  ----------------
01:37:51  INFO        MP                 26130.82    17438.11          0.00          23250.82
01:37:51  INFO        SHP                95287.16   104067.97          0.00         112725.27
01:37:51  INFO      
01:37:51  INFO        Total Free Steam available: 34467.12 MT
01:37:51  INFO      
01:37:51  INFO        FINAL SUPPLEMENTARY FIRING DISPATCH
01:37:51  INFO        Asset                      Priority     Min TPH     Max TPH     Hours  Dispatched TPH   Dispatched MT    Load %
01:37:51  INFO        -------------------------  --------  ----------  ----------  --------  --------------  --------------  --------
01:37:51  INFO        HRSG-1                          999       60.00      136.00      0.00            0.00            0.00      0.0%
01:37:51  INFO        HRSG-2                            1       37.34      113.34    720.00           55.63        40051.04     57.6%
01:37:51  INFO        HRSG-3                            1       34.78      110.78    720.00           53.07        38207.12     57.6%
01:37:51  INFO        TOTAL SUPPLEMENTARY                                                                          78258.16          
01:37:51  INFO        TOTAL STEAM GENERATED                                                                       112725.28          
01:37:51  INFO        SURPLUS: 0.01 MT
01:37:51  INFO        ==============================================================================
01:37:51  INFO        [REVERSE NG] Found GT asset: NMD-Power Plant-3, plant: NMD - Power Plant 3, heat_rate: 3862.56, free_steam: 1.97
01:37:51  INFO        [REVERSE NG] NMD - Power Plant 3: gen_qty=9216000 KWH, heat_rate=3862.56, free_steam=1.9700, consumed=86385.63 MMBTU (REVERSE)
01:37:51  INFO        [REVERSE NG] Found GT asset: NMD-Power Plant-2, plant: NMD - Power Plant 2, heat_rate: 4016.03, free_steam: 1.97
01:37:51  INFO        [REVERSE NG] NMD - Power Plant 2: gen_qty=8280000 KWH, heat_rate=4016.03, free_steam=1.9700, consumed=82651.39 MMBTU (REVERSE)
01:37:51  INFO        [REVERSE NG HRSG] Found HRSG: HRSG-2, supp_steam=40051.04 MT, free_steam=16311.60 MT, total_steam=56362.64 MT
01:37:51  INFO        [REVERSE NG HRSG] HRSG2_SHP STEAM: total_steam=56362.64 MT, norm=2.954424, consumed=166519.14 MMBTU (REVERSE, BPC method)
01:37:51  INFO        [REVERSE NG HRSG] Found HRSG: HRSG-3, supp_steam=38207.12 MT, free_steam=18155.52 MT, total_steam=56362.64 MT
01:37:51  INFO        [REVERSE NG HRSG] HRSG3_SHP STEAM: total_steam=56362.64 MT, norm=2.954424, consumed=166519.14 MMBTU (REVERSE, BPC method)
01:37:51  INFO      
01:37:51  INFO        ------------------------------------------------------------------------------------------
01:37:51  INFO        ITERATION 39
01:37:51  INFO        ------------------------------------------------------------------------------------------
01:37:51  INFO        Power:  Demand =    44686481.96 KWH  |  Gen =       26686.48 MWh  |  Surplus =     0.00  |  Deficit =     0.00
01:37:51  INFO        Steam:  Gen =      112725.28 MT  |  Surplus =     0.01  |  Deficit =     0.00
01:37:51  INFO        Power delta: 0.2354 MWh  |  Converged: NO
01:37:51  INFO      
01:37:51  INFO        Utility                                Total Demand      U4U Demand         Initial    Change %
01:37:51  INFO        -----------------------------------  --------------  --------------  --------------  ----------
01:37:51  INFO        Boiler Feed Water                         121828.02       121828.04            0.00     0.0000%
01:37:51  INFO        COMPRESSED AIR                           7296149.58      1212044.19      6084105.59    83.3879%
01:37:51  INFO        Cooling Water 1                            15194.00            0.00        15194.00   100.0000%
01:37:51  INFO        Cooling Water 2                            13189.90         4173.59         9016.31    68.3577%
01:37:51  INFO        D M Water                                 160559.09       104772.09        55787.00    34.7455%
01:37:51  INFO        HP Steam PRDS                               4972.00         4972.00            0.00     0.0000%
01:37:51  INFO        HP Steam_Dis                                4972.00            0.00         4972.00   100.0000%
01:37:51  INFO        HRSG2_SHP STEAM                            47643.58        47643.58            0.00     0.0000%
01:37:51  INFO        HRSG3_SHP STEAM                            47643.58        47643.58            0.00     0.0000%
01:37:51  INFO        LP Steam PRDS                              15443.23        15443.23            0.00     0.0000%
01:37:51  INFO        LP Steam_Dis                               42945.57        17665.06        25280.51    58.8664%
01:37:51  INFO        MP Steam PRDS SHP                          23941.06        23941.06            0.00     0.0000%
01:37:51  INFO        MP Steam_Dis                               26130.82        11582.42        14548.40    55.6753%
01:37:51  INFO        Nitrogen Gas                             5437630.00            0.00      5437630.00   100.0000% (PT)
01:37:51  INFO        Oxygen                                      5787.00            0.00         5787.00   100.0000%
01:37:51  INFO        POWERGEN                                26356934.95     26356934.95            0.00     0.0000%
01:37:51  INFO        Power_Dis                               44686481.96     15444414.79     29242067.20    65.4383%
01:37:51  INFO        SHP Steam_Dis                              95287.16        74312.16        20975.00    22.0124%
01:37:51  INFO        STG1_LP STEAM                              27502.34        27502.34            0.00     0.0000%
01:37:51  INFO        STG1_MP STEAM                               2189.76         2189.76            0.00     0.0000%
01:37:51  INFO        Water                                     768836.23       488464.45       280371.80    36.4670% (PT)
01:37:51  INFO      
01:37:51  INFO        U4U CONSUMPTION BREAKDOWN (per producer per material):
01:37:51  INFO        Producer                        Material Consumed                     Norm        Quantity  Credit
01:37:51  INFO        ------------------------------  ------------------------------  ----------  --------------  ------
01:37:51  INFO        Boiler Feed Water               CHEM CYCLO HEXY                   0.000100           12.18  
01:37:51  INFO        Boiler Feed Water               CHEM MORPHOLENE                   0.000002            0.24  
01:37:51  INFO        Boiler Feed Water               Cooling Water 2                   0.001070          130.36  
01:37:51  INFO        Boiler Feed Water               D M Water                         0.860000       104772.09  
01:37:51  INFO        Boiler Feed Water               KEM WATREAT B 70M                 0.000570           69.44  
01:37:51  INFO        Boiler Feed Water               LP Steam_Dis                      0.145000        17665.06  
01:37:51  INFO        Boiler Feed Water               Power_Dis                         9.500000      1157366.17  
01:37:51  INFO        COMPRESSED AIR                  Cooling Water 2                   0.000025          182.40  
01:37:51  INFO        COMPRESSED AIR                  Power_Dis                         0.165000      1203864.68  
01:37:51  INFO        Cooling Water 1                 COMPRESSED AIR                    0.108592         1649.95  
01:37:51  INFO        Cooling Water 1                 Power_Dis                       244.999997      3722529.95  
01:37:51  INFO        Cooling Water 1                 SULPHURIC ACID                    0.000158            2.40  
01:37:51  INFO        Cooling Water 1                 Water                            11.050000       167893.70  
01:37:51  INFO        Cooling Water 2                 COMPRESSED AIR                    0.123044         1622.94  
01:37:51  INFO        Cooling Water 2                 Power_Dis                       249.999997      3297474.98  
01:37:51  INFO        Cooling Water 2                 SULPHURIC ACID                    0.000158            2.08  
01:37:51  INFO        Cooling Water 2                 Water                            11.500000       151683.85  
01:37:51  INFO        D M Water                       CAUSTIC SODA LYE – GRADE 1        0.000226           36.29  
01:37:51  INFO        D M Water                       CHEM  SODIUM SULPHITE;PN:MIS 1    0.000701          112.55  
01:37:51  INFO        D M Water                       CHEM ALUM.SULFATE, AL2(SO4)3,1    0.000757          121.54  
01:37:51  INFO        D M Water                       COMPRESSED AIR                    0.077000        12363.05  
01:37:51  INFO        D M Water                       HYDRO CHLORIC ACID (30%) -VIRG    0.000226           36.29  
01:37:51  INFO        D M Water                       POLYELECTROLYTE                   0.000578           92.80  
01:37:51  INFO        D M Water                       Power_Dis                         1.210000       194276.50  
01:37:51  INFO        D M Water                       Ret steam condensate              0.203000        32593.50  
01:37:51  INFO        D M Water                       SODIUM CHLORIDE IS 797 GRADE1     0.000010            1.61  
01:37:51  INFO        D M Water                       Water                             1.050000       168587.05  
01:37:51  INFO        HP Steam PRDS                   Boiler Feed Water                 0.076800          381.85  
01:37:51  INFO        HP Steam PRDS                   SHP Steam_Dis                     0.923200         4590.15  
01:37:51  INFO        HP Steam_Dis                    HP Steam PRDS                     1.000000         4972.00  
01:37:51  INFO        HRSG2_SHP STEAM                 Boiler Feed Water                 1.024000        57715.34  
01:37:51  INFO        HRSG2_SHP STEAM                 CHEM TRISODIUM PHOSPHATE          0.000900           50.73  
01:37:51  INFO        HRSG2_SHP STEAM                 COMPRESSED AIR                    9.853236       555354.39  
01:37:51  INFO        HRSG2_SHP STEAM                 FURNACE OIL ( MEDIUM VISCOSITY    0.000098            5.52  
01:37:51  INFO        HRSG2_SHP STEAM                 LP Steam_Dis                     -0.078000        -4396.29  YES
01:37:51  INFO        HRSG2_SHP STEAM                 NATURAL GAS                       2.954424       166519.14  
01:37:51  INFO        HRSG2_SHP STEAM                 Water                             0.002660          149.92  
01:37:51  INFO        HRSG3_SHP STEAM                 Boiler Feed Water                 1.024000        57715.34  
01:37:51  INFO        HRSG3_SHP STEAM                 CHEM TRISODIUM PHOSPHATE          0.000900           50.73  
01:37:51  INFO        HRSG3_SHP STEAM                 COMPRESSED AIR                    9.596520       540885.20  
01:37:51  INFO        HRSG3_SHP STEAM                 FURNACE OIL ( MEDIUM VISCOSITY    0.000098            5.52  
01:37:51  INFO        HRSG3_SHP STEAM                 LP Steam_Dis                     -0.078000        -4396.29  YES
01:37:51  INFO        HRSG3_SHP STEAM                 NATURAL GAS                       2.954424       166519.14  
01:37:51  INFO        HRSG3_SHP STEAM                 Water                             0.002660          149.92  
01:37:51  INFO        LP Steam PRDS                   Boiler Feed Water                 0.250000         3860.81  
01:37:51  INFO        LP Steam PRDS                   MP Steam_Dis                      0.750000        11582.42  
01:37:51  INFO        LP Steam_Dis                    LP Steam PRDS                     0.359600        15443.23  
01:37:51  INFO        LP Steam_Dis                    STG1_LP STEAM                     0.640400        27502.34  
01:37:51  INFO        MP Steam PRDS SHP               Boiler Feed Water                 0.090000         2154.70  
01:37:51  INFO        MP Steam PRDS SHP               SHP Steam_Dis                     0.910000        21786.36  
01:37:51  INFO        MP Steam_Dis                    MP Steam PRDS SHP                 0.916200        23941.06  
01:37:51  INFO        MP Steam_Dis                    STG1_MP STEAM                     0.083800         2189.76  
01:37:51  INFO        Oxygen                          Cooling Water 2                   0.261000         1510.41  
01:37:51  INFO        Oxygen                          Power_Dis                       968.650000      5605577.55  
01:37:51  INFO        POWERGEN                        COMPRESSED AIR                    0.004011        36863.02  
01:37:51  INFO        POWERGEN                        COMPRESSED AIR                    0.003420        31518.72  
01:37:51  INFO        POWERGEN                        COMPRESSED AIR                    0.003839        31786.92  
01:37:51  INFO        POWERGEN                        COMPRESSED AIR                    0.000000            0.00  
01:37:51  INFO        POWERGEN                        Cooling Water 2                   0.000232         2132.19  
01:37:51  INFO        POWERGEN                        Cooling Water 2                   0.000012          110.59  
01:37:51  INFO        POWERGEN                        Cooling Water 2                   0.000013          107.64  
01:37:51  INFO        POWERGEN                        Cooling Water 2                   0.000000            0.00  
01:37:51  INFO        POWERGEN                        NATURAL GAS                       0.009373        86385.63  
01:37:51  INFO        POWERGEN                        NATURAL GAS                       0.009982        82651.39  
01:37:51  INFO        POWERGEN                        NATURAL GAS                       0.009472            0.00  
01:37:51  INFO        POWERGEN                        Power_Dis                         0.002000        18380.96  
01:37:51  INFO        POWERGEN                        Power_Dis                         0.014000       129024.00  
01:37:51  INFO        POWERGEN                        Power_Dis                         0.014000       115920.00  
01:37:51  INFO        POWERGEN                        Power_Dis                         0.000000            0.00  
01:37:51  INFO        POWERGEN                        SHP Steam_Dis                     0.003615        33223.59  
01:37:51  INFO        Power_Dis                       POWERGEN                          0.186036      8313293.99  
01:37:51  INFO        Power_Dis                       POWERGEN                          0.196717      8790590.29  
01:37:51  INFO        Power_Dis                       POWERGEN                          0.207066      9253050.67  
01:37:51  INFO        Power_Dis                       Power from MEL                    0.410169     18000000.00  
01:37:51  INFO        SHP Steam_Dis                   HRSG2_SHP STEAM                   0.500000        47643.58  
01:37:51  INFO        SHP Steam_Dis                   HRSG3_SHP STEAM                   0.500000        47643.58  
01:37:51  INFO        STG1_LP STEAM                   SHP Steam_Dis                     0.480000        13201.12  
01:37:51  INFO        STG1_MP STEAM                   SHP Steam_Dis                     0.690000         1510.94  
01:37:51  INFO      
01:37:51  INFO        All U4U materials converged within tolerance
01:37:51  INFO        ------------------------------------------------------------------------------------------
01:37:52  INFO        [DISPATCH] Total demand: 44686.48 MWh, Import: 18000.00 MWh, Net for GT/STG: 26686.48 MWh
01:37:52  WARNING     [DISPATCH] No aux power norm for 'NMD-Power Plant-2'; using 0.0
01:37:52  WARNING     [DISPATCH] No aux power norm for 'NMD-Power Plant-3'; using 0.0
01:37:52  WARNING     [DISPATCH] No aux power norm for 'NMD-STG Power Plant'; using 0.0
01:37:52  INFO        ==============================================================================
01:37:52  INFO        POWER DISPATCH  (April 2025)
01:37:52  INFO        ==============================================================================
01:37:52  INFO        Demand:  Process = 44686.48 MWh  |  Fixed = 0.00 MWh  |  Total = 44686.48 MWh
01:37:52  INFO      
01:37:52  INFO        Asset                      Priority    Min MW    Max MW     Hours   Dispatched MW  Dispatched MWh    Load %  Free Steam MT  Aux Power MWh
01:37:52  INFO        -------------------------  --------  --------  --------  --------  --------------  --------------  --------  ------------  ------------
01:37:52  INFO        NMD-Power Plant-2                 1      5.00     11.50    720.00           11.50         8280.00    100.0%      16311.60          0.00
01:37:52  INFO        NMD-Power Plant-3                 1      5.00     12.80    720.00           12.80         9216.00    100.0%      18155.52          0.00
01:37:52  INFO        NMD-STG Power Plant               2      6.00     14.50    720.00           12.76         9190.48     88.0%          0.00          0.00
01:37:52  INFO        TOTAL                                                                                    26686.48                34467.12          0.00
01:37:52  INFO        DEFICIT: 18000.00 MWh under-generation
01:37:52  INFO        ==============================================================================
01:37:52  INFO        [STG EXTRACTION] STG Load: 12.76 MW, LP Extraction: 20880.00 MT, MP Extraction: 2880.00 MT
01:37:52  INFO        ==============================================================================
01:37:52  INFO        STEAM DISPATCH  (April 2025)
01:37:52  INFO        ==============================================================================
01:37:52  INFO        Grade      Process/Fixed MT  Letdown MT  Byproduct MT     Net Demand MT
01:37:52  INFO        ---------  ----------------  ----------  ------------  ----------------
01:37:52  INFO        MP                 26130.82    17438.12          0.00          23250.82
01:37:52  INFO        SHP                95287.16   104067.97          0.00         112725.27
01:37:52  INFO      
01:37:52  INFO        Total Free Steam available: 34467.12 MT
01:37:52  INFO      
01:37:52  INFO        FINAL SUPPLEMENTARY FIRING DISPATCH
01:37:52  INFO        Asset                      Priority     Min TPH     Max TPH     Hours  Dispatched TPH   Dispatched MT    Load %
01:37:52  INFO        -------------------------  --------  ----------  ----------  --------  --------------  --------------  --------
01:37:52  INFO        HRSG-1                          999       60.00      136.00      0.00            0.00            0.00      0.0%
01:37:52  INFO        HRSG-2                            1       37.34      113.34    720.00           55.63        40051.04     57.6%
01:37:52  INFO        HRSG-3                            1       34.78      110.78    720.00           53.07        38207.12     57.6%
01:37:52  INFO        TOTAL SUPPLEMENTARY                                                                          78258.16          
01:37:52  INFO        TOTAL STEAM GENERATED                                                                       112725.28          
01:37:52  INFO        SURPLUS: 0.01 MT
01:37:52  INFO        ==============================================================================
01:37:52  INFO        [REVERSE NG] Found GT asset: NMD-Power Plant-3, plant: NMD - Power Plant 3, heat_rate: 3862.56, free_steam: 1.97
01:37:52  INFO        [REVERSE NG] NMD - Power Plant 3: gen_qty=9216000 KWH, heat_rate=3862.56, free_steam=1.9700, consumed=86385.63 MMBTU (REVERSE)
01:37:52  INFO        [REVERSE NG] Found GT asset: NMD-Power Plant-2, plant: NMD - Power Plant 2, heat_rate: 4016.03, free_steam: 1.97
01:37:52  INFO        [REVERSE NG] NMD - Power Plant 2: gen_qty=8280000 KWH, heat_rate=4016.03, free_steam=1.9700, consumed=82651.39 MMBTU (REVERSE)
01:37:52  INFO        [REVERSE NG HRSG] Found HRSG: HRSG-2, supp_steam=40051.04 MT, free_steam=16311.60 MT, total_steam=56362.64 MT
01:37:52  INFO        [REVERSE NG HRSG] HRSG2_SHP STEAM: total_steam=56362.64 MT, norm=2.954424, consumed=166519.14 MMBTU (REVERSE, BPC method)
01:37:52  INFO        [REVERSE NG HRSG] Found HRSG: HRSG-3, supp_steam=38207.12 MT, free_steam=18155.52 MT, total_steam=56362.64 MT
01:37:52  INFO        [REVERSE NG HRSG] HRSG3_SHP STEAM: total_steam=56362.64 MT, norm=2.954424, consumed=166519.14 MMBTU (REVERSE, BPC method)
01:37:52  INFO      
01:37:52  INFO        ------------------------------------------------------------------------------------------
01:37:52  INFO        ITERATION 40
01:37:52  INFO        ------------------------------------------------------------------------------------------
01:37:52  INFO        Power:  Demand =    44686481.99 KWH  |  Gen =       26686.48 MWh  |  Surplus =     0.00  |  Deficit =     0.00
01:37:52  INFO        Steam:  Gen =      112725.28 MT  |  Surplus =     0.01  |  Deficit =     0.00
01:37:52  INFO        Power delta: 0.0374 MWh  |  Converged: NO
01:37:52  INFO      
01:37:52  INFO        Utility                                Total Demand      U4U Demand         Initial    Change %
01:37:52  INFO        -----------------------------------  --------------  --------------  --------------  ----------
01:37:52  INFO        Boiler Feed Water                         121828.04       121828.04            0.00     0.0000%
01:37:52  INFO        COMPRESSED AIR                           7296149.78      1212044.19      6084105.59    83.3879%
01:37:52  INFO        Cooling Water 1                            15194.00            0.00        15194.00   100.0000%
01:37:52  INFO        Cooling Water 2                            13189.90         4173.59         9016.31    68.3577%
01:37:52  INFO        D M Water                                 160559.09       104772.11        55787.00    34.7455%
01:37:52  INFO        HP Steam PRDS                               4972.00         4972.00            0.00     0.0000%
01:37:52  INFO        HP Steam_Dis                                4972.00            0.00         4972.00   100.0000%
01:37:52  INFO        HRSG2_SHP STEAM                            47643.58        47643.58            0.00     0.0000%
01:37:52  INFO        HRSG3_SHP STEAM                            47643.58        47643.58            0.00     0.0000%
01:37:52  INFO        LP Steam PRDS                              15443.23        15443.23            0.00     0.0000%
01:37:52  INFO        LP Steam_Dis                               42945.57        17665.07        25280.51    58.8664%
01:37:52  INFO        MP Steam PRDS SHP                          23941.06        23941.06            0.00     0.0000%
01:37:52  INFO        MP Steam_Dis                               26130.82        11582.42        14548.40    55.6753%
01:37:52  INFO        Nitrogen Gas                             5437630.00            0.00      5437630.00   100.0000% (PT)
01:37:52  INFO        Oxygen                                      5787.00            0.00         5787.00   100.0000%
01:37:52  INFO        POWERGEN                                26356934.95     26356934.95            0.00     0.0000%
01:37:52  INFO        Power_Dis                               44686481.99     15444415.02     29242067.20    65.4383%
01:37:52  INFO        SHP Steam_Dis                              95287.16        74312.16        20975.00    22.0124%
01:37:52  INFO        STG1_LP STEAM                              27502.34        27502.34            0.00     0.0000%
01:37:52  INFO        STG1_MP STEAM                               2189.76         2189.76            0.00     0.0000%
01:37:52  INFO        Water                                     768836.25       488464.45       280371.80    36.4670% (PT)
01:37:52  INFO      
01:37:52  INFO        U4U CONSUMPTION BREAKDOWN (per producer per material):
01:37:52  INFO        Producer                        Material Consumed                     Norm        Quantity  Credit
01:37:52  INFO        ------------------------------  ------------------------------  ----------  --------------  ------
01:37:52  INFO        Boiler Feed Water               CHEM CYCLO HEXY                   0.000100           12.18  
01:37:52  INFO        Boiler Feed Water               CHEM MORPHOLENE                   0.000002            0.24  
01:37:52  INFO        Boiler Feed Water               Cooling Water 2                   0.001070          130.36  
01:37:52  INFO        Boiler Feed Water               D M Water                         0.860000       104772.11  
01:37:52  INFO        Boiler Feed Water               KEM WATREAT B 70M                 0.000570           69.44  
01:37:52  INFO        Boiler Feed Water               LP Steam_Dis                      0.145000        17665.07  
01:37:52  INFO        Boiler Feed Water               Power_Dis                         9.500000      1157366.36  
01:37:52  INFO        COMPRESSED AIR                  Cooling Water 2                   0.000025          182.40  
01:37:52  INFO        COMPRESSED AIR                  Power_Dis                         0.165000      1203864.71  
01:37:52  INFO        Cooling Water 1                 COMPRESSED AIR                    0.108592         1649.95  
01:37:52  INFO        Cooling Water 1                 Power_Dis                       244.999997      3722529.95  
01:37:52  INFO        Cooling Water 1                 SULPHURIC ACID                    0.000158            2.40  
01:37:52  INFO        Cooling Water 1                 Water                            11.050000       167893.70  
01:37:52  INFO        Cooling Water 2                 COMPRESSED AIR                    0.123044         1622.94  
01:37:52  INFO        Cooling Water 2                 Power_Dis                       249.999997      3297474.98  
01:37:52  INFO        Cooling Water 2                 SULPHURIC ACID                    0.000158            2.08  
01:37:52  INFO        Cooling Water 2                 Water                            11.500000       151683.85  
01:37:52  INFO        D M Water                       CAUSTIC SODA LYE – GRADE 1        0.000226           36.29  
01:37:52  INFO        D M Water                       CHEM  SODIUM SULPHITE;PN:MIS 1    0.000701          112.55  
01:37:52  INFO        D M Water                       CHEM ALUM.SULFATE, AL2(SO4)3,1    0.000757          121.54  
01:37:52  INFO        D M Water                       COMPRESSED AIR                    0.077000        12363.05  
01:37:52  INFO        D M Water                       HYDRO CHLORIC ACID (30%) -VIRG    0.000226           36.29  
01:37:52  INFO        D M Water                       POLYELECTROLYTE                   0.000578           92.80  
01:37:52  INFO        D M Water                       Power_Dis                         1.210000       194276.50  
01:37:52  INFO        D M Water                       Ret steam condensate              0.203000        32593.50  
01:37:52  INFO        D M Water                       SODIUM CHLORIDE IS 797 GRADE1     0.000010            1.61  
01:37:52  INFO        D M Water                       Water                             1.050000       168587.05  
01:37:52  INFO        HP Steam PRDS                   Boiler Feed Water                 0.076800          381.85  
01:37:52  INFO        HP Steam PRDS                   SHP Steam_Dis                     0.923200         4590.15  
01:37:52  INFO        HP Steam_Dis                    HP Steam PRDS                     1.000000         4972.00  
01:37:52  INFO        HRSG2_SHP STEAM                 Boiler Feed Water                 1.024000        57715.34  
01:37:52  INFO        HRSG2_SHP STEAM                 CHEM TRISODIUM PHOSPHATE          0.000900           50.73  
01:37:52  INFO        HRSG2_SHP STEAM                 COMPRESSED AIR                    9.853236       555354.39  
01:37:52  INFO        HRSG2_SHP STEAM                 FURNACE OIL ( MEDIUM VISCOSITY    0.000098            5.52  
01:37:52  INFO        HRSG2_SHP STEAM                 LP Steam_Dis                     -0.078000        -4396.29  YES
01:37:52  INFO        HRSG2_SHP STEAM                 NATURAL GAS                       2.954424       166519.14  
01:37:52  INFO        HRSG2_SHP STEAM                 Water                             0.002660          149.92  
01:37:52  INFO        HRSG3_SHP STEAM                 Boiler Feed Water                 1.024000        57715.34  
01:37:52  INFO        HRSG3_SHP STEAM                 CHEM TRISODIUM PHOSPHATE          0.000900           50.73  
01:37:52  INFO        HRSG3_SHP STEAM                 COMPRESSED AIR                    9.596520       540885.20  
01:37:52  INFO        HRSG3_SHP STEAM                 FURNACE OIL ( MEDIUM VISCOSITY    0.000098            5.52  
01:37:52  INFO        HRSG3_SHP STEAM                 LP Steam_Dis                     -0.078000        -4396.29  YES
01:37:52  INFO        HRSG3_SHP STEAM                 NATURAL GAS                       2.954424       166519.14  
01:37:52  INFO        HRSG3_SHP STEAM                 Water                             0.002660          149.92  
01:37:52  INFO        LP Steam PRDS                   Boiler Feed Water                 0.250000         3860.81  
01:37:52  INFO        LP Steam PRDS                   MP Steam_Dis                      0.750000        11582.42  
01:37:52  INFO        LP Steam_Dis                    LP Steam PRDS                     0.359600        15443.23  
01:37:52  INFO        LP Steam_Dis                    STG1_LP STEAM                     0.640400        27502.34  
01:37:52  INFO        MP Steam PRDS SHP               Boiler Feed Water                 0.090000         2154.70  
01:37:52  INFO        MP Steam PRDS SHP               SHP Steam_Dis                     0.910000        21786.36  
01:37:52  INFO        MP Steam_Dis                    MP Steam PRDS SHP                 0.916200        23941.06  
01:37:52  INFO        MP Steam_Dis                    STG1_MP STEAM                     0.083800         2189.76  
01:37:52  INFO        Oxygen                          Cooling Water 2                   0.261000         1510.41  
01:37:52  INFO        Oxygen                          Power_Dis                       968.650000      5605577.55  
01:37:52  INFO        POWERGEN                        COMPRESSED AIR                    0.004011        36863.02  
01:37:52  INFO        POWERGEN                        COMPRESSED AIR                    0.003420        31518.72  
01:37:52  INFO        POWERGEN                        COMPRESSED AIR                    0.003839        31786.92  
01:37:52  INFO        POWERGEN                        COMPRESSED AIR                    0.000000            0.00  
01:37:52  INFO        POWERGEN                        Cooling Water 2                   0.000232         2132.19  
01:37:52  INFO        POWERGEN                        Cooling Water 2                   0.000012          110.59  
01:37:52  INFO        POWERGEN                        Cooling Water 2                   0.000013          107.64  
01:37:52  INFO        POWERGEN                        Cooling Water 2                   0.000000            0.00  
01:37:52  INFO        POWERGEN                        NATURAL GAS                       0.009373        86385.63  
01:37:52  INFO        POWERGEN                        NATURAL GAS                       0.009982        82651.39  
01:37:52  INFO        POWERGEN                        NATURAL GAS                       0.009472            0.00  
01:37:52  INFO        POWERGEN                        Power_Dis                         0.002000        18380.96  
01:37:52  INFO        POWERGEN                        Power_Dis                         0.014000       129024.00  
01:37:52  INFO        POWERGEN                        Power_Dis                         0.014000       115920.00  
01:37:52  INFO        POWERGEN                        Power_Dis                         0.000000            0.00  
01:37:52  INFO        POWERGEN                        SHP Steam_Dis                     0.003615        33223.59  
01:37:52  INFO        Power_Dis                       POWERGEN                          0.186036      8313293.99  
01:37:52  INFO        Power_Dis                       POWERGEN                          0.196717      8790590.29  
01:37:52  INFO        Power_Dis                       POWERGEN                          0.207066      9253050.67  
01:37:52  INFO        Power_Dis                       Power from MEL                    0.410169     18000000.00  
01:37:52  INFO        SHP Steam_Dis                   HRSG2_SHP STEAM                   0.500000        47643.58  
01:37:52  INFO        SHP Steam_Dis                   HRSG3_SHP STEAM                   0.500000        47643.58  
01:37:52  INFO        STG1_LP STEAM                   SHP Steam_Dis                     0.480000        13201.13  
01:37:52  INFO        STG1_MP STEAM                   SHP Steam_Dis                     0.690000         1510.94  
01:37:52  INFO      
01:37:52  INFO        All U4U materials converged within tolerance
01:37:52  INFO        ------------------------------------------------------------------------------------------
01:37:53  INFO        [DISPATCH] Total demand: 44686.48 MWh, Import: 18000.00 MWh, Net for GT/STG: 26686.48 MWh
01:37:53  WARNING     [DISPATCH] No aux power norm for 'NMD-Power Plant-2'; using 0.0
01:37:53  WARNING     [DISPATCH] No aux power norm for 'NMD-Power Plant-3'; using 0.0
01:37:53  WARNING     [DISPATCH] No aux power norm for 'NMD-STG Power Plant'; using 0.0
01:37:53  INFO        ==============================================================================
01:37:53  INFO        POWER DISPATCH  (April 2025)
01:37:53  INFO        ==============================================================================
01:37:53  INFO        Demand:  Process = 44686.48 MWh  |  Fixed = 0.00 MWh  |  Total = 44686.48 MWh
01:37:53  INFO      
01:37:53  INFO        Asset                      Priority    Min MW    Max MW     Hours   Dispatched MW  Dispatched MWh    Load %  Free Steam MT  Aux Power MWh
01:37:53  INFO        -------------------------  --------  --------  --------  --------  --------------  --------------  --------  ------------  ------------
01:37:53  INFO        NMD-Power Plant-2                 1      5.00     11.50    720.00           11.50         8280.00    100.0%      16311.60          0.00
01:37:53  INFO        NMD-Power Plant-3                 1      5.00     12.80    720.00           12.80         9216.00    100.0%      18155.52          0.00
01:37:53  INFO        NMD-STG Power Plant               2      6.00     14.50    720.00           12.76         9190.48     88.0%          0.00          0.00
01:37:53  INFO        TOTAL                                                                                    26686.48                34467.12          0.00
01:37:53  INFO        DEFICIT: 18000.00 MWh under-generation
01:37:53  INFO        ==============================================================================
01:37:54  INFO        [STG EXTRACTION] STG Load: 12.76 MW, LP Extraction: 20880.00 MT, MP Extraction: 2880.00 MT
01:37:54  INFO        ==============================================================================
01:37:54  INFO        STEAM DISPATCH  (April 2025)
01:37:54  INFO        ==============================================================================
01:37:54  INFO        Grade      Process/Fixed MT  Letdown MT  Byproduct MT     Net Demand MT
01:37:54  INFO        ---------  ----------------  ----------  ------------  ----------------
01:37:54  INFO        MP                 26130.82    17438.12          0.00          23250.82
01:37:54  INFO        SHP                95287.16   104067.97          0.00         112725.28
01:37:54  INFO      
01:37:54  INFO        Total Free Steam available: 34467.12 MT
01:37:54  INFO      
01:37:54  INFO        FINAL SUPPLEMENTARY FIRING DISPATCH
01:37:54  INFO        Asset                      Priority     Min TPH     Max TPH     Hours  Dispatched TPH   Dispatched MT    Load %
01:37:54  INFO        -------------------------  --------  ----------  ----------  --------  --------------  --------------  --------
01:37:54  INFO        HRSG-1                          999       60.00      136.00      0.00            0.00            0.00      0.0%
01:37:54  INFO        HRSG-2                            1       37.34      113.34    720.00           55.63        40051.04     57.6%
01:37:54  INFO        HRSG-3                            1       34.78      110.78    720.00           53.07        38207.12     57.6%
01:37:54  INFO        TOTAL SUPPLEMENTARY                                                                          78258.16          
01:37:54  INFO        TOTAL STEAM GENERATED                                                                       112725.28          
01:37:54  INFO        Demand met
01:37:54  INFO        ==============================================================================
01:37:54  INFO        [REVERSE NG] Found GT asset: NMD-Power Plant-3, plant: NMD - Power Plant 3, heat_rate: 3862.56, free_steam: 1.97
01:37:54  INFO        [REVERSE NG] NMD - Power Plant 3: gen_qty=9216000 KWH, heat_rate=3862.56, free_steam=1.9700, consumed=86385.63 MMBTU (REVERSE)
01:37:54  INFO        [REVERSE NG] Found GT asset: NMD-Power Plant-2, plant: NMD - Power Plant 2, heat_rate: 4016.03, free_steam: 1.97
01:37:54  INFO        [REVERSE NG] NMD - Power Plant 2: gen_qty=8280000 KWH, heat_rate=4016.03, free_steam=1.9700, consumed=82651.39 MMBTU (REVERSE)
01:37:54  INFO        [REVERSE NG HRSG] Found HRSG: HRSG-2, supp_steam=40051.04 MT, free_steam=16311.60 MT, total_steam=56362.64 MT
01:37:54  INFO        [REVERSE NG HRSG] HRSG2_SHP STEAM: total_steam=56362.64 MT, norm=2.954424, consumed=166519.14 MMBTU (REVERSE, BPC method)
01:37:54  INFO        [REVERSE NG HRSG] Found HRSG: HRSG-3, supp_steam=38207.12 MT, free_steam=18155.52 MT, total_steam=56362.64 MT
01:37:54  INFO        [REVERSE NG HRSG] HRSG3_SHP STEAM: total_steam=56362.64 MT, norm=2.954424, consumed=166519.14 MMBTU (REVERSE, BPC method)
01:37:54  INFO      
01:37:54  INFO        ------------------------------------------------------------------------------------------
01:37:54  INFO        ITERATION 41
01:37:54  INFO        ------------------------------------------------------------------------------------------
01:37:54  INFO        Power:  Demand =    44686482.22 KWH  |  Gen =       26686.48 MWh  |  Surplus =     0.00  |  Deficit =     0.00
01:37:54  INFO        Steam:  Gen =      112725.28 MT  |  Surplus =     0.00  |  Deficit =     0.00
01:37:54  INFO        Power delta: 0.2290 MWh  |  Converged: NO
01:37:54  INFO      
01:37:54  INFO        Utility                                Total Demand      U4U Demand         Initial    Change %
01:37:54  INFO        -----------------------------------  --------------  --------------  --------------  ----------
01:37:54  INFO        Boiler Feed Water                         121828.04       121828.04            0.00     0.0000%
01:37:54  INFO        COMPRESSED AIR                           7296149.78      1212044.19      6084105.59    83.3879%
01:37:54  INFO        Cooling Water 1                            15194.00            0.00        15194.00   100.0000%
01:37:54  INFO        Cooling Water 2                            13189.90         4173.59         9016.31    68.3577%
01:37:54  INFO        D M Water                                 160559.11       104772.11        55787.00    34.7455%
01:37:54  INFO        HP Steam PRDS                               4972.00         4972.00            0.00     0.0000%
01:37:54  INFO        HP Steam_Dis                                4972.00            0.00         4972.00   100.0000%
01:37:54  INFO        HRSG2_SHP STEAM                            47643.58        47643.58            0.00     0.0000%
01:37:54  INFO        HRSG3_SHP STEAM                            47643.58        47643.58            0.00     0.0000%
01:37:54  INFO        LP Steam PRDS                              15443.23        15443.23            0.00     0.0000%
01:37:54  INFO        LP Steam_Dis                               42945.58        17665.07        25280.51    58.8664%
01:37:54  INFO        MP Steam PRDS SHP                          23941.06        23941.06            0.00     0.0000%
01:37:54  INFO        MP Steam_Dis                               26130.82        11582.42        14548.40    55.6753%
01:37:54  INFO        Nitrogen Gas                             5437630.00            0.00      5437630.00   100.0000% (PT)
01:37:54  INFO        Oxygen                                      5787.00            0.00         5787.00   100.0000%
01:37:54  INFO        POWERGEN                                26356934.95     26356934.95            0.00     0.0000%
01:37:54  INFO        Power_Dis                               44686482.22     15444415.06     29242067.20    65.4383%
01:37:54  INFO        SHP Steam_Dis                              95287.16        74312.16        20975.00    22.0124%
01:37:54  INFO        STG1_LP STEAM                              27502.34        27502.35            0.00     0.0000%
01:37:54  INFO        STG1_MP STEAM                               2189.76         2189.76            0.00     0.0000%
01:37:54  INFO        Water                                     768836.25       488464.47       280371.80    36.4670% (PT)
01:37:54  INFO      
01:37:54  INFO        U4U CONSUMPTION BREAKDOWN (per producer per material):
01:37:54  INFO        Producer                        Material Consumed                     Norm        Quantity  Credit
01:37:54  INFO        ------------------------------  ------------------------------  ----------  --------------  ------
01:37:54  INFO        Boiler Feed Water               CHEM CYCLO HEXY                   0.000100           12.18  
01:37:54  INFO        Boiler Feed Water               CHEM MORPHOLENE                   0.000002            0.24  
01:37:54  INFO        Boiler Feed Water               Cooling Water 2                   0.001070          130.36  
01:37:54  INFO        Boiler Feed Water               D M Water                         0.860000       104772.11  
01:37:54  INFO        Boiler Feed Water               KEM WATREAT B 70M                 0.000570           69.44  
01:37:54  INFO        Boiler Feed Water               LP Steam_Dis                      0.145000        17665.07  
01:37:54  INFO        Boiler Feed Water               Power_Dis                         9.500000      1157366.37  
01:37:54  INFO        COMPRESSED AIR                  Cooling Water 2                   0.000025          182.40  
01:37:54  INFO        COMPRESSED AIR                  Power_Dis                         0.165000      1203864.71  
01:37:54  INFO        Cooling Water 1                 COMPRESSED AIR                    0.108592         1649.95  
01:37:54  INFO        Cooling Water 1                 Power_Dis                       244.999997      3722529.95  
01:37:54  INFO        Cooling Water 1                 SULPHURIC ACID                    0.000158            2.40  
01:37:54  INFO        Cooling Water 1                 Water                            11.050000       167893.70  
01:37:54  INFO        Cooling Water 2                 COMPRESSED AIR                    0.123044         1622.94  
01:37:54  INFO        Cooling Water 2                 Power_Dis                       249.999997      3297474.99  
01:37:54  INFO        Cooling Water 2                 SULPHURIC ACID                    0.000158            2.08  
01:37:54  INFO        Cooling Water 2                 Water                            11.500000       151683.85  
01:37:54  INFO        D M Water                       CAUSTIC SODA LYE – GRADE 1        0.000226           36.29  
01:37:54  INFO        D M Water                       CHEM  SODIUM SULPHITE;PN:MIS 1    0.000701          112.55  
01:37:54  INFO        D M Water                       CHEM ALUM.SULFATE, AL2(SO4)3,1    0.000757          121.54  
01:37:54  INFO        D M Water                       COMPRESSED AIR                    0.077000        12363.05  
01:37:54  INFO        D M Water                       HYDRO CHLORIC ACID (30%) -VIRG    0.000226           36.29  
01:37:54  INFO        D M Water                       POLYELECTROLYTE                   0.000578           92.80  
01:37:54  INFO        D M Water                       Power_Dis                         1.210000       194276.53  
01:37:54  INFO        D M Water                       Ret steam condensate              0.203000        32593.50  
01:37:54  INFO        D M Water                       SODIUM CHLORIDE IS 797 GRADE1     0.000010            1.61  
01:37:54  INFO        D M Water                       Water                             1.050000       168587.07  
01:37:54  INFO        HP Steam PRDS                   Boiler Feed Water                 0.076800          381.85  
01:37:54  INFO        HP Steam PRDS                   SHP Steam_Dis                     0.923200         4590.15  
01:37:54  INFO        HP Steam_Dis                    HP Steam PRDS                     1.000000         4972.00  
01:37:54  INFO        HRSG2_SHP STEAM                 Boiler Feed Water                 1.024000        57715.34  
01:37:54  INFO        HRSG2_SHP STEAM                 CHEM TRISODIUM PHOSPHATE          0.000900           50.73  
01:37:54  INFO        HRSG2_SHP STEAM                 COMPRESSED AIR                    9.853236       555354.39  
01:37:54  INFO        HRSG2_SHP STEAM                 FURNACE OIL ( MEDIUM VISCOSITY    0.000098            5.52  
01:37:54  INFO        HRSG2_SHP STEAM                 LP Steam_Dis                     -0.078000        -4396.29  YES
01:37:54  INFO        HRSG2_SHP STEAM                 NATURAL GAS                       2.954424       166519.14  
01:37:54  INFO        HRSG2_SHP STEAM                 Water                             0.002660          149.92  
01:37:54  INFO        HRSG3_SHP STEAM                 Boiler Feed Water                 1.024000        57715.34  
01:37:54  INFO        HRSG3_SHP STEAM                 CHEM TRISODIUM PHOSPHATE          0.000900           50.73  
01:37:54  INFO        HRSG3_SHP STEAM                 COMPRESSED AIR                    9.596520       540885.20  
01:37:54  INFO        HRSG3_SHP STEAM                 FURNACE OIL ( MEDIUM VISCOSITY    0.000098            5.52  
01:37:54  INFO        HRSG3_SHP STEAM                 LP Steam_Dis                     -0.078000        -4396.29  YES
01:37:54  INFO        HRSG3_SHP STEAM                 NATURAL GAS                       2.954424       166519.14  
01:37:54  INFO        HRSG3_SHP STEAM                 Water                             0.002660          149.92  
01:37:54  INFO        LP Steam PRDS                   Boiler Feed Water                 0.250000         3860.81  
01:37:54  INFO        LP Steam PRDS                   MP Steam_Dis                      0.750000        11582.42  
01:37:54  INFO        LP Steam_Dis                    LP Steam PRDS                     0.359600        15443.23  
01:37:54  INFO        LP Steam_Dis                    STG1_LP STEAM                     0.640400        27502.35  
01:37:54  INFO        MP Steam PRDS SHP               Boiler Feed Water                 0.090000         2154.70  
01:37:54  INFO        MP Steam PRDS SHP               SHP Steam_Dis                     0.910000        21786.36  
01:37:54  INFO        MP Steam_Dis                    MP Steam PRDS SHP                 0.916200        23941.06  
01:37:54  INFO        MP Steam_Dis                    STG1_MP STEAM                     0.083800         2189.76  
01:37:54  INFO        Oxygen                          Cooling Water 2                   0.261000         1510.41  
01:37:54  INFO        Oxygen                          Power_Dis                       968.650000      5605577.55  
01:37:54  INFO        POWERGEN                        COMPRESSED AIR                    0.004011        36863.02  
01:37:54  INFO        POWERGEN                        COMPRESSED AIR                    0.003420        31518.72  
01:37:54  INFO        POWERGEN                        COMPRESSED AIR                    0.003839        31786.92  
01:37:54  INFO        POWERGEN                        COMPRESSED AIR                    0.000000            0.00  
01:37:54  INFO        POWERGEN                        Cooling Water 2                   0.000232         2132.19  
01:37:54  INFO        POWERGEN                        Cooling Water 2                   0.000012          110.59  
01:37:54  INFO        POWERGEN                        Cooling Water 2                   0.000013          107.64  
01:37:54  INFO        POWERGEN                        Cooling Water 2                   0.000000            0.00  
01:37:54  INFO        POWERGEN                        NATURAL GAS                       0.009373        86385.63  
01:37:54  INFO        POWERGEN                        NATURAL GAS                       0.009982        82651.39  
01:37:54  INFO        POWERGEN                        NATURAL GAS                       0.009472            0.00  
01:37:54  INFO        POWERGEN                        Power_Dis                         0.002000        18380.96  
01:37:54  INFO        POWERGEN                        Power_Dis                         0.014000       129024.00  
01:37:54  INFO        POWERGEN                        Power_Dis                         0.014000       115920.00  
01:37:54  INFO        POWERGEN                        Power_Dis                         0.000000            0.00  
01:37:54  INFO        POWERGEN                        SHP Steam_Dis                     0.003615        33223.59  
01:37:54  INFO        Power_Dis                       POWERGEN                          0.186036      8313293.99  
01:37:54  INFO        Power_Dis                       POWERGEN                          0.196717      8790590.29  
01:37:54  INFO        Power_Dis                       POWERGEN                          0.207066      9253050.67  
01:37:54  INFO        Power_Dis                       Power from MEL                    0.410169     18000000.00  
01:37:54  INFO        SHP Steam_Dis                   HRSG2_SHP STEAM                   0.500000        47643.58  
01:37:54  INFO        SHP Steam_Dis                   HRSG3_SHP STEAM                   0.500000        47643.58  
01:37:54  INFO        STG1_LP STEAM                   SHP Steam_Dis                     0.480000        13201.13  
01:37:54  INFO        STG1_MP STEAM                   SHP Steam_Dis                     0.690000         1510.94  
01:37:54  INFO      
01:37:54  INFO        All U4U materials converged within tolerance
01:37:54  INFO        ------------------------------------------------------------------------------------------
01:37:55  INFO        [DISPATCH] Total demand: 44686.48 MWh, Import: 18000.00 MWh, Net for GT/STG: 26686.48 MWh
01:37:55  WARNING     [DISPATCH] No aux power norm for 'NMD-Power Plant-2'; using 0.0
01:37:55  WARNING     [DISPATCH] No aux power norm for 'NMD-Power Plant-3'; using 0.0
01:37:55  WARNING     [DISPATCH] No aux power norm for 'NMD-STG Power Plant'; using 0.0
01:37:55  INFO        ==============================================================================
01:37:55  INFO        POWER DISPATCH  (April 2025)
01:37:55  INFO        ==============================================================================
01:37:55  INFO        Demand:  Process = 44686.48 MWh  |  Fixed = 0.00 MWh  |  Total = 44686.48 MWh
01:37:55  INFO      
01:37:55  INFO        Asset                      Priority    Min MW    Max MW     Hours   Dispatched MW  Dispatched MWh    Load %  Free Steam MT  Aux Power MWh
01:37:55  INFO        -------------------------  --------  --------  --------  --------  --------------  --------------  --------  ------------  ------------
01:37:55  INFO        NMD-Power Plant-2                 1      5.00     11.50    720.00           11.50         8280.00    100.0%      16311.60          0.00
01:37:55  INFO        NMD-Power Plant-3                 1      5.00     12.80    720.00           12.80         9216.00    100.0%      18155.52          0.00
01:37:55  INFO        NMD-STG Power Plant               2      6.00     14.50    720.00           12.76         9190.48     88.0%          0.00          0.00
01:37:55  INFO        TOTAL                                                                                    26686.48                34467.12          0.00
01:37:55  INFO        DEFICIT: 18000.00 MWh under-generation
01:37:55  INFO        ==============================================================================
01:37:55  INFO        [STG EXTRACTION] STG Load: 12.76 MW, LP Extraction: 20880.00 MT, MP Extraction: 2880.00 MT
01:37:55  INFO        ==============================================================================
01:37:55  INFO        STEAM DISPATCH  (April 2025)
01:37:55  INFO        ==============================================================================
01:37:55  INFO        Grade      Process/Fixed MT  Letdown MT  Byproduct MT     Net Demand MT
01:37:55  INFO        ---------  ----------------  ----------  ------------  ----------------
01:37:55  INFO        MP                 26130.82    17438.12          0.00          23250.82
01:37:55  INFO        SHP                95287.16   104067.97          0.00         112725.28
01:37:55  INFO      
01:37:55  INFO        Total Free Steam available: 34467.12 MT
01:37:55  INFO      
01:37:55  INFO        FINAL SUPPLEMENTARY FIRING DISPATCH
01:37:55  INFO        Asset                      Priority     Min TPH     Max TPH     Hours  Dispatched TPH   Dispatched MT    Load %
01:37:55  INFO        -------------------------  --------  ----------  ----------  --------  --------------  --------------  --------
01:37:55  INFO        HRSG-1                          999       60.00      136.00      0.00            0.00            0.00      0.0%
01:37:55  INFO        HRSG-2                            1       37.34      113.34    720.00           55.63        40051.04     57.6%
01:37:55  INFO        HRSG-3                            1       34.78      110.78    720.00           53.07        38207.12     57.6%
01:37:55  INFO        TOTAL SUPPLEMENTARY                                                                          78258.16          
01:37:55  INFO        TOTAL STEAM GENERATED                                                                       112725.28          
01:37:55  INFO        Demand met
01:37:55  INFO        ==============================================================================
01:37:55  INFO        [REVERSE NG] Found GT asset: NMD-Power Plant-3, plant: NMD - Power Plant 3, heat_rate: 3862.56, free_steam: 1.97
01:37:55  INFO        [REVERSE NG] NMD - Power Plant 3: gen_qty=9216000 KWH, heat_rate=3862.56, free_steam=1.9700, consumed=86385.63 MMBTU (REVERSE)
01:37:55  INFO        [REVERSE NG] Found GT asset: NMD-Power Plant-2, plant: NMD - Power Plant 2, heat_rate: 4016.03, free_steam: 1.97
01:37:55  INFO        [REVERSE NG] NMD - Power Plant 2: gen_qty=8280000 KWH, heat_rate=4016.03, free_steam=1.9700, consumed=82651.39 MMBTU (REVERSE)
01:37:55  INFO        [REVERSE NG HRSG] Found HRSG: HRSG-2, supp_steam=40051.04 MT, free_steam=16311.60 MT, total_steam=56362.64 MT
01:37:55  INFO        [REVERSE NG HRSG] HRSG2_SHP STEAM: total_steam=56362.64 MT, norm=2.954424, consumed=166519.14 MMBTU (REVERSE, BPC method)
01:37:55  INFO        [REVERSE NG HRSG] Found HRSG: HRSG-3, supp_steam=38207.12 MT, free_steam=18155.52 MT, total_steam=56362.64 MT
01:37:55  INFO        [REVERSE NG HRSG] HRSG3_SHP STEAM: total_steam=56362.64 MT, norm=2.954424, consumed=166519.14 MMBTU (REVERSE, BPC method)
01:37:55  INFO      
01:37:55  INFO        ------------------------------------------------------------------------------------------
01:37:55  INFO        ITERATION 42
01:37:55  INFO        ------------------------------------------------------------------------------------------
01:37:55  INFO        Power:  Demand =    44686482.26 KWH  |  Gen =       26686.48 MWh  |  Surplus =     0.00  |  Deficit =     0.00
01:37:55  INFO        Steam:  Gen =      112725.28 MT  |  Surplus =     0.00  |  Deficit =     0.00
01:37:55  INFO        Power delta: 0.0321 MWh  |  Converged: NO
01:37:55  INFO      
01:37:55  INFO        Utility                                Total Demand      U4U Demand         Initial    Change %
01:37:55  INFO        -----------------------------------  --------------  --------------  --------------  ----------
01:37:55  INFO        Boiler Feed Water                         121828.04       121828.04            0.00     0.0000%
01:37:55  INFO        COMPRESSED AIR                           7296149.78      1212044.19      6084105.59    83.3879%
01:37:55  INFO        Cooling Water 1                            15194.00            0.00        15194.00   100.0000%
01:37:55  INFO        Cooling Water 2                            13189.90         4173.59         9016.31    68.3577%
01:37:55  INFO        D M Water                                 160559.11       104772.11        55787.00    34.7455%
01:37:55  INFO        HP Steam PRDS                               4972.00         4972.00            0.00     0.0000%
01:37:55  INFO        HP Steam_Dis                                4972.00            0.00         4972.00   100.0000%
01:37:55  INFO        HRSG2_SHP STEAM                            47643.58        47643.58            0.00     0.0000%
01:37:55  INFO        HRSG3_SHP STEAM                            47643.58        47643.58            0.00     0.0000%
01:37:55  INFO        LP Steam PRDS                              15443.23        15443.23            0.00     0.0000%
01:37:55  INFO        LP Steam_Dis                               42945.58        17665.07        25280.51    58.8664%
01:37:55  INFO        MP Steam PRDS SHP                          23941.06        23941.06            0.00     0.0000%
01:37:55  INFO        MP Steam_Dis                               26130.82        11582.42        14548.40    55.6753%
01:37:55  INFO        Nitrogen Gas                             5437630.00            0.00      5437630.00   100.0000% (PT)
01:37:55  INFO        Oxygen                                      5787.00            0.00         5787.00   100.0000%
01:37:55  INFO        POWERGEN                                26356934.95     26356934.95            0.00     0.0000%
01:37:55  INFO        Power_Dis                               44686482.26     15444415.06     29242067.20    65.4383%
01:37:55  INFO        SHP Steam_Dis                              95287.16        74312.16        20975.00    22.0124%
01:37:55  INFO        STG1_LP STEAM                              27502.35        27502.35            0.00     0.0000%
01:37:55  INFO        STG1_MP STEAM                               2189.76         2189.76            0.00     0.0000%
01:37:55  INFO        Water                                     768836.27       488464.47       280371.80    36.4670% (PT)
01:37:55  INFO      
01:37:55  INFO        U4U CONSUMPTION BREAKDOWN (per producer per material):
01:37:55  INFO        Producer                        Material Consumed                     Norm        Quantity  Credit
01:37:55  INFO        ------------------------------  ------------------------------  ----------  --------------  ------
01:37:55  INFO        Boiler Feed Water               CHEM CYCLO HEXY                   0.000100           12.18  
01:37:55  INFO        Boiler Feed Water               CHEM MORPHOLENE                   0.000002            0.24  
01:37:55  INFO        Boiler Feed Water               Cooling Water 2                   0.001070          130.36  
01:37:55  INFO        Boiler Feed Water               D M Water                         0.860000       104772.11  
01:37:55  INFO        Boiler Feed Water               KEM WATREAT B 70M                 0.000570           69.44  
01:37:55  INFO        Boiler Feed Water               LP Steam_Dis                      0.145000        17665.07  
01:37:55  INFO        Boiler Feed Water               Power_Dis                         9.500000      1157366.37  
01:37:55  INFO        COMPRESSED AIR                  Cooling Water 2                   0.000025          182.40  
01:37:55  INFO        COMPRESSED AIR                  Power_Dis                         0.165000      1203864.71  
01:37:55  INFO        Cooling Water 1                 COMPRESSED AIR                    0.108592         1649.95  
01:37:55  INFO        Cooling Water 1                 Power_Dis                       244.999997      3722529.95  
01:37:55  INFO        Cooling Water 1                 SULPHURIC ACID                    0.000158            2.40  
01:37:55  INFO        Cooling Water 1                 Water                            11.050000       167893.70  
01:37:55  INFO        Cooling Water 2                 COMPRESSED AIR                    0.123044         1622.94  
01:37:55  INFO        Cooling Water 2                 Power_Dis                       249.999997      3297474.99  
01:37:55  INFO        Cooling Water 2                 SULPHURIC ACID                    0.000158            2.08  
01:37:55  INFO        Cooling Water 2                 Water                            11.500000       151683.85  
01:37:55  INFO        D M Water                       CAUSTIC SODA LYE – GRADE 1        0.000226           36.29  
01:37:55  INFO        D M Water                       CHEM  SODIUM SULPHITE;PN:MIS 1    0.000701          112.55  
01:37:55  INFO        D M Water                       CHEM ALUM.SULFATE, AL2(SO4)3,1    0.000757          121.54  
01:37:55  INFO        D M Water                       COMPRESSED AIR                    0.077000        12363.05  
01:37:55  INFO        D M Water                       HYDRO CHLORIC ACID (30%) -VIRG    0.000226           36.29  
01:37:55  INFO        D M Water                       POLYELECTROLYTE                   0.000578           92.80  
01:37:55  INFO        D M Water                       Power_Dis                         1.210000       194276.53  
01:37:55  INFO        D M Water                       Ret steam condensate              0.203000        32593.50  
01:37:55  INFO        D M Water                       SODIUM CHLORIDE IS 797 GRADE1     0.000010            1.61  
01:37:55  INFO        D M Water                       Water                             1.050000       168587.07  
01:37:55  INFO        HP Steam PRDS                   Boiler Feed Water                 0.076800          381.85  
01:37:55  INFO        HP Steam PRDS                   SHP Steam_Dis                     0.923200         4590.15  
01:37:55  INFO        HP Steam_Dis                    HP Steam PRDS                     1.000000         4972.00  
01:37:55  INFO        HRSG2_SHP STEAM                 Boiler Feed Water                 1.024000        57715.34  
01:37:55  INFO        HRSG2_SHP STEAM                 CHEM TRISODIUM PHOSPHATE          0.000900           50.73  
01:37:55  INFO        HRSG2_SHP STEAM                 COMPRESSED AIR                    9.853236       555354.39  
01:37:55  INFO        HRSG2_SHP STEAM                 FURNACE OIL ( MEDIUM VISCOSITY    0.000098            5.52  
01:37:55  INFO        HRSG2_SHP STEAM                 LP Steam_Dis                     -0.078000        -4396.29  YES
01:37:55  INFO        HRSG2_SHP STEAM                 NATURAL GAS                       2.954424       166519.14  
01:37:55  INFO        HRSG2_SHP STEAM                 Water                             0.002660          149.92  
01:37:55  INFO        HRSG3_SHP STEAM                 Boiler Feed Water                 1.024000        57715.34  
01:37:55  INFO        HRSG3_SHP STEAM                 CHEM TRISODIUM PHOSPHATE          0.000900           50.73  
01:37:55  INFO        HRSG3_SHP STEAM                 COMPRESSED AIR                    9.596520       540885.20  
01:37:55  INFO        HRSG3_SHP STEAM                 FURNACE OIL ( MEDIUM VISCOSITY    0.000098            5.52  
01:37:55  INFO        HRSG3_SHP STEAM                 LP Steam_Dis                     -0.078000        -4396.29  YES
01:37:55  INFO        HRSG3_SHP STEAM                 NATURAL GAS                       2.954424       166519.14  
01:37:55  INFO        HRSG3_SHP STEAM                 Water                             0.002660          149.92  
01:37:55  INFO        LP Steam PRDS                   Boiler Feed Water                 0.250000         3860.81  
01:37:55  INFO        LP Steam PRDS                   MP Steam_Dis                      0.750000        11582.42  
01:37:55  INFO        LP Steam_Dis                    LP Steam PRDS                     0.359600        15443.23  
01:37:55  INFO        LP Steam_Dis                    STG1_LP STEAM                     0.640400        27502.35  
01:37:55  INFO        MP Steam PRDS SHP               Boiler Feed Water                 0.090000         2154.70  
01:37:55  INFO        MP Steam PRDS SHP               SHP Steam_Dis                     0.910000        21786.36  
01:37:55  INFO        MP Steam_Dis                    MP Steam PRDS SHP                 0.916200        23941.06  
01:37:55  INFO        MP Steam_Dis                    STG1_MP STEAM                     0.083800         2189.76  
01:37:55  INFO        Oxygen                          Cooling Water 2                   0.261000         1510.41  
01:37:55  INFO        Oxygen                          Power_Dis                       968.650000      5605577.55  
01:37:55  INFO        POWERGEN                        COMPRESSED AIR                    0.004011        36863.02  
01:37:55  INFO        POWERGEN                        COMPRESSED AIR                    0.003420        31518.72  
01:37:55  INFO        POWERGEN                        COMPRESSED AIR                    0.003839        31786.92  
01:37:55  INFO        POWERGEN                        COMPRESSED AIR                    0.000000            0.00  
01:37:55  INFO        POWERGEN                        Cooling Water 2                   0.000232         2132.19  
01:37:55  INFO        POWERGEN                        Cooling Water 2                   0.000012          110.59  
01:37:55  INFO        POWERGEN                        Cooling Water 2                   0.000013          107.64  
01:37:55  INFO        POWERGEN                        Cooling Water 2                   0.000000            0.00  
01:37:55  INFO        POWERGEN                        NATURAL GAS                       0.009373        86385.63  
01:37:55  INFO        POWERGEN                        NATURAL GAS                       0.009982        82651.39  
01:37:55  INFO        POWERGEN                        NATURAL GAS                       0.009472            0.00  
01:37:55  INFO        POWERGEN                        Power_Dis                         0.002000        18380.96  
01:37:55  INFO        POWERGEN                        Power_Dis                         0.014000       129024.00  
01:37:55  INFO        POWERGEN                        Power_Dis                         0.014000       115920.00  
01:37:55  INFO        POWERGEN                        Power_Dis                         0.000000            0.00  
01:37:55  INFO        POWERGEN                        SHP Steam_Dis                     0.003615        33223.59  
01:37:55  INFO        Power_Dis                       POWERGEN                          0.186036      8313293.99  
01:37:55  INFO        Power_Dis                       POWERGEN                          0.196717      8790590.29  
01:37:55  INFO        Power_Dis                       POWERGEN                          0.207066      9253050.67  
01:37:55  INFO        Power_Dis                       Power from MEL                    0.410169     18000000.00  
01:37:55  INFO        SHP Steam_Dis                   HRSG2_SHP STEAM                   0.500000        47643.58  
01:37:55  INFO        SHP Steam_Dis                   HRSG3_SHP STEAM                   0.500000        47643.58  
01:37:55  INFO        STG1_LP STEAM                   SHP Steam_Dis                     0.480000        13201.13  
01:37:55  INFO        STG1_MP STEAM                   SHP Steam_Dis                     0.690000         1510.94  
01:37:55  INFO      
01:37:55  INFO        All U4U materials converged within tolerance
01:37:55  INFO        ------------------------------------------------------------------------------------------
01:37:57  INFO        [DISPATCH] Total demand: 44686.48 MWh, Import: 18000.00 MWh, Net for GT/STG: 26686.48 MWh
01:37:57  WARNING     [DISPATCH] No aux power norm for 'NMD-Power Plant-2'; using 0.0
01:37:57  WARNING     [DISPATCH] No aux power norm for 'NMD-Power Plant-3'; using 0.0
01:37:57  WARNING     [DISPATCH] No aux power norm for 'NMD-STG Power Plant'; using 0.0
01:37:57  INFO        ==============================================================================
01:37:57  INFO        POWER DISPATCH  (April 2025)
01:37:57  INFO        ==============================================================================
01:37:57  INFO        Demand:  Process = 44686.48 MWh  |  Fixed = 0.00 MWh  |  Total = 44686.48 MWh
01:37:57  INFO      
01:37:57  INFO        Asset                      Priority    Min MW    Max MW     Hours   Dispatched MW  Dispatched MWh    Load %  Free Steam MT  Aux Power MWh
01:37:57  INFO        -------------------------  --------  --------  --------  --------  --------------  --------------  --------  ------------  ------------
01:37:57  INFO        NMD-Power Plant-2                 1      5.00     11.50    720.00           11.50         8280.00    100.0%      16311.60          0.00
01:37:57  INFO        NMD-Power Plant-3                 1      5.00     12.80    720.00           12.80         9216.00    100.0%      18155.52          0.00
01:37:57  INFO        NMD-STG Power Plant               2      6.00     14.50    720.00           12.76         9190.48     88.0%          0.00          0.00
01:37:57  INFO        TOTAL                                                                                    26686.48                34467.12          0.00
01:37:57  INFO        DEFICIT: 18000.00 MWh under-generation
01:37:57  INFO        ==============================================================================
01:37:57  INFO        [STG EXTRACTION] STG Load: 12.76 MW, LP Extraction: 20880.00 MT, MP Extraction: 2880.00 MT
01:37:57  INFO        ==============================================================================
01:37:57  INFO        STEAM DISPATCH  (April 2025)
01:37:57  INFO        ==============================================================================
01:37:57  INFO        Grade      Process/Fixed MT  Letdown MT  Byproduct MT     Net Demand MT
01:37:57  INFO        ---------  ----------------  ----------  ------------  ----------------
01:37:57  INFO        MP                 26130.82    17438.12          0.00          23250.82
01:37:57  INFO        SHP                95287.16   104067.98          0.00         112725.28
01:37:57  INFO      
01:37:57  INFO        Total Free Steam available: 34467.12 MT
01:37:57  INFO      
01:37:57  INFO        FINAL SUPPLEMENTARY FIRING DISPATCH
01:37:57  INFO        Asset                      Priority     Min TPH     Max TPH     Hours  Dispatched TPH   Dispatched MT    Load %
01:37:57  INFO        -------------------------  --------  ----------  ----------  --------  --------------  --------------  --------
01:37:57  INFO        HRSG-1                          999       60.00      136.00      0.00            0.00            0.00      0.0%
01:37:57  INFO        HRSG-2                            1       37.34      113.34    720.00           55.63        40051.04     57.6%
01:37:57  INFO        HRSG-3                            1       34.78      110.78    720.00           53.07        38207.12     57.6%
01:37:57  INFO        TOTAL SUPPLEMENTARY                                                                          78258.16          
01:37:57  INFO        TOTAL STEAM GENERATED                                                                       112725.28          
01:37:57  INFO        Demand met
01:37:57  INFO        ==============================================================================
01:37:57  INFO        [REVERSE NG] Found GT asset: NMD-Power Plant-3, plant: NMD - Power Plant 3, heat_rate: 3862.56, free_steam: 1.97
01:37:57  INFO        [REVERSE NG] NMD - Power Plant 3: gen_qty=9216000 KWH, heat_rate=3862.56, free_steam=1.9700, consumed=86385.63 MMBTU (REVERSE)
01:37:57  INFO        [REVERSE NG] Found GT asset: NMD-Power Plant-2, plant: NMD - Power Plant 2, heat_rate: 4016.03, free_steam: 1.97
01:37:57  INFO        [REVERSE NG] NMD - Power Plant 2: gen_qty=8280000 KWH, heat_rate=4016.03, free_steam=1.9700, consumed=82651.39 MMBTU (REVERSE)
01:37:57  INFO        [REVERSE NG HRSG] Found HRSG: HRSG-2, supp_steam=40051.04 MT, free_steam=16311.60 MT, total_steam=56362.64 MT
01:37:57  INFO        [REVERSE NG HRSG] HRSG2_SHP STEAM: total_steam=56362.64 MT, norm=2.954424, consumed=166519.14 MMBTU (REVERSE, BPC method)
01:37:57  INFO        [REVERSE NG HRSG] Found HRSG: HRSG-3, supp_steam=38207.12 MT, free_steam=18155.52 MT, total_steam=56362.64 MT
01:37:57  INFO        [REVERSE NG HRSG] HRSG3_SHP STEAM: total_steam=56362.64 MT, norm=2.954424, consumed=166519.14 MMBTU (REVERSE, BPC method)
01:37:57  INFO      
01:37:57  INFO        ------------------------------------------------------------------------------------------
01:37:57  INFO        ITERATION 43
01:37:57  INFO        ------------------------------------------------------------------------------------------
01:37:57  INFO        Power:  Demand =    44686482.26 KWH  |  Gen =       26686.48 MWh  |  Surplus =     0.00  |  Deficit =     0.00
01:37:57  INFO        Steam:  Gen =      112725.28 MT  |  Surplus =     0.00  |  Deficit =     0.00
01:37:57  INFO        Power delta: 0.0009 MWh  |  Converged: YES
01:37:57  INFO      
01:37:57  INFO        Utility                                Total Demand      U4U Demand         Initial    Change %
01:37:57  INFO        -----------------------------------  --------------  --------------  --------------  ----------
01:37:57  INFO        Boiler Feed Water                         121828.04       121828.04            0.00     0.0000%
01:37:57  INFO        COMPRESSED AIR                           7296149.78      1212044.19      6084105.59    83.3879%
01:37:57  INFO        Cooling Water 1                            15194.00            0.00        15194.00   100.0000%
01:37:57  INFO        Cooling Water 2                            13189.90         4173.59         9016.31    68.3577%
01:37:57  INFO        D M Water                                 160559.11       104772.11        55787.00    34.7455%
01:37:57  INFO        HP Steam PRDS                               4972.00         4972.00            0.00     0.0000%
01:37:57  INFO        HP Steam_Dis                                4972.00            0.00         4972.00   100.0000%
01:37:57  INFO        HRSG2_SHP STEAM                            47643.58        47643.58            0.00     0.0000%
01:37:57  INFO        HRSG3_SHP STEAM                            47643.58        47643.58            0.00     0.0000%
01:37:57  INFO        LP Steam PRDS                              15443.23        15443.23            0.00     0.0000%
01:37:57  INFO        LP Steam_Dis                               42945.58        17665.07        25280.51    58.8664%
01:37:57  INFO        MP Steam PRDS SHP                          23941.06        23941.06            0.00     0.0000%
01:37:57  INFO        MP Steam_Dis                               26130.82        11582.42        14548.40    55.6753%
01:37:57  INFO        Nitrogen Gas                             5437630.00            0.00      5437630.00   100.0000% (PT)
01:37:57  INFO        Oxygen                                      5787.00            0.00         5787.00   100.0000%
01:37:57  INFO        POWERGEN                                26356934.95     26356934.95            0.00     0.0000%
01:37:57  INFO        Power_Dis                               44686482.26     15444415.06     29242067.20    65.4383%
01:37:57  INFO        SHP Steam_Dis                              95287.16        74312.16        20975.00    22.0124%
01:37:57  INFO        STG1_LP STEAM                              27502.35        27502.35            0.00     0.0000%
01:37:57  INFO        STG1_MP STEAM                               2189.76         2189.76            0.00     0.0000%
01:37:57  INFO        Water                                     768836.27       488464.47       280371.80    36.4670% (PT)
01:37:57  INFO      
01:37:57  INFO        U4U CONSUMPTION BREAKDOWN (per producer per material):
01:37:57  INFO        Producer                        Material Consumed                     Norm        Quantity  Credit
01:37:57  INFO        ------------------------------  ------------------------------  ----------  --------------  ------
01:37:57  INFO        Boiler Feed Water               CHEM CYCLO HEXY                   0.000100           12.18  
01:37:57  INFO        Boiler Feed Water               CHEM MORPHOLENE                   0.000002            0.24  
01:37:57  INFO        Boiler Feed Water               Cooling Water 2                   0.001070          130.36  
01:37:57  INFO        Boiler Feed Water               D M Water                         0.860000       104772.11  
01:37:57  INFO        Boiler Feed Water               KEM WATREAT B 70M                 0.000570           69.44  
01:37:57  INFO        Boiler Feed Water               LP Steam_Dis                      0.145000        17665.07  
01:37:57  INFO        Boiler Feed Water               Power_Dis                         9.500000      1157366.37  
01:37:57  INFO        COMPRESSED AIR                  Cooling Water 2                   0.000025          182.40  
01:37:57  INFO        COMPRESSED AIR                  Power_Dis                         0.165000      1203864.71  
01:37:57  INFO        Cooling Water 1                 COMPRESSED AIR                    0.108592         1649.95  
01:37:57  INFO        Cooling Water 1                 Power_Dis                       244.999997      3722529.95  
01:37:57  INFO        Cooling Water 1                 SULPHURIC ACID                    0.000158            2.40  
01:37:57  INFO        Cooling Water 1                 Water                            11.050000       167893.70  
01:37:57  INFO        Cooling Water 2                 COMPRESSED AIR                    0.123044         1622.94  
01:37:57  INFO        Cooling Water 2                 Power_Dis                       249.999997      3297474.99  
01:37:57  INFO        Cooling Water 2                 SULPHURIC ACID                    0.000158            2.08  
01:37:57  INFO        Cooling Water 2                 Water                            11.500000       151683.85  
01:37:57  INFO        D M Water                       CAUSTIC SODA LYE – GRADE 1        0.000226           36.29  
01:37:57  INFO        D M Water                       CHEM  SODIUM SULPHITE;PN:MIS 1    0.000701          112.55  
01:37:57  INFO        D M Water                       CHEM ALUM.SULFATE, AL2(SO4)3,1    0.000757          121.54  
01:37:57  INFO        D M Water                       COMPRESSED AIR                    0.077000        12363.05  
01:37:57  INFO        D M Water                       HYDRO CHLORIC ACID (30%) -VIRG    0.000226           36.29  
01:37:57  INFO        D M Water                       POLYELECTROLYTE                   0.000578           92.80  
01:37:57  INFO        D M Water                       Power_Dis                         1.210000       194276.53  
01:37:57  INFO        D M Water                       Ret steam condensate              0.203000        32593.50  
01:37:57  INFO        D M Water                       SODIUM CHLORIDE IS 797 GRADE1     0.000010            1.61  
01:37:57  INFO        D M Water                       Water                             1.050000       168587.07  
01:37:57  INFO        HP Steam PRDS                   Boiler Feed Water                 0.076800          381.85  
01:37:57  INFO        HP Steam PRDS                   SHP Steam_Dis                     0.923200         4590.15  
01:37:57  INFO        HP Steam_Dis                    HP Steam PRDS                     1.000000         4972.00  
01:37:57  INFO        HRSG2_SHP STEAM                 Boiler Feed Water                 1.024000        57715.34  
01:37:57  INFO        HRSG2_SHP STEAM                 CHEM TRISODIUM PHOSPHATE          0.000900           50.73  
01:37:57  INFO        HRSG2_SHP STEAM                 COMPRESSED AIR                    9.853236       555354.39  
01:37:57  INFO        HRSG2_SHP STEAM                 FURNACE OIL ( MEDIUM VISCOSITY    0.000098            5.52  
01:37:57  INFO        HRSG2_SHP STEAM                 LP Steam_Dis                     -0.078000        -4396.29  YES
01:37:57  INFO        HRSG2_SHP STEAM                 NATURAL GAS                       2.954424       166519.14  
01:37:57  INFO        HRSG2_SHP STEAM                 Water                             0.002660          149.92  
01:37:57  INFO        HRSG3_SHP STEAM                 Boiler Feed Water                 1.024000        57715.34  
01:37:57  INFO        HRSG3_SHP STEAM                 CHEM TRISODIUM PHOSPHATE          0.000900           50.73  
01:37:57  INFO        HRSG3_SHP STEAM                 COMPRESSED AIR                    9.596520       540885.20  
01:37:57  INFO        HRSG3_SHP STEAM                 FURNACE OIL ( MEDIUM VISCOSITY    0.000098            5.52  
01:37:57  INFO        HRSG3_SHP STEAM                 LP Steam_Dis                     -0.078000        -4396.29  YES
01:37:57  INFO        HRSG3_SHP STEAM                 NATURAL GAS                       2.954424       166519.14  
01:37:57  INFO        HRSG3_SHP STEAM                 Water                             0.002660          149.92  
01:37:57  INFO        LP Steam PRDS                   Boiler Feed Water                 0.250000         3860.81  
01:37:57  INFO        LP Steam PRDS                   MP Steam_Dis                      0.750000        11582.42  
01:37:57  INFO        LP Steam_Dis                    LP Steam PRDS                     0.359600        15443.23  
01:37:57  INFO        LP Steam_Dis                    STG1_LP STEAM                     0.640400        27502.35  
01:37:57  INFO        MP Steam PRDS SHP               Boiler Feed Water                 0.090000         2154.70  
01:37:57  INFO        MP Steam PRDS SHP               SHP Steam_Dis                     0.910000        21786.36  
01:37:57  INFO        MP Steam_Dis                    MP Steam PRDS SHP                 0.916200        23941.06  
01:37:57  INFO        MP Steam_Dis                    STG1_MP STEAM                     0.083800         2189.76  
01:37:57  INFO        Oxygen                          Cooling Water 2                   0.261000         1510.41  
01:37:57  INFO        Oxygen                          Power_Dis                       968.650000      5605577.55  
01:37:57  INFO        POWERGEN                        COMPRESSED AIR                    0.004011        36863.02  
01:37:57  INFO        POWERGEN                        COMPRESSED AIR                    0.003420        31518.72  
01:37:57  INFO        POWERGEN                        COMPRESSED AIR                    0.003839        31786.92  
01:37:57  INFO        POWERGEN                        COMPRESSED AIR                    0.000000            0.00  
01:37:57  INFO        POWERGEN                        Cooling Water 2                   0.000232         2132.19  
01:37:57  INFO        POWERGEN                        Cooling Water 2                   0.000012          110.59  
01:37:57  INFO        POWERGEN                        Cooling Water 2                   0.000013          107.64  
01:37:57  INFO        POWERGEN                        Cooling Water 2                   0.000000            0.00  
01:37:57  INFO        POWERGEN                        NATURAL GAS                       0.009373        86385.63  
01:37:57  INFO        POWERGEN                        NATURAL GAS                       0.009982        82651.39  
01:37:57  INFO        POWERGEN                        NATURAL GAS                       0.009472            0.00  
01:37:57  INFO        POWERGEN                        Power_Dis                         0.002000        18380.96  
01:37:57  INFO        POWERGEN                        Power_Dis                         0.014000       129024.00  
01:37:57  INFO        POWERGEN                        Power_Dis                         0.014000       115920.00  
01:37:57  INFO        POWERGEN                        Power_Dis                         0.000000            0.00  
01:37:57  INFO        POWERGEN                        SHP Steam_Dis                     0.003615        33223.59  
01:37:57  INFO        Power_Dis                       POWERGEN                          0.186036      8313293.99  
01:37:57  INFO        Power_Dis                       POWERGEN                          0.196717      8790590.29  
01:37:57  INFO        Power_Dis                       POWERGEN                          0.207066      9253050.67  
01:37:57  INFO        Power_Dis                       Power from MEL                    0.410169     18000000.00  
01:37:57  INFO        SHP Steam_Dis                   HRSG2_SHP STEAM                   0.500000        47643.58  
01:37:57  INFO        SHP Steam_Dis                   HRSG3_SHP STEAM                   0.500000        47643.58  
01:37:57  INFO        STG1_LP STEAM                   SHP Steam_Dis                     0.480000        13201.13  
01:37:57  INFO        STG1_MP STEAM                   SHP Steam_Dis                     0.690000         1510.94  
01:37:57  INFO      
01:37:57  INFO        All U4U materials converged within tolerance
01:37:57  INFO        ------------------------------------------------------------------------------------------
01:37:57  INFO      
01:37:57  INFO        [U4U LOOP] === CONVERGED in 43 iterations ===
01:37:57  INFO      
01:37:57  INFO        ==========================================================================================
01:37:57  INFO        FINAL BALANCE  (after 43 iterations, CONVERGED)
01:37:57  INFO        ==========================================================================================
01:37:57  INFO      
01:37:57  INFO        POWER BALANCE
01:37:57  INFO        Process + Fixed Demand                  29242067.20 KWH
01:37:57  INFO        U4U Demand                              15444415.06 KWH
01:37:57  INFO        TOTAL DEMAND                            44686482.26 KWH
01:37:57  INFO        GT/STG Generation                          26686.48 MWh
01:37:57  INFO        Import Power                               18000.00 MWh
01:37:57  INFO        TOTAL SUPPLY                               44686.48 MWh
01:37:57  INFO        BALANCE                                       -0.00 MWh
01:37:57  INFO      
01:37:57  INFO        STEAM BALANCE
01:37:57  INFO        Grade            Demand (MT)        Gen (MT)    Surplus (MT)    Deficit (MT)
01:37:57  INFO        ------------  --------------  --------------  --------------  --------------
01:37:57  INFO        MP                  23250.82            0.00            0.00            0.00
01:37:57  INFO        SHP                112725.28       112725.28            0.00            0.00
01:37:57  INFO      
01:37:57  INFO        U4U CONSUMPTION SUMMARY
01:37:57  INFO        Utility                              Initial Demand      U4U Demand    Total Demand
01:37:57  INFO        -----------------------------------  --------------  --------------  --------------
01:37:57  INFO        Boiler Feed Water                              0.00       121828.04       121828.04
01:37:57  INFO        COMPRESSED AIR                           6084105.59      1212044.19      7296149.78
01:37:57  INFO        Cooling Water 1                            15194.00            0.00        15194.00
01:37:57  INFO        Cooling Water 2                             9016.31         4173.59        13189.90
01:37:57  INFO        D M Water                                  55787.00       104772.11       160559.11
01:37:57  INFO        HP Steam PRDS                                  0.00         4972.00         4972.00
01:37:57  INFO        HP Steam_Dis                                4972.00            0.00         4972.00
01:37:57  INFO        HRSG2_SHP STEAM                                0.00        47643.58        47643.58
01:37:57  INFO        HRSG3_SHP STEAM                                0.00        47643.58        47643.58
01:37:57  INFO        LP Steam PRDS                                  0.00        15443.23        15443.23
01:37:57  INFO        LP Steam_Dis                               25280.51        17665.07        42945.58
01:37:57  INFO        MP Steam PRDS SHP                              0.00        23941.06        23941.06
01:37:57  INFO        MP Steam_Dis                               14548.40        11582.42        26130.82
01:37:57  INFO        Nitrogen Gas                             5437630.00            0.00      5437630.00 (PT)
01:37:57  INFO        Oxygen                                      5787.00            0.00         5787.00
01:37:57  INFO        POWERGEN                                       0.00     26356934.95     26356934.95
01:37:57  INFO        Power_Dis                               29242067.20     15444415.06     44686482.26
01:37:57  INFO        SHP Steam_Dis                              20975.00        74312.16        95287.16
01:37:57  INFO        STG1_LP STEAM                                  0.00        27502.35        27502.35
01:37:57  INFO        STG1_MP STEAM                                  0.00         2189.76         2189.76
01:37:57  INFO        Water                                     280371.80       488464.47       768836.27 (PT)
01:37:57  INFO      
01:37:57  INFO        PASS-THROUGH UTILITIES (demand but no norms configuration):
01:37:57  INFO          Nitrogen Gas                         demand = 5437630.00  (assumed external supply)
01:37:57  INFO          Water                                demand = 768836.27  (assumed external supply)
01:37:57  INFO        ==========================================================================================

  Iterations: 43  |  Converged: YES
  Pass-through utilities: Water, Nitrogen Gas

======================================================================
  DONE
======================================================================

======================================================================
  U4U vs BPC COMPARISON  (April 2025)
======================================================================
01:37:58  INFO        [BPC] Loaded BPC.ods (122 rows, 58 cols) for month 4/2025
01:37:58  INFO        [BPC] Month columns: norm=9, qty=11
01:37:58  INFO        [BPC] ===== BPC SUMMARY (BPC.ods 4/2025) =====
01:37:58  INFO        [BPC] Producers with generation quantities: 22
01:37:58  INFO        [BPC] Producers with consumption quantities: 25
01:37:58  INFO        [BPC]   Boiler Feed Water               gen=     100907.32  materials=4
01:37:58  INFO        [BPC]   COMPRESSED AIR                  gen=    7108561.52  materials=2
01:37:58  INFO        [BPC]   Cooling Water 1                 gen=      15194.42  materials=4
01:37:58  INFO        [BPC]   Cooling Water 2                 gen=      13409.88  materials=4
01:37:58  INFO        [BPC]   D M Water                       gen=     142796.50  materials=5
01:37:58  INFO        [BPC]   Effluent Treated                gen=     243136.18  materials=3
01:37:58  INFO        [BPC]   HP Steam PRDS                   gen=       4971.91  materials=2
01:37:58  INFO        [BPC]   HP Steam_Dis                    gen=       4971.91  materials=1
01:37:58  INFO        [BPC]   HRSG2_SHP STEAM                 gen=      46035.64  materials=6
01:37:58  INFO        [BPC]   HRSG3_SHP STEAM                 gen=      47267.13  materials=6
01:37:58  INFO        [BPC]   LP Steam PRDS                   gen=      13612.66  materials=2
01:37:58  INFO        [BPC]   LP Steam_Dis                    gen=      35212.66  materials=2
01:37:58  INFO        [BPC]   MP Steam PRDS SHP               gen=      17558.56  materials=2
01:37:58  INFO        [BPC]   MP Steam_Dis                    gen=      24758.56  materials=2
01:37:58  INFO        [BPC]   NMD - Power Plant 2             gen=    8064000.00  materials=5
01:37:58  INFO        [BPC]   NMD - Power Plant 3             gen=    9052378.46  materials=5
01:37:58  INFO        [BPC]   NMD - STG Power Plant           gen=   10231200.00  materials=6
01:37:58  INFO        [BPC]   Oxygen                          gen=       5786.71  materials=3
01:37:58  INFO        [BPC]   Power_Dis                       gen=   45347578.46  materials=1
01:37:58  INFO        [BPC]   SHP Steam_Dis                   gen=      93302.77  materials=3
01:37:58  INFO        [BPC]   STG1_LP STEAM                   gen=      21600.00  materials=1
01:37:58  INFO        [BPC]   STG1_MP STEAM                   gen=       7200.00  materials=1

  POWER BALANCE SUMMARY
  Total Power Demand                    44686.48 MWh
  GT/STG Generation                     26686.48 MWh
  Import Power                          18000.00 MWh
  Total Supply (Gen + Import)           44686.48 MWh
  Surplus/Deficit                          -0.00 MWh

  ====================================================================================================================================================================================
  U4U CONSUMPTION vs BPC COMPARISON TABLE
  ====================================================================================================================================================================================
  Plant Name                 Generation Utility         UOM            Gen Qty     BPC Gen Qty  Gen Diff %  U4U Plant                  U4U Utility                UOM             Norm  Consumption Qty         BPC Qty  Qty Diff %
  -------------------------  -------------------------  ------  --------------  --------------  ----------  -------------------------  -------------------------  ------  ------------  --------------  --------------  ----------
  NMD - Power Plant 1        POWERGEN                                     0.00            0.00       0.00%  NMD - Utility Plant        COMPRESSED AIR                         0.000000            0.00            0.00       0.00%
  NMD - Power Plant 1        POWERGEN                                     0.00            0.00       0.00%  NMD - Utility Plant        Cooling Water 2                        0.000000            0.00            0.00       0.00%
  NMD - Power Plant 1        POWERGEN                                     0.00            0.00       0.00%  NMD-Rev Proc               NATURAL GAS                            0.009472            0.00            0.00       0.00%
  NMD - Power Plant 1        POWERGEN                                     0.00            0.00       0.00%  NMD - Utility/Power Dist   Power_Dis                              0.000000            0.00            0.00       0.00%
  NMD - Power Plant 2        POWERGEN                               8280000.00      8064000.00       2.68%  NMD - Utility Plant        COMPRESSED AIR                         0.003839        31786.92        30960.00       2.67%
  NMD - Power Plant 2        POWERGEN                               8280000.00      8064000.00       2.68%  NMD - Utility Plant        Cooling Water 2                        0.000013          107.64          108.00      -0.33%
  NMD - Power Plant 2        POWERGEN                               8280000.00      8064000.00       2.68%  NMD-Rev Proc               NATURAL GAS                            0.009982        82651.39        81819.53       1.02%
  NMD - Power Plant 2        POWERGEN                               8280000.00      8064000.00       2.68%  NMD - Utility/Power Dist   Power_Dis                              0.014000       115920.00       112896.00       2.68%
  NMD - Power Plant 3        POWERGEN                               9216000.00      9052378.46       1.81%  NMD - Utility Plant        COMPRESSED AIR                         0.003420        31518.72        30960.00       1.80%
  NMD - Power Plant 3        POWERGEN                               9216000.00      9052378.46       1.81%  NMD - Utility Plant        Cooling Water 2                        0.000012          110.59          108.00       2.40%
  NMD - Power Plant 3        POWERGEN                               9216000.00      9052378.46       1.81%  NMD-Rev Proc               NATURAL GAS                            0.009373        86385.63        85739.92       0.75%
  NMD - Power Plant 3        POWERGEN                               9216000.00      9052378.46       1.81%  NMD - Utility/Power Dist   Power_Dis                              0.014000       129024.00       126733.30       1.81%
  NMD - STG Power Plant      POWERGEN                               9190480.00     10231200.00     -10.17%  NMD - Utility Plant        COMPRESSED AIR                         0.004011        36863.02        41040.00     -10.18%
  NMD - STG Power Plant      POWERGEN                               9190480.00     10231200.00     -10.17%  NMD - Utility Plant        Cooling Water 2                        0.000232         2132.19         2376.00     -10.26%
  NMD - STG Power Plant      POWERGEN                               9190480.00     10231200.00     -10.17%  NMD - Utility/Power Dist   Power_Dis                              0.002000        18380.96        20462.40     -10.17%
  NMD - STG Power Plant      POWERGEN                               9190480.00     10231200.00     -10.17%  NMD - Utility/Power Dist   SHP Steam_Dis                          0.003615        33223.59        36423.07      -8.78%
  NMD - Utility Plant        Boiler Feed Water                       121828.04       100907.32      20.73%  NMD-Rev Proc               CHEM CYCLO HEXY                        0.000100           12.18            0.00     100.00%
  NMD - Utility Plant        Boiler Feed Water                       121828.04       100907.32      20.73%  NMD-Rev Proc               CHEM MORPHOLENE                        0.000002            0.24            0.00     100.00%
  NMD - Utility Plant        Boiler Feed Water                       121828.04       100907.32      20.73%  NMD - Utility Plant        Cooling Water 2                        0.001070          130.36          108.00      20.70%
  NMD - Utility Plant        Boiler Feed Water                       121828.04       100907.32      20.73%  NMD - Utility Plant        D M Water                              0.860000       104772.11        86780.29      20.73%
  NMD - Utility Plant        Boiler Feed Water                       121828.04       100907.32      20.73%  NMD-Rev Proc               KEM WATREAT B 70M                      0.000570           69.44            0.00     100.00%
  NMD - Utility Plant        Boiler Feed Water                       121828.04       100907.32      20.73%  NMD - Utility/Power Dist   LP Steam_Dis                           0.145000        17665.07        14631.56      20.73%
  NMD - Utility Plant        Boiler Feed Water                       121828.04       100907.32      20.73%  NMD - Utility/Power Dist   Power_Dis                              9.500000      1157366.37       958619.51      20.73%
  NMD - Utility Plant        COMPRESSED AIR                         7296149.78      7108561.52       2.64%  NMD - Utility Plant        Cooling Water 2                        0.000025          182.40          175.00       4.23%
  NMD - Utility Plant        COMPRESSED AIR                         7296149.78      7108561.52       2.64%  NMD - Utility/Power Dist   Power_Dis                              0.165000      1203864.71      1172912.65       2.64%
  NMD - Utility Plant        Cooling Water 1                          15194.00        15194.42      -0.00%  NMD - Utility Plant        COMPRESSED AIR                         0.108592         1649.95         1650.00      -0.00%
  NMD - Utility Plant        Cooling Water 1                          15194.00        15194.42      -0.00%  NMD - Utility/Power Dist   Power_Dis                            244.999997      3722529.95      3722632.92      -0.00%
  NMD - Utility Plant        Cooling Water 1                          15194.00        15194.42      -0.00%  NMD-Rev Proc               SULPHURIC ACID                         0.000158            2.40            2.40      -0.00%
  NMD - Utility Plant        Cooling Water 1                          15194.00        15194.42      -0.00%  NMD-Rev Proc               Water                                 11.050000       167893.70       167898.34      -0.00%
  NMD - Utility Plant        Cooling Water 2                          13189.90        13409.88      -1.64%  NMD - Utility Plant        COMPRESSED AIR                         0.123044         1622.94         1650.00      -1.64%
  NMD - Utility Plant        Cooling Water 2                          13189.90        13409.88      -1.64%  NMD - Utility/Power Dist   Power_Dis                            249.999997      3297474.99      3352470.37      -1.64%
  NMD - Utility Plant        Cooling Water 2                          13189.90        13409.88      -1.64%  NMD-Rev Proc               SULPHURIC ACID                         0.000158            2.08            2.12      -1.64%
  NMD - Utility Plant        Cooling Water 2                          13189.90        13409.88      -1.64%  NMD-Rev Proc               Water                                 11.500000       151683.85       154213.64      -1.64%
  NMD - Utility Plant        D M Water                               160559.11       142796.50      12.44%  NMD-Rev Proc               CAUSTIC SODA LYE – GRADE               0.000226           36.29            0.00     100.00%
  NMD - Utility Plant        D M Water                               160559.11       142796.50      12.44%  NMD-Rev Proc               CHEM  SODIUM SULPHITE;PN:              0.000701          112.55            0.00     100.00%
  NMD - Utility Plant        D M Water                               160559.11       142796.50      12.44%  NMD-Rev Proc               CHEM ALUM.SULFATE, AL2(SO              0.000757          121.54            0.00     100.00%
  NMD - Utility Plant        D M Water                               160559.11       142796.50      12.44%  NMD - Utility Plant        COMPRESSED AIR                         0.077000        12363.05        10995.33      12.44%
  NMD - Utility Plant        D M Water                               160559.11       142796.50      12.44%  NMD-Rev Proc               HYDRO CHLORIC ACID (30%)               0.000226           36.29           54.26     -33.13%
  NMD - Utility Plant        D M Water                               160559.11       142796.50      12.44%  NMD-Rev Proc               POLYELECTROLYTE                        0.000578           92.80            0.00     100.00%
  NMD - Utility Plant        D M Water                               160559.11       142796.50      12.44%  NMD - Utility/Power Dist   Power_Dis                              1.210000       194276.53       172783.76      12.44%
  NMD - Utility Plant        D M Water                               160559.11       142796.50      12.44%  NMD - STG Power Plant      Ret steam condensate                   0.203000        32593.50        28987.69      12.44%
  NMD - Utility Plant        D M Water                               160559.11       142796.50      12.44%  NMD-Rev Proc               SODIUM CHLORIDE IS 797 GR              0.000010            1.61            0.00     100.00%
  NMD - Utility Plant        D M Water                               160559.11       142796.50      12.44%  NMD-Rev Proc               Water                                  1.050000       168587.07       149936.32      12.44%
  NMD - Utility Plant        HP Steam PRDS                             4972.00         4971.91       0.00%  NMD - Utility Plant        Boiler Feed Water                      0.076800          381.85          381.84       0.00%
  NMD - Utility Plant        HP Steam PRDS                             4972.00         4971.91       0.00%  NMD - Utility/Power Dist   SHP Steam_Dis                          0.923200         4590.15         4590.07       0.00%
  NMD - Utility Plant        HRSG2_SHP STEAM                          56362.64        46035.64      22.43%  NMD - Utility Plant        Boiler Feed Water                      1.024000        57715.34        47140.49      22.43%
  NMD - Utility Plant        HRSG2_SHP STEAM                          56362.64        46035.64      22.43%  NMD-Rev Proc               CHEM TRISODIUM PHOSPHATE               0.000900           50.73            0.00     100.00%
  NMD - Utility Plant        HRSG2_SHP STEAM                          56362.64        46035.64      22.43%  NMD - Utility Plant        COMPRESSED AIR                         9.853236       555354.39       453600.00      22.43%
  NMD - Utility Plant        HRSG2_SHP STEAM                          56362.64        46035.64      22.43%  NMD-Rev Proc               FURNACE OIL ( MEDIUM VISC              0.000098            5.52            4.53      22.06%
  NMD - Utility Plant        HRSG2_SHP STEAM                          56362.64        46035.64      22.43%  NMD - Utility/Power Dist   LP Steam_Dis                          -0.078000        -4396.29        -2317.99     -89.66% (C)
  NMD - Utility Plant        HRSG2_SHP STEAM                          56362.64        46035.64      22.43%  NMD-Rev Proc               NATURAL GAS                            2.954424       166519.14       129193.53      28.89%
  NMD - Utility Plant        HRSG2_SHP STEAM                          56362.64        46035.64      22.43%  NMD-Rev Proc               Water                                  0.002660          149.92          122.45      22.43%
  NMD - Utility Plant        HRSG3_SHP STEAM                          56362.64        47267.13      19.24%  NMD - Utility Plant        Boiler Feed Water                      1.024000        57715.34        48401.55      19.24%
  NMD - Utility Plant        HRSG3_SHP STEAM                          56362.64        47267.13      19.24%  NMD-Rev Proc               CHEM TRISODIUM PHOSPHATE               0.000900           50.73            0.00     100.00%
  NMD - Utility Plant        HRSG3_SHP STEAM                          56362.64        47267.13      19.24%  NMD - Utility Plant        COMPRESSED AIR                         9.596520       540885.20       453600.00      19.24%
  NMD - Utility Plant        HRSG3_SHP STEAM                          56362.64        47267.13      19.24%  NMD-Rev Proc               FURNACE OIL ( MEDIUM VISC              0.000098            5.52            4.65      18.88%
  NMD - Utility Plant        HRSG3_SHP STEAM                          56362.64        47267.13      19.24%  NMD - Utility/Power Dist   LP Steam_Dis                          -0.078000        -4396.29        -2379.99     -84.72% (C)
  NMD - Utility Plant        HRSG3_SHP STEAM                          56362.64        47267.13      19.24%  NMD-Rev Proc               NATURAL GAS                            2.954424       166519.14       133140.10      25.07%
  NMD - Utility Plant        HRSG3_SHP STEAM                          56362.64        47267.13      19.24%  NMD-Rev Proc               Water                                  0.002660          149.92          125.73      19.24%
  NMD - Utility Plant        LP Steam PRDS                            15443.23        13612.66      13.45%  NMD - Utility Plant        Boiler Feed Water                      0.250000         3860.81         3403.16      13.45%
  NMD - Utility Plant        LP Steam PRDS                            15443.23        13612.66      13.45%  NMD - Utility/Power Dist   MP Steam_Dis                           0.750000        11582.42        10209.49      13.45%
  NMD - Utility Plant        MP Steam PRDS SHP                        23941.06        17558.56      36.35%  NMD - Utility Plant        Boiler Feed Water                      0.090000         2154.70         1580.27      36.35%
  NMD - Utility Plant        MP Steam PRDS SHP                        23941.06        17558.56      36.35%  NMD - Utility/Power Dist   SHP Steam_Dis                          0.910000        21786.36        15978.29      36.35%
  NMD - Utility Plant        Oxygen                                    5787.00         5786.71       0.00%  NMD - Utility Plant        Cooling Water 2                        0.261000         1510.41         1510.33       0.00%
  NMD - Utility Plant        Oxygen                                    5787.00         5786.71       0.00%  NMD - Utility/Power Dist   Power_Dis                            968.650000      5605577.55      5605298.71       0.00%
  NMD - Utility Plant        STG1_LP STEAM                            27502.35        21600.00      27.33%  NMD - Utility/Power Dist   SHP Steam_Dis                          0.480000        13201.13        10368.00      27.33%
  NMD - Utility Plant        STG1_MP STEAM                             2189.76         7200.00     -69.59%  NMD - Utility/Power Dist   SHP Steam_Dis                          0.690000         1510.94         4968.00     -69.59%
  NMD - Utility/Power Dist   HP Steam_Dis                              4972.00         4971.91       0.00%  NMD - Utility Plant        HP Steam PRDS                          1.000000         4972.00         4971.91       0.00%
  NMD - Utility/Power Dist   LP Steam_Dis                             42945.58        35212.66      21.96%  NMD - Utility Plant        LP Steam PRDS                          0.359600        15443.23        13612.66      13.45%
  NMD - Utility/Power Dist   LP Steam_Dis                             42945.58        35212.66      21.96%  NMD - Utility Plant        STG1_LP STEAM                          0.640400        27502.35        21600.00      27.33%
  NMD - Utility/Power Dist   MP Steam_Dis                             26130.82        24758.56       5.54%  NMD - Utility Plant        MP Steam PRDS SHP                      0.916200        23941.06        17558.56      36.35%
  NMD - Utility/Power Dist   MP Steam_Dis                             26130.82        24758.56       5.54%  NMD - Utility Plant        STG1_MP STEAM                          0.083800         2189.76         7200.00     -69.59%
  NMD - Utility/Power Dist   Power_Dis                             44686480.00     45347578.46      -1.46%  NMD - Power Plant 2        POWERGEN                               0.186036      8313293.99      8064000.00       3.09%
  NMD - Utility/Power Dist   Power_Dis                             44686480.00     45347578.46      -1.46%  NMD - STG Power Plant      POWERGEN                               0.196717      8790590.29     10231200.00     -14.08%
  NMD - Utility/Power Dist   Power_Dis                             44686480.00     45347578.46      -1.46%  NMD - Power Plant 3        POWERGEN                               0.207066      9253050.67      9052378.46       2.22%
  NMD - Utility/Power Dist   Power_Dis                             44686480.00     45347578.46      -1.46%  NMD-Rev Proc               Power from MEL                         0.410169     18000000.00     18000000.00       0.00%
  NMD - Utility/Power Dist   SHP Steam_Dis                            95287.16        93302.77       2.13%  NMD - Utility Plant        HRSG2_SHP STEAM                        0.500000        47643.58        46035.64       3.49%
  NMD - Utility/Power Dist   SHP Steam_Dis                            95287.16        93302.77       2.13%  NMD - Utility Plant        HRSG3_SHP STEAM                        0.500000        47643.58        47267.13       0.80%

  GENERATION UTILITY COMPARISON SUMMARY
  Producer                        UOM            Gen Qty     BPC Gen Qty  Gen Diff %     # Mat
  ------------------------------  ------  --------------  --------------  ----------  --------
  NMD - Power Plant 1                               0.00            0.00       0.00%         4
  NMD - Power Plant 2                         8280000.00      8064000.00       2.68%         4
  NMD - Power Plant 3                         9216000.00      9052378.46       1.81%         4
  NMD - STG Power Plant                       9190480.00     10231200.00     -10.17%         4
  NMD - Utility Plant                           23941.06        17558.56      36.35%        51
  NMD - Utility/Power Dist                      95287.16        93302.77       2.13%        11
  ====================================================================================================================================================================================
