NMD Plant Run Log
Plant:     NMD CPP
Period:    4/2025
Generated: 2026-07-06 07:10:34
================================================================================


Fetching data for April 2025...
######################################################################
  NMD CPP  [23BCA1B3]  Period: 4/2025
######################################################################

======================================================================
  PLANT INFO
======================================================================
  plant_id:     23BCA1B3-56DD-4C15-A3D6-3C2C9A62E653
  name:         NMD-CPP
  display_name: NMD CPP
  short_code:   NMD

======================================================================
  POWER GENERATION ASSETS  (PowerGenerationAssets)
======================================================================
  4 asset(s):
  Asset                           Type      PlantCode   
  ------------------------------  --------  ------------
  NMD-Power Plant-1               GT        40NB        
  NMD-Power Plant-2               GT        40NC        
  NMD-Power Plant-3               GT        40ND        
  NMD-STG Power Plant             STG       40NE        

======================================================================
  ASSET SNAPSHOT  (April 2025)
======================================================================
  4 asset(s)
  Asset                         Type      Hours    MinMW    MaxMW   FixMin   FixMax   Prio   Avail
  ----------------------------  ------  -------  -------  -------  -------  -------  -----  ------
  NMD-Power Plant-1             -           0.0     1.00    21.90     1.00    22.00      1      No
  NMD-Power Plant-2             -         720.0     5.00    11.50     5.00    22.00      1     Yes
  NMD-Power Plant-3             -         720.0     5.00    12.80     5.00    22.00      1     Yes
  NMD-STG Power Plant           -         720.0     6.00    14.50     6.00    25.00      2     Yes

======================================================================
  GT HEAT RATE & FREE STEAM  (April 2025)
======================================================================
  GT Asset                  Curve    LoadMW    Hours    GrossMWh   HeatRate   FSFactor   FreeSteamMT  → HRSG    
  ------------------------  ------  -------  -------  ----------  ---------  ---------  ------------  ----------
  NMD-Power Plant-1         GT-1       0.00      0.0        0.00       0.00     0.0000          0.00  HRSG-1    
  NMD-Power Plant-2         GT-2      11.50    720.0     8280.00    4016.03     1.9700      16311.60  HRSG-2    
  NMD-Power Plant-3         GT-3      12.80    720.0     9216.00    3862.56     1.9700      18155.52  HRSG-3    
  ------------------------  ------  -------  -------  ----------  ---------  ---------  ------------  ----------
  TOTAL FREE STEAM                                                                          34467.12

  Free Steam (MT) = GrossMWh × FreeSteamFactor (from CPP_GTHeatRate at GT load)
  This free steam is transferred to the respective linked HRSG as SHP steam input.

======================================================================
  STEAM GENERATION ASSETS  (April 2025)
======================================================================
  7 asset(s):
  Asset                   Type    Steam     MinMT    MaxMT    Eff   Prio    Hours   AlwaysOn  LinkedGT        
  ----------------------  ------  ------  -------  -------  -----  -----  -------  ---------  ----------------
  HRSG-1                  HRSG    SHP        60.0    136.0   1.03      1      0.0         No  NMD-Power Plant-1
  HRSG-2                  HRSG    SHP        60.0    136.0   1.03      2    720.0         No  NMD-Power Plant-2
  HRSG-3                  HRSG    SHP        60.0    136.0   1.03      3    720.0         No  NMD-Power Plant-3
  STG                     STG     ALL         0.0  999999.0   1.00     10    720.0        Yes  -               
  HP Steam PRDS           PRDS    HP          0.0  999999.0   1.00     20    720.0        Yes  -               
  MP Steam PRDS           PRDS    MP          0.0  999999.0   1.00     21    720.0        Yes  -               
  LP Steam PRDS           PRDS    LP          0.0  999999.0   1.00     22    720.0        Yes  -               

======================================================================
  CONSOLIDATED DEMAND  (Process + Fixed)  (4/2025)
======================================================================
07:10:03  INFO        [CONSOLIDATED] 12 utilities (process + fixed) for 4/2025
  12 utility(ies)
  Utility                       UOM                Process             Fixed             Total
  ----------------------------  --------  ----------------  ----------------  ----------------
  COMPRESSED AIR                NM3             6051146.00          32959.59        6084105.59
  Cooling Water 1               KM3/MT OF E+P          15194.00              0.00          15194.00
  Cooling Water 2               KM3                9008.00              8.31           9016.31
  D M Water                     M3                55421.00            366.00          55787.00
  HP Steam_Dis                  MT/MT OF E+P           4972.00              0.00           4972.00
  LP Steam_Dis                  MT                20111.00           5169.51          25280.51
  MP Steam_Dis                  MT                14030.00            518.40          14548.40
  Nitrogen Gas                  NM3/MT OF E+P        5437630.00              0.00        5437630.00
  Oxygen                        TPH                5787.00              0.00           5787.00
  Power_Dis                     KWH            27636925.00        1605142.20       29242067.20
  SHP Steam_Dis                 TPH               20975.00              0.00          20975.00
  Water                         M3                23131.00         257240.80         280371.80
  ----------------------------  --------  ----------------  ----------------  ----------------
  GRAND TOTAL                                  39294330.00        1901404.81       41195734.81

  Note: Grand total mixes UOMs — for reference only.

======================================================================
  IMPORT POWER  (4/2025)
======================================================================
  Total Import Power: 18000.00 MWh  (0 sources)

======================================================================
  SUPPLY vs DEMAND ANALYSIS  (April 2025)
======================================================================
07:10:04  INFO        [CONSOLIDATED] 12 utilities (process + fixed) for 4/2025

  --- POWER BALANCE ---

  DEMAND                                     MWh
  ------------------------------  --------------
  Power (Process)                       27636.92
  Power (Fixed)                          1605.14
  Total Power Demand                    29242.07

  IMPORT POWER (reduces demand)     Cap MW     Hours             MWh
  ------------------------------  --------  --------  --------------
  MEL                                10.00     720.0         7200.00
  MSCB                               15.00     720.0        10800.00
  ------------------------------  --------  --------  --------------
  Total Import Power                                        18000.00

  Net Demand (after import)             11242.07

  SUPPLY (GT + STG Assets)          Max MW     Hours             MWh
  ------------------------------  --------  --------  --------------
  NMD-Power Plant-1                  21.90       0.0            0.00  [DOWN]
  NMD-Power Plant-2                  11.50     720.0         8280.00  [OK]
  NMD-Power Plant-3                  12.80     720.0         9216.00  [OK]
  NMD-STG Power Plant                14.50     720.0        10440.00  [OK]
  ------------------------------  --------  --------  --------------
  Total Power Supply                                        27936.00

  Power Balance (Supply - Net Demand)        16693.93 MWh  [SURPLUS]
  Supply / Net Demand                      248.5 %
  ** OK: Power supply can meet net demand with 16693.93 MWh surplus **


  --- STEAM BALANCE ---


  === SHP STEAM ===

  DEMAND                                      MT
  ------------------------------  --------------
  Total SHP Steam Demand                20975.00

  SUPPLY (Available Assets)         MaxMT/hr     Hours              MT
  ------------------------------  ----------  --------  --------------
  HRSG-1                               136.0       0.0            0.00  [DOWN]
  HRSG-2                               136.0     720.0        97920.00  [OK]
  HRSG-3                               136.0     720.0        97920.00  [OK]
  ------------------------------  ----------  --------  --------------
  Total SHP Steam Supply                                     195840.00

  SHP Steam Balance                    174865.00 MT  [SURPLUS]
  Supply / Demand                          933.7 %
  ** OK: SHP steam supply can meet demand with 174865.00 MT surplus **

  === HP STEAM ===

  DEMAND                                      MT
  ------------------------------  --------------
  Total HP Steam Demand                  4972.00

  SUPPLY (Available Assets)         MaxMT/hr     Hours              MT
  ------------------------------  ----------  --------  --------------
  HP Steam PRDS                     999999.0     720.0         4972.00  [ALWAYS]
  ------------------------------  ----------  --------  --------------
  Total HP Steam Supply                                        4972.00

  HP Steam Balance                          0.00 MT  [SURPLUS]
  Supply / Demand                          100.0 %
  ** OK: HP steam supply can meet demand with 0.00 MT surplus **

  === MP STEAM ===

  DEMAND                                      MT
  ------------------------------  --------------
  Total MP Steam Demand                 14548.40

  SUPPLY (Available Assets)         MaxMT/hr     Hours              MT
  ------------------------------  ----------  --------  --------------
  MP Steam PRDS                     999999.0     720.0        14548.40  [ALWAYS]
  ------------------------------  ----------  --------  --------------
  Total MP Steam Supply                                       14548.40

  MP Steam Balance                          0.00 MT  [SURPLUS]
  Supply / Demand                          100.0 %
  ** OK: MP steam supply can meet demand with 0.00 MT surplus **

  === LP STEAM ===

  DEMAND                                      MT
  ------------------------------  --------------
  Total LP Steam Demand                 25280.51

  SUPPLY (Available Assets)         MaxMT/hr     Hours              MT
  ------------------------------  ----------  --------  --------------
  LP Steam PRDS                     999999.0     720.0        25280.51  [ALWAYS]
  ------------------------------  ----------  --------  --------------
  Total LP Steam Supply                                       25280.51

  LP Steam Balance                          0.00 MT  [SURPLUS]
  Supply / Demand                          100.0 %
  ** OK: LP steam supply can meet demand with 0.00 MT surplus **

======================================================================
  GENERATION UTILITIES & U4U CONSUMPTION MATRIX  (April 2025)
======================================================================
  Producer Utilities (22): Boiler Feed Water, COMPRESSED AIR, Cooling Water 1, Cooling Water 2, D M Water, Effluent Treated, HP Steam PRDS, HP Steam_Dis, HRSG1_SHP STEAM, HRSG2_SHP STEAM, HRSG3_SHP STEAM, LP Steam PRDS, LP Steam_Dis, MP Steam PRDS SHP, MP Steam_Dis, Oxygen, POWERGEN, Power_Dis, SHP Steam_Dis, STG1_LP STEAM, STG1_MP STEAM, Treated Spent Caustic
  Consumer/U4U Utilities (20): Boiler Feed Water, COMPRESSED AIR, Cooling Water 2, D M Water, HP Steam PRDS, HRSG1_SHP STEAM, HRSG2_SHP STEAM, HRSG3_SHP STEAM, LP Steam PRDS, LP Steam_Dis, MP Steam PRDS SHP, MP Steam_Dis, POWERGEN, Power from MEL, Power_Dis, Ret steam condensate, SHP Steam_Dis, STG1_LP STEAM, STG1_MP STEAM, UREA,NITROGEN CONTENT 46%
  Total Unique Utilities: 25

  Plant                         Utility (Producer)      UOM         Generation  U4U Consumes                                      
  ----------------------------  ----------------------  ------  --------------  --------------------------------------------------
  NMD - Power Plant 1           POWERGEN                KWH               0.00  COMPRESSED AIR(0.0000); Cooling Water 2(0.0000)...
  NMD - Power Plant 2           POWERGEN                KWH         8280000.00  COMPRESSED AIR(0.0038); Cooling Water 2(0.0000)...
  NMD - Power Plant 3           POWERGEN                KWH         9216000.00  COMPRESSED AIR(0.0034); Cooling Water 2(0.0000)...
  NMD - STG Power Plant         POWERGEN                KWH         8650082.05  COMPRESSED AIR(0.0040); Cooling Water 2(0.0002)...
  NMD - Utility Plant           Boiler Feed Water       NM3           94751.25  COMPRESSED AIR(0.5000); Cooling Water 2(0.0011)...
  NMD - Utility Plant           COMPRESSED AIR          NM3         7098799.59  Cooling Water 2(0.0000); Power_Dis(0.1650)        
  NMD - Utility Plant           Cooling Water 1         KM3           15194.00  COMPRESSED AIR(0.1086); Power_Dis(245.0000)       
  NMD - Utility Plant           Cooling Water 2         KM3          287947.87  COMPRESSED AIR(0.1230); Power_Dis(250.0000)       
  NMD - Utility Plant           D M Water               M3           137273.07  Cooling Water 2(2.0000); COMPRESSED AIR(0.0770)...
  NMD - Utility Plant           Effluent Treated        M3                0.00  Power_Dis(3.5400); UREA,NITROGEN CONTENT 46%(0....
  NMD - Utility Plant           HP Steam PRDS           MT             4972.00  Boiler Feed Water(0.0768); SHP Steam_Dis(0.9232)  
  NMD - Utility Plant           HRSG1_SHP STEAM         MT                0.00  Boiler Feed Water(1.0240); COMPRESSED AIR(9.738...
  NMD - Utility Plant           HRSG2_SHP STEAM         MT            43727.51  Boiler Feed Water(1.0240); COMPRESSED AIR(9.853...
  NMD - Utility Plant           HRSG3_SHP STEAM         MT            43727.51  Boiler Feed Water(1.0240); COMPRESSED AIR(9.596...
  NMD - Utility Plant           LP Steam PRDS           MT            11594.72  Boiler Feed Water(0.2500); MP Steam_Dis(0.7500)   
  NMD - Utility Plant           MP Steam PRDS SHP       MT            21297.55  Boiler Feed Water(0.0900); SHP Steam_Dis(0.9100)  
  NMD - Utility Plant           Oxygen                  MT             5787.00  Cooling Water 2(0.2610); Power_Dis(968.6500)      
  NMD - Utility Plant           STG1_LP STEAM           MT            20646.72  SHP Steam_Dis(0.4800)                             
  NMD - Utility Plant           STG1_MP STEAM           MT             1946.89  SHP Steam_Dis(0.6900)                             
  NMD - Utility Plant           Treated Spent Caustic   M3                0.00  COMPRESSED AIR(0.0000); Cooling Water 2(0.0000)...
  NMD - Utility/Power Dist      HP Steam_Dis            MT             4972.00  HP Steam PRDS(1.0000)                             
  NMD - Utility/Power Dist      LP Steam_Dis            MT            32241.44  LP Steam PRDS(0.3596); STG1_LP STEAM(0.6404)      
  NMD - Utility/Power Dist      MP Steam_Dis            MT            23244.44  MP Steam PRDS SHP(0.9162); STG1_MP STEAM(0.0838)  
  NMD - Utility/Power Dist      Power_Dis               KWH        43884361.32  Power from MEL(0.4102); POWERGEN(0.0000); POWER...
  NMD - Utility/Power Dist      SHP Steam_Dis           MT            87455.02  HRSG1_SHP STEAM(0.0000); HRSG2_SHP STEAM(0.5000...

  --- U4U CONSUMPTION DETAILS ---

  Producer Utility        Consumes (Material)           Norm             Qty  UOM     Issuing Plant               
  ----------------------  ----------------------  ----------  --------------  ------  ----------------------------
  Boiler Feed Water       COMPRESSED AIR            0.500000        47375.62  NM#     NMD - Utility Plant         
  Boiler Feed Water       Cooling Water 2           0.001070          101.38  KM3     NMD - Utility Plant         
  Boiler Feed Water       D M Water                 0.860000        81486.07  M3      NMD - Utility Plant         
  Boiler Feed Water       LP Steam_Dis              0.145000        13738.93  MT      NMD - Utility/Power Dist    
  Boiler Feed Water       Power_Dis                 9.500000       900136.88  KWH     NMD - Utility/Power Dist    
  COMPRESSED AIR          Cooling Water 2           0.000025          177.47  KM3     NMD - Utility Plant         
  COMPRESSED AIR          Power_Dis                 0.165000      1171301.93  KWH     NMD - Utility/Power Dist    
  Cooling Water 1         COMPRESSED AIR            0.108592         1649.95  NM3     NMD - Utility Plant         
  Cooling Water 1         Power_Dis               244.999997      3722529.95  KWH     NMD - Utility/Power Dist    
  Cooling Water 2         COMPRESSED AIR            0.123044        35430.26  NM3     NMD - Utility Plant         
  Cooling Water 2         Power_Dis               249.999997     71986966.64  KWH     NMD - Utility/Power Dist    
  D M Water               COMPRESSED AIR            0.077000        10570.03  NM3     NMD - Utility Plant         
  D M Water               Cooling Water 2           2.000000       274546.14  KM3     NMD - Utility Plant         
  D M Water               Power_Dis                 1.210000       166100.41  KWH     NMD - Utility/Power Dist    
  D M Water               Ret steam condensate      0.203000        27866.43  M3      NMD - STG Power Plant       
  Effluent Treated        Power_Dis                 3.540000            0.00  KWH     NMD - Utility/Power Dist    
  Effluent Treated        UREA,NITROGEN CONTENT 46%    0.000750            0.00  KG      NMD-Rev Proc                
  HP Steam PRDS           Boiler Feed Water         0.076800          381.85  M3      NMD - Utility Plant         
  HP Steam PRDS           SHP Steam_Dis             0.923200         4590.15  MT      NMD - Utility/Power Dist    
  HP Steam_Dis            HP Steam PRDS             1.000000         4972.00  MT      NMD - Utility Plant         
  HRSG1_SHP STEAM         Boiler Feed Water         1.024000            0.00  M3      NMD - Utility Plant         
  HRSG1_SHP STEAM         COMPRESSED AIR            9.738838            0.00  NM3     NMD - Utility Plant         
  HRSG1_SHP STEAM         LP Steam_Dis             -0.078000            0.00  MT      NMD - Utility/Power Dist    
  HRSG2_SHP STEAM         Boiler Feed Water         1.024000        44776.97  M3      NMD - Utility Plant         
  HRSG2_SHP STEAM         COMPRESSED AIR            9.853236       430857.48  NM3     NMD - Utility Plant         
  HRSG2_SHP STEAM         LP Steam_Dis             -0.078000        -3410.75  MT      NMD - Utility/Power Dist    
  HRSG3_SHP STEAM         Boiler Feed Water         1.024000        44776.97  M3      NMD - Utility Plant         
  HRSG3_SHP STEAM         COMPRESSED AIR            9.596520       419631.92  NM3     NMD - Utility Plant         
  HRSG3_SHP STEAM         LP Steam_Dis             -0.078000        -3410.75  MT      NMD - Utility/Power Dist    
  LP Steam PRDS           Boiler Feed Water         0.250000         2898.68  M3      NMD - Utility Plant         
  LP Steam PRDS           MP Steam_Dis              0.750000         8696.04  MT      NMD - Utility/Power Dist    
  LP Steam_Dis            LP Steam PRDS             0.359600        11594.02  MT      NMD - Utility Plant         
  LP Steam_Dis            STG1_LP STEAM             0.640400        20647.42  MT      NMD - Utility Plant         
  MP Steam PRDS SHP       Boiler Feed Water         0.090000         1916.78  M3      NMD - Utility Plant         
  MP Steam PRDS SHP       SHP Steam_Dis             0.910000        19380.77  MT      NMD - Utility/Power Dist    
  MP Steam_Dis            MP Steam PRDS SHP         0.916200        21296.56  MT      NMD - Utility Plant         
  MP Steam_Dis            STG1_MP STEAM             0.083800         1947.88  MT      NMD - Utility Plant         
  Oxygen                  Cooling Water 2           0.261000         1510.41  KM3     NMD - Utility Plant         
  Oxygen                  Power_Dis               968.650000      5605577.55  KWH     NMD - Utility/Power Dist    
  POWERGEN                COMPRESSED AIR            0.004011        34695.48  NM3     NMD - Utility Plant         
  POWERGEN                Cooling Water 2           0.000232         2006.82  KM3     NMD - Utility Plant         
  POWERGEN                Power_Dis                 0.002000        17300.16  KWH     NMD - Utility/Power Dist    
  POWERGEN                SHP Steam_Dis             0.003615        31271.02  MT      NMD - Utility/Power Dist    
  Power_Dis               POWERGEN                  0.196717      8632781.88  KWH     NMD - STG Power Plant       
  Power_Dis               Power from MEL            0.410169     18000000.00  KWH     NMD-Rev Proc                
  SHP Steam_Dis           HRSG1_SHP STEAM           0.000000            0.00  MT      NMD - Utility Plant         
  SHP Steam_Dis           HRSG2_SHP STEAM           0.500000        43727.51  MT      NMD - Utility Plant         
  SHP Steam_Dis           HRSG3_SHP STEAM           0.500000        43727.51  MT      NMD - Utility Plant         
  STG1_LP STEAM           SHP Steam_Dis             0.480000         9910.43  MT      NMD - Utility/Power Dist    
  STG1_MP STEAM           SHP Steam_Dis             0.690000         1343.35  MT      NMD - Utility/Power Dist    
  Treated Spent Caustic   COMPRESSED AIR            0.000000            8.00  NM3     NMD - Utility Plant         
  Treated Spent Caustic   Cooling Water 2           0.000000            0.00  KM3     NMD - Utility Plant         
  Treated Spent Caustic   MP Steam_Dis             17.040000            0.00  MT      NMD - Utility/Power Dist    
  Treated Spent Caustic   Power_Dis                 1.000000         4971.91  KWH     NMD - Utility/Power Dist    

  Note: Norm = consumption per unit generation. Qty = actual consumption for the month.
  U4U consumption adds to total demand for each consumed utility.

======================================================================
  CPPNORMS — U4U CONSUMPTION NORMS  (April 2025)
======================================================================
  Financial Year: 2025-26  |  Norm Column: Apr_Norms  |  Total Rows: 66

  Plant                         Generation Utility      UOM     U4U Material                    Norm  UOM     Issuing Plant               
  ----------------------------  ----------------------  ------  ----------------------  ------------  ------  ----------------------------
  NMD - Power Plant 1           POWERGEN                KWH     COMPRESSED AIR              0.000000  NM3     NMD - Utility Plant         
                                                                Cooling Water 2             0.000000  KM3     NMD - Utility Plant         
                                                                Power_Dis                   0.000000  KWH     NMD - Utility/Power Dist    
  NMD - Power Plant 2           POWERGEN                KWH     COMPRESSED AIR              0.003839  NM3     NMD - Utility Plant         
                                                                Cooling Water 2             0.000013  KM3     NMD - Utility Plant         
                                                                Power_Dis                   0.014000  KWH     NMD - Utility/Power Dist    
  NMD - Power Plant 3           POWERGEN                KWH     COMPRESSED AIR              0.003420  NM3     NMD - Utility Plant         
                                                                Cooling Water 2             0.000012  KM3     NMD - Utility Plant         
                                                                Power_Dis                   0.014000  KWH     NMD - Utility/Power Dist    
  NMD - STG Power Plant         POWERGEN                KWH     COMPRESSED AIR              0.004011  NM3     NMD - Utility Plant         
                                                                Cooling Water 2             0.000232  KM3     NMD - Utility Plant         
                                                                Power_Dis                   0.002000  KWH     NMD - Utility/Power Dist    
                                                                SHP Steam_Dis               0.003615  MT      NMD - Utility/Power Dist    
  NMD - Utility Plant           Boiler Feed Water       NM3     COMPRESSED AIR              0.500000  NM#     NMD - Utility Plant         
                                                                Cooling Water 2             0.001070  KM3     NMD - Utility Plant         
                                                                D M Water                   0.860000  M3      NMD - Utility Plant         
                                                                LP Steam_Dis                0.145000  MT      NMD - Utility/Power Dist    
                                                                Power_Dis                   9.500000  KWH     NMD - Utility/Power Dist    
  NMD - Utility Plant           COMPRESSED AIR          NM3     Cooling Water 2             0.000025  KM3     NMD - Utility Plant         
                                                                Power_Dis                   0.165000  KWH     NMD - Utility/Power Dist    
  NMD - Utility Plant           Cooling Water 1         KM3     COMPRESSED AIR              0.108592  NM3     NMD - Utility Plant         
                                                                Power_Dis                 244.999997  KWH     NMD - Utility/Power Dist    
  NMD - Utility Plant           Cooling Water 2         KM3     COMPRESSED AIR              0.123044  NM3     NMD - Utility Plant         
                                                                Power_Dis                 249.999997  KWH     NMD - Utility/Power Dist    
  NMD - Utility Plant           D M Water               M3      Cooling Water 2             2.000000  KM3     NMD - Utility Plant         
                                                                COMPRESSED AIR              0.077000  NM3     NMD - Utility Plant         
                                                                Power_Dis                   1.210000  KWH     NMD - Utility/Power Dist    
                                                                Ret steam condensate        0.203000  M3      NMD - STG Power Plant       
  NMD - Utility Plant           Effluent Treated        M3      Power_Dis                   3.540000  KWH     NMD - Utility/Power Dist    
                                                                UREA,NITROGEN CONTENT 46%      0.000750  KG      NMD-Rev Proc                
  NMD - Utility Plant           HP Steam PRDS           MT      Boiler Feed Water           0.076800  M3      NMD - Utility Plant         
                                                                SHP Steam_Dis               0.923200  MT      NMD - Utility/Power Dist    
  NMD - Utility Plant           HRSG1_SHP STEAM         MT      Boiler Feed Water           1.024000  M3      NMD - Utility Plant         
                                                                COMPRESSED AIR              9.738838  NM3     NMD - Utility Plant         
                                                                LP Steam_Dis               -0.078000  MT      NMD - Utility/Power Dist    
  NMD - Utility Plant           HRSG2_SHP STEAM         MT      Boiler Feed Water           1.024000  M3      NMD - Utility Plant         
                                                                COMPRESSED AIR              9.853236  NM3     NMD - Utility Plant         
                                                                LP Steam_Dis               -0.078000  MT      NMD - Utility/Power Dist    
  NMD - Utility Plant           HRSG3_SHP STEAM         MT      Boiler Feed Water           1.024000  M3      NMD - Utility Plant         
                                                                COMPRESSED AIR              9.596520  NM3     NMD - Utility Plant         
                                                                LP Steam_Dis               -0.078000  MT      NMD - Utility/Power Dist    
  NMD - Utility Plant           LP Steam PRDS           MT      Boiler Feed Water           0.250000  M3      NMD - Utility Plant         
                                                                MP Steam_Dis                0.750000  MT      NMD - Utility/Power Dist    
  NMD - Utility Plant           MP Steam PRDS SHP       MT      Boiler Feed Water           0.090000  M3      NMD - Utility Plant         
                                                                SHP Steam_Dis               0.910000  MT      NMD - Utility/Power Dist    
  NMD - Utility Plant           Oxygen                  MT      Cooling Water 2             0.261000  KM3     NMD - Utility Plant         
                                                                Power_Dis                 968.650000  KWH     NMD - Utility/Power Dist    
  NMD - Utility Plant           STG1_LP STEAM           MT      SHP Steam_Dis               0.480000  MT      NMD - Utility/Power Dist    
  NMD - Utility Plant           STG1_MP STEAM           MT      SHP Steam_Dis               0.690000  MT      NMD - Utility/Power Dist    
  NMD - Utility Plant           Treated Spent Caustic   M3      COMPRESSED AIR              0.000000  NM3     NMD - Utility Plant         
                                                                Cooling Water 2             0.000000  KM3     NMD - Utility Plant         
                                                                MP Steam_Dis               17.040000  MT      NMD - Utility/Power Dist    
                                                                Power_Dis                   1.000000  KWH     NMD - Utility/Power Dist    
  NMD - Utility/Power Dist      HP Steam_Dis            MT      HP Steam PRDS               1.000000  MT      NMD - Utility Plant         
  NMD - Utility/Power Dist      LP Steam_Dis            MT      LP Steam PRDS               0.359600  MT      NMD - Utility Plant         
                                                                STG1_LP STEAM               0.640400  MT      NMD - Utility Plant         
  NMD - Utility/Power Dist      MP Steam_Dis            MT      MP Steam PRDS SHP           0.916200  MT      NMD - Utility Plant         
                                                                STG1_MP STEAM               0.083800  MT      NMD - Utility Plant         
  NMD - Utility/Power Dist      Power_Dis               KWH     Power from MEL              0.410169  KWH     NMD-Rev Proc                
                                                                POWERGEN                    0.000000  KWH     NMD - Power Plant 1         
                                                                POWERGEN                    0.186036  KWH     NMD - Power Plant 2         
                                                                POWERGEN                    0.207066  KWH     NMD - Power Plant 3         
                                                                POWERGEN                    0.196717  KWH     NMD - STG Power Plant       
  NMD - Utility/Power Dist      SHP Steam_Dis           MT      HRSG1_SHP STEAM             0.000000  MT      NMD - Utility Plant         
                                                                HRSG2_SHP STEAM             0.500000  MT      NMD - Utility Plant         
                                                                HRSG3_SHP STEAM             0.500000  MT      NMD - Utility Plant         

  Norm = U4U consumption per unit of generation utility.
  Consumption QTY = Norm × Generation QTY (from NormsMonthDetail).

======================================================================
  U4U ITERATIVE BALANCING
======================================================================
07:10:07  INFO        [NMD NormsReader] Loaded 120 rows for 4/2025 — 22 generation utilities, 20 U4U materials
07:10:08  INFO        [CONSOLIDATED] 12 utilities (process + fixed) for 4/2025
07:10:08  INFO        [U4U LOOP] Initial demands: 24 utilities (24 from demand, 22 from norms)
07:10:08  INFO        [U4U LOOP] Pass-through utilities (demand but no norms): Nitrogen Gas, Water
07:10:08  INFO      
07:10:08  INFO        ==========================================================================================
07:10:08  INFO        U4U ITERATION LOOP  (April 2025)
07:10:08  INFO        ==========================================================================================
07:10:08  INFO        Tolerance: 0.0100% (U4U)  |  0.02 MWh (power)  |  Max iterations: 50
07:10:08  INFO        Total utilities: 24  |  Generation utilities: 22  |  Pass-through: 2
07:10:08  INFO        Pass-through (no norms): Nitrogen Gas, Water
07:10:08  INFO      
07:10:09  WARNING     [DISPATCH] No aux power norm for 'NMD-Power Plant-2'; using 0.0
07:10:09  WARNING     [DISPATCH] No aux power norm for 'NMD-Power Plant-3'; using 0.0
07:10:09  WARNING     [DISPATCH] No aux power norm for 'NMD-STG Power Plant'; using 0.0
07:10:09  INFO        ==============================================================================
07:10:09  INFO        POWER DISPATCH  (April 2025)
07:10:09  INFO        ==============================================================================
07:10:09  INFO        Demand:  Process = 29242.07 MWh  |  Fixed = 0.00 MWh  |  Total = 29242.07 MWh
07:10:09  INFO      
07:10:09  INFO        Asset                      Priority    Min MW    Max MW     Hours   Dispatched MW  Dispatched MWh    Load %  Free Steam MT  Aux Power MWh
07:10:09  INFO        -------------------------  --------  --------  --------  --------  --------------  --------------  --------  ------------  ------------
07:10:09  INFO        NMD-Power Plant-2                 1      5.00     11.50    720.00           11.50         8280.00    100.0%          0.00          0.00
07:10:09  INFO        NMD-Power Plant-3                 1      5.00     12.80    720.00           12.80         9216.00    100.0%          0.00          0.00
07:10:09  INFO        NMD-STG Power Plant               2      6.00     14.50    720.00           14.50        10440.00    100.0%          0.00          0.00
07:10:09  INFO        TOTAL                                                                                    27936.00                    0.00          0.00
07:10:09  INFO        DEFICIT: 1306.07 MWh under-generation
07:10:09  INFO        ==============================================================================
07:10:10  INFO        ==============================================================================
07:10:10  INFO        STEAM DISPATCH  (April 2025)
07:10:10  INFO        ==============================================================================
07:10:10  INFO        Grade      Process/Fixed MT  Letdown MT  Byproduct MT     Net Demand MT
07:10:10  INFO        ---------  ----------------  ----------  ------------  ----------------
07:10:10  INFO        MP                 14548.40    10911.30          0.00          14548.40
07:10:10  INFO        SHP                20975.00    29437.43          0.00          31886.30
07:10:10  INFO        HP                  4972.00        0.00          0.00           4972.00
07:10:10  INFO      
07:10:10  INFO        Total Free Steam available: 0.00 MT
07:10:10  INFO      
07:10:10  INFO        FINAL SUPPLEMENTARY FIRING DISPATCH
07:10:10  INFO        Asset                      Priority     Min TPH     Max TPH     Hours  Dispatched TPH   Dispatched MT    Load %
07:10:10  INFO        -------------------------  --------  ----------  ----------  --------  --------------  --------------  --------
07:10:10  INFO        HRSG-1                          999       60.00      136.00      0.00            0.00            0.00      0.0%
07:10:10  INFO        HRSG-2                            1       60.00      136.00    720.00           60.00        43200.00     44.1%
07:10:10  INFO        HRSG-3                            1       60.00      136.00    720.00           60.00        43200.00     44.1%
07:10:10  INFO        TOTAL SUPPLEMENTARY                                                                          86400.00          
07:10:10  INFO        TOTAL STEAM GENERATED                                                                        86400.00          
07:10:10  INFO        SURPLUS: 81428.00 MT
07:10:10  INFO        ==============================================================================
07:10:10  INFO        [U4U LOOP] Excess SHP: 81428.00 MT → STG +22873.03 MWh, GT -22873.03 MWh
07:10:10  INFO      
07:10:10  INFO        ------------------------------------------------------------------------------------------
07:10:10  INFO        ITERATION 1
07:10:10  INFO        ------------------------------------------------------------------------------------------
07:10:10  INFO        Power:  Demand =    29242067.20 KWH  |  Gen =       27936.00 MWh  |  Surplus =     0.00  |  Deficit =  1306.07
07:10:10  INFO        Steam:  Gen =       86400.00 MT  |  Surplus = 81428.00  |  Deficit =     0.00
07:10:10  INFO        Excess SHP:   81428.00 MT → STG override = 33313.03 MWh, GT reduction = 22873.03 MWh
07:10:10  INFO        Power delta: 29242067.2000 MWh  |  Converged: NO
07:10:10  INFO      
07:10:10  INFO        Utility                                Total Demand      U4U Demand         Initial    Change %
07:10:10  INFO        -----------------------------------  --------------  --------------  --------------  ----------
07:10:10  INFO        Boiler Feed Water                              0.00        88473.60            0.00     0.0000%
07:10:10  INFO        COMPRESSED AIR                           6084105.59      1162123.13      6084105.59   100.0000%
07:10:10  INFO        Cooling Water 1                            15194.00            0.00        15194.00   100.0000%
07:10:10  INFO        Cooling Water 2                             9016.31       120416.06         9016.31   100.0000%
07:10:10  INFO        D M Water                                  55787.00            0.00        55787.00   100.0000%
07:10:10  INFO        HP Steam PRDS                                  0.00         4972.00            0.00     0.0000%
07:10:10  INFO        HP Steam_Dis                                4972.00            0.00         4972.00   100.0000%
07:10:10  INFO        HRSG2_SHP STEAM                                0.00        10487.50            0.00     0.0000%
07:10:10  INFO        HRSG3_SHP STEAM                                0.00        10487.50            0.00     0.0000%
07:10:10  INFO        LP Steam PRDS                                  0.00         9090.87            0.00     0.0000%
07:10:10  INFO        LP Steam_Dis                               25280.51            0.00        25280.51   100.0000%
07:10:10  INFO        MP Steam PRDS SHP                              0.00        13329.24            0.00     0.0000%
07:10:10  INFO        MP Steam_Dis                               14548.40            0.00        14548.40   100.0000%
07:10:10  INFO        Nitrogen Gas                             5437630.00            0.00      5437630.00   100.0000% (PT)
07:10:10  INFO        Oxygen                                      5787.00            0.00         5787.00   100.0000%
07:10:10  INFO        POWERGEN                                       0.00     17247526.83            0.00     0.0000%
07:10:10  INFO        Power_Dis                               29242067.20        13491.64     29242067.20   100.0000%
07:10:10  INFO        SHP Steam_Dis                              20975.00       100988.64        20975.00   100.0000%
07:10:10  INFO        STG1_LP STEAM                                  0.00        16189.64            0.00     0.0000%
07:10:10  INFO        STG1_MP STEAM                                  0.00         1219.16            0.00     0.0000%
07:10:10  INFO        Water                                     280371.80            0.00       280371.80   100.0000% (PT)
07:10:10  INFO      
07:10:10  INFO        U4U CONSUMPTION BREAKDOWN (per producer per material):
07:10:10  INFO        Producer                        Material Consumed                     Norm        Quantity  Credit
07:10:10  INFO        ------------------------------  ------------------------------  ----------  --------------  ------
07:10:10  INFO        COMPRESSED AIR                  Cooling Water 2                   0.000025          152.10  
07:10:10  INFO        COMPRESSED AIR                  Power_Dis                         0.165000      1003877.42  
07:10:10  INFO        Cooling Water 1                 COMPRESSED AIR                    0.108592         1649.95  
07:10:10  INFO        Cooling Water 1                 Power_Dis                       244.999997      3722529.95  
07:10:10  INFO        Cooling Water 2                 COMPRESSED AIR                    0.123044         1109.40  
07:10:10  INFO        Cooling Water 2                 Power_Dis                       249.999997      2254077.47  
07:10:10  INFO        D M Water                       COMPRESSED AIR                    0.077000         4295.60  
07:10:10  INFO        D M Water                       Cooling Water 2                   2.000000       111574.00  
07:10:10  INFO        D M Water                       Power_Dis                         1.210000        67502.27  
07:10:10  INFO        D M Water                       Ret steam condensate              0.203000        11324.76  
07:10:10  INFO        HP Steam_Dis                    HP Steam PRDS                     1.000000         4972.00  
07:10:10  INFO        HRSG2_SHP STEAM                 Boiler Feed Water                 1.024000        44236.80  
07:10:10  INFO        HRSG2_SHP STEAM                 COMPRESSED AIR                    9.853236       425659.80  
07:10:10  INFO        HRSG2_SHP STEAM                 LP Steam_Dis                     -0.078000        -3369.60  YES
07:10:10  INFO        HRSG3_SHP STEAM                 Boiler Feed Water                 1.024000        44236.80  
07:10:10  INFO        HRSG3_SHP STEAM                 COMPRESSED AIR                    9.596520       414569.66  
07:10:10  INFO        HRSG3_SHP STEAM                 LP Steam_Dis                     -0.078000        -3369.60  YES
07:10:10  INFO        LP Steam_Dis                    LP Steam PRDS                     0.359600         9090.87  
07:10:10  INFO        LP Steam_Dis                    STG1_LP STEAM                     0.640400        16189.64  
07:10:10  INFO        MP Steam_Dis                    MP Steam PRDS SHP                 0.916200        13329.24  
07:10:10  INFO        MP Steam_Dis                    STG1_MP STEAM                     0.083800         1219.16  
07:10:10  INFO        Oxygen                          Cooling Water 2                   0.261000         1510.41  
07:10:10  INFO        Oxygen                          Power_Dis                       968.650000      5605577.55  
07:10:10  INFO        POWERGEN                        COMPRESSED AIR                    0.003420        95541.12  
07:10:10  INFO        POWERGEN                        COMPRESSED AIR                    0.003839       107246.30  
07:10:10  INFO        POWERGEN                        COMPRESSED AIR                    0.004011       112051.30  
07:10:10  INFO        POWERGEN                        Cooling Water 2                   0.000012          335.23  
07:10:10  INFO        POWERGEN                        Cooling Water 2                   0.000232         6481.15  
07:10:10  INFO        POWERGEN                        Cooling Water 2                   0.000013          363.17  
07:10:10  INFO        POWERGEN                        Power_Dis                         0.014000       391104.00  
07:10:10  INFO        POWERGEN                        Power_Dis                         0.002000        55872.00  
07:10:10  INFO        POWERGEN                        Power_Dis                         0.014000       391104.00  
07:10:10  INFO        POWERGEN                        SHP Steam_Dis                     0.003615       100988.64  
07:10:10  INFO        Power_Dis                       POWERGEN                          0.196717      5752411.73  
07:10:10  INFO        Power_Dis                       POWERGEN                          0.207066      6055037.89  
07:10:10  INFO        Power_Dis                       POWERGEN                          0.186036      5440077.21  
07:10:10  INFO        Power_Dis                       Power from MEL                    0.410169     11994189.46  
07:10:10  INFO        SHP Steam_Dis                   HRSG2_SHP STEAM                   0.500000        10487.50  
07:10:10  INFO        SHP Steam_Dis                   HRSG3_SHP STEAM                   0.500000        10487.50  
07:10:10  INFO      
07:10:10  INFO        Not yet converged: 15 materials
07:10:10  INFO          Boiler Feed Water               change = 100.0000%
07:10:10  INFO          COMPRESSED AIR                  change = 100.0000%
07:10:10  INFO          Cooling Water 2                 change = 100.0000%
07:10:10  INFO          HP Steam PRDS                   change = 100.0000%
07:10:10  INFO          HRSG2_SHP STEAM                 change = 100.0000%
07:10:10  INFO          HRSG3_SHP STEAM                 change = 100.0000%
07:10:10  INFO          LP Steam PRDS                   change = 100.0000%
07:10:10  INFO          MP Steam PRDS SHP               change = 100.0000%
07:10:10  INFO          POWERGEN                        change = 100.0000%
07:10:10  INFO          Power from MEL                  change = 100.0000%
07:10:10  INFO          Power_Dis                       change = 100.0000%
07:10:10  INFO          Ret steam condensate            change = 100.0000%
07:10:10  INFO          SHP Steam_Dis                   change = 100.0000%
07:10:10  INFO          STG1_LP STEAM                   change = 100.0000%
07:10:10  INFO          STG1_MP STEAM                   change = 100.0000%
07:10:10  INFO        ------------------------------------------------------------------------------------------
07:10:10  WARNING     [DISPATCH] No aux power norm for 'NMD-Power Plant-2'; using 0.0
07:10:10  WARNING     [DISPATCH] No aux power norm for 'NMD-Power Plant-3'; using 0.0
07:10:10  WARNING     [DISPATCH] No aux power norm for 'NMD-STG Power Plant'; using 0.0
07:10:10  INFO        ==============================================================================
07:10:10  INFO        POWER DISPATCH  (April 2025)
07:10:10  INFO        ==============================================================================
07:10:10  INFO        Demand:  Process = 29255.56 MWh  |  Fixed = 0.00 MWh  |  Total = 29255.56 MWh
07:10:10  INFO      
07:10:10  INFO        Asset                      Priority    Min MW    Max MW     Hours   Dispatched MW  Dispatched MWh    Load %  Free Steam MT  Aux Power MWh
07:10:10  INFO        -------------------------  --------  --------  --------  --------  --------------  --------------  --------  ------------  ------------
07:10:10  INFO        NMD-Power Plant-2                 1      5.00      5.00    720.00            5.00         3600.00    100.0%          0.00          0.00
07:10:10  INFO        NMD-Power Plant-3                 1      5.00      5.00    720.00            5.00         3600.00    100.0%          0.00          0.00
07:10:10  INFO        NMD-STG Power Plant               2      6.00     14.50    720.00           14.50        10440.00    100.0%          0.00          0.00
07:10:10  INFO        TOTAL                                                                                    17640.00                    0.00          0.00
07:10:10  INFO        DEFICIT: 11615.56 MWh under-generation
07:10:10  INFO        ==============================================================================
07:10:11  INFO        ==============================================================================
07:10:11  INFO        STEAM DISPATCH  (April 2025)
07:10:11  INFO        ==============================================================================
07:10:11  INFO        Grade      Process/Fixed MT  Letdown MT  Byproduct MT     Net Demand MT
07:10:11  INFO        ---------  ----------------  ----------  ------------  ----------------
07:10:11  INFO        MP                 14548.40    10911.30          0.00          14548.40
07:10:11  INFO        SHP               121963.64   122670.14          0.00         132874.94
07:10:11  INFO        HP                  4972.00        0.00          0.00           4972.00
07:10:11  INFO      
07:10:11  INFO        Total Free Steam available: 0.00 MT
07:10:11  INFO      
07:10:11  INFO        FINAL SUPPLEMENTARY FIRING DISPATCH
07:10:11  INFO        Asset                      Priority     Min TPH     Max TPH     Hours  Dispatched TPH   Dispatched MT    Load %
07:10:11  INFO        -------------------------  --------  ----------  ----------  --------  --------------  --------------  --------
07:10:11  INFO        HRSG-1                          999       60.00      136.00      0.00            0.00            0.00      0.0%
07:10:11  INFO        HRSG-2                            1       60.00      136.00    720.00           60.00        43200.00     44.1%
07:10:11  INFO        HRSG-3                            1       60.00      136.00    720.00           60.00        43200.00     44.1%
07:10:11  INFO        TOTAL SUPPLEMENTARY                                                                          86400.00          
07:10:11  INFO        TOTAL STEAM GENERATED                                                                        86400.00          
07:10:11  INFO        SURPLUS: 81428.00 MT
07:10:11  INFO        ==============================================================================
07:10:11  INFO        [U4U LOOP] Excess SHP: 81428.00 MT → STG +22873.03 MWh, GT -22873.03 MWh
07:10:11  INFO      
07:10:11  INFO        ------------------------------------------------------------------------------------------
07:10:11  INFO        ITERATION 2
07:10:11  INFO        ------------------------------------------------------------------------------------------
07:10:11  INFO        Power:  Demand =    29255558.84 KWH  |  Gen =       17640.00 MWh  |  Surplus =     0.00  |  Deficit = 11615.56
07:10:11  INFO        Steam:  Gen =       86400.00 MT  |  Surplus = 81428.00  |  Deficit =     0.00
07:10:11  INFO        Excess SHP:   81428.00 MT → STG override = 33313.03 MWh, GT reduction = 22873.03 MWh
07:10:11  INFO        Power delta: 13491.6447 MWh  |  Converged: NO
07:10:11  INFO      
07:10:11  INFO        Utility                                Total Demand      U4U Demand         Initial    Change %
07:10:11  INFO        -----------------------------------  --------------  --------------  --------------  ----------
07:10:11  INFO        Boiler Feed Water                          88473.60        92327.80            0.00   100.0000%
07:10:11  INFO        COMPRESSED AIR                           7246228.72      1105140.48      6084105.59   100.0000%
07:10:11  INFO        Cooling Water 1                            15194.00            0.00        15194.00   100.0000%
07:10:11  INFO        Cooling Water 2                           129432.37       117893.71         9016.31   100.0000%
07:10:11  INFO        D M Water                                  55787.00        76087.30        55787.00   100.0000%
07:10:11  INFO        HP Steam PRDS                               4972.00         4972.00            0.00   100.0000%
07:10:11  INFO        HP Steam_Dis                                4972.00            0.00         4972.00   100.0000%
07:10:11  INFO        HRSG2_SHP STEAM                            10487.50        60981.82            0.00   100.0000%
07:10:11  INFO        HRSG3_SHP STEAM                            10487.50        60981.82            0.00   100.0000%
07:10:11  INFO        LP Steam PRDS                               9090.87         9090.87            0.00   100.0000%
07:10:11  INFO        LP Steam_Dis                               25280.51        12828.67        25280.51   100.0000%
07:10:11  INFO        MP Steam PRDS SHP                          13329.24        13329.24            0.00   100.0000%
07:10:11  INFO        MP Steam_Dis                               14548.40         6818.15        14548.40   100.0000%
07:10:11  INFO        Nitrogen Gas                             5437630.00            0.00      5437630.00   100.0000% (PT)
07:10:11  INFO        Oxygen                                      5787.00            0.00         5787.00   100.0000%
07:10:11  INFO        POWERGEN                                17247526.83     17255484.46            0.00   100.0000%
07:10:11  INFO        Power_Dis                               29255558.84        44319.03     29242067.20   100.0000%
07:10:11  INFO        SHP Steam_Dis                             121963.64        89100.61        20975.00   100.0000%
07:10:11  INFO        STG1_LP STEAM                              16189.64        16189.64            0.00   100.0000%
07:10:11  INFO        STG1_MP STEAM                               1219.16         1219.16            0.00   100.0000%
07:10:11  INFO        Water                                     280371.80            0.00       280371.80   100.0000% (PT)
07:10:11  INFO      
07:10:11  INFO        U4U CONSUMPTION BREAKDOWN (per producer per material):
07:10:11  INFO        Producer                        Material Consumed                     Norm        Quantity  Credit
07:10:11  INFO        ------------------------------  ------------------------------  ----------  --------------  ------
07:10:11  INFO        Boiler Feed Water               COMPRESSED AIR                    0.500000        44236.80  
07:10:11  INFO        Boiler Feed Water               Cooling Water 2                   0.001070           94.67  
07:10:11  INFO        Boiler Feed Water               D M Water                         0.860000        76087.30  
07:10:11  INFO        Boiler Feed Water               LP Steam_Dis                      0.145000        12828.67  
07:10:11  INFO        Boiler Feed Water               Power_Dis                         9.500000       840499.20  
07:10:11  INFO        COMPRESSED AIR                  Cooling Water 2                   0.000025          181.16  
07:10:11  INFO        COMPRESSED AIR                  Power_Dis                         0.165000      1195627.74  
07:10:11  INFO        Cooling Water 1                 COMPRESSED AIR                    0.108592         1649.95  
07:10:11  INFO        Cooling Water 1                 Power_Dis                       244.999997      3722529.95  
07:10:11  INFO        Cooling Water 2                 COMPRESSED AIR                    0.123044        15925.88  
07:10:11  INFO        Cooling Water 2                 Power_Dis                       249.999997     32358092.52  
07:10:11  INFO        D M Water                       COMPRESSED AIR                    0.077000         4295.60  
07:10:11  INFO        D M Water                       Cooling Water 2                   2.000000       111574.00  
07:10:11  INFO        D M Water                       Power_Dis                         1.210000        67502.27  
07:10:11  INFO        D M Water                       Ret steam condensate              0.203000        11324.76  
07:10:11  INFO        HP Steam PRDS                   Boiler Feed Water                 0.076800          381.85  
07:10:11  INFO        HP Steam PRDS                   SHP Steam_Dis                     0.923200         4590.15  
07:10:11  INFO        HP Steam_Dis                    HP Steam PRDS                     1.000000         4972.00  
07:10:11  INFO        HRSG2_SHP STEAM                 Boiler Feed Water                 1.024000        44236.80  
07:10:11  INFO        HRSG2_SHP STEAM                 COMPRESSED AIR                    9.853236       425659.80  
07:10:11  INFO        HRSG2_SHP STEAM                 LP Steam_Dis                     -0.078000        -3369.60  YES
07:10:11  INFO        HRSG3_SHP STEAM                 Boiler Feed Water                 1.024000        44236.80  
07:10:11  INFO        HRSG3_SHP STEAM                 COMPRESSED AIR                    9.596520       414569.66  
07:10:11  INFO        HRSG3_SHP STEAM                 LP Steam_Dis                     -0.078000        -3369.60  YES
07:10:11  INFO        LP Steam PRDS                   Boiler Feed Water                 0.250000         2272.72  
07:10:11  INFO        LP Steam PRDS                   MP Steam_Dis                      0.750000         6818.15  
07:10:11  INFO        LP Steam_Dis                    LP Steam PRDS                     0.359600         9090.87  
07:10:11  INFO        LP Steam_Dis                    STG1_LP STEAM                     0.640400        16189.64  
07:10:11  INFO        MP Steam PRDS SHP               Boiler Feed Water                 0.090000         1199.63  
07:10:11  INFO        MP Steam PRDS SHP               SHP Steam_Dis                     0.910000        12129.61  
07:10:11  INFO        MP Steam_Dis                    MP Steam PRDS SHP                 0.916200        13329.24  
07:10:11  INFO        MP Steam_Dis                    STG1_MP STEAM                     0.083800         1219.16  
07:10:11  INFO        Oxygen                          Cooling Water 2                   0.261000         1510.41  
07:10:11  INFO        Oxygen                          Power_Dis                       968.650000      5605577.55  
07:10:11  INFO        POWERGEN                        COMPRESSED AIR                    0.003420        60328.80  
07:10:11  INFO        POWERGEN                        COMPRESSED AIR                    0.003839        67719.96  
07:10:11  INFO        POWERGEN                        COMPRESSED AIR                    0.004011        70754.04  
07:10:11  INFO        POWERGEN                        Cooling Water 2                   0.000012          211.68  
07:10:11  INFO        POWERGEN                        Cooling Water 2                   0.000232         4092.48  
07:10:11  INFO        POWERGEN                        Cooling Water 2                   0.000013          229.32  
07:10:11  INFO        POWERGEN                        Power_Dis                         0.014000       246960.00  
07:10:11  INFO        POWERGEN                        Power_Dis                         0.002000        35280.00  
07:10:11  INFO        POWERGEN                        Power_Dis                         0.014000       246960.00  
07:10:11  INFO        POWERGEN                        SHP Steam_Dis                     0.003615        63768.60  
07:10:11  INFO        Power_Dis                       POWERGEN                          0.196717      5755065.77  
07:10:11  INFO        Power_Dis                       POWERGEN                          0.207066      6057831.55  
07:10:11  INFO        Power_Dis                       POWERGEN                          0.186036      5442587.15  
07:10:11  INFO        Power_Dis                       Power from MEL                    0.410169     11999723.32  
07:10:11  INFO        SHP Steam_Dis                   HRSG2_SHP STEAM                   0.500000        60981.82  
07:10:11  INFO        SHP Steam_Dis                   HRSG3_SHP STEAM                   0.500000        60981.82  
07:10:11  INFO        STG1_LP STEAM                   SHP Steam_Dis                     0.480000         7771.03  
07:10:11  INFO        STG1_MP STEAM                   SHP Steam_Dis                     0.690000          841.22  
07:10:11  INFO      
07:10:11  INFO        Not yet converged: 12 materials
07:10:11  INFO          Boiler Feed Water               change = 4.1745%
07:10:11  INFO          COMPRESSED AIR                  change = 5.1561%
07:10:11  INFO          Cooling Water 2                 change = 2.1395%
07:10:11  INFO          D M Water                       change = 100.0000%
07:10:11  INFO          HRSG2_SHP STEAM                 change = 82.8023%
07:10:11  INFO          HRSG3_SHP STEAM                 change = 82.8023%
07:10:11  INFO          LP Steam_Dis                    change = 100.0000%
07:10:11  INFO          MP Steam_Dis                    change = 100.0000%
07:10:11  INFO          POWERGEN                        change = 0.0461%
07:10:11  INFO          Power from MEL                  change = 0.0461%
07:10:11  INFO          Power_Dis                       change = 69.5579%
07:10:11  INFO          SHP Steam_Dis                   change = 13.3423%
07:10:11  INFO        ------------------------------------------------------------------------------------------
07:10:12  WARNING     [DISPATCH] No aux power norm for 'NMD-Power Plant-2'; using 0.0
07:10:12  WARNING     [DISPATCH] No aux power norm for 'NMD-Power Plant-3'; using 0.0
07:10:12  WARNING     [DISPATCH] No aux power norm for 'NMD-STG Power Plant'; using 0.0
07:10:12  INFO        ==============================================================================
07:10:12  INFO        POWER DISPATCH  (April 2025)
07:10:12  INFO        ==============================================================================
07:10:12  INFO        Demand:  Process = 29286.39 MWh  |  Fixed = 0.00 MWh  |  Total = 29286.39 MWh
07:10:12  INFO      
07:10:12  INFO        Asset                      Priority    Min MW    Max MW     Hours   Dispatched MW  Dispatched MWh    Load %  Free Steam MT  Aux Power MWh
07:10:12  INFO        -------------------------  --------  --------  --------  --------  --------------  --------------  --------  ------------  ------------
07:10:12  INFO        NMD-Power Plant-2                 1      5.00      5.00    720.00            5.00         3600.00    100.0%          0.00          0.00
07:10:12  INFO        NMD-Power Plant-3                 1      5.00      5.00    720.00            5.00         3600.00    100.0%          0.00          0.00
07:10:12  INFO        NMD-STG Power Plant               2      6.00     14.50    720.00           14.50        10440.00    100.0%          0.00          0.00
07:10:12  INFO        TOTAL                                                                                    17640.00                    0.00          0.00
07:10:12  INFO        DEFICIT: 11646.39 MWh under-generation
07:10:12  INFO        ==============================================================================
07:10:13  INFO        ==============================================================================
07:10:13  INFO        STEAM DISPATCH  (April 2025)
07:10:13  INFO        ==============================================================================
07:10:13  INFO        Grade      Process/Fixed MT  Letdown MT  Byproduct MT     Net Demand MT
07:10:13  INFO        ---------  ----------------  ----------  ------------  ----------------
07:10:13  INFO        MP                 21366.55    16024.92          0.00          21366.55
07:10:13  INFO        SHP               110075.61   116416.00          0.00         126100.52
07:10:13  INFO        HP                  4972.00        0.00          0.00           4972.00
07:10:13  INFO      
07:10:13  INFO        Total Free Steam available: 0.00 MT
07:10:13  INFO      
07:10:13  INFO        FINAL SUPPLEMENTARY FIRING DISPATCH
07:10:13  INFO        Asset                      Priority     Min TPH     Max TPH     Hours  Dispatched TPH   Dispatched MT    Load %
07:10:13  INFO        -------------------------  --------  ----------  ----------  --------  --------------  --------------  --------
07:10:13  INFO        HRSG-1                          999       60.00      136.00      0.00            0.00            0.00      0.0%
07:10:13  INFO        HRSG-2                            1       60.00      136.00    720.00           60.00        43200.00     44.1%
07:10:13  INFO        HRSG-3                            1       60.00      136.00    720.00           60.00        43200.00     44.1%
07:10:13  INFO        TOTAL SUPPLEMENTARY                                                                          86400.00          
07:10:13  INFO        TOTAL STEAM GENERATED                                                                        86400.00          
07:10:13  INFO        SURPLUS: 81428.00 MT
07:10:13  INFO        ==============================================================================
07:10:13  INFO        [U4U LOOP] Excess SHP: 81428.00 MT → STG +22873.03 MWh, GT -22873.03 MWh
07:10:13  INFO      
07:10:13  INFO        ------------------------------------------------------------------------------------------
07:10:13  INFO        ITERATION 3
07:10:13  INFO        ------------------------------------------------------------------------------------------
07:10:13  INFO        Power:  Demand =    29286386.23 KWH  |  Gen =       17640.00 MWh  |  Surplus =     0.00  |  Deficit = 11646.39
07:10:13  INFO        Steam:  Gen =       86400.00 MT  |  Surplus = 81428.00  |  Deficit =     0.00
07:10:13  INFO        Excess SHP:   81428.00 MT → STG override = 33313.03 MWh, GT reduction = 22873.03 MWh
07:10:13  INFO        Power delta: 30827.3846 MWh  |  Converged: NO
07:10:13  INFO      
07:10:13  INFO        Utility                                Total Demand      U4U Demand         Initial    Change %
07:10:13  INFO        -----------------------------------  --------------  --------------  --------------  ----------
07:10:13  INFO        Boiler Feed Water                          92327.80        92327.80            0.00     4.1745%
07:10:13  INFO        COMPRESSED AIR                           7189246.07      1112615.94      6084105.59    83.8353%
07:10:13  INFO        Cooling Water 1                            15194.00            0.00        15194.00   100.0000%
07:10:13  INFO        Cooling Water 2                           126910.02       270071.00         9016.31     5.1170%
07:10:13  INFO        D M Water                                 131874.30        79401.91        55787.00   100.0000%
07:10:13  INFO        HP Steam PRDS                               4972.00         4972.00            0.00     0.0000%
07:10:13  INFO        HP Steam_Dis                                4972.00            0.00         4972.00   100.0000%
07:10:13  INFO        HRSG2_SHP STEAM                            60981.82        55037.80            0.00    82.8023%
07:10:13  INFO        HRSG3_SHP STEAM                            60981.82        55037.80            0.00    82.8023%
07:10:13  INFO        LP Steam PRDS                               9090.87        13704.06            0.00     0.0000%
07:10:13  INFO        LP Steam_Dis                               38109.18        13387.53        25280.51   100.0000%
07:10:13  INFO        MP Steam PRDS SHP                          13329.24        19576.04            0.00     0.0000%
07:10:13  INFO        MP Steam_Dis                               21366.55         6818.15        14548.40   100.0000%
07:10:13  INFO        Nitrogen Gas                             5437630.00            0.00      5437630.00   100.0000% (PT)
07:10:13  INFO        Oxygen                                      5787.00            0.00         5787.00   100.0000%
07:10:13  INFO        POWERGEN                                17255484.46     17273667.04            0.00     0.0461%
07:10:13  INFO        Power_Dis                               29286386.23        43807.72     29242067.20    99.9539%
07:10:13  INFO        SHP Steam_Dis                             110075.61        89100.61        20975.00     8.2552%
07:10:13  INFO        STG1_LP STEAM                              16189.64        24405.12            0.00     0.0000%
07:10:13  INFO        STG1_MP STEAM                               1219.16         1790.52            0.00     0.0000%
07:10:13  INFO        Water                                     280371.80            0.00       280371.80   100.0000% (PT)
07:10:13  INFO      
07:10:13  INFO        U4U CONSUMPTION BREAKDOWN (per producer per material):
07:10:13  INFO        Producer                        Material Consumed                     Norm        Quantity  Credit
07:10:13  INFO        ------------------------------  ------------------------------  ----------  --------------  ------
07:10:13  INFO        Boiler Feed Water               COMPRESSED AIR                    0.500000        46163.90  
07:10:13  INFO        Boiler Feed Water               Cooling Water 2                   0.001070           98.79  
07:10:13  INFO        Boiler Feed Water               D M Water                         0.860000        79401.91  
07:10:13  INFO        Boiler Feed Water               LP Steam_Dis                      0.145000        13387.53  
07:10:13  INFO        Boiler Feed Water               Power_Dis                         9.500000       877114.09  
07:10:13  INFO        COMPRESSED AIR                  Cooling Water 2                   0.000025          179.73  
07:10:13  INFO        COMPRESSED AIR                  Power_Dis                         0.165000      1186225.60  
07:10:13  INFO        Cooling Water 1                 COMPRESSED AIR                    0.108592         1649.95  
07:10:13  INFO        Cooling Water 1                 Power_Dis                       244.999997      3722529.95  
07:10:13  INFO        Cooling Water 2                 COMPRESSED AIR                    0.123044        15615.52  
07:10:13  INFO        Cooling Water 2                 Power_Dis                       249.999997     31727504.49  
07:10:13  INFO        D M Water                       COMPRESSED AIR                    0.077000        10154.32  
07:10:13  INFO        D M Water                       Cooling Water 2                   2.000000       263748.59  
07:10:13  INFO        D M Water                       Power_Dis                         1.210000       159567.90  
07:10:13  INFO        D M Water                       Ret steam condensate              0.203000        26770.48  
07:10:13  INFO        HP Steam PRDS                   Boiler Feed Water                 0.076800          381.85  
07:10:13  INFO        HP Steam PRDS                   SHP Steam_Dis                     0.923200         4590.15  
07:10:13  INFO        HP Steam_Dis                    HP Steam PRDS                     1.000000         4972.00  
07:10:13  INFO        HRSG2_SHP STEAM                 Boiler Feed Water                 1.024000        44236.80  
07:10:13  INFO        HRSG2_SHP STEAM                 COMPRESSED AIR                    9.853236       425659.80  
07:10:13  INFO        HRSG2_SHP STEAM                 LP Steam_Dis                     -0.078000        -3369.60  YES
07:10:13  INFO        HRSG3_SHP STEAM                 Boiler Feed Water                 1.024000        44236.80  
07:10:13  INFO        HRSG3_SHP STEAM                 COMPRESSED AIR                    9.596520       414569.66  
07:10:13  INFO        HRSG3_SHP STEAM                 LP Steam_Dis                     -0.078000        -3369.60  YES
07:10:13  INFO        LP Steam PRDS                   Boiler Feed Water                 0.250000         2272.72  
07:10:13  INFO        LP Steam PRDS                   MP Steam_Dis                      0.750000         6818.15  
07:10:13  INFO        LP Steam_Dis                    LP Steam PRDS                     0.359600        13704.06  
07:10:13  INFO        LP Steam_Dis                    STG1_LP STEAM                     0.640400        24405.12  
07:10:13  INFO        MP Steam PRDS SHP               Boiler Feed Water                 0.090000         1199.63  
07:10:13  INFO        MP Steam PRDS SHP               SHP Steam_Dis                     0.910000        12129.61  
07:10:13  INFO        MP Steam_Dis                    MP Steam PRDS SHP                 0.916200        19576.04  
07:10:13  INFO        MP Steam_Dis                    STG1_MP STEAM                     0.083800         1790.52  
07:10:13  INFO        Oxygen                          Cooling Water 2                   0.261000         1510.41  
07:10:13  INFO        Oxygen                          Power_Dis                       968.650000      5605577.55  
07:10:13  INFO        POWERGEN                        COMPRESSED AIR                    0.003420        60328.80  
07:10:13  INFO        POWERGEN                        COMPRESSED AIR                    0.003839        67719.96  
07:10:13  INFO        POWERGEN                        COMPRESSED AIR                    0.004011        70754.04  
07:10:13  INFO        POWERGEN                        Cooling Water 2                   0.000012          211.68  
07:10:13  INFO        POWERGEN                        Cooling Water 2                   0.000232         4092.48  
07:10:13  INFO        POWERGEN                        Cooling Water 2                   0.000013          229.32  
07:10:13  INFO        POWERGEN                        Power_Dis                         0.014000       246960.00  
07:10:13  INFO        POWERGEN                        Power_Dis                         0.002000        35280.00  
07:10:13  INFO        POWERGEN                        Power_Dis                         0.014000       246960.00  
07:10:13  INFO        POWERGEN                        SHP Steam_Dis                     0.003615        63768.60  
07:10:13  INFO        Power_Dis                       POWERGEN                          0.196717      5761130.04  
07:10:13  INFO        Power_Dis                       POWERGEN                          0.207066      6064214.85  
07:10:13  INFO        Power_Dis                       POWERGEN                          0.186036      5448322.15  
07:10:13  INFO        Power_Dis                       Power from MEL                    0.410169     12012367.75  
07:10:13  INFO        SHP Steam_Dis                   HRSG2_SHP STEAM                   0.500000        55037.80  
07:10:13  INFO        SHP Steam_Dis                   HRSG3_SHP STEAM                   0.500000        55037.80  
07:10:13  INFO        STG1_LP STEAM                   SHP Steam_Dis                     0.480000         7771.03  
07:10:13  INFO        STG1_MP STEAM                   SHP Steam_Dis                     0.690000          841.22  
07:10:13  INFO      
07:10:13  INFO        Not yet converged: 14 materials
07:10:13  INFO          COMPRESSED AIR                  change = 0.6719%
07:10:13  INFO          Cooling Water 2                 change = 56.3471%
07:10:13  INFO          D M Water                       change = 4.1745%
07:10:13  INFO          HRSG2_SHP STEAM                 change = 10.7999%
07:10:13  INFO          HRSG3_SHP STEAM                 change = 10.7999%
07:10:13  INFO          LP Steam PRDS                   change = 33.6629%
07:10:13  INFO          LP Steam_Dis                    change = 4.1745%
07:10:13  INFO          MP Steam PRDS SHP               change = 31.9104%
07:10:13  INFO          POWERGEN                        change = 0.1053%
07:10:13  INFO          Power from MEL                  change = 0.1053%
07:10:13  INFO          Power_Dis                       change = 1.1672%
07:10:13  INFO          Ret steam condensate            change = 57.6968%
07:10:13  INFO          STG1_LP STEAM                   change = 33.6629%
07:10:13  INFO          STG1_MP STEAM                   change = 31.9104%
07:10:13  INFO        ------------------------------------------------------------------------------------------
07:10:13  WARNING     [DISPATCH] No aux power norm for 'NMD-Power Plant-2'; using 0.0
07:10:13  WARNING     [DISPATCH] No aux power norm for 'NMD-Power Plant-3'; using 0.0
07:10:13  WARNING     [DISPATCH] No aux power norm for 'NMD-STG Power Plant'; using 0.0
07:10:13  INFO        ==============================================================================
07:10:13  INFO        POWER DISPATCH  (April 2025)
07:10:13  INFO        ==============================================================================
07:10:13  INFO        Demand:  Process = 29285.87 MWh  |  Fixed = 0.00 MWh  |  Total = 29285.87 MWh
07:10:13  INFO      
07:10:13  INFO        Asset                      Priority    Min MW    Max MW     Hours   Dispatched MW  Dispatched MWh    Load %  Free Steam MT  Aux Power MWh
07:10:13  INFO        -------------------------  --------  --------  --------  --------  --------------  --------------  --------  ------------  ------------
07:10:13  INFO        NMD-Power Plant-2                 1      5.00      5.00    720.00            5.00         3600.00    100.0%          0.00          0.00
07:10:13  INFO        NMD-Power Plant-3                 1      5.00      5.00    720.00            5.00         3600.00    100.0%          0.00          0.00
07:10:13  INFO        NMD-STG Power Plant               2      6.00     14.50    720.00           14.50        10440.00    100.0%          0.00          0.00
07:10:13  INFO        TOTAL                                                                                    17640.00                    0.00          0.00
07:10:13  INFO        DEFICIT: 11645.87 MWh under-generation
07:10:13  INFO        ==============================================================================
07:10:14  INFO        ==============================================================================
07:10:14  INFO        STEAM DISPATCH  (April 2025)
07:10:14  INFO        ==============================================================================
07:10:14  INFO        Grade      Process/Fixed MT  Letdown MT  Byproduct MT     Net Demand MT
07:10:14  INFO        ---------  ----------------  ----------  ------------  ----------------
07:10:14  INFO        MP                 21366.55    16024.92          0.00          21366.55
07:10:14  INFO        SHP               110075.61   116416.00          0.00         126100.52
07:10:14  INFO        HP                  4972.00        0.00          0.00           4972.00
07:10:14  INFO      
07:10:14  INFO        Total Free Steam available: 0.00 MT
07:10:14  INFO      
07:10:14  INFO        FINAL SUPPLEMENTARY FIRING DISPATCH
07:10:14  INFO        Asset                      Priority     Min TPH     Max TPH     Hours  Dispatched TPH   Dispatched MT    Load %
07:10:14  INFO        -------------------------  --------  ----------  ----------  --------  --------------  --------------  --------
07:10:14  INFO        HRSG-1                          999       60.00      136.00      0.00            0.00            0.00      0.0%
07:10:14  INFO        HRSG-2                            1       60.00      136.00    720.00           60.00        43200.00     44.1%
07:10:14  INFO        HRSG-3                            1       60.00      136.00    720.00           60.00        43200.00     44.1%
07:10:14  INFO        TOTAL SUPPLEMENTARY                                                                          86400.00          
07:10:14  INFO        TOTAL STEAM GENERATED                                                                        86400.00          
07:10:14  INFO        SURPLUS: 81428.00 MT
07:10:14  INFO        ==============================================================================
07:10:14  INFO        [U4U LOOP] Excess SHP: 81428.00 MT → STG +22873.03 MWh, GT -22873.03 MWh
07:10:14  INFO      
07:10:14  INFO        ------------------------------------------------------------------------------------------
07:10:14  INFO        ITERATION 4
07:10:14  INFO        ------------------------------------------------------------------------------------------
07:10:14  INFO        Power:  Demand =    29285874.92 KWH  |  Gen =       17640.00 MWh  |  Surplus =     0.00  |  Deficit = 11645.87
07:10:14  INFO        Steam:  Gen =       86400.00 MT  |  Surplus = 81428.00  |  Deficit =     0.00
07:10:14  INFO        Excess SHP:   81428.00 MT → STG override = 33313.03 MWh, GT reduction = 22873.03 MWh
07:10:14  INFO        Power delta: 511.3096 MWh  |  Converged: NO
07:10:14  INFO      
07:10:14  INFO        Utility                                Total Demand      U4U Demand         Initial    Change %
07:10:14  INFO        -----------------------------------  --------------  --------------  --------------  ----------
07:10:14  INFO        Boiler Feed Water                          92327.80        94043.31            0.00     0.0000%
07:10:14  INFO        COMPRESSED AIR                           7196721.53      1131595.67      6084105.59    84.6438%
07:10:14  INFO        Cooling Water 1                            15194.00            0.00        15194.00   100.0000%
07:10:14  INFO        Cooling Water 2                           279087.31       276700.41         9016.31    57.7574%
07:10:14  INFO        D M Water                                 135188.91        79401.91        55787.00    43.7178%
07:10:14  INFO        HP Steam PRDS                               4972.00         4972.00            0.00     0.0000%
07:10:14  INFO        HP Steam_Dis                                4972.00            0.00         4972.00   100.0000%
07:10:14  INFO        HRSG2_SHP STEAM                            55037.80        55037.80            0.00    10.7999%
07:10:14  INFO        HRSG3_SHP STEAM                            55037.80        55037.80            0.00    10.7999%
07:10:14  INFO        LP Steam PRDS                              13704.06        13905.03            0.00    33.6629%
07:10:14  INFO        LP Steam_Dis                               38668.04        13387.53        25280.51    66.8236%
07:10:14  INFO        MP Steam PRDS SHP                          19576.04        19576.04            0.00    31.9104%
07:10:14  INFO        MP Steam_Dis                               21366.55        10278.05        14548.40    68.0896%
07:10:14  INFO        Nitrogen Gas                             5437630.00            0.00      5437630.00   100.0000% (PT)
07:10:14  INFO        Oxygen                                      5787.00            0.00         5787.00   100.0000%
07:10:14  INFO        POWERGEN                                17273667.04     17273365.46            0.00     0.1053%
07:10:14  INFO        Power_Dis                               29285874.92        81857.29     29242067.20    99.8487%
07:10:14  INFO        SHP Steam_Dis                             110075.61        99122.86        20975.00    19.0551%
07:10:14  INFO        STG1_LP STEAM                              24405.12        24763.01            0.00    33.6629%
07:10:14  INFO        STG1_MP STEAM                               1790.52         1790.52            0.00    31.9104%
07:10:14  INFO        Water                                     280371.80            0.00       280371.80   100.0000% (PT)
07:10:14  INFO      
07:10:14  INFO        U4U CONSUMPTION BREAKDOWN (per producer per material):
07:10:14  INFO        Producer                        Material Consumed                     Norm        Quantity  Credit
07:10:14  INFO        ------------------------------  ------------------------------  ----------  --------------  ------
07:10:14  INFO        Boiler Feed Water               COMPRESSED AIR                    0.500000        46163.90  
07:10:14  INFO        Boiler Feed Water               Cooling Water 2                   0.001070           98.79  
07:10:14  INFO        Boiler Feed Water               D M Water                         0.860000        79401.91  
07:10:14  INFO        Boiler Feed Water               LP Steam_Dis                      0.145000        13387.53  
07:10:14  INFO        Boiler Feed Water               Power_Dis                         9.500000       877114.09  
07:10:14  INFO        COMPRESSED AIR                  Cooling Water 2                   0.000025          179.92  
07:10:14  INFO        COMPRESSED AIR                  Power_Dis                         0.165000      1187459.05  
07:10:14  INFO        Cooling Water 1                 COMPRESSED AIR                    0.108592         1649.95  
07:10:14  INFO        Cooling Water 1                 Power_Dis                       244.999997      3722529.95  
07:10:14  INFO        Cooling Water 2                 COMPRESSED AIR                    0.123044        34340.02  
07:10:14  INFO        Cooling Water 2                 Power_Dis                       249.999997     69771826.89  
07:10:14  INFO        D M Water                       COMPRESSED AIR                    0.077000        10409.55  
07:10:14  INFO        D M Water                       Cooling Water 2                   2.000000       270377.81  
07:10:14  INFO        D M Water                       Power_Dis                         1.210000       163578.58  
07:10:14  INFO        D M Water                       Ret steam condensate              0.203000        27443.35  
07:10:14  INFO        HP Steam PRDS                   Boiler Feed Water                 0.076800          381.85  
07:10:14  INFO        HP Steam PRDS                   SHP Steam_Dis                     0.923200         4590.15  
07:10:14  INFO        HP Steam_Dis                    HP Steam PRDS                     1.000000         4972.00  
07:10:14  INFO        HRSG2_SHP STEAM                 Boiler Feed Water                 1.024000        44236.80  
07:10:14  INFO        HRSG2_SHP STEAM                 COMPRESSED AIR                    9.853236       425659.80  
07:10:14  INFO        HRSG2_SHP STEAM                 LP Steam_Dis                     -0.078000        -3369.60  YES
07:10:14  INFO        HRSG3_SHP STEAM                 Boiler Feed Water                 1.024000        44236.80  
07:10:14  INFO        HRSG3_SHP STEAM                 COMPRESSED AIR                    9.596520       414569.66  
07:10:14  INFO        HRSG3_SHP STEAM                 LP Steam_Dis                     -0.078000        -3369.60  YES
07:10:14  INFO        LP Steam PRDS                   Boiler Feed Water                 0.250000         3426.02  
07:10:14  INFO        LP Steam PRDS                   MP Steam_Dis                      0.750000        10278.05  
07:10:14  INFO        LP Steam_Dis                    LP Steam PRDS                     0.359600        13905.03  
07:10:14  INFO        LP Steam_Dis                    STG1_LP STEAM                     0.640400        24763.01  
07:10:14  INFO        MP Steam PRDS SHP               Boiler Feed Water                 0.090000         1761.84  
07:10:14  INFO        MP Steam PRDS SHP               SHP Steam_Dis                     0.910000        17814.19  
07:10:14  INFO        MP Steam_Dis                    MP Steam PRDS SHP                 0.916200        19576.04  
07:10:14  INFO        MP Steam_Dis                    STG1_MP STEAM                     0.083800         1790.52  
07:10:14  INFO        Oxygen                          Cooling Water 2                   0.261000         1510.41  
07:10:14  INFO        Oxygen                          Power_Dis                       968.650000      5605577.55  
07:10:14  INFO        POWERGEN                        COMPRESSED AIR                    0.003420        60328.80  
07:10:14  INFO        POWERGEN                        COMPRESSED AIR                    0.003839        67719.96  
07:10:14  INFO        POWERGEN                        COMPRESSED AIR                    0.004011        70754.04  
07:10:14  INFO        POWERGEN                        Cooling Water 2                   0.000012          211.68  
07:10:14  INFO        POWERGEN                        Cooling Water 2                   0.000232         4092.48  
07:10:14  INFO        POWERGEN                        Cooling Water 2                   0.000013          229.32  
07:10:14  INFO        POWERGEN                        Power_Dis                         0.014000       246960.00  
07:10:14  INFO        POWERGEN                        Power_Dis                         0.002000        35280.00  
07:10:14  INFO        POWERGEN                        Power_Dis                         0.014000       246960.00  
07:10:14  INFO        POWERGEN                        SHP Steam_Dis                     0.003615        63768.60  
07:10:14  INFO        Power_Dis                       POWERGEN                          0.196717      5761029.46  
07:10:14  INFO        Power_Dis                       POWERGEN                          0.207066      6064108.98  
07:10:14  INFO        Power_Dis                       POWERGEN                          0.186036      5448227.03  
07:10:14  INFO        Power_Dis                       Power from MEL                    0.410169     12012158.03  
07:10:14  INFO        SHP Steam_Dis                   HRSG2_SHP STEAM                   0.500000        55037.80  
07:10:14  INFO        SHP Steam_Dis                   HRSG3_SHP STEAM                   0.500000        55037.80  
07:10:14  INFO        STG1_LP STEAM                   SHP Steam_Dis                     0.480000        11714.46  
07:10:14  INFO        STG1_MP STEAM                   SHP Steam_Dis                     0.690000         1235.46  
07:10:14  INFO      
07:10:14  INFO        Not yet converged: 9 materials
07:10:14  INFO          Boiler Feed Water               change = 1.8242%
07:10:14  INFO          COMPRESSED AIR                  change = 1.6773%
07:10:14  INFO          Cooling Water 2                 change = 2.3959%
07:10:14  INFO          LP Steam PRDS                   change = 1.4453%
07:10:14  INFO          MP Steam_Dis                    change = 33.6629%
07:10:14  INFO          Power_Dis                       change = 46.4828%
07:10:14  INFO          Ret steam condensate            change = 2.4518%
07:10:14  INFO          SHP Steam_Dis                   change = 10.1109%
07:10:14  INFO          STG1_LP STEAM                   change = 1.4453%
07:10:14  INFO        ------------------------------------------------------------------------------------------
07:10:15  WARNING     [DISPATCH] No aux power norm for 'NMD-Power Plant-2'; using 0.0
07:10:15  WARNING     [DISPATCH] No aux power norm for 'NMD-Power Plant-3'; using 0.0
07:10:15  WARNING     [DISPATCH] No aux power norm for 'NMD-STG Power Plant'; using 0.0
07:10:15  INFO        ==============================================================================
07:10:15  INFO        POWER DISPATCH  (April 2025)
07:10:15  INFO        ==============================================================================
07:10:15  INFO        Demand:  Process = 29323.92 MWh  |  Fixed = 0.00 MWh  |  Total = 29323.92 MWh
07:10:15  INFO      
07:10:15  INFO        Asset                      Priority    Min MW    Max MW     Hours   Dispatched MW  Dispatched MWh    Load %  Free Steam MT  Aux Power MWh
07:10:15  INFO        -------------------------  --------  --------  --------  --------  --------------  --------------  --------  ------------  ------------
07:10:15  INFO        NMD-Power Plant-2                 1      5.00      5.00    720.00            5.00         3600.00    100.0%          0.00          0.00
07:10:15  INFO        NMD-Power Plant-3                 1      5.00      5.00    720.00            5.00         3600.00    100.0%          0.00          0.00
07:10:15  INFO        NMD-STG Power Plant               2      6.00     14.50    720.00           14.50        10440.00    100.0%          0.00          0.00
07:10:15  INFO        TOTAL                                                                                    17640.00                    0.00          0.00
07:10:15  INFO        DEFICIT: 11683.92 MWh under-generation
07:10:15  INFO        ==============================================================================
07:10:16  INFO        ==============================================================================
07:10:16  INFO        STEAM DISPATCH  (April 2025)
07:10:16  INFO        ==============================================================================
07:10:16  INFO        Grade      Process/Fixed MT  Letdown MT  Byproduct MT     Net Demand MT
07:10:16  INFO        ---------  ----------------  ----------  ------------  ----------------
07:10:16  INFO        MP                 24826.45    18619.83          0.00          24826.45
07:10:16  INFO        SHP               120097.86   128064.17          0.00         138717.69
07:10:16  INFO        HP                  4972.00        0.00          0.00           4972.00
07:10:16  INFO      
07:10:16  INFO        Total Free Steam available: 0.00 MT
07:10:16  INFO      
07:10:16  INFO        FINAL SUPPLEMENTARY FIRING DISPATCH
07:10:16  INFO        Asset                      Priority     Min TPH     Max TPH     Hours  Dispatched TPH   Dispatched MT    Load %
07:10:16  INFO        -------------------------  --------  ----------  ----------  --------  --------------  --------------  --------
07:10:16  INFO        HRSG-1                          999       60.00      136.00      0.00            0.00            0.00      0.0%
07:10:16  INFO        HRSG-2                            1       60.00      136.00    720.00           60.00        43200.00     44.1%
07:10:16  INFO        HRSG-3                            1       60.00      136.00    720.00           60.00        43200.00     44.1%
07:10:16  INFO        TOTAL SUPPLEMENTARY                                                                          86400.00          
07:10:16  INFO        TOTAL STEAM GENERATED                                                                        86400.00          
07:10:16  INFO        SURPLUS: 81428.00 MT
07:10:16  INFO        ==============================================================================
07:10:16  INFO        [U4U LOOP] Excess SHP: 81428.00 MT → STG +22873.03 MWh, GT -22873.03 MWh
07:10:16  INFO      
07:10:16  INFO        ------------------------------------------------------------------------------------------
07:10:16  INFO        ITERATION 5
07:10:16  INFO        ------------------------------------------------------------------------------------------
07:10:16  INFO        Power:  Demand =    29323924.49 KWH  |  Gen =       17640.00 MWh  |  Surplus =     0.00  |  Deficit = 11683.92
07:10:16  INFO        Steam:  Gen =       86400.00 MT  |  Surplus = 81428.00  |  Deficit =     0.00
07:10:16  INFO        Excess SHP:   81428.00 MT → STG override = 33313.03 MWh, GT reduction = 22873.03 MWh
07:10:16  INFO        Power delta: 38049.5665 MWh  |  Converged: NO
07:10:16  INFO      
07:10:16  INFO        Utility                                Total Demand      U4U Demand         Initial    Change %
07:10:16  INFO        -----------------------------------  --------------  --------------  --------------  ----------
07:10:16  INFO        Boiler Feed Water                          94043.31        94093.55            0.00     1.8242%
07:10:16  INFO        COMPRESSED AIR                           7215701.26      1133269.13      6084105.59    84.5806%
07:10:16  INFO        Cooling Water 1                            15194.00            0.00        15194.00   100.0000%
07:10:16  INFO        Cooling Water 2                           285716.72       276702.72         9016.31     5.4760%
07:10:16  INFO        D M Water                                 135188.91        80877.25        55787.00    41.2660%
07:10:16  INFO        HP Steam PRDS                               4972.00         4972.00            0.00     0.0000%
07:10:16  INFO        HP Steam_Dis                                4972.00            0.00         4972.00   100.0000%
07:10:16  INFO        HRSG2_SHP STEAM                            55037.80        60048.93            0.00     0.0000%
07:10:16  INFO        HRSG3_SHP STEAM                            55037.80        60048.93            0.00     0.0000%
07:10:16  INFO        LP Steam PRDS                              13905.03        13905.03            0.00     1.4453%
07:10:16  INFO        LP Steam_Dis                               38668.04        13636.28        25280.51    65.3783%
07:10:16  INFO        MP Steam PRDS SHP                          19576.04        22745.99            0.00     0.0000%
07:10:16  INFO        MP Steam_Dis                               24826.45        10428.77        14548.40    72.5367%
07:10:16  INFO        Nitrogen Gas                             5437630.00            0.00      5437630.00   100.0000% (PT)
07:10:16  INFO        Oxygen                                      5787.00            0.00         5787.00   100.0000%
07:10:16  INFO        POWERGEN                                17273365.46     17295807.82            0.00     0.0017%
07:10:16  INFO        Power_Dis                               29323924.49        83534.07     29242067.20    99.8506%
07:10:16  INFO        SHP Steam_Dis                             120097.86        99294.65        20975.00    25.8100%
07:10:16  INFO        STG1_LP STEAM                              24763.01        24763.01            0.00     1.4453%
07:10:16  INFO        STG1_MP STEAM                               1790.52         2080.46            0.00     0.0000%
07:10:16  INFO        Water                                     280371.80            0.00       280371.80   100.0000% (PT)
07:10:16  INFO      
07:10:16  INFO        U4U CONSUMPTION BREAKDOWN (per producer per material):
07:10:16  INFO        Producer                        Material Consumed                     Norm        Quantity  Credit
07:10:16  INFO        ------------------------------  ------------------------------  ----------  --------------  ------
07:10:16  INFO        Boiler Feed Water               COMPRESSED AIR                    0.500000        47021.65  
07:10:16  INFO        Boiler Feed Water               Cooling Water 2                   0.001070          100.63  
07:10:16  INFO        Boiler Feed Water               D M Water                         0.860000        80877.25  
07:10:16  INFO        Boiler Feed Water               LP Steam_Dis                      0.145000        13636.28  
07:10:16  INFO        Boiler Feed Water               Power_Dis                         9.500000       893411.43  
07:10:16  INFO        COMPRESSED AIR                  Cooling Water 2                   0.000025          180.39  
07:10:16  INFO        COMPRESSED AIR                  Power_Dis                         0.165000      1190590.71  
07:10:16  INFO        Cooling Water 1                 COMPRESSED AIR                    0.108592         1649.95  
07:10:16  INFO        Cooling Water 1                 Power_Dis                       244.999997      3722529.95  
07:10:16  INFO        Cooling Water 2                 COMPRESSED AIR                    0.123044        35155.73  
07:10:16  INFO        Cooling Water 2                 Power_Dis                       249.999997     71429179.34  
07:10:16  INFO        D M Water                       COMPRESSED AIR                    0.077000        10409.55  
07:10:16  INFO        D M Water                       Cooling Water 2                   2.000000       270377.81  
07:10:16  INFO        D M Water                       Power_Dis                         1.210000       163578.58  
07:10:16  INFO        D M Water                       Ret steam condensate              0.203000        27443.35  
07:10:16  INFO        HP Steam PRDS                   Boiler Feed Water                 0.076800          381.85  
07:10:16  INFO        HP Steam PRDS                   SHP Steam_Dis                     0.923200         4590.15  
07:10:16  INFO        HP Steam_Dis                    HP Steam PRDS                     1.000000         4972.00  
07:10:16  INFO        HRSG2_SHP STEAM                 Boiler Feed Water                 1.024000        44236.80  
07:10:16  INFO        HRSG2_SHP STEAM                 COMPRESSED AIR                    9.853236       425659.80  
07:10:16  INFO        HRSG2_SHP STEAM                 LP Steam_Dis                     -0.078000        -3369.60  YES
07:10:16  INFO        HRSG3_SHP STEAM                 Boiler Feed Water                 1.024000        44236.80  
07:10:16  INFO        HRSG3_SHP STEAM                 COMPRESSED AIR                    9.596520       414569.66  
07:10:16  INFO        HRSG3_SHP STEAM                 LP Steam_Dis                     -0.078000        -3369.60  YES
07:10:16  INFO        LP Steam PRDS                   Boiler Feed Water                 0.250000         3476.26  
07:10:16  INFO        LP Steam PRDS                   MP Steam_Dis                      0.750000        10428.77  
07:10:16  INFO        LP Steam_Dis                    LP Steam PRDS                     0.359600        13905.03  
07:10:16  INFO        LP Steam_Dis                    STG1_LP STEAM                     0.640400        24763.01  
07:10:16  INFO        MP Steam PRDS SHP               Boiler Feed Water                 0.090000         1761.84  
07:10:16  INFO        MP Steam PRDS SHP               SHP Steam_Dis                     0.910000        17814.19  
07:10:16  INFO        MP Steam_Dis                    MP Steam PRDS SHP                 0.916200        22745.99  
07:10:16  INFO        MP Steam_Dis                    STG1_MP STEAM                     0.083800         2080.46  
07:10:16  INFO        Oxygen                          Cooling Water 2                   0.261000         1510.41  
07:10:16  INFO        Oxygen                          Power_Dis                       968.650000      5605577.55  
07:10:16  INFO        POWERGEN                        COMPRESSED AIR                    0.003420        60328.80  
07:10:16  INFO        POWERGEN                        COMPRESSED AIR                    0.003839        67719.96  
07:10:16  INFO        POWERGEN                        COMPRESSED AIR                    0.004011        70754.04  
07:10:16  INFO        POWERGEN                        Cooling Water 2                   0.000012          211.68  
07:10:16  INFO        POWERGEN                        Cooling Water 2                   0.000232         4092.48  
07:10:16  INFO        POWERGEN                        Cooling Water 2                   0.000013          229.32  
07:10:16  INFO        POWERGEN                        Power_Dis                         0.014000       246960.00  
07:10:16  INFO        POWERGEN                        Power_Dis                         0.002000        35280.00  
07:10:16  INFO        POWERGEN                        Power_Dis                         0.014000       246960.00  
07:10:16  INFO        POWERGEN                        SHP Steam_Dis                     0.003615        63768.60  
07:10:16  INFO        Power_Dis                       POWERGEN                          0.196717      5768514.45  
07:10:16  INFO        Power_Dis                       POWERGEN                          0.207066      6071987.75  
07:10:16  INFO        Power_Dis                       POWERGEN                          0.186036      5455305.62  
07:10:16  INFO        Power_Dis                       Power from MEL                    0.410169     12027764.78  
07:10:16  INFO        SHP Steam_Dis                   HRSG2_SHP STEAM                   0.500000        60048.93  
07:10:16  INFO        SHP Steam_Dis                   HRSG3_SHP STEAM                   0.500000        60048.93  
07:10:16  INFO        STG1_LP STEAM                   SHP Steam_Dis                     0.480000        11886.25  
07:10:16  INFO        STG1_MP STEAM                   SHP Steam_Dis                     0.690000         1235.46  
07:10:16  INFO      
07:10:16  INFO        Not yet converged: 13 materials
07:10:16  INFO          Boiler Feed Water               change = 0.0534%
07:10:16  INFO          COMPRESSED AIR                  change = 0.1477%
07:10:16  INFO          D M Water                       change = 1.8242%
07:10:16  INFO          HRSG2_SHP STEAM                 change = 8.3451%
07:10:16  INFO          HRSG3_SHP STEAM                 change = 8.3451%
07:10:16  INFO          LP Steam_Dis                    change = 1.8242%
07:10:16  INFO          MP Steam PRDS SHP               change = 13.9363%
07:10:16  INFO          MP Steam_Dis                    change = 1.4453%
07:10:16  INFO          POWERGEN                        change = 0.1298%
07:10:16  INFO          Power from MEL                  change = 0.1298%
07:10:16  INFO          Power_Dis                       change = 2.0073%
07:10:16  INFO          SHP Steam_Dis                   change = 0.1730%
07:10:16  INFO          STG1_MP STEAM                   change = 13.9363%
07:10:16  INFO        ------------------------------------------------------------------------------------------
07:10:16  WARNING     [DISPATCH] No aux power norm for 'NMD-Power Plant-2'; using 0.0
07:10:16  WARNING     [DISPATCH] No aux power norm for 'NMD-Power Plant-3'; using 0.0
07:10:16  WARNING     [DISPATCH] No aux power norm for 'NMD-STG Power Plant'; using 0.0
07:10:16  INFO        ==============================================================================
07:10:16  INFO        POWER DISPATCH  (April 2025)
07:10:16  INFO        ==============================================================================
07:10:16  INFO        Demand:  Process = 29325.60 MWh  |  Fixed = 0.00 MWh  |  Total = 29325.60 MWh
07:10:16  INFO      
07:10:16  INFO        Asset                      Priority    Min MW    Max MW     Hours   Dispatched MW  Dispatched MWh    Load %  Free Steam MT  Aux Power MWh
07:10:16  INFO        -------------------------  --------  --------  --------  --------  --------------  --------------  --------  ------------  ------------
07:10:16  INFO        NMD-Power Plant-2                 1      5.00      5.00    720.00            5.00         3600.00    100.0%          0.00          0.00
07:10:16  INFO        NMD-Power Plant-3                 1      5.00      5.00    720.00            5.00         3600.00    100.0%          0.00          0.00
07:10:16  INFO        NMD-STG Power Plant               2      6.00     14.50    720.00           14.50        10440.00    100.0%          0.00          0.00
07:10:16  INFO        TOTAL                                                                                    17640.00                    0.00          0.00
07:10:16  INFO        DEFICIT: 11685.60 MWh under-generation
07:10:16  INFO        ==============================================================================
07:10:17  INFO        ==============================================================================
07:10:17  INFO        STEAM DISPATCH  (April 2025)
07:10:17  INFO        ==============================================================================
07:10:17  INFO        Grade      Process/Fixed MT  Letdown MT  Byproduct MT     Net Demand MT
07:10:17  INFO        ---------  ----------------  ----------  ------------  ----------------
07:10:17  INFO        MP                 24977.17    18732.88          0.00          24977.17
07:10:17  INFO        SHP               120269.65   128327.13          0.00         139002.52
07:10:17  INFO        HP                  4972.00        0.00          0.00           4972.00
07:10:17  INFO      
07:10:17  INFO        Total Free Steam available: 0.00 MT
07:10:17  INFO      
07:10:17  INFO        FINAL SUPPLEMENTARY FIRING DISPATCH
07:10:17  INFO        Asset                      Priority     Min TPH     Max TPH     Hours  Dispatched TPH   Dispatched MT    Load %
07:10:17  INFO        -------------------------  --------  ----------  ----------  --------  --------------  --------------  --------
07:10:17  INFO        HRSG-1                          999       60.00      136.00      0.00            0.00            0.00      0.0%
07:10:17  INFO        HRSG-2                            1       60.00      136.00    720.00           60.00        43200.00     44.1%
07:10:17  INFO        HRSG-3                            1       60.00      136.00    720.00           60.00        43200.00     44.1%
07:10:17  INFO        TOTAL SUPPLEMENTARY                                                                          86400.00          
07:10:17  INFO        TOTAL STEAM GENERATED                                                                        86400.00          
07:10:17  INFO        SURPLUS: 81428.00 MT
07:10:17  INFO        ==============================================================================
07:10:17  INFO        [U4U LOOP] Excess SHP: 81428.00 MT → STG +22873.03 MWh, GT -22873.03 MWh
07:10:17  INFO      
07:10:17  INFO        ------------------------------------------------------------------------------------------
07:10:17  INFO        ITERATION 6
07:10:17  INFO        ------------------------------------------------------------------------------------------
07:10:17  INFO        Power:  Demand =    29325601.27 KWH  |  Gen =       17640.00 MWh  |  Surplus =     0.00  |  Deficit = 11685.60
07:10:17  INFO        Steam:  Gen =       86400.00 MT  |  Surplus = 81428.00  |  Deficit =     0.00
07:10:17  INFO        Excess SHP:   81428.00 MT → STG override = 33313.03 MWh, GT reduction = 22873.03 MWh
07:10:17  INFO        Power delta: 1676.7814 MWh  |  Converged: NO
07:10:17  INFO      
07:10:17  INFO        Utility                                Total Demand      U4U Demand         Initial    Change %
07:10:17  INFO        -----------------------------------  --------------  --------------  --------------  ----------
07:10:17  INFO        Boiler Feed Water                          94093.55        94378.85            0.00     0.0534%
07:10:17  INFO        COMPRESSED AIR                           7217374.72      1133408.14      6084105.59    84.3212%
07:10:17  INFO        Cooling Water 1                            15194.00            0.00        15194.00   100.0000%
07:10:17  INFO        Cooling Water 2                           285719.03       279653.49         9016.31     3.1565%
07:10:17  INFO        D M Water                                 136664.25        80920.45        55787.00    41.9000%
07:10:17  INFO        HP Steam PRDS                               4972.00         4972.00            0.00     0.0000%
07:10:17  INFO        HP Steam_Dis                                4972.00            0.00         4972.00   100.0000%
07:10:17  INFO        HRSG2_SHP STEAM                            60048.93        60134.82            0.00     8.3451%
07:10:17  INFO        HRSG3_SHP STEAM                            60048.93        60134.82            0.00     8.3451%
07:10:17  INFO        LP Steam PRDS                              13905.03        13994.48            0.00     0.0000%
07:10:17  INFO        LP Steam_Dis                               38916.79        13643.56        25280.51    65.5996%
07:10:17  INFO        MP Steam PRDS SHP                          22745.99        22884.08            0.00    13.9363%
07:10:17  INFO        MP Steam_Dis                               24977.17        10428.77        14548.40    58.8502%
07:10:17  INFO        Nitrogen Gas                             5437630.00            0.00      5437630.00   100.0000% (PT)
07:10:17  INFO        Oxygen                                      5787.00            0.00         5787.00   100.0000%
07:10:17  INFO        POWERGEN                                17295807.82     17296796.81            0.00     0.1298%
07:10:17  INFO        Power_Dis                               29325601.27        83537.18     29242067.20    99.7209%
07:10:17  INFO        SHP Steam_Dis                             120269.65       102379.36        20975.00    17.5828%
07:10:17  INFO        STG1_LP STEAM                              24763.01        24922.31            0.00     0.0000%
07:10:17  INFO        STG1_MP STEAM                               2080.46         2093.09            0.00    13.9363%
07:10:17  INFO        Water                                     280371.80            0.00       280371.80   100.0000% (PT)
07:10:17  INFO      
07:10:17  INFO        U4U CONSUMPTION BREAKDOWN (per producer per material):
07:10:17  INFO        Producer                        Material Consumed                     Norm        Quantity  Credit
07:10:17  INFO        ------------------------------  ------------------------------  ----------  --------------  ------
07:10:17  INFO        Boiler Feed Water               COMPRESSED AIR                    0.500000        47046.77  
07:10:17  INFO        Boiler Feed Water               Cooling Water 2                   0.001070          100.68  
07:10:17  INFO        Boiler Feed Water               D M Water                         0.860000        80920.45  
07:10:17  INFO        Boiler Feed Water               LP Steam_Dis                      0.145000        13643.56  
07:10:17  INFO        Boiler Feed Water               Power_Dis                         9.500000       893888.72  
07:10:17  INFO        COMPRESSED AIR                  Cooling Water 2                   0.000025          180.43  
07:10:17  INFO        COMPRESSED AIR                  Power_Dis                         0.165000      1190866.83  
07:10:17  INFO        Cooling Water 1                 COMPRESSED AIR                    0.108592         1649.95  
07:10:17  INFO        Cooling Water 1                 Power_Dis                       244.999997      3722529.95  
07:10:17  INFO        Cooling Water 2                 COMPRESSED AIR                    0.123044        35156.01  
07:10:17  INFO        Cooling Water 2                 Power_Dis                       249.999997     71429756.86  
07:10:17  INFO        D M Water                       COMPRESSED AIR                    0.077000        10523.15  
07:10:17  INFO        D M Water                       Cooling Water 2                   2.000000       273328.49  
07:10:17  INFO        D M Water                       Power_Dis                         1.210000       165363.74  
07:10:17  INFO        D M Water                       Ret steam condensate              0.203000        27742.84  
07:10:17  INFO        HP Steam PRDS                   Boiler Feed Water                 0.076800          381.85  
07:10:17  INFO        HP Steam PRDS                   SHP Steam_Dis                     0.923200         4590.15  
07:10:17  INFO        HP Steam_Dis                    HP Steam PRDS                     1.000000         4972.00  
07:10:17  INFO        HRSG2_SHP STEAM                 Boiler Feed Water                 1.024000        44236.80  
07:10:17  INFO        HRSG2_SHP STEAM                 COMPRESSED AIR                    9.853236       425659.80  
07:10:17  INFO        HRSG2_SHP STEAM                 LP Steam_Dis                     -0.078000        -3369.60  YES
07:10:17  INFO        HRSG3_SHP STEAM                 Boiler Feed Water                 1.024000        44236.80  
07:10:17  INFO        HRSG3_SHP STEAM                 COMPRESSED AIR                    9.596520       414569.66  
07:10:17  INFO        HRSG3_SHP STEAM                 LP Steam_Dis                     -0.078000        -3369.60  YES
07:10:17  INFO        LP Steam PRDS                   Boiler Feed Water                 0.250000         3476.26  
07:10:17  INFO        LP Steam PRDS                   MP Steam_Dis                      0.750000        10428.77  
07:10:17  INFO        LP Steam_Dis                    LP Steam PRDS                     0.359600        13994.48  
07:10:17  INFO        LP Steam_Dis                    STG1_LP STEAM                     0.640400        24922.31  
07:10:17  INFO        MP Steam PRDS SHP               Boiler Feed Water                 0.090000         2047.14  
07:10:17  INFO        MP Steam PRDS SHP               SHP Steam_Dis                     0.910000        20698.85  
07:10:17  INFO        MP Steam_Dis                    MP Steam PRDS SHP                 0.916200        22884.08  
07:10:17  INFO        MP Steam_Dis                    STG1_MP STEAM                     0.083800         2093.09  
07:10:17  INFO        Oxygen                          Cooling Water 2                   0.261000         1510.41  
07:10:17  INFO        Oxygen                          Power_Dis                       968.650000      5605577.55  
07:10:17  INFO        POWERGEN                        COMPRESSED AIR                    0.003420        60328.80  
07:10:17  INFO        POWERGEN                        COMPRESSED AIR                    0.003839        67719.96  
07:10:17  INFO        POWERGEN                        COMPRESSED AIR                    0.004011        70754.04  
07:10:17  INFO        POWERGEN                        Cooling Water 2                   0.000012          211.68  
07:10:17  INFO        POWERGEN                        Cooling Water 2                   0.000232         4092.48  
07:10:17  INFO        POWERGEN                        Cooling Water 2                   0.000013          229.32  
07:10:17  INFO        POWERGEN                        Power_Dis                         0.014000       246960.00  
07:10:17  INFO        POWERGEN                        Power_Dis                         0.002000        35280.00  
07:10:17  INFO        POWERGEN                        Power_Dis                         0.014000       246960.00  
07:10:17  INFO        POWERGEN                        SHP Steam_Dis                     0.003615        63768.60  
07:10:17  INFO        Power_Dis                       POWERGEN                          0.196717      5768844.30  
07:10:17  INFO        Power_Dis                       POWERGEN                          0.207066      6072334.95  
07:10:17  INFO        Power_Dis                       POWERGEN                          0.186036      5455617.56  
07:10:17  INFO        Power_Dis                       Power from MEL                    0.410169     12028452.55  
07:10:17  INFO        SHP Steam_Dis                   HRSG2_SHP STEAM                   0.500000        60134.82  
07:10:17  INFO        SHP Steam_Dis                   HRSG3_SHP STEAM                   0.500000        60134.82  
07:10:17  INFO        STG1_LP STEAM                   SHP Steam_Dis                     0.480000        11886.25  
07:10:17  INFO        STG1_MP STEAM                   SHP Steam_Dis                     0.690000         1435.51  
07:10:17  INFO      
07:10:17  INFO        Not yet converged: 13 materials
07:10:17  INFO          Boiler Feed Water               change = 0.3023%
07:10:17  INFO          COMPRESSED AIR                  change = 0.0123%
07:10:17  INFO          Cooling Water 2                 change = 1.0552%
07:10:17  INFO          D M Water                       change = 0.0534%
07:10:17  INFO          HRSG2_SHP STEAM                 change = 0.1428%
07:10:17  INFO          HRSG3_SHP STEAM                 change = 0.1428%
07:10:17  INFO          LP Steam PRDS                   change = 0.6392%
07:10:17  INFO          LP Steam_Dis                    change = 0.0534%
07:10:17  INFO          MP Steam PRDS SHP               change = 0.6034%
07:10:17  INFO          Ret steam condensate            change = 1.0795%
07:10:17  INFO          SHP Steam_Dis                   change = 3.0130%
07:10:17  INFO          STG1_LP STEAM                   change = 0.6392%
07:10:17  INFO          STG1_MP STEAM                   change = 0.6034%
07:10:17  INFO        ------------------------------------------------------------------------------------------
07:10:18  WARNING     [DISPATCH] No aux power norm for 'NMD-Power Plant-2'; using 0.0
07:10:18  WARNING     [DISPATCH] No aux power norm for 'NMD-Power Plant-3'; using 0.0
07:10:18  WARNING     [DISPATCH] No aux power norm for 'NMD-STG Power Plant'; using 0.0
07:10:18  INFO        ==============================================================================
07:10:18  INFO        POWER DISPATCH  (April 2025)
07:10:18  INFO        ==============================================================================
07:10:18  INFO        Demand:  Process = 29325.60 MWh  |  Fixed = 0.00 MWh  |  Total = 29325.60 MWh
07:10:18  INFO      
07:10:18  INFO        Asset                      Priority    Min MW    Max MW     Hours   Dispatched MW  Dispatched MWh    Load %  Free Steam MT  Aux Power MWh
07:10:18  INFO        -------------------------  --------  --------  --------  --------  --------------  --------------  --------  ------------  ------------
07:10:18  INFO        NMD-Power Plant-2                 1      5.00      5.00    720.00            5.00         3600.00    100.0%          0.00          0.00
07:10:18  INFO        NMD-Power Plant-3                 1      5.00      5.00    720.00            5.00         3600.00    100.0%          0.00          0.00
07:10:18  INFO        NMD-STG Power Plant               2      6.00     14.50    720.00           14.50        10440.00    100.0%          0.00          0.00
07:10:18  INFO        TOTAL                                                                                    17640.00                    0.00          0.00
07:10:18  INFO        DEFICIT: 11685.60 MWh under-generation
07:10:18  INFO        ==============================================================================
07:10:19  INFO        ==============================================================================
07:10:19  INFO        STEAM DISPATCH  (April 2025)
07:10:19  INFO        ==============================================================================
07:10:19  INFO        Grade      Process/Fixed MT  Letdown MT  Byproduct MT     Net Demand MT
07:10:19  INFO        ---------  ----------------  ----------  ------------  ----------------
07:10:19  INFO        MP                 24977.17    18732.88          0.00          24977.17
07:10:19  INFO        SHP               123354.36   131174.94          0.00         142087.24
07:10:19  INFO        HP                  4972.00        0.00          0.00           4972.00
07:10:19  INFO      
07:10:19  INFO        Total Free Steam available: 0.00 MT
07:10:19  INFO      
07:10:19  INFO        FINAL SUPPLEMENTARY FIRING DISPATCH
07:10:19  INFO        Asset                      Priority     Min TPH     Max TPH     Hours  Dispatched TPH   Dispatched MT    Load %
07:10:19  INFO        -------------------------  --------  ----------  ----------  --------  --------------  --------------  --------
07:10:19  INFO        HRSG-1                          999       60.00      136.00      0.00            0.00            0.00      0.0%
07:10:19  INFO        HRSG-2                            1       60.00      136.00    720.00           60.00        43200.00     44.1%
07:10:19  INFO        HRSG-3                            1       60.00      136.00    720.00           60.00        43200.00     44.1%
07:10:19  INFO        TOTAL SUPPLEMENTARY                                                                          86400.00          
07:10:19  INFO        TOTAL STEAM GENERATED                                                                        86400.00          
07:10:19  INFO        SURPLUS: 81428.00 MT
07:10:19  INFO        ==============================================================================
07:10:19  INFO        [U4U LOOP] Excess SHP: 81428.00 MT → STG +22873.03 MWh, GT -22873.03 MWh
07:10:19  INFO      
07:10:19  INFO        ------------------------------------------------------------------------------------------
07:10:19  INFO        ITERATION 7
07:10:19  INFO        ------------------------------------------------------------------------------------------
07:10:19  INFO        Power:  Demand =    29325604.38 KWH  |  Gen =       17640.00 MWh  |  Surplus =     0.00  |  Deficit = 11685.60
07:10:19  INFO        Steam:  Gen =       86400.00 MT  |  Surplus = 81428.00  |  Deficit =     0.00
07:10:19  INFO        Excess SHP:   81428.00 MT → STG override = 33313.03 MWh, GT reduction = 22873.03 MWh
07:10:19  INFO        Power delta: 3.1161 MWh  |  Converged: NO
07:10:19  INFO      
07:10:19  INFO        Utility                                Total Demand      U4U Demand         Initial    Change %
07:10:19  INFO        -----------------------------------  --------------  --------------  --------------  ----------
07:10:19  INFO        Boiler Feed Water                          94378.85        94413.64            0.00     0.3023%
07:10:19  INFO        COMPRESSED AIR                           7217513.73      1133917.19      6084105.59    84.2983%
07:10:19  INFO        Cooling Water 1                            15194.00            0.00        15194.00   100.0000%
07:10:19  INFO        Cooling Water 2                           288669.80       279740.22         9016.31     4.1456%
07:10:19  INFO        D M Water                                 136707.45        81165.81        55787.00    40.8392%
07:10:19  INFO        HP Steam PRDS                               4972.00         4972.00            0.00     0.0000%
07:10:19  INFO        HP Steam_Dis                                4972.00            0.00         4972.00   100.0000%
07:10:19  INFO        HRSG2_SHP STEAM                            60134.82        61677.18            0.00     0.1428%
07:10:19  INFO        HRSG3_SHP STEAM                            60134.82        61677.18            0.00     0.1428%
07:10:19  INFO        LP Steam PRDS                              13994.48        13997.10            0.00     0.6392%
07:10:19  INFO        LP Steam_Dis                               38924.07        13684.93        25280.51    64.9670%
07:10:19  INFO        MP Steam PRDS SHP                          22884.08        22884.08            0.00     0.6034%
07:10:19  INFO        MP Steam_Dis                               24977.17        10495.86        14548.40    58.2468%
07:10:19  INFO        Nitrogen Gas                             5437630.00            0.00      5437630.00   100.0000% (PT)
07:10:19  INFO        Oxygen                                      5787.00            0.00         5787.00   100.0000%
07:10:19  INFO        POWERGEN                                17296796.81     17296798.65            0.00     0.0057%
07:10:19  INFO        Power_Dis                               29325604.38        84277.66     29242067.20    99.7151%
07:10:19  INFO        SHP Steam_Dis                             123354.36       102590.21        20975.00    19.5046%
07:10:19  INFO        STG1_LP STEAM                              24922.31        24926.98            0.00     0.6392%
07:10:19  INFO        STG1_MP STEAM                               2093.09         2093.09            0.00     0.6034%
07:10:19  INFO        Water                                     280371.80            0.00       280371.80   100.0000% (PT)
07:10:19  INFO      
07:10:19  INFO        U4U CONSUMPTION BREAKDOWN (per producer per material):
07:10:19  INFO        Producer                        Material Consumed                     Norm        Quantity  Credit
07:10:19  INFO        ------------------------------  ------------------------------  ----------  --------------  ------
07:10:19  INFO        Boiler Feed Water               COMPRESSED AIR                    0.500000        47189.42  
07:10:19  INFO        Boiler Feed Water               Cooling Water 2                   0.001070          100.99  
07:10:19  INFO        Boiler Feed Water               D M Water                         0.860000        81165.81  
07:10:19  INFO        Boiler Feed Water               LP Steam_Dis                      0.145000        13684.93  
07:10:19  INFO        Boiler Feed Water               Power_Dis                         9.500000       896599.03  
07:10:19  INFO        COMPRESSED AIR                  Cooling Water 2                   0.000025          180.44  
07:10:19  INFO        COMPRESSED AIR                  Power_Dis                         0.165000      1190889.77  
07:10:19  INFO        Cooling Water 1                 COMPRESSED AIR                    0.108592         1649.95  
07:10:19  INFO        Cooling Water 1                 Power_Dis                       244.999997      3722529.95  
07:10:19  INFO        Cooling Water 2                 COMPRESSED AIR                    0.123044        35519.09  
07:10:19  INFO        Cooling Water 2                 Power_Dis                       249.999997     72167449.58  
07:10:19  INFO        D M Water                       COMPRESSED AIR                    0.077000        10526.47  
07:10:19  INFO        D M Water                       Cooling Water 2                   2.000000       273414.91  
07:10:19  INFO        D M Water                       Power_Dis                         1.210000       165416.02  
07:10:19  INFO        D M Water                       Ret steam condensate              0.203000        27751.61  
07:10:19  INFO        HP Steam PRDS                   Boiler Feed Water                 0.076800          381.85  
07:10:19  INFO        HP Steam PRDS                   SHP Steam_Dis                     0.923200         4590.15  
07:10:19  INFO        HP Steam_Dis                    HP Steam PRDS                     1.000000         4972.00  
07:10:19  INFO        HRSG2_SHP STEAM                 Boiler Feed Water                 1.024000        44236.80  
07:10:19  INFO        HRSG2_SHP STEAM                 COMPRESSED AIR                    9.853236       425659.80  
07:10:19  INFO        HRSG2_SHP STEAM                 LP Steam_Dis                     -0.078000        -3369.60  YES
07:10:19  INFO        HRSG3_SHP STEAM                 Boiler Feed Water                 1.024000        44236.80  
07:10:19  INFO        HRSG3_SHP STEAM                 COMPRESSED AIR                    9.596520       414569.66  
07:10:19  INFO        HRSG3_SHP STEAM                 LP Steam_Dis                     -0.078000        -3369.60  YES
07:10:19  INFO        LP Steam PRDS                   Boiler Feed Water                 0.250000         3498.62  
07:10:19  INFO        LP Steam PRDS                   MP Steam_Dis                      0.750000        10495.86  
07:10:19  INFO        LP Steam_Dis                    LP Steam PRDS                     0.359600        13997.10  
07:10:19  INFO        LP Steam_Dis                    STG1_LP STEAM                     0.640400        24926.98  
07:10:19  INFO        MP Steam PRDS SHP               Boiler Feed Water                 0.090000         2059.57  
07:10:19  INFO        MP Steam PRDS SHP               SHP Steam_Dis                     0.910000        20824.52  
07:10:19  INFO        MP Steam_Dis                    MP Steam PRDS SHP                 0.916200        22884.08  
07:10:19  INFO        MP Steam_Dis                    STG1_MP STEAM                     0.083800         2093.09  
07:10:19  INFO        Oxygen                          Cooling Water 2                   0.261000         1510.41  
07:10:19  INFO        Oxygen                          Power_Dis                       968.650000      5605577.55  
07:10:19  INFO        POWERGEN                        COMPRESSED AIR                    0.003420        60328.80  
07:10:19  INFO        POWERGEN                        COMPRESSED AIR                    0.003839        67719.96  
07:10:19  INFO        POWERGEN                        COMPRESSED AIR                    0.004011        70754.04  
07:10:19  INFO        POWERGEN                        Cooling Water 2                   0.000012          211.68  
07:10:19  INFO        POWERGEN                        Cooling Water 2                   0.000232         4092.48  
07:10:19  INFO        POWERGEN                        Cooling Water 2                   0.000013          229.32  
07:10:19  INFO        POWERGEN                        Power_Dis                         0.014000       246960.00  
07:10:19  INFO        POWERGEN                        Power_Dis                         0.002000        35280.00  
07:10:19  INFO        POWERGEN                        Power_Dis                         0.014000       246960.00  
07:10:19  INFO        POWERGEN                        SHP Steam_Dis                     0.003615        63768.60  
07:10:19  INFO        Power_Dis                       POWERGEN                          0.196717      5768844.92  
07:10:19  INFO        Power_Dis                       POWERGEN                          0.207066      6072335.60  
07:10:19  INFO        Power_Dis                       POWERGEN                          0.186036      5455618.14  
07:10:19  INFO        Power_Dis                       Power from MEL                    0.410169     12028453.82  
07:10:19  INFO        SHP Steam_Dis                   HRSG2_SHP STEAM                   0.500000        61677.18  
07:10:19  INFO        SHP Steam_Dis                   HRSG3_SHP STEAM                   0.500000        61677.18  
07:10:19  INFO        STG1_LP STEAM                   SHP Steam_Dis                     0.480000        11962.71  
07:10:19  INFO        STG1_MP STEAM                   SHP Steam_Dis                     0.690000         1444.23  
07:10:19  INFO      
07:10:19  INFO        Not yet converged: 13 materials
07:10:19  INFO          Boiler Feed Water               change = 0.0368%
07:10:19  INFO          COMPRESSED AIR                  change = 0.0449%
07:10:19  INFO          Cooling Water 2                 change = 0.0310%
07:10:19  INFO          D M Water                       change = 0.3023%
07:10:19  INFO          HRSG2_SHP STEAM                 change = 2.5007%
07:10:19  INFO          HRSG3_SHP STEAM                 change = 2.5007%
07:10:19  INFO          LP Steam PRDS                   change = 0.0187%
07:10:19  INFO          LP Steam_Dis                    change = 0.3023%
07:10:19  INFO          MP Steam_Dis                    change = 0.6392%
07:10:19  INFO          Power_Dis                       change = 0.8786%
07:10:19  INFO          Ret steam condensate            change = 0.0316%
07:10:19  INFO          SHP Steam_Dis                   change = 0.2055%
07:10:19  INFO          STG1_LP STEAM                   change = 0.0187%
07:10:19  INFO        ------------------------------------------------------------------------------------------
07:10:19  WARNING     [DISPATCH] No aux power norm for 'NMD-Power Plant-2'; using 0.0
07:10:19  WARNING     [DISPATCH] No aux power norm for 'NMD-Power Plant-3'; using 0.0
07:10:19  WARNING     [DISPATCH] No aux power norm for 'NMD-STG Power Plant'; using 0.0
07:10:19  INFO        ==============================================================================
07:10:19  INFO        POWER DISPATCH  (April 2025)
07:10:19  INFO        ==============================================================================
07:10:19  INFO        Demand:  Process = 29326.34 MWh  |  Fixed = 0.00 MWh  |  Total = 29326.34 MWh
07:10:19  INFO      
07:10:19  INFO        Asset                      Priority    Min MW    Max MW     Hours   Dispatched MW  Dispatched MWh    Load %  Free Steam MT  Aux Power MWh
07:10:19  INFO        -------------------------  --------  --------  --------  --------  --------------  --------------  --------  ------------  ------------
07:10:19  INFO        NMD-Power Plant-2                 1      5.00      5.00    720.00            5.00         3600.00    100.0%          0.00          0.00
07:10:19  INFO        NMD-Power Plant-3                 1      5.00      5.00    720.00            5.00         3600.00    100.0%          0.00          0.00
07:10:19  INFO        NMD-STG Power Plant               2      6.00     14.50    720.00           14.50        10440.00    100.0%          0.00          0.00
07:10:19  INFO        TOTAL                                                                                    17640.00                    0.00          0.00
07:10:19  INFO        DEFICIT: 11686.34 MWh under-generation
07:10:19  INFO        ==============================================================================
07:10:20  INFO        ==============================================================================
07:10:20  INFO        STEAM DISPATCH  (April 2025)
07:10:20  INFO        ==============================================================================
07:10:20  INFO        Grade      Process/Fixed MT  Letdown MT  Byproduct MT     Net Demand MT
07:10:20  INFO        ---------  ----------------  ----------  ------------  ----------------
07:10:20  INFO        MP                 25044.26    18783.19          0.00          25044.26
07:10:20  INFO        SHP               123565.21   131416.04          0.00         142348.40
07:10:20  INFO        HP                  4972.00        0.00          0.00           4972.00
07:10:20  INFO      
07:10:20  INFO        Total Free Steam available: 0.00 MT
07:10:20  INFO      
07:10:20  INFO        FINAL SUPPLEMENTARY FIRING DISPATCH
07:10:20  INFO        Asset                      Priority     Min TPH     Max TPH     Hours  Dispatched TPH   Dispatched MT    Load %
07:10:20  INFO        -------------------------  --------  ----------  ----------  --------  --------------  --------------  --------
07:10:20  INFO        HRSG-1                          999       60.00      136.00      0.00            0.00            0.00      0.0%
07:10:20  INFO        HRSG-2                            1       60.00      136.00    720.00           60.00        43200.00     44.1%
07:10:20  INFO        HRSG-3                            1       60.00      136.00    720.00           60.00        43200.00     44.1%
07:10:20  INFO        TOTAL SUPPLEMENTARY                                                                          86400.00          
07:10:20  INFO        TOTAL STEAM GENERATED                                                                        86400.00          
07:10:20  INFO        SURPLUS: 81428.00 MT
07:10:20  INFO        ==============================================================================
07:10:20  INFO        [U4U LOOP] Excess SHP: 81428.00 MT → STG +22873.03 MWh, GT -22873.03 MWh
07:10:20  INFO      
07:10:20  INFO        ------------------------------------------------------------------------------------------
07:10:20  INFO        ITERATION 8
07:10:20  INFO        ------------------------------------------------------------------------------------------
07:10:20  INFO        Power:  Demand =    29326344.86 KWH  |  Gen =       17640.00 MWh  |  Surplus =     0.00  |  Deficit = 11686.34
07:10:20  INFO        Steam:  Gen =       86400.00 MT  |  Surplus = 81428.00  |  Deficit =     0.00
07:10:20  INFO        Excess SHP:   81428.00 MT → STG override = 33313.03 MWh, GT reduction = 22873.03 MWh
07:10:20  INFO        Power delta: 740.4783 MWh  |  Converged: NO
07:10:20  INFO      
07:10:20  INFO        Utility                                Total Demand      U4U Demand         Initial    Change %
07:10:20  INFO        -----------------------------------  --------------  --------------  --------------  ----------
07:10:20  INFO        Boiler Feed Water                          94413.64        94414.29            0.00     0.0368%
07:10:20  INFO        COMPRESSED AIR                           7218022.78      1133964.15      6084105.59    84.2975%
07:10:20  INFO        Cooling Water 1                            15194.00            0.00        15194.00   100.0000%
07:10:20  INFO        Cooling Water 2                           288756.53       280230.97         9016.31     3.1525%
07:10:20  INFO        D M Water                                 136952.81        81195.73        55787.00    40.9136%
07:10:20  INFO        HP Steam PRDS                               4972.00         4972.00            0.00     0.0000%
07:10:20  INFO        HP Steam_Dis                                4972.00            0.00         4972.00   100.0000%
07:10:20  INFO        HRSG2_SHP STEAM                            61677.18        61782.60            0.00     2.5007%
07:10:20  INFO        HRSG3_SHP STEAM                            61677.18        61782.60            0.00     2.5007%
07:10:20  INFO        LP Steam PRDS                              13997.10        14011.97            0.00     0.0187%
07:10:20  INFO        LP Steam_Dis                               38965.44        13689.98        25280.51    64.9855%
07:10:20  INFO        MP Steam PRDS SHP                          22884.08        22945.55            0.00     0.0000%
07:10:20  INFO        MP Steam_Dis                               25044.26        10497.82        14548.40    58.3586%
07:10:20  INFO        Nitrogen Gas                             5437630.00            0.00      5437630.00   100.0000% (PT)
07:10:20  INFO        Oxygen                                      5787.00            0.00         5787.00   100.0000%
07:10:20  INFO        POWERGEN                                17296798.65     17297235.40            0.00     0.0000%
07:10:20  INFO        Power_Dis                               29326344.86        84300.05     29242067.20    99.7151%
07:10:20  INFO        SHP Steam_Dis                             123565.21       102592.45        20975.00    17.1455%
07:10:20  INFO        STG1_LP STEAM                              24926.98        24953.47            0.00     0.0187%
07:10:20  INFO        STG1_MP STEAM                               2093.09         2098.71            0.00     0.0000%
07:10:20  INFO        Water                                     280371.80            0.00       280371.80   100.0000% (PT)
07:10:20  INFO      
07:10:20  INFO        U4U CONSUMPTION BREAKDOWN (per producer per material):
07:10:20  INFO        Producer                        Material Consumed                     Norm        Quantity  Credit
07:10:20  INFO        ------------------------------  ------------------------------  ----------  --------------  ------
07:10:20  INFO        Boiler Feed Water               COMPRESSED AIR                    0.500000        47206.82  
07:10:20  INFO        Boiler Feed Water               Cooling Water 2                   0.001070          101.02  
07:10:20  INFO        Boiler Feed Water               D M Water                         0.860000        81195.73  
07:10:20  INFO        Boiler Feed Water               LP Steam_Dis                      0.145000        13689.98  
07:10:20  INFO        Boiler Feed Water               Power_Dis                         9.500000       896929.55  
07:10:20  INFO        COMPRESSED AIR                  Cooling Water 2                   0.000025          180.45  
07:10:20  INFO        COMPRESSED AIR                  Power_Dis                         0.165000      1190973.76  
07:10:20  INFO        Cooling Water 1                 COMPRESSED AIR                    0.108592         1649.95  
07:10:20  INFO        Cooling Water 1                 Power_Dis                       244.999997      3722529.95  
07:10:20  INFO        Cooling Water 2                 COMPRESSED AIR                    0.123044        35529.76  
07:10:20  INFO        Cooling Water 2                 Power_Dis                       249.999997     72189130.58  
07:10:20  INFO        D M Water                       COMPRESSED AIR                    0.077000        10545.37  
07:10:20  INFO        D M Water                       Cooling Water 2                   2.000000       273905.61  
07:10:20  INFO        D M Water                       Power_Dis                         1.210000       165712.90  
07:10:20  INFO        D M Water                       Ret steam condensate              0.203000        27801.42  
07:10:20  INFO        HP Steam PRDS                   Boiler Feed Water                 0.076800          381.85  
07:10:20  INFO        HP Steam PRDS                   SHP Steam_Dis                     0.923200         4590.15  
07:10:20  INFO        HP Steam_Dis                    HP Steam PRDS                     1.000000         4972.00  
07:10:20  INFO        HRSG2_SHP STEAM                 Boiler Feed Water                 1.024000        44236.80  
07:10:20  INFO        HRSG2_SHP STEAM                 COMPRESSED AIR                    9.853236       425659.80  
07:10:20  INFO        HRSG2_SHP STEAM                 LP Steam_Dis                     -0.078000        -3369.60  YES
07:10:20  INFO        HRSG3_SHP STEAM                 Boiler Feed Water                 1.024000        44236.80  
07:10:20  INFO        HRSG3_SHP STEAM                 COMPRESSED AIR                    9.596520       414569.66  
07:10:20  INFO        HRSG3_SHP STEAM                 LP Steam_Dis                     -0.078000        -3369.60  YES
07:10:20  INFO        LP Steam PRDS                   Boiler Feed Water                 0.250000         3499.27  
07:10:20  INFO        LP Steam PRDS                   MP Steam_Dis                      0.750000        10497.82  
07:10:20  INFO        LP Steam_Dis                    LP Steam PRDS                     0.359600        14011.97  
07:10:20  INFO        LP Steam_Dis                    STG1_LP STEAM                     0.640400        24953.47  
07:10:20  INFO        MP Steam PRDS SHP               Boiler Feed Water                 0.090000         2059.57  
07:10:20  INFO        MP Steam PRDS SHP               SHP Steam_Dis                     0.910000        20824.52  
07:10:20  INFO        MP Steam_Dis                    MP Steam PRDS SHP                 0.916200        22945.55  
07:10:20  INFO        MP Steam_Dis                    STG1_MP STEAM                     0.083800         2098.71  
07:10:20  INFO        Oxygen                          Cooling Water 2                   0.261000         1510.41  
07:10:20  INFO        Oxygen                          Power_Dis                       968.650000      5605577.55  
07:10:20  INFO        POWERGEN                        COMPRESSED AIR                    0.003420        60328.80  
07:10:20  INFO        POWERGEN                        COMPRESSED AIR                    0.003839        67719.96  
07:10:20  INFO        POWERGEN                        COMPRESSED AIR                    0.004011        70754.04  
07:10:20  INFO        POWERGEN                        Cooling Water 2                   0.000012          211.68  
07:10:20  INFO        POWERGEN                        Cooling Water 2                   0.000232         4092.48  
07:10:20  INFO        POWERGEN                        Cooling Water 2                   0.000013          229.32  
07:10:20  INFO        POWERGEN                        Power_Dis                         0.014000       246960.00  
07:10:20  INFO        POWERGEN                        Power_Dis                         0.002000        35280.00  
07:10:20  INFO        POWERGEN                        Power_Dis                         0.014000       246960.00  
07:10:20  INFO        POWERGEN                        SHP Steam_Dis                     0.003615        63768.60  
07:10:20  INFO        Power_Dis                       POWERGEN                          0.196717      5768990.58  
07:10:20  INFO        Power_Dis                       POWERGEN                          0.207066      6072488.93  
07:10:20  INFO        Power_Dis                       POWERGEN                          0.186036      5455755.89  
07:10:20  INFO        Power_Dis                       Power from MEL                    0.410169     12028757.55  
07:10:20  INFO        SHP Steam_Dis                   HRSG2_SHP STEAM                   0.500000        61782.60  
07:10:20  INFO        SHP Steam_Dis                   HRSG3_SHP STEAM                   0.500000        61782.60  
07:10:20  INFO        STG1_LP STEAM                   SHP Steam_Dis                     0.480000        11964.95  
07:10:20  INFO        STG1_MP STEAM                   SHP Steam_Dis                     0.690000         1444.23  
07:10:20  INFO      
07:10:20  INFO        Not yet converged: 12 materials
07:10:20  INFO          Cooling Water 2                 change = 0.1751%
07:10:20  INFO          D M Water                       change = 0.0368%
07:10:20  INFO          HRSG2_SHP STEAM                 change = 0.1706%
07:10:20  INFO          HRSG3_SHP STEAM                 change = 0.1706%
07:10:20  INFO          LP Steam PRDS                   change = 0.1062%
07:10:20  INFO          LP Steam_Dis                    change = 0.0368%
07:10:20  INFO          MP Steam PRDS SHP               change = 0.2679%
07:10:20  INFO          MP Steam_Dis                    change = 0.0187%
07:10:20  INFO          Power_Dis                       change = 0.0266%
07:10:20  INFO          Ret steam condensate            change = 0.1792%
07:10:20  INFO          STG1_LP STEAM                   change = 0.1062%
07:10:20  INFO          STG1_MP STEAM                   change = 0.2679%
07:10:20  INFO        ------------------------------------------------------------------------------------------
07:10:21  WARNING     [DISPATCH] No aux power norm for 'NMD-Power Plant-2'; using 0.0
07:10:21  WARNING     [DISPATCH] No aux power norm for 'NMD-Power Plant-3'; using 0.0
07:10:21  WARNING     [DISPATCH] No aux power norm for 'NMD-STG Power Plant'; using 0.0
07:10:21  INFO        ==============================================================================
07:10:21  INFO        POWER DISPATCH  (April 2025)
07:10:21  INFO        ==============================================================================
07:10:21  INFO        Demand:  Process = 29326.37 MWh  |  Fixed = 0.00 MWh  |  Total = 29326.37 MWh
07:10:21  INFO      
07:10:21  INFO        Asset                      Priority    Min MW    Max MW     Hours   Dispatched MW  Dispatched MWh    Load %  Free Steam MT  Aux Power MWh
07:10:21  INFO        -------------------------  --------  --------  --------  --------  --------------  --------------  --------  ------------  ------------
07:10:21  INFO        NMD-Power Plant-2                 1      5.00      5.00    720.00            5.00         3600.00    100.0%          0.00          0.00
07:10:21  INFO        NMD-Power Plant-3                 1      5.00      5.00    720.00            5.00         3600.00    100.0%          0.00          0.00
07:10:21  INFO        NMD-STG Power Plant               2      6.00     14.50    720.00           14.50        10440.00    100.0%          0.00          0.00
07:10:21  INFO        TOTAL                                                                                    17640.00                    0.00          0.00
07:10:21  INFO        DEFICIT: 11686.37 MWh under-generation
07:10:21  INFO        ==============================================================================
07:10:22  INFO        ==============================================================================
07:10:22  INFO        STEAM DISPATCH  (April 2025)
07:10:22  INFO        ==============================================================================
07:10:22  INFO        Grade      Process/Fixed MT  Letdown MT  Byproduct MT     Net Demand MT
07:10:22  INFO        ---------  ----------------  ----------  ------------  ----------------
07:10:22  INFO        MP                 25046.22    18784.67          0.00          25046.22
07:10:22  INFO        SHP               123567.45   131419.47          0.00         142352.11
07:10:22  INFO        HP                  4972.00        0.00          0.00           4972.00
07:10:22  INFO      
07:10:22  INFO        Total Free Steam available: 0.00 MT
07:10:22  INFO      
07:10:22  INFO        FINAL SUPPLEMENTARY FIRING DISPATCH
07:10:22  INFO        Asset                      Priority     Min TPH     Max TPH     Hours  Dispatched TPH   Dispatched MT    Load %
07:10:22  INFO        -------------------------  --------  ----------  ----------  --------  --------------  --------------  --------
07:10:22  INFO        HRSG-1                          999       60.00      136.00      0.00            0.00            0.00      0.0%
07:10:22  INFO        HRSG-2                            1       60.00      136.00    720.00           60.00        43200.00     44.1%
07:10:22  INFO        HRSG-3                            1       60.00      136.00    720.00           60.00        43200.00     44.1%
07:10:22  INFO        TOTAL SUPPLEMENTARY                                                                          86400.00          
07:10:22  INFO        TOTAL STEAM GENERATED                                                                        86400.00          
07:10:22  INFO        SURPLUS: 81428.00 MT
07:10:22  INFO        ==============================================================================
07:10:22  INFO        [U4U LOOP] Excess SHP: 81428.00 MT → STG +22873.03 MWh, GT -22873.03 MWh
07:10:22  INFO      
07:10:22  INFO        ------------------------------------------------------------------------------------------
07:10:22  INFO        ITERATION 9
07:10:22  INFO        ------------------------------------------------------------------------------------------
07:10:22  INFO        Power:  Demand =    29326367.25 KWH  |  Gen =       17640.00 MWh  |  Surplus =     0.00  |  Deficit = 11686.37
07:10:22  INFO        Steam:  Gen =       86400.00 MT  |  Surplus = 81428.00  |  Deficit =     0.00
07:10:22  INFO        Excess SHP:   81428.00 MT → STG override = 33313.03 MWh, GT reduction = 22873.03 MWh
07:10:22  INFO        Power delta: 22.3924 MWh  |  Converged: NO
07:10:22  INFO      
07:10:22  INFO        Utility                                Total Demand      U4U Demand         Initial    Change %
07:10:22  INFO        -----------------------------------  --------------  --------------  --------------  ----------
07:10:22  INFO        Boiler Feed Water                          94414.29        94423.54            0.00     0.0007%
07:10:22  INFO        COMPRESSED AIR                           7218069.74      1134027.16      6084105.59    84.2906%
07:10:22  INFO        Cooling Water 1                            15194.00            0.00        15194.00   100.0000%
07:10:22  INFO        Cooling Water 2                           289247.28       280290.82         9016.31     3.2868%
07:10:22  INFO        D M Water                                 136982.73        81196.29        55787.00    40.7474%
07:10:22  INFO        HP Steam PRDS                               4972.00         4972.00            0.00     0.0000%
07:10:22  INFO        HP Steam_Dis                                4972.00            0.00         4972.00   100.0000%
07:10:22  INFO        HRSG2_SHP STEAM                            61782.60        61783.72            0.00     0.1706%
07:10:22  INFO        HRSG3_SHP STEAM                            61782.60        61783.72            0.00     0.1706%
07:10:22  INFO        LP Steam PRDS                              14011.97        14013.79            0.00     0.1062%
07:10:22  INFO        LP Steam_Dis                               38970.49        13690.07        25280.51    64.8839%
07:10:22  INFO        MP Steam PRDS SHP                          22945.55        22947.35            0.00     0.2679%
07:10:22  INFO        MP Steam_Dis                               25046.22        10508.98        14548.40    58.0940%
07:10:22  INFO        Nitrogen Gas                             5437630.00            0.00      5437630.00   100.0000% (PT)
07:10:22  INFO        Oxygen                                      5787.00            0.00         5787.00   100.0000%
07:10:22  INFO        POWERGEN                                17297235.40     17297248.61            0.00     0.0025%
07:10:22  INFO        Power_Dis                               29326367.25        84422.79     29242067.20    99.7126%
07:10:22  INFO        SHP Steam_Dis                             123567.45       102664.97        20975.00    16.9763%
07:10:22  INFO        STG1_LP STEAM                              24953.47        24956.70            0.00     0.1062%
07:10:22  INFO        STG1_MP STEAM                               2098.71         2098.87            0.00     0.2679%
07:10:22  INFO        Water                                     280371.80            0.00       280371.80   100.0000% (PT)
07:10:22  INFO      
07:10:22  INFO        U4U CONSUMPTION BREAKDOWN (per producer per material):
07:10:22  INFO        Producer                        Material Consumed                     Norm        Quantity  Credit
07:10:22  INFO        ------------------------------  ------------------------------  ----------  --------------  ------
07:10:22  INFO        Boiler Feed Water               COMPRESSED AIR                    0.500000        47207.15  
07:10:22  INFO        Boiler Feed Water               Cooling Water 2                   0.001070          101.02  
07:10:22  INFO        Boiler Feed Water               D M Water                         0.860000        81196.29  
07:10:22  INFO        Boiler Feed Water               LP Steam_Dis                      0.145000        13690.07  
07:10:22  INFO        Boiler Feed Water               Power_Dis                         9.500000       896935.77  
07:10:22  INFO        COMPRESSED AIR                  Cooling Water 2                   0.000025          180.45  
07:10:22  INFO        COMPRESSED AIR                  Power_Dis                         0.165000      1190981.51  
07:10:22  INFO        Cooling Water 1                 COMPRESSED AIR                    0.108592         1649.95  
07:10:22  INFO        Cooling Water 1                 Power_Dis                       244.999997      3722529.95  
07:10:22  INFO        Cooling Water 2                 COMPRESSED AIR                    0.123044        35590.14  
07:10:22  INFO        Cooling Water 2                 Power_Dis                       249.999997     72311820.28  
07:10:22  INFO        D M Water                       COMPRESSED AIR                    0.077000        10547.67  
07:10:22  INFO        D M Water                       Cooling Water 2                   2.000000       273965.45  
07:10:22  INFO        D M Water                       Power_Dis                         1.210000       165749.10  
07:10:22  INFO        D M Water                       Ret steam condensate              0.203000        27807.49  
07:10:22  INFO        HP Steam PRDS                   Boiler Feed Water                 0.076800          381.85  
07:10:22  INFO        HP Steam PRDS                   SHP Steam_Dis                     0.923200         4590.15  
07:10:22  INFO        HP Steam_Dis                    HP Steam PRDS                     1.000000         4972.00  
07:10:22  INFO        HRSG2_SHP STEAM                 Boiler Feed Water                 1.024000        44236.80  
07:10:22  INFO        HRSG2_SHP STEAM                 COMPRESSED AIR                    9.853236       425659.80  
07:10:22  INFO        HRSG2_SHP STEAM                 LP Steam_Dis                     -0.078000        -3369.60  YES
07:10:22  INFO        HRSG3_SHP STEAM                 Boiler Feed Water                 1.024000        44236.80  
07:10:22  INFO        HRSG3_SHP STEAM                 COMPRESSED AIR                    9.596520       414569.66  
07:10:22  INFO        HRSG3_SHP STEAM                 LP Steam_Dis                     -0.078000        -3369.60  YES
07:10:22  INFO        LP Steam PRDS                   Boiler Feed Water                 0.250000         3502.99  
07:10:22  INFO        LP Steam PRDS                   MP Steam_Dis                      0.750000        10508.98  
07:10:22  INFO        LP Steam_Dis                    LP Steam PRDS                     0.359600        14013.79  
07:10:22  INFO        LP Steam_Dis                    STG1_LP STEAM                     0.640400        24956.70  
07:10:22  INFO        MP Steam PRDS SHP               Boiler Feed Water                 0.090000         2065.10  
07:10:22  INFO        MP Steam PRDS SHP               SHP Steam_Dis                     0.910000        20880.45  
07:10:22  INFO        MP Steam_Dis                    MP Steam PRDS SHP                 0.916200        22947.35  
07:10:22  INFO        MP Steam_Dis                    STG1_MP STEAM                     0.083800         2098.87  
07:10:22  INFO        Oxygen                          Cooling Water 2                   0.261000         1510.41  
07:10:22  INFO        Oxygen                          Power_Dis                       968.650000      5605577.55  
07:10:22  INFO        POWERGEN                        COMPRESSED AIR                    0.003420        60328.80  
07:10:22  INFO        POWERGEN                        COMPRESSED AIR                    0.003839        67719.96  
07:10:22  INFO        POWERGEN                        COMPRESSED AIR                    0.004011        70754.04  
07:10:22  INFO        POWERGEN                        Cooling Water 2                   0.000012          211.68  
07:10:22  INFO        POWERGEN                        Cooling Water 2                   0.000232         4092.48  
07:10:22  INFO        POWERGEN                        Cooling Water 2                   0.000013          229.32  
07:10:22  INFO        POWERGEN                        Power_Dis                         0.014000       246960.00  
07:10:22  INFO        POWERGEN                        Power_Dis                         0.002000        35280.00  
07:10:22  INFO        POWERGEN                        Power_Dis                         0.014000       246960.00  
07:10:22  INFO        POWERGEN                        SHP Steam_Dis                     0.003615        63768.60  
07:10:22  INFO        Power_Dis                       POWERGEN                          0.196717      5768994.99  
07:10:22  INFO        Power_Dis                       POWERGEN                          0.207066      6072493.56  
07:10:22  INFO        Power_Dis                       POWERGEN                          0.186036      5455760.06  
07:10:22  INFO        Power_Dis                       Power from MEL                    0.410169     12028766.73  
07:10:22  INFO        SHP Steam_Dis                   HRSG2_SHP STEAM                   0.500000        61783.72  
07:10:22  INFO        SHP Steam_Dis                   HRSG3_SHP STEAM                   0.500000        61783.72  
07:10:22  INFO        STG1_LP STEAM                   SHP Steam_Dis                     0.480000        11977.67  
07:10:22  INFO        STG1_MP STEAM                   SHP Steam_Dis                     0.690000         1448.11  
07:10:22  INFO      
07:10:22  INFO        Not yet converged: 7 materials
07:10:22  INFO          Cooling Water 2                 change = 0.0214%
07:10:22  INFO          LP Steam PRDS                   change = 0.0129%
07:10:22  INFO          MP Steam_Dis                    change = 0.1062%
07:10:22  INFO          Power_Dis                       change = 0.1454%
07:10:22  INFO          Ret steam condensate            change = 0.0218%
07:10:22  INFO          SHP Steam_Dis                   change = 0.0706%
07:10:22  INFO          STG1_LP STEAM                   change = 0.0129%
07:10:22  INFO        ------------------------------------------------------------------------------------------
07:10:22  WARNING     [DISPATCH] No aux power norm for 'NMD-Power Plant-2'; using 0.0
07:10:22  WARNING     [DISPATCH] No aux power norm for 'NMD-Power Plant-3'; using 0.0
07:10:22  WARNING     [DISPATCH] No aux power norm for 'NMD-STG Power Plant'; using 0.0
07:10:22  INFO        ==============================================================================
07:10:22  INFO        POWER DISPATCH  (April 2025)
07:10:22  INFO        ==============================================================================
07:10:22  INFO        Demand:  Process = 29326.49 MWh  |  Fixed = 0.00 MWh  |  Total = 29326.49 MWh
07:10:22  INFO      
07:10:22  INFO        Asset                      Priority    Min MW    Max MW     Hours   Dispatched MW  Dispatched MWh    Load %  Free Steam MT  Aux Power MWh
07:10:22  INFO        -------------------------  --------  --------  --------  --------  --------------  --------------  --------  ------------  ------------
07:10:22  INFO        NMD-Power Plant-2                 1      5.00      5.00    720.00            5.00         3600.00    100.0%          0.00          0.00
07:10:22  INFO        NMD-Power Plant-3                 1      5.00      5.00    720.00            5.00         3600.00    100.0%          0.00          0.00
07:10:22  INFO        NMD-STG Power Plant               2      6.00     14.50    720.00           14.50        10440.00    100.0%          0.00          0.00
07:10:22  INFO        TOTAL                                                                                    17640.00                    0.00          0.00
07:10:22  INFO        DEFICIT: 11686.49 MWh under-generation
07:10:22  INFO        ==============================================================================
07:10:23  INFO        ==============================================================================
07:10:23  INFO        STEAM DISPATCH  (April 2025)
07:10:23  INFO        ==============================================================================
07:10:23  INFO        Grade      Process/Fixed MT  Letdown MT  Byproduct MT     Net Demand MT
07:10:23  INFO        ---------  ----------------  ----------  ------------  ----------------
07:10:23  INFO        MP                 25057.38    18793.03          0.00          25057.38
07:10:23  INFO        SHP               123639.97   131494.15          0.00         142433.01
07:10:23  INFO        HP                  4972.00        0.00          0.00           4972.00
07:10:23  INFO      
07:10:23  INFO        Total Free Steam available: 0.00 MT
07:10:23  INFO      
07:10:23  INFO        FINAL SUPPLEMENTARY FIRING DISPATCH
07:10:23  INFO        Asset                      Priority     Min TPH     Max TPH     Hours  Dispatched TPH   Dispatched MT    Load %
07:10:23  INFO        -------------------------  --------  ----------  ----------  --------  --------------  --------------  --------
07:10:23  INFO        HRSG-1                          999       60.00      136.00      0.00            0.00            0.00      0.0%
07:10:23  INFO        HRSG-2                            1       60.00      136.00    720.00           60.00        43200.00     44.1%
07:10:23  INFO        HRSG-3                            1       60.00      136.00    720.00           60.00        43200.00     44.1%
07:10:23  INFO        TOTAL SUPPLEMENTARY                                                                          86400.00          
07:10:23  INFO        TOTAL STEAM GENERATED                                                                        86400.00          
07:10:23  INFO        SURPLUS: 81428.00 MT
07:10:23  INFO        ==============================================================================
07:10:23  INFO        [U4U LOOP] Excess SHP: 81428.00 MT → STG +22873.03 MWh, GT -22873.03 MWh
07:10:23  INFO      
07:10:23  INFO        ------------------------------------------------------------------------------------------
07:10:23  INFO        ITERATION 10
07:10:23  INFO        ------------------------------------------------------------------------------------------
07:10:23  INFO        Power:  Demand =    29326489.99 KWH  |  Gen =       17640.00 MWh  |  Surplus =     0.00  |  Deficit = 11686.49
07:10:23  INFO        Steam:  Gen =       86400.00 MT  |  Surplus = 81428.00  |  Deficit =     0.00
07:10:23  INFO        Excess SHP:   81428.00 MT → STG override = 33313.03 MWh, GT reduction = 22873.03 MWh
07:10:23  INFO        Power delta: 122.7399 MWh  |  Converged: NO
07:10:23  INFO      
07:10:23  INFO        Utility                                Total Demand      U4U Demand         Initial    Change %
07:10:23  INFO        -----------------------------------  --------------  --------------  --------------  ----------
07:10:23  INFO        Boiler Feed Water                          94423.54        94424.16            0.00     0.0098%
07:10:23  INFO        COMPRESSED AIR                           7218132.75      1134039.20      6084105.59    84.2901%
07:10:23  INFO        Cooling Water 1                            15194.00            0.00        15194.00   100.0000%
07:10:23  INFO        Cooling Water 2                           289307.13       280291.95         9016.31     3.1372%
07:10:23  INFO        D M Water                                 136983.29        81204.25        55787.00    40.7258%
07:10:23  INFO        HP Steam PRDS                               4972.00         4972.00            0.00     0.0000%
07:10:23  INFO        HP Steam_Dis                                4972.00            0.00         4972.00   100.0000%
07:10:23  INFO        HRSG2_SHP STEAM                            61783.72        61819.99            0.00     0.0018%
07:10:23  INFO        HRSG3_SHP STEAM                            61783.72        61819.99            0.00     0.0018%
07:10:23  INFO        LP Steam PRDS                              14013.79        14013.82            0.00     0.0129%
07:10:23  INFO        LP Steam_Dis                               38970.58        13691.41        25280.51    64.8710%
07:10:23  INFO        MP Steam PRDS SHP                          22947.35        22957.57            0.00     0.0078%
07:10:23  INFO        MP Steam_Dis                               25057.38        10510.34        14548.40    58.1049%
07:10:23  INFO        Nitrogen Gas                             5437630.00            0.00      5437630.00   100.0000% (PT)
07:10:23  INFO        Oxygen                                      5787.00            0.00         5787.00   100.0000%
07:10:23  INFO        POWERGEN                                17297248.61     17297321.00            0.00     0.0001%
07:10:23  INFO        Power_Dis                               29326489.99        84437.85     29242067.20    99.7125%
07:10:23  INFO        SHP Steam_Dis                             123639.97       102668.28        20975.00    17.0232%
07:10:23  INFO        STG1_LP STEAM                              24956.70        24956.76            0.00     0.0129%
07:10:23  INFO        STG1_MP STEAM                               2098.87         2099.81            0.00     0.0078%
07:10:23  INFO        Water                                     280371.80            0.00       280371.80   100.0000% (PT)
07:10:23  INFO      
07:10:23  INFO        U4U CONSUMPTION BREAKDOWN (per producer per material):
07:10:23  INFO        Producer                        Material Consumed                     Norm        Quantity  Credit
07:10:23  INFO        ------------------------------  ------------------------------  ----------  --------------  ------
07:10:23  INFO        Boiler Feed Water               COMPRESSED AIR                    0.500000        47211.77  
07:10:23  INFO        Boiler Feed Water               Cooling Water 2                   0.001070          101.03  
07:10:23  INFO        Boiler Feed Water               D M Water                         0.860000        81204.25  
07:10:23  INFO        Boiler Feed Water               LP Steam_Dis                      0.145000        13691.41  
07:10:23  INFO        Boiler Feed Water               Power_Dis                         9.500000       897023.65  
07:10:23  INFO        COMPRESSED AIR                  Cooling Water 2                   0.000025          180.45  
07:10:23  INFO        COMPRESSED AIR                  Power_Dis                         0.165000      1190991.90  
07:10:23  INFO        Cooling Water 1                 COMPRESSED AIR                    0.108592         1649.95  
07:10:23  INFO        Cooling Water 1                 Power_Dis                       244.999997      3722529.95  
07:10:23  INFO        Cooling Water 2                 COMPRESSED AIR                    0.123044        35597.51  
07:10:23  INFO        Cooling Water 2                 Power_Dis                       249.999997     72326780.85  
07:10:23  INFO        D M Water                       COMPRESSED AIR                    0.077000        10547.71  
07:10:23  INFO        D M Water                       Cooling Water 2                   2.000000       273966.58  
07:10:23  INFO        D M Water                       Power_Dis                         1.210000       165749.78  
07:10:23  INFO        D M Water                       Ret steam condensate              0.203000        27807.61  
07:10:23  INFO        HP Steam PRDS                   Boiler Feed Water                 0.076800          381.85  
07:10:23  INFO        HP Steam PRDS                   SHP Steam_Dis                     0.923200         4590.15  
07:10:23  INFO        HP Steam_Dis                    HP Steam PRDS                     1.000000         4972.00  
07:10:23  INFO        HRSG2_SHP STEAM                 Boiler Feed Water                 1.024000        44236.80  
07:10:23  INFO        HRSG2_SHP STEAM                 COMPRESSED AIR                    9.853236       425659.80  
07:10:23  INFO        HRSG2_SHP STEAM                 LP Steam_Dis                     -0.078000        -3369.60  YES
07:10:23  INFO        HRSG3_SHP STEAM                 Boiler Feed Water                 1.024000        44236.80  
07:10:23  INFO        HRSG3_SHP STEAM                 COMPRESSED AIR                    9.596520       414569.66  
07:10:23  INFO        HRSG3_SHP STEAM                 LP Steam_Dis                     -0.078000        -3369.60  YES
07:10:23  INFO        LP Steam PRDS                   Boiler Feed Water                 0.250000         3503.45  
07:10:23  INFO        LP Steam PRDS                   MP Steam_Dis                      0.750000        10510.34  
07:10:23  INFO        LP Steam_Dis                    LP Steam PRDS                     0.359600        14013.82  
07:10:23  INFO        LP Steam_Dis                    STG1_LP STEAM                     0.640400        24956.76  
07:10:23  INFO        MP Steam PRDS SHP               Boiler Feed Water                 0.090000         2065.26  
07:10:23  INFO        MP Steam PRDS SHP               SHP Steam_Dis                     0.910000        20882.09  
07:10:23  INFO        MP Steam_Dis                    MP Steam PRDS SHP                 0.916200        22957.57  
07:10:23  INFO        MP Steam_Dis                    STG1_MP STEAM                     0.083800         2099.81  
07:10:23  INFO        Oxygen                          Cooling Water 2                   0.261000         1510.41  
07:10:23  INFO        Oxygen                          Power_Dis                       968.650000      5605577.55  
07:10:23  INFO        POWERGEN                        COMPRESSED AIR                    0.003420        60328.80  
07:10:23  INFO        POWERGEN                        COMPRESSED AIR                    0.003839        67719.96  
07:10:23  INFO        POWERGEN                        COMPRESSED AIR                    0.004011        70754.04  
07:10:23  INFO        POWERGEN                        Cooling Water 2                   0.000012          211.68  
07:10:23  INFO        POWERGEN                        Cooling Water 2                   0.000232         4092.48  
07:10:23  INFO        POWERGEN                        Cooling Water 2                   0.000013          229.32  
07:10:23  INFO        POWERGEN                        Power_Dis                         0.014000       246960.00  
07:10:23  INFO        POWERGEN                        Power_Dis                         0.002000        35280.00  
07:10:23  INFO        POWERGEN                        Power_Dis                         0.014000       246960.00  
07:10:23  INFO        POWERGEN                        SHP Steam_Dis                     0.003615        63768.60  
07:10:23  INFO        Power_Dis                       POWERGEN                          0.196717      5769019.13  
07:10:23  INFO        Power_Dis                       POWERGEN                          0.207066      6072518.98  
07:10:23  INFO        Power_Dis                       POWERGEN                          0.186036      5455782.89  
07:10:23  INFO        Power_Dis                       Power from MEL                    0.410169     12028817.07  
07:10:23  INFO        SHP Steam_Dis                   HRSG2_SHP STEAM                   0.500000        61819.99  
07:10:23  INFO        SHP Steam_Dis                   HRSG3_SHP STEAM                   0.500000        61819.99  
07:10:23  INFO        STG1_LP STEAM                   SHP Steam_Dis                     0.480000        11979.22  
07:10:23  INFO        STG1_MP STEAM                   SHP Steam_Dis                     0.690000         1448.22  
07:10:23  INFO      
07:10:23  INFO        Not yet converged: 6 materials
07:10:23  INFO          HRSG2_SHP STEAM                 change = 0.0587%
07:10:23  INFO          HRSG3_SHP STEAM                 change = 0.0587%
07:10:23  INFO          MP Steam PRDS SHP               change = 0.0445%
07:10:23  INFO          MP Steam_Dis                    change = 0.0129%
07:10:23  INFO          Power_Dis                       change = 0.0178%
07:10:23  INFO          STG1_MP STEAM                   change = 0.0445%
07:10:23  INFO        ------------------------------------------------------------------------------------------
07:10:24  WARNING     [DISPATCH] No aux power norm for 'NMD-Power Plant-2'; using 0.0
07:10:24  WARNING     [DISPATCH] No aux power norm for 'NMD-Power Plant-3'; using 0.0
07:10:24  WARNING     [DISPATCH] No aux power norm for 'NMD-STG Power Plant'; using 0.0
07:10:24  INFO        ==============================================================================
07:10:24  INFO        POWER DISPATCH  (April 2025)
07:10:24  INFO        ==============================================================================
07:10:24  INFO        Demand:  Process = 29326.51 MWh  |  Fixed = 0.00 MWh  |  Total = 29326.51 MWh
07:10:24  INFO      
07:10:24  INFO        Asset                      Priority    Min MW    Max MW     Hours   Dispatched MW  Dispatched MWh    Load %  Free Steam MT  Aux Power MWh
07:10:24  INFO        -------------------------  --------  --------  --------  --------  --------------  --------------  --------  ------------  ------------
07:10:24  INFO        NMD-Power Plant-2                 1      5.00      5.00    720.00            5.00         3600.00    100.0%          0.00          0.00
07:10:24  INFO        NMD-Power Plant-3                 1      5.00      5.00    720.00            5.00         3600.00    100.0%          0.00          0.00
07:10:24  INFO        NMD-STG Power Plant               2      6.00     14.50    720.00           14.50        10440.00    100.0%          0.00          0.00
07:10:24  INFO        TOTAL                                                                                    17640.00                    0.00          0.00
07:10:24  INFO        DEFICIT: 11686.51 MWh under-generation
07:10:24  INFO        ==============================================================================
07:10:25  INFO        ==============================================================================
07:10:25  INFO        STEAM DISPATCH  (April 2025)
07:10:25  INFO        ==============================================================================
07:10:25  INFO        Grade      Process/Fixed MT  Letdown MT  Byproduct MT     Net Demand MT
07:10:25  INFO        ---------  ----------------  ----------  ------------  ----------------
07:10:25  INFO        MP                 25058.74    18794.06          0.00          25058.74
07:10:25  INFO        SHP               123643.28   131498.15          0.00         142437.33
07:10:25  INFO        HP                  4972.00        0.00          0.00           4972.00
07:10:25  INFO      
07:10:25  INFO        Total Free Steam available: 0.00 MT
07:10:25  INFO      
07:10:25  INFO        FINAL SUPPLEMENTARY FIRING DISPATCH
07:10:25  INFO        Asset                      Priority     Min TPH     Max TPH     Hours  Dispatched TPH   Dispatched MT    Load %
07:10:25  INFO        -------------------------  --------  ----------  ----------  --------  --------------  --------------  --------
07:10:25  INFO        HRSG-1                          999       60.00      136.00      0.00            0.00            0.00      0.0%
07:10:25  INFO        HRSG-2                            1       60.00      136.00    720.00           60.00        43200.00     44.1%
07:10:25  INFO        HRSG-3                            1       60.00      136.00    720.00           60.00        43200.00     44.1%
07:10:25  INFO        TOTAL SUPPLEMENTARY                                                                          86400.00          
07:10:25  INFO        TOTAL STEAM GENERATED                                                                        86400.00          
07:10:25  INFO        SURPLUS: 81428.00 MT
07:10:25  INFO        ==============================================================================
07:10:25  INFO        [U4U LOOP] Excess SHP: 81428.00 MT → STG +22873.03 MWh, GT -22873.03 MWh
07:10:25  INFO      
07:10:25  INFO        ------------------------------------------------------------------------------------------
07:10:25  INFO        ITERATION 11
07:10:25  INFO        ------------------------------------------------------------------------------------------
07:10:25  INFO        Power:  Demand =    29326505.05 KWH  |  Gen =       17640.00 MWh  |  Surplus =     0.00  |  Deficit = 11686.51
07:10:25  INFO        Steam:  Gen =       86400.00 MT  |  Surplus = 81428.00  |  Deficit =     0.00
07:10:25  INFO        Excess SHP:   81428.00 MT → STG override = 33313.03 MWh, GT reduction = 22873.03 MWh
07:10:25  INFO        Power delta: 15.0595 MWh  |  Converged: NO
07:10:25  INFO      
07:10:25  INFO        Utility                                Total Demand      U4U Demand         Initial    Change %
07:10:25  INFO        -----------------------------------  --------------  --------------  --------------  ----------
07:10:25  INFO        Boiler Feed Water                          94424.16        94425.09            0.00     0.0007%
07:10:25  INFO        COMPRESSED AIR                           7218144.79      1134040.26      6084105.59    84.2892%
07:10:25  INFO        Cooling Water 1                            15194.00            0.00        15194.00   100.0000%
07:10:25  INFO        Cooling Water 2                           289308.26       280307.87         9016.31     3.1169%
07:10:25  INFO        D M Water                                 136991.25        81204.78        55787.00    40.7288%
07:10:25  INFO        HP Steam PRDS                               4972.00         4972.00            0.00     0.0000%
07:10:25  INFO        HP Steam_Dis                                4972.00            0.00         4972.00   100.0000%
07:10:25  INFO        HRSG2_SHP STEAM                            61819.99        61821.64            0.00     0.0587%
07:10:25  INFO        HRSG3_SHP STEAM                            61819.99        61821.64            0.00     0.0587%
07:10:25  INFO        LP Steam PRDS                              14013.82        14014.30            0.00     0.0002%
07:10:25  INFO        LP Steam_Dis                               38971.92        13691.50        25280.51    64.8720%
07:10:25  INFO        MP Steam PRDS SHP                          22957.57        22958.82            0.00     0.0445%
07:10:25  INFO        MP Steam_Dis                               25058.74        10510.37        14548.40    58.0626%
07:10:25  INFO        Nitrogen Gas                             5437630.00            0.00      5437630.00   100.0000% (PT)
07:10:25  INFO        Oxygen                                      5787.00            0.00         5787.00   100.0000%
07:10:25  INFO        POWERGEN                                17297321.00     17297329.88            0.00     0.0004%
07:10:25  INFO        Power_Dis                               29326505.05        84438.16     29242067.20    99.7121%
07:10:25  INFO        SHP Steam_Dis                             123643.28       102678.25        20975.00    16.9668%
07:10:25  INFO        STG1_LP STEAM                              24956.76        24957.62            0.00     0.0002%
07:10:25  INFO        STG1_MP STEAM                               2099.81         2099.92            0.00     0.0445%
07:10:25  INFO        Water                                     280371.80            0.00       280371.80   100.0000% (PT)
07:10:25  INFO      
07:10:25  INFO        U4U CONSUMPTION BREAKDOWN (per producer per material):
07:10:25  INFO        Producer                        Material Consumed                     Norm        Quantity  Credit
07:10:25  INFO        ------------------------------  ------------------------------  ----------  --------------  ------
07:10:25  INFO        Boiler Feed Water               COMPRESSED AIR                    0.500000        47212.08  
07:10:25  INFO        Boiler Feed Water               Cooling Water 2                   0.001070          101.03  
07:10:25  INFO        Boiler Feed Water               D M Water                         0.860000        81204.78  
07:10:25  INFO        Boiler Feed Water               LP Steam_Dis                      0.145000        13691.50  
07:10:25  INFO        Boiler Feed Water               Power_Dis                         9.500000       897029.50  
07:10:25  INFO        COMPRESSED AIR                  Cooling Water 2                   0.000025          180.45  
07:10:25  INFO        COMPRESSED AIR                  Power_Dis                         0.165000      1190993.89  
07:10:25  INFO        Cooling Water 1                 COMPRESSED AIR                    0.108592         1649.95  
07:10:25  INFO        Cooling Water 1                 Power_Dis                       244.999997      3722529.95  
07:10:25  INFO        Cooling Water 2                 COMPRESSED AIR                    0.123044        35597.65  
07:10:25  INFO        Cooling Water 2                 Power_Dis                       249.999997     72327065.33  
07:10:25  INFO        D M Water                       COMPRESSED AIR                    0.077000        10548.33  
07:10:25  INFO        D M Water                       Cooling Water 2                   2.000000       273982.49  
07:10:25  INFO        D M Water                       Power_Dis                         1.210000       165759.41  
07:10:25  INFO        D M Water                       Ret steam condensate              0.203000        27809.22  
07:10:25  INFO        HP Steam PRDS                   Boiler Feed Water                 0.076800          381.85  
07:10:25  INFO        HP Steam PRDS                   SHP Steam_Dis                     0.923200         4590.15  
07:10:25  INFO        HP Steam_Dis                    HP Steam PRDS                     1.000000         4972.00  
07:10:25  INFO        HRSG2_SHP STEAM                 Boiler Feed Water                 1.024000        44236.80  
07:10:25  INFO        HRSG2_SHP STEAM                 COMPRESSED AIR                    9.853236       425659.80  
07:10:25  INFO        HRSG2_SHP STEAM                 LP Steam_Dis                     -0.078000        -3369.60  YES
07:10:25  INFO        HRSG3_SHP STEAM                 Boiler Feed Water                 1.024000        44236.80  
07:10:25  INFO        HRSG3_SHP STEAM                 COMPRESSED AIR                    9.596520       414569.66  
07:10:25  INFO        HRSG3_SHP STEAM                 LP Steam_Dis                     -0.078000        -3369.60  YES
07:10:25  INFO        LP Steam PRDS                   Boiler Feed Water                 0.250000         3503.46  
07:10:25  INFO        LP Steam PRDS                   MP Steam_Dis                      0.750000        10510.37  
07:10:25  INFO        LP Steam_Dis                    LP Steam PRDS                     0.359600        14014.30  
07:10:25  INFO        LP Steam_Dis                    STG1_LP STEAM                     0.640400        24957.62  
07:10:25  INFO        MP Steam PRDS SHP               Boiler Feed Water                 0.090000         2066.18  
07:10:25  INFO        MP Steam PRDS SHP               SHP Steam_Dis                     0.910000        20891.39  
07:10:25  INFO        MP Steam_Dis                    MP Steam PRDS SHP                 0.916200        22958.82  
07:10:25  INFO        MP Steam_Dis                    STG1_MP STEAM                     0.083800         2099.92  
07:10:25  INFO        Oxygen                          Cooling Water 2                   0.261000         1510.41  
07:10:25  INFO        Oxygen                          Power_Dis                       968.650000      5605577.55  
07:10:25  INFO        POWERGEN                        COMPRESSED AIR                    0.003420        60328.80  
07:10:25  INFO        POWERGEN                        COMPRESSED AIR                    0.003839        67719.96  
07:10:25  INFO        POWERGEN                        COMPRESSED AIR                    0.004011        70754.04  
07:10:25  INFO        POWERGEN                        Cooling Water 2                   0.000012          211.68  
07:10:25  INFO        POWERGEN                        Cooling Water 2                   0.000232         4092.48  
07:10:25  INFO        POWERGEN                        Cooling Water 2                   0.000013          229.32  
07:10:25  INFO        POWERGEN                        Power_Dis                         0.014000       246960.00  
07:10:25  INFO        POWERGEN                        Power_Dis                         0.002000        35280.00  
07:10:25  INFO        POWERGEN                        Power_Dis                         0.014000       246960.00  
07:10:25  INFO        POWERGEN                        SHP Steam_Dis                     0.003615        63768.60  
07:10:25  INFO        Power_Dis                       POWERGEN                          0.196717      5769022.09  
07:10:25  INFO        Power_Dis                       POWERGEN                          0.207066      6072522.10  
07:10:25  INFO        Power_Dis                       POWERGEN                          0.186036      5455785.69  
07:10:25  INFO        Power_Dis                       Power from MEL                    0.410169     12028823.25  
07:10:25  INFO        SHP Steam_Dis                   HRSG2_SHP STEAM                   0.500000        61821.64  
07:10:25  INFO        SHP Steam_Dis                   HRSG3_SHP STEAM                   0.500000        61821.64  
07:10:25  INFO        STG1_LP STEAM                   SHP Steam_Dis                     0.480000        11979.25  
07:10:25  INFO        STG1_MP STEAM                   SHP Steam_Dis                     0.690000         1448.87  
07:10:25  INFO      
07:10:25  INFO        All U4U materials converged within tolerance
07:10:25  INFO        ------------------------------------------------------------------------------------------
07:10:25  WARNING     [DISPATCH] No aux power norm for 'NMD-Power Plant-2'; using 0.0
07:10:25  WARNING     [DISPATCH] No aux power norm for 'NMD-Power Plant-3'; using 0.0
07:10:25  WARNING     [DISPATCH] No aux power norm for 'NMD-STG Power Plant'; using 0.0
07:10:25  INFO        ==============================================================================
07:10:25  INFO        POWER DISPATCH  (April 2025)
07:10:25  INFO        ==============================================================================
07:10:25  INFO        Demand:  Process = 29326.51 MWh  |  Fixed = 0.00 MWh  |  Total = 29326.51 MWh
07:10:25  INFO      
07:10:25  INFO        Asset                      Priority    Min MW    Max MW     Hours   Dispatched MW  Dispatched MWh    Load %  Free Steam MT  Aux Power MWh
07:10:25  INFO        -------------------------  --------  --------  --------  --------  --------------  --------------  --------  ------------  ------------
07:10:25  INFO        NMD-Power Plant-2                 1      5.00      5.00    720.00            5.00         3600.00    100.0%          0.00          0.00
07:10:25  INFO        NMD-Power Plant-3                 1      5.00      5.00    720.00            5.00         3600.00    100.0%          0.00          0.00
07:10:25  INFO        NMD-STG Power Plant               2      6.00     14.50    720.00           14.50        10440.00    100.0%          0.00          0.00
07:10:25  INFO        TOTAL                                                                                    17640.00                    0.00          0.00
07:10:25  INFO        DEFICIT: 11686.51 MWh under-generation
07:10:25  INFO        ==============================================================================
07:10:26  INFO        ==============================================================================
07:10:26  INFO        STEAM DISPATCH  (April 2025)
07:10:26  INFO        ==============================================================================
07:10:26  INFO        Grade      Process/Fixed MT  Letdown MT  Byproduct MT     Net Demand MT
07:10:26  INFO        ---------  ----------------  ----------  ------------  ----------------
07:10:26  INFO        MP                 25058.77    18794.07          0.00          25058.77
07:10:26  INFO        SHP               123653.25   131507.37          0.00         142447.33
07:10:26  INFO        HP                  4972.00        0.00          0.00           4972.00
07:10:26  INFO      
07:10:26  INFO        Total Free Steam available: 0.00 MT
07:10:26  INFO      
07:10:26  INFO        FINAL SUPPLEMENTARY FIRING DISPATCH
07:10:26  INFO        Asset                      Priority     Min TPH     Max TPH     Hours  Dispatched TPH   Dispatched MT    Load %
07:10:26  INFO        -------------------------  --------  ----------  ----------  --------  --------------  --------------  --------
07:10:26  INFO        HRSG-1                          999       60.00      136.00      0.00            0.00            0.00      0.0%
07:10:26  INFO        HRSG-2                            1       60.00      136.00    720.00           60.00        43200.00     44.1%
07:10:26  INFO        HRSG-3                            1       60.00      136.00    720.00           60.00        43200.00     44.1%
07:10:26  INFO        TOTAL SUPPLEMENTARY                                                                          86400.00          
07:10:26  INFO        TOTAL STEAM GENERATED                                                                        86400.00          
07:10:26  INFO        SURPLUS: 81428.00 MT
07:10:26  INFO        ==============================================================================
07:10:26  INFO        [U4U LOOP] Excess SHP: 81428.00 MT → STG +22873.03 MWh, GT -22873.03 MWh
07:10:26  INFO      
07:10:26  INFO        ------------------------------------------------------------------------------------------
07:10:26  INFO        ITERATION 12
07:10:26  INFO        ------------------------------------------------------------------------------------------
07:10:26  INFO        Power:  Demand =    29326505.36 KWH  |  Gen =       17640.00 MWh  |  Surplus =     0.00  |  Deficit = 11686.51
07:10:26  INFO        Steam:  Gen =       86400.00 MT  |  Surplus = 81428.00  |  Deficit =     0.00
07:10:26  INFO        Excess SHP:   81428.00 MT → STG override = 33313.03 MWh, GT reduction = 22873.03 MWh
07:10:26  INFO        Power delta: 0.3019 MWh  |  Converged: NO
07:10:26  INFO      
07:10:26  INFO        Utility                                Total Demand      U4U Demand         Initial    Change %
07:10:26  INFO        -----------------------------------  --------------  --------------  --------------  ----------
07:10:26  INFO        Boiler Feed Water                          94425.09        94425.32            0.00     0.0010%
07:10:26  INFO        COMPRESSED AIR                           7218145.85      1134042.72      6084105.59    84.2891%
07:10:26  INFO        Cooling Water 1                            15194.00            0.00        15194.00   100.0000%
07:10:26  INFO        Cooling Water 2                           289324.18       280308.93         9016.31     3.1218%
07:10:26  INFO        D M Water                                 136991.78        81205.57        55787.00    40.7233%
07:10:26  INFO        HP Steam PRDS                               4972.00         4972.00            0.00     0.0000%
07:10:26  INFO        HP Steam_Dis                                4972.00            0.00         4972.00   100.0000%
07:10:26  INFO        HRSG2_SHP STEAM                            61821.64        61826.63            0.00     0.0027%
07:10:26  INFO        HRSG3_SHP STEAM                            61821.64        61826.63            0.00     0.0027%
07:10:26  INFO        LP Steam PRDS                              14014.30        14014.34            0.00     0.0034%
07:10:26  INFO        LP Steam_Dis                               38972.01        13691.64        25280.51    64.8686%
07:10:26  INFO        MP Steam PRDS SHP                          22958.82        22958.84            0.00     0.0054%
07:10:26  INFO        MP Steam_Dis                               25058.77        10510.73        14548.40    58.0572%
07:10:26  INFO        Nitrogen Gas                             5437630.00            0.00      5437630.00   100.0000% (PT)
07:10:26  INFO        Oxygen                                      5787.00            0.00         5787.00   100.0000%
07:10:26  INFO        POWERGEN                                17297329.88     17297330.06            0.00     0.0001%
07:10:26  INFO        Power_Dis                               29326505.36        84442.14     29242067.20    99.7121%
07:10:26  INFO        SHP Steam_Dis                             123653.25       102679.88        20975.00    16.9708%
07:10:26  INFO        STG1_LP STEAM                              24957.62        24957.68            0.00     0.0034%
07:10:26  INFO        STG1_MP STEAM                               2099.92         2099.92            0.00     0.0054%
07:10:26  INFO        Water                                     280371.80            0.00       280371.80   100.0000% (PT)
07:10:26  INFO      
07:10:26  INFO        U4U CONSUMPTION BREAKDOWN (per producer per material):
07:10:26  INFO        Producer                        Material Consumed                     Norm        Quantity  Credit
07:10:26  INFO        ------------------------------  ------------------------------  ----------  --------------  ------
07:10:26  INFO        Boiler Feed Water               COMPRESSED AIR                    0.500000        47212.54  
07:10:26  INFO        Boiler Feed Water               Cooling Water 2                   0.001070          101.03  
07:10:26  INFO        Boiler Feed Water               D M Water                         0.860000        81205.57  
07:10:26  INFO        Boiler Feed Water               LP Steam_Dis                      0.145000        13691.64  
07:10:26  INFO        Boiler Feed Water               Power_Dis                         9.500000       897038.32  
07:10:26  INFO        COMPRESSED AIR                  Cooling Water 2                   0.000025          180.45  
07:10:26  INFO        COMPRESSED AIR                  Power_Dis                         0.165000      1190994.06  
07:10:26  INFO        Cooling Water 1                 COMPRESSED AIR                    0.108592         1649.95  
07:10:26  INFO        Cooling Water 1                 Power_Dis                       244.999997      3722529.95  
07:10:26  INFO        Cooling Water 2                 COMPRESSED AIR                    0.123044        35599.60  
07:10:26  INFO        Cooling Water 2                 Power_Dis                       249.999997     72331043.45  
07:10:26  INFO        D M Water                       COMPRESSED AIR                    0.077000        10548.37  
07:10:26  INFO        D M Water                       Cooling Water 2                   2.000000       273983.55  
07:10:26  INFO        D M Water                       Power_Dis                         1.210000       165760.05  
07:10:26  INFO        D M Water                       Ret steam condensate              0.203000        27809.33  
07:10:26  INFO        HP Steam PRDS                   Boiler Feed Water                 0.076800          381.85  
07:10:26  INFO        HP Steam PRDS                   SHP Steam_Dis                     0.923200         4590.15  
07:10:26  INFO        HP Steam_Dis                    HP Steam PRDS                     1.000000         4972.00  
07:10:26  INFO        HRSG2_SHP STEAM                 Boiler Feed Water                 1.024000        44236.80  
07:10:26  INFO        HRSG2_SHP STEAM                 COMPRESSED AIR                    9.853236       425659.80  
07:10:26  INFO        HRSG2_SHP STEAM                 LP Steam_Dis                     -0.078000        -3369.60  YES
07:10:26  INFO        HRSG3_SHP STEAM                 Boiler Feed Water                 1.024000        44236.80  
07:10:26  INFO        HRSG3_SHP STEAM                 COMPRESSED AIR                    9.596520       414569.66  
07:10:26  INFO        HRSG3_SHP STEAM                 LP Steam_Dis                     -0.078000        -3369.60  YES
07:10:26  INFO        LP Steam PRDS                   Boiler Feed Water                 0.250000         3503.58  
07:10:26  INFO        LP Steam PRDS                   MP Steam_Dis                      0.750000        10510.73  
07:10:26  INFO        LP Steam_Dis                    LP Steam PRDS                     0.359600        14014.34  
07:10:26  INFO        LP Steam_Dis                    STG1_LP STEAM                     0.640400        24957.68  
07:10:26  INFO        MP Steam PRDS SHP               Boiler Feed Water                 0.090000         2066.29  
07:10:26  INFO        MP Steam PRDS SHP               SHP Steam_Dis                     0.910000        20892.52  
07:10:26  INFO        MP Steam_Dis                    MP Steam PRDS SHP                 0.916200        22958.84  
07:10:26  INFO        MP Steam_Dis                    STG1_MP STEAM                     0.083800         2099.92  
07:10:26  INFO        Oxygen                          Cooling Water 2                   0.261000         1510.41  
07:10:26  INFO        Oxygen                          Power_Dis                       968.650000      5605577.55  
07:10:26  INFO        POWERGEN                        COMPRESSED AIR                    0.003420        60328.80  
07:10:26  INFO        POWERGEN                        COMPRESSED AIR                    0.003839        67719.96  
07:10:26  INFO        POWERGEN                        COMPRESSED AIR                    0.004011        70754.04  
07:10:26  INFO        POWERGEN                        Cooling Water 2                   0.000012          211.68  
07:10:26  INFO        POWERGEN                        Cooling Water 2                   0.000232         4092.48  
07:10:26  INFO        POWERGEN                        Cooling Water 2                   0.000013          229.32  
07:10:26  INFO        POWERGEN                        Power_Dis                         0.014000       246960.00  
07:10:26  INFO        POWERGEN                        Power_Dis                         0.002000        35280.00  
07:10:26  INFO        POWERGEN                        Power_Dis                         0.014000       246960.00  
07:10:26  INFO        POWERGEN                        SHP Steam_Dis                     0.003615        63768.60  
07:10:26  INFO        Power_Dis                       POWERGEN                          0.196717      5769022.15  
07:10:26  INFO        Power_Dis                       POWERGEN                          0.207066      6072522.16  
07:10:26  INFO        Power_Dis                       POWERGEN                          0.186036      5455785.75  
07:10:26  INFO        Power_Dis                       Power from MEL                    0.410169     12028823.38  
07:10:26  INFO        SHP Steam_Dis                   HRSG2_SHP STEAM                   0.500000        61826.63  
07:10:26  INFO        SHP Steam_Dis                   HRSG3_SHP STEAM                   0.500000        61826.63  
07:10:26  INFO        STG1_LP STEAM                   SHP Steam_Dis                     0.480000        11979.66  
07:10:26  INFO        STG1_MP STEAM                   SHP Steam_Dis                     0.690000         1448.95  
07:10:26  INFO      
07:10:26  INFO        All U4U materials converged within tolerance
07:10:26  INFO        ------------------------------------------------------------------------------------------
07:10:27  WARNING     [DISPATCH] No aux power norm for 'NMD-Power Plant-2'; using 0.0
07:10:27  WARNING     [DISPATCH] No aux power norm for 'NMD-Power Plant-3'; using 0.0
07:10:27  WARNING     [DISPATCH] No aux power norm for 'NMD-STG Power Plant'; using 0.0
07:10:27  INFO        ==============================================================================
07:10:27  INFO        POWER DISPATCH  (April 2025)
07:10:27  INFO        ==============================================================================
07:10:27  INFO        Demand:  Process = 29326.51 MWh  |  Fixed = 0.00 MWh  |  Total = 29326.51 MWh
07:10:27  INFO      
07:10:27  INFO        Asset                      Priority    Min MW    Max MW     Hours   Dispatched MW  Dispatched MWh    Load %  Free Steam MT  Aux Power MWh
07:10:27  INFO        -------------------------  --------  --------  --------  --------  --------------  --------------  --------  ------------  ------------
07:10:27  INFO        NMD-Power Plant-2                 1      5.00      5.00    720.00            5.00         3600.00    100.0%          0.00          0.00
07:10:27  INFO        NMD-Power Plant-3                 1      5.00      5.00    720.00            5.00         3600.00    100.0%          0.00          0.00
07:10:27  INFO        NMD-STG Power Plant               2      6.00     14.50    720.00           14.50        10440.00    100.0%          0.00          0.00
07:10:27  INFO        TOTAL                                                                                    17640.00                    0.00          0.00
07:10:27  INFO        DEFICIT: 11686.51 MWh under-generation
07:10:27  INFO        ==============================================================================
07:10:28  INFO        ==============================================================================
07:10:28  INFO        STEAM DISPATCH  (April 2025)
07:10:28  INFO        ==============================================================================
07:10:28  INFO        Grade      Process/Fixed MT  Letdown MT  Byproduct MT     Net Demand MT
07:10:28  INFO        ---------  ----------------  ----------  ------------  ----------------
07:10:28  INFO        MP                 25059.13    18794.35          0.00          25059.13
07:10:28  INFO        SHP               123654.88   131509.12          0.00         142449.22
07:10:28  INFO        HP                  4972.00        0.00          0.00           4972.00
07:10:28  INFO      
07:10:28  INFO        Total Free Steam available: 0.00 MT
07:10:28  INFO      
07:10:28  INFO        FINAL SUPPLEMENTARY FIRING DISPATCH
07:10:28  INFO        Asset                      Priority     Min TPH     Max TPH     Hours  Dispatched TPH   Dispatched MT    Load %
07:10:28  INFO        -------------------------  --------  ----------  ----------  --------  --------------  --------------  --------
07:10:28  INFO        HRSG-1                          999       60.00      136.00      0.00            0.00            0.00      0.0%
07:10:28  INFO        HRSG-2                            1       60.00      136.00    720.00           60.00        43200.00     44.1%
07:10:28  INFO        HRSG-3                            1       60.00      136.00    720.00           60.00        43200.00     44.1%
07:10:28  INFO        TOTAL SUPPLEMENTARY                                                                          86400.00          
07:10:28  INFO        TOTAL STEAM GENERATED                                                                        86400.00          
07:10:28  INFO        SURPLUS: 81428.00 MT
07:10:28  INFO        ==============================================================================
07:10:28  INFO        [U4U LOOP] Excess SHP: 81428.00 MT → STG +22873.03 MWh, GT -22873.03 MWh
07:10:28  INFO      
07:10:28  INFO        ------------------------------------------------------------------------------------------
07:10:28  INFO        ITERATION 13
07:10:28  INFO        ------------------------------------------------------------------------------------------
07:10:28  INFO        Power:  Demand =    29326509.34 KWH  |  Gen =       17640.00 MWh  |  Surplus =     0.00  |  Deficit = 11686.51
07:10:28  INFO        Steam:  Gen =       86400.00 MT  |  Surplus = 81428.00  |  Deficit =     0.00
07:10:28  INFO        Excess SHP:   81428.00 MT → STG override = 33313.03 MWh, GT reduction = 22873.03 MWh
07:10:28  INFO        Power delta: 3.9878 MWh  |  Converged: NO
07:10:28  INFO      
07:10:28  INFO        Utility                                Total Demand      U4U Demand         Initial    Change %
07:10:28  INFO        -----------------------------------  --------------  --------------  --------------  ----------
07:10:28  INFO        Boiler Feed Water                          94425.32        94425.33            0.00     0.0002%
07:10:28  INFO        COMPRESSED AIR                           7218148.31      1134043.03      6084105.59    84.2890%
07:10:28  INFO        Cooling Water 1                            15194.00            0.00        15194.00   100.0000%
07:10:28  INFO        Cooling Water 2                           289325.24       280310.52         9016.31     3.1167%
07:10:28  INFO        D M Water                                 136992.57        81205.77        55787.00    40.7232%
07:10:28  INFO        HP Steam PRDS                               4972.00         4972.00            0.00     0.0000%
07:10:28  INFO        HP Steam_Dis                                4972.00            0.00         4972.00   100.0000%
07:10:28  INFO        HRSG2_SHP STEAM                            61826.63        61827.44            0.00     0.0081%
07:10:28  INFO        HRSG3_SHP STEAM                            61826.63        61827.44            0.00     0.0081%
07:10:28  INFO        LP Steam PRDS                              14014.34        14014.38            0.00     0.0002%
07:10:28  INFO        LP Steam_Dis                               38972.15        13691.67        25280.51    64.8685%
07:10:28  INFO        MP Steam PRDS SHP                          22958.84        22959.17            0.00     0.0001%
07:10:28  INFO        MP Steam_Dis                               25059.13        10510.75        14548.40    58.0577%
07:10:28  INFO        Nitrogen Gas                             5437630.00            0.00      5437630.00   100.0000% (PT)
07:10:28  INFO        Oxygen                                      5787.00            0.00         5787.00   100.0000%
07:10:28  INFO        POWERGEN                                17297330.06     17297332.41            0.00     0.0000%
07:10:28  INFO        Power_Dis                               29326509.34        84442.41     29242067.20    99.7121%
07:10:28  INFO        SHP Steam_Dis                             123654.88       102679.93        20975.00    16.9638%
07:10:28  INFO        STG1_LP STEAM                              24957.68        24957.76            0.00     0.0002%
07:10:28  INFO        STG1_MP STEAM                               2099.92         2099.95            0.00     0.0001%
07:10:28  INFO        Water                                     280371.80            0.00       280371.80   100.0000% (PT)
07:10:28  INFO      
07:10:28  INFO        U4U CONSUMPTION BREAKDOWN (per producer per material):
07:10:28  INFO        Producer                        Material Consumed                     Norm        Quantity  Credit
07:10:28  INFO        ------------------------------  ------------------------------  ----------  --------------  ------
07:10:28  INFO        Boiler Feed Water               COMPRESSED AIR                    0.500000        47212.66  
07:10:28  INFO        Boiler Feed Water               Cooling Water 2                   0.001070          101.04  
07:10:28  INFO        Boiler Feed Water               D M Water                         0.860000        81205.77  
07:10:28  INFO        Boiler Feed Water               LP Steam_Dis                      0.145000        13691.67  
07:10:28  INFO        Boiler Feed Water               Power_Dis                         9.500000       897040.53  
07:10:28  INFO        COMPRESSED AIR                  Cooling Water 2                   0.000025          180.45  
07:10:28  INFO        COMPRESSED AIR                  Power_Dis                         0.165000      1190994.47  
07:10:28  INFO        Cooling Water 1                 COMPRESSED AIR                    0.108592         1649.95  
07:10:28  INFO        Cooling Water 1                 Power_Dis                       244.999997      3722529.95  
07:10:28  INFO        Cooling Water 2                 COMPRESSED AIR                    0.123044        35599.73  
07:10:28  INFO        Cooling Water 2                 Power_Dis                       249.999997     72331308.38  
07:10:28  INFO        D M Water                       COMPRESSED AIR                    0.077000        10548.43  
07:10:28  INFO        D M Water                       Cooling Water 2                   2.000000       273985.15  
07:10:28  INFO        D M Water                       Power_Dis                         1.210000       165761.01  
07:10:28  INFO        D M Water                       Ret steam condensate              0.203000        27809.49  
07:10:28  INFO        HP Steam PRDS                   Boiler Feed Water                 0.076800          381.85  
07:10:28  INFO        HP Steam PRDS                   SHP Steam_Dis                     0.923200         4590.15  
07:10:28  INFO        HP Steam_Dis                    HP Steam PRDS                     1.000000         4972.00  
07:10:28  INFO        HRSG2_SHP STEAM                 Boiler Feed Water                 1.024000        44236.80  
07:10:28  INFO        HRSG2_SHP STEAM                 COMPRESSED AIR                    9.853236       425659.80  
07:10:28  INFO        HRSG2_SHP STEAM                 LP Steam_Dis                     -0.078000        -3369.60  YES
07:10:28  INFO        HRSG3_SHP STEAM                 Boiler Feed Water                 1.024000        44236.80  
07:10:28  INFO        HRSG3_SHP STEAM                 COMPRESSED AIR                    9.596520       414569.66  
07:10:28  INFO        HRSG3_SHP STEAM                 LP Steam_Dis                     -0.078000        -3369.60  YES
07:10:28  INFO        LP Steam PRDS                   Boiler Feed Water                 0.250000         3503.58  
07:10:28  INFO        LP Steam PRDS                   MP Steam_Dis                      0.750000        10510.75  
07:10:28  INFO        LP Steam_Dis                    LP Steam PRDS                     0.359600        14014.38  
07:10:28  INFO        LP Steam_Dis                    STG1_LP STEAM                     0.640400        24957.76  
07:10:28  INFO        MP Steam PRDS SHP               Boiler Feed Water                 0.090000         2066.30  
07:10:28  INFO        MP Steam PRDS SHP               SHP Steam_Dis                     0.910000        20892.55  
07:10:28  INFO        MP Steam_Dis                    MP Steam PRDS SHP                 0.916200        22959.17  
07:10:28  INFO        MP Steam_Dis                    STG1_MP STEAM                     0.083800         2099.95  
07:10:28  INFO        Oxygen                          Cooling Water 2                   0.261000         1510.41  
07:10:28  INFO        Oxygen                          Power_Dis                       968.650000      5605577.55  
07:10:28  INFO        POWERGEN                        COMPRESSED AIR                    0.003420        60328.80  
07:10:28  INFO        POWERGEN                        COMPRESSED AIR                    0.003839        67719.96  
07:10:28  INFO        POWERGEN                        COMPRESSED AIR                    0.004011        70754.04  
07:10:28  INFO        POWERGEN                        Cooling Water 2                   0.000012          211.68  
07:10:28  INFO        POWERGEN                        Cooling Water 2                   0.000232         4092.48  
07:10:28  INFO        POWERGEN                        Cooling Water 2                   0.000013          229.32  
07:10:28  INFO        POWERGEN                        Power_Dis                         0.014000       246960.00  
07:10:28  INFO        POWERGEN                        Power_Dis                         0.002000        35280.00  
07:10:28  INFO        POWERGEN                        Power_Dis                         0.014000       246960.00  
07:10:28  INFO        POWERGEN                        SHP Steam_Dis                     0.003615        63768.60  
07:10:28  INFO        Power_Dis                       POWERGEN                          0.196717      5769022.94  
07:10:28  INFO        Power_Dis                       POWERGEN                          0.207066      6072522.98  
07:10:28  INFO        Power_Dis                       POWERGEN                          0.186036      5455786.49  
07:10:28  INFO        Power_Dis                       Power from MEL                    0.410169     12028825.01  
07:10:28  INFO        SHP Steam_Dis                   HRSG2_SHP STEAM                   0.500000        61827.44  
07:10:28  INFO        SHP Steam_Dis                   HRSG3_SHP STEAM                   0.500000        61827.44  
07:10:28  INFO        STG1_LP STEAM                   SHP Steam_Dis                     0.480000        11979.68  
07:10:28  INFO        STG1_MP STEAM                   SHP Steam_Dis                     0.690000         1448.95  
07:10:28  INFO      
07:10:28  INFO        All U4U materials converged within tolerance
07:10:28  INFO        ------------------------------------------------------------------------------------------
07:10:28  WARNING     [DISPATCH] No aux power norm for 'NMD-Power Plant-2'; using 0.0
07:10:28  WARNING     [DISPATCH] No aux power norm for 'NMD-Power Plant-3'; using 0.0
07:10:28  WARNING     [DISPATCH] No aux power norm for 'NMD-STG Power Plant'; using 0.0
07:10:28  INFO        ==============================================================================
07:10:28  INFO        POWER DISPATCH  (April 2025)
07:10:28  INFO        ==============================================================================
07:10:28  INFO        Demand:  Process = 29326.51 MWh  |  Fixed = 0.00 MWh  |  Total = 29326.51 MWh
07:10:28  INFO      
07:10:28  INFO        Asset                      Priority    Min MW    Max MW     Hours   Dispatched MW  Dispatched MWh    Load %  Free Steam MT  Aux Power MWh
07:10:28  INFO        -------------------------  --------  --------  --------  --------  --------------  --------------  --------  ------------  ------------
07:10:28  INFO        NMD-Power Plant-2                 1      5.00      5.00    720.00            5.00         3600.00    100.0%          0.00          0.00
07:10:28  INFO        NMD-Power Plant-3                 1      5.00      5.00    720.00            5.00         3600.00    100.0%          0.00          0.00
07:10:28  INFO        NMD-STG Power Plant               2      6.00     14.50    720.00           14.50        10440.00    100.0%          0.00          0.00
07:10:28  INFO        TOTAL                                                                                    17640.00                    0.00          0.00
07:10:28  INFO        DEFICIT: 11686.51 MWh under-generation
07:10:28  INFO        ==============================================================================
07:10:29  INFO        ==============================================================================
07:10:29  INFO        STEAM DISPATCH  (April 2025)
07:10:29  INFO        ==============================================================================
07:10:29  INFO        Grade      Process/Fixed MT  Letdown MT  Byproduct MT     Net Demand MT
07:10:29  INFO        ---------  ----------------  ----------  ------------  ----------------
07:10:29  INFO        MP                 25059.15    18794.36          0.00          25059.15
07:10:29  INFO        SHP               123654.93   131509.19          0.00         142449.29
07:10:29  INFO        HP                  4972.00        0.00          0.00           4972.00
07:10:29  INFO      
07:10:29  INFO        Total Free Steam available: 0.00 MT
07:10:29  INFO      
07:10:29  INFO        FINAL SUPPLEMENTARY FIRING DISPATCH
07:10:29  INFO        Asset                      Priority     Min TPH     Max TPH     Hours  Dispatched TPH   Dispatched MT    Load %
07:10:29  INFO        -------------------------  --------  ----------  ----------  --------  --------------  --------------  --------
07:10:29  INFO        HRSG-1                          999       60.00      136.00      0.00            0.00            0.00      0.0%
07:10:29  INFO        HRSG-2                            1       60.00      136.00    720.00           60.00        43200.00     44.1%
07:10:29  INFO        HRSG-3                            1       60.00      136.00    720.00           60.00        43200.00     44.1%
07:10:29  INFO        TOTAL SUPPLEMENTARY                                                                          86400.00          
07:10:29  INFO        TOTAL STEAM GENERATED                                                                        86400.00          
07:10:29  INFO        SURPLUS: 81428.00 MT
07:10:29  INFO        ==============================================================================
07:10:29  INFO        [U4U LOOP] Excess SHP: 81428.00 MT → STG +22873.03 MWh, GT -22873.03 MWh
07:10:29  INFO      
07:10:29  INFO        ------------------------------------------------------------------------------------------
07:10:29  INFO        ITERATION 14
07:10:29  INFO        ------------------------------------------------------------------------------------------
07:10:29  INFO        Power:  Demand =    29326509.61 KWH  |  Gen =       17640.00 MWh  |  Surplus =     0.00  |  Deficit = 11686.51
07:10:29  INFO        Steam:  Gen =       86400.00 MT  |  Surplus = 81428.00  |  Deficit =     0.00
07:10:29  INFO        Excess SHP:   81428.00 MT → STG override = 33313.03 MWh, GT reduction = 22873.03 MWh
07:10:29  INFO        Power delta: 0.2685 MWh  |  Converged: NO
07:10:29  INFO      
07:10:29  INFO        Utility                                Total Demand      U4U Demand         Initial    Change %
07:10:29  INFO        -----------------------------------  --------------  --------------  --------------  ----------
07:10:29  INFO        Boiler Feed Water                          94425.33        94425.37            0.00     0.0000%
07:10:29  INFO        COMPRESSED AIR                           7218148.62      1134043.25      6084105.59    84.2890%
07:10:29  INFO        Cooling Water 1                            15194.00            0.00        15194.00   100.0000%
07:10:29  INFO        Cooling Water 2                           289326.83       280310.92         9016.31     3.1169%
07:10:29  INFO        D M Water                                 136992.77        81205.78        55787.00    40.7227%
07:10:29  INFO        HP Steam PRDS                               4972.00         4972.00            0.00     0.0000%
07:10:29  INFO        HP Steam_Dis                                4972.00            0.00         4972.00   100.0000%
07:10:29  INFO        HRSG2_SHP STEAM                            61827.44        61827.46            0.00     0.0013%
07:10:29  INFO        HRSG3_SHP STEAM                            61827.44        61827.46            0.00     0.0013%
07:10:29  INFO        LP Steam PRDS                              14014.38        14014.40            0.00     0.0003%
07:10:29  INFO        LP Steam_Dis                               38972.18        13691.67        25280.51    64.8682%
07:10:29  INFO        MP Steam PRDS SHP                          22959.17        22959.19            0.00     0.0014%
07:10:29  INFO        MP Steam_Dis                               25059.15        10510.79        14548.40    58.0563%
07:10:29  INFO        Nitrogen Gas                             5437630.00            0.00      5437630.00   100.0000% (PT)
07:10:29  INFO        Oxygen                                      5787.00            0.00         5787.00   100.0000%
07:10:29  INFO        POWERGEN                                17297332.41     17297332.57            0.00     0.0000%
07:10:29  INFO        Power_Dis                               29326509.61        84442.81     29242067.20    99.7121%
07:10:29  INFO        SHP Steam_Dis                             123654.93       102680.29        20975.00    16.9626%
07:10:29  INFO        STG1_LP STEAM                              24957.76        24957.78            0.00     0.0003%
07:10:29  INFO        STG1_MP STEAM                               2099.95         2099.96            0.00     0.0014%
07:10:29  INFO        Water                                     280371.80            0.00       280371.80   100.0000% (PT)
07:10:29  INFO      
07:10:29  INFO        U4U CONSUMPTION BREAKDOWN (per producer per material):
07:10:29  INFO        Producer                        Material Consumed                     Norm        Quantity  Credit
07:10:29  INFO        ------------------------------  ------------------------------  ----------  --------------  ------
07:10:29  INFO        Boiler Feed Water               COMPRESSED AIR                    0.500000        47212.66  
07:10:29  INFO        Boiler Feed Water               Cooling Water 2                   0.001070          101.04  
07:10:29  INFO        Boiler Feed Water               D M Water                         0.860000        81205.78  
07:10:29  INFO        Boiler Feed Water               LP Steam_Dis                      0.145000        13691.67  
07:10:29  INFO        Boiler Feed Water               Power_Dis                         9.500000       897040.63  
07:10:29  INFO        COMPRESSED AIR                  Cooling Water 2                   0.000025          180.45  
07:10:29  INFO        COMPRESSED AIR                  Power_Dis                         0.165000      1190994.52  
07:10:29  INFO        Cooling Water 1                 COMPRESSED AIR                    0.108592         1649.95  
07:10:29  INFO        Cooling Water 1                 Power_Dis                       244.999997      3722529.95  
07:10:29  INFO        Cooling Water 2                 COMPRESSED AIR                    0.123044        35599.93  
07:10:29  INFO        Cooling Water 2                 Power_Dis                       249.999997     72331707.72  
07:10:29  INFO        D M Water                       COMPRESSED AIR                    0.077000        10548.44  
07:10:29  INFO        D M Water                       Cooling Water 2                   2.000000       273985.55  
07:10:29  INFO        D M Water                       Power_Dis                         1.210000       165761.26  
07:10:29  INFO        D M Water                       Ret steam condensate              0.203000        27809.53  
07:10:29  INFO        HP Steam PRDS                   Boiler Feed Water                 0.076800          381.85  
07:10:29  INFO        HP Steam PRDS                   SHP Steam_Dis                     0.923200         4590.15  
07:10:29  INFO        HP Steam_Dis                    HP Steam PRDS                     1.000000         4972.00  
07:10:29  INFO        HRSG2_SHP STEAM                 Boiler Feed Water                 1.024000        44236.80  
07:10:29  INFO        HRSG2_SHP STEAM                 COMPRESSED AIR                    9.853236       425659.80  
07:10:29  INFO        HRSG2_SHP STEAM                 LP Steam_Dis                     -0.078000        -3369.60  YES
07:10:29  INFO        HRSG3_SHP STEAM                 Boiler Feed Water                 1.024000        44236.80  
07:10:29  INFO        HRSG3_SHP STEAM                 COMPRESSED AIR                    9.596520       414569.66  
07:10:29  INFO        HRSG3_SHP STEAM                 LP Steam_Dis                     -0.078000        -3369.60  YES
07:10:29  INFO        LP Steam PRDS                   Boiler Feed Water                 0.250000         3503.60  
07:10:29  INFO        LP Steam PRDS                   MP Steam_Dis                      0.750000        10510.79  
07:10:29  INFO        LP Steam_Dis                    LP Steam PRDS                     0.359600        14014.40  
07:10:29  INFO        LP Steam_Dis                    STG1_LP STEAM                     0.640400        24957.78  
07:10:29  INFO        MP Steam PRDS SHP               Boiler Feed Water                 0.090000         2066.33  
07:10:29  INFO        MP Steam PRDS SHP               SHP Steam_Dis                     0.910000        20892.85  
07:10:29  INFO        MP Steam_Dis                    MP Steam PRDS SHP                 0.916200        22959.19  
07:10:29  INFO        MP Steam_Dis                    STG1_MP STEAM                     0.083800         2099.96  
07:10:29  INFO        Oxygen                          Cooling Water 2                   0.261000         1510.41  
07:10:29  INFO        Oxygen                          Power_Dis                       968.650000      5605577.55  
07:10:29  INFO        POWERGEN                        COMPRESSED AIR                    0.003420        60328.80  
07:10:29  INFO        POWERGEN                        COMPRESSED AIR                    0.003839        67719.96  
07:10:29  INFO        POWERGEN                        COMPRESSED AIR                    0.004011        70754.04  
07:10:29  INFO        POWERGEN                        Cooling Water 2                   0.000012          211.68  
07:10:29  INFO        POWERGEN                        Cooling Water 2                   0.000232         4092.48  
07:10:29  INFO        POWERGEN                        Cooling Water 2                   0.000013          229.32  
07:10:29  INFO        POWERGEN                        Power_Dis                         0.014000       246960.00  
07:10:29  INFO        POWERGEN                        Power_Dis                         0.002000        35280.00  
07:10:29  INFO        POWERGEN                        Power_Dis                         0.014000       246960.00  
07:10:29  INFO        POWERGEN                        SHP Steam_Dis                     0.003615        63768.60  
07:10:29  INFO        Power_Dis                       POWERGEN                          0.196717      5769022.99  
07:10:29  INFO        Power_Dis                       POWERGEN                          0.207066      6072523.04  
07:10:29  INFO        Power_Dis                       POWERGEN                          0.186036      5455786.54  
07:10:29  INFO        Power_Dis                       Power from MEL                    0.410169     12028825.12  
07:10:29  INFO        SHP Steam_Dis                   HRSG2_SHP STEAM                   0.500000        61827.46  
07:10:29  INFO        SHP Steam_Dis                   HRSG3_SHP STEAM                   0.500000        61827.46  
07:10:29  INFO        STG1_LP STEAM                   SHP Steam_Dis                     0.480000        11979.73  
07:10:29  INFO        STG1_MP STEAM                   SHP Steam_Dis                     0.690000         1448.97  
07:10:29  INFO      
07:10:29  INFO        All U4U materials converged within tolerance
07:10:29  INFO        ------------------------------------------------------------------------------------------
07:10:30  WARNING     [DISPATCH] No aux power norm for 'NMD-Power Plant-2'; using 0.0
07:10:30  WARNING     [DISPATCH] No aux power norm for 'NMD-Power Plant-3'; using 0.0
07:10:30  WARNING     [DISPATCH] No aux power norm for 'NMD-STG Power Plant'; using 0.0
07:10:30  INFO        ==============================================================================
07:10:30  INFO        POWER DISPATCH  (April 2025)
07:10:30  INFO        ==============================================================================
07:10:30  INFO        Demand:  Process = 29326.51 MWh  |  Fixed = 0.00 MWh  |  Total = 29326.51 MWh
07:10:30  INFO      
07:10:30  INFO        Asset                      Priority    Min MW    Max MW     Hours   Dispatched MW  Dispatched MWh    Load %  Free Steam MT  Aux Power MWh
07:10:30  INFO        -------------------------  --------  --------  --------  --------  --------------  --------------  --------  ------------  ------------
07:10:30  INFO        NMD-Power Plant-2                 1      5.00      5.00    720.00            5.00         3600.00    100.0%          0.00          0.00
07:10:30  INFO        NMD-Power Plant-3                 1      5.00      5.00    720.00            5.00         3600.00    100.0%          0.00          0.00
07:10:30  INFO        NMD-STG Power Plant               2      6.00     14.50    720.00           14.50        10440.00    100.0%          0.00          0.00
07:10:30  INFO        TOTAL                                                                                    17640.00                    0.00          0.00
07:10:30  INFO        DEFICIT: 11686.51 MWh under-generation
07:10:30  INFO        ==============================================================================
07:10:31  INFO        ==============================================================================
07:10:31  INFO        STEAM DISPATCH  (April 2025)
07:10:31  INFO        ==============================================================================
07:10:31  INFO        Grade      Process/Fixed MT  Letdown MT  Byproduct MT     Net Demand MT
07:10:31  INFO        ---------  ----------------  ----------  ------------  ----------------
07:10:31  INFO        MP                 25059.19    18794.39          0.00          25059.19
07:10:31  INFO        SHP               123655.29   131509.55          0.00         142449.68
07:10:31  INFO        HP                  4972.00        0.00          0.00           4972.00
07:10:31  INFO      
07:10:31  INFO        Total Free Steam available: 0.00 MT
07:10:31  INFO      
07:10:31  INFO        FINAL SUPPLEMENTARY FIRING DISPATCH
07:10:31  INFO        Asset                      Priority     Min TPH     Max TPH     Hours  Dispatched TPH   Dispatched MT    Load %
07:10:31  INFO        -------------------------  --------  ----------  ----------  --------  --------------  --------------  --------
07:10:31  INFO        HRSG-1                          999       60.00      136.00      0.00            0.00            0.00      0.0%
07:10:31  INFO        HRSG-2                            1       60.00      136.00    720.00           60.00        43200.00     44.1%
07:10:31  INFO        HRSG-3                            1       60.00      136.00    720.00           60.00        43200.00     44.1%
07:10:31  INFO        TOTAL SUPPLEMENTARY                                                                          86400.00          
07:10:31  INFO        TOTAL STEAM GENERATED                                                                        86400.00          
07:10:31  INFO        SURPLUS: 81428.00 MT
07:10:31  INFO        ==============================================================================
07:10:31  INFO        [U4U LOOP] Excess SHP: 81428.00 MT → STG +22873.03 MWh, GT -22873.03 MWh
07:10:31  INFO      
07:10:31  INFO        ------------------------------------------------------------------------------------------
07:10:31  INFO        ITERATION 15
07:10:31  INFO        ------------------------------------------------------------------------------------------
07:10:31  INFO        Power:  Demand =    29326510.01 KWH  |  Gen =       17640.00 MWh  |  Surplus =     0.00  |  Deficit = 11686.51
07:10:31  INFO        Steam:  Gen =       86400.00 MT  |  Surplus = 81428.00  |  Deficit =     0.00
07:10:31  INFO        Excess SHP:   81428.00 MT → STG override = 33313.03 MWh, GT reduction = 22873.03 MWh
07:10:31  INFO        Power delta: 0.3997 MWh  |  Converged: NO
07:10:31  INFO      
07:10:31  INFO        Utility                                Total Demand      U4U Demand         Initial    Change %
07:10:31  INFO        -----------------------------------  --------------  --------------  --------------  ----------
07:10:31  INFO        Boiler Feed Water                          94425.37        94425.38            0.00     0.0000%
07:10:31  INFO        COMPRESSED AIR                           7218148.84      1134043.32      6084105.59    84.2890%
07:10:31  INFO        Cooling Water 1                            15194.00            0.00        15194.00   100.0000%
07:10:31  INFO        Cooling Water 2                           289327.23       280310.94         9016.31     3.1164%
07:10:31  INFO        D M Water                                 136992.78        81205.82        55787.00    40.7226%
07:10:31  INFO        HP Steam PRDS                               4972.00         4972.00            0.00     0.0000%
07:10:31  INFO        HP Steam_Dis                                4972.00            0.00         4972.00   100.0000%
07:10:31  INFO        HRSG2_SHP STEAM                            61827.46        61827.65            0.00     0.0000%
07:10:31  INFO        HRSG3_SHP STEAM                            61827.46        61827.65            0.00     0.0000%
07:10:31  INFO        LP Steam PRDS                              14014.40        14014.40            0.00     0.0001%
07:10:31  INFO        LP Steam_Dis                               38972.18        13691.68        25280.51    64.8681%
07:10:31  INFO        MP Steam PRDS SHP                          22959.19        22959.23            0.00     0.0001%
07:10:31  INFO        MP Steam_Dis                               25059.19        10510.80        14548.40    58.0563%
07:10:31  INFO        Nitrogen Gas                             5437630.00            0.00      5437630.00   100.0000% (PT)
07:10:31  INFO        Oxygen                                      5787.00            0.00         5787.00   100.0000%
07:10:31  INFO        POWERGEN                                17297332.57     17297332.81            0.00     0.0000%
07:10:31  INFO        Power_Dis                               29326510.01        84442.91     29242067.20    99.7121%
07:10:31  INFO        SHP Steam_Dis                             123655.29       102680.32        20975.00    16.9628%
07:10:31  INFO        STG1_LP STEAM                              24957.78        24957.79            0.00     0.0001%
07:10:31  INFO        STG1_MP STEAM                               2099.96         2099.96            0.00     0.0001%
07:10:31  INFO        Water                                     280371.80            0.00       280371.80   100.0000% (PT)
07:10:31  INFO      
07:10:31  INFO        U4U CONSUMPTION BREAKDOWN (per producer per material):
07:10:31  INFO        Producer                        Material Consumed                     Norm        Quantity  Credit
07:10:31  INFO        ------------------------------  ------------------------------  ----------  --------------  ------
07:10:31  INFO        Boiler Feed Water               COMPRESSED AIR                    0.500000        47212.69  
07:10:31  INFO        Boiler Feed Water               Cooling Water 2                   0.001070          101.04  
07:10:31  INFO        Boiler Feed Water               D M Water                         0.860000        81205.82  
07:10:31  INFO        Boiler Feed Water               LP Steam_Dis                      0.145000        13691.68  
07:10:31  INFO        Boiler Feed Water               Power_Dis                         9.500000       897041.03  
07:10:31  INFO        COMPRESSED AIR                  Cooling Water 2                   0.000025          180.45  
07:10:31  INFO        COMPRESSED AIR                  Power_Dis                         0.165000      1190994.56  
07:10:31  INFO        Cooling Water 1                 COMPRESSED AIR                    0.108592         1649.95  
07:10:31  INFO        Cooling Water 1                 Power_Dis                       244.999997      3722529.95  
07:10:31  INFO        Cooling Water 2                 COMPRESSED AIR                    0.123044        35599.98  
07:10:31  INFO        Cooling Water 2                 Power_Dis                       249.999997     72331807.82  
07:10:31  INFO        D M Water                       COMPRESSED AIR                    0.077000        10548.44  
07:10:31  INFO        D M Water                       Cooling Water 2                   2.000000       273985.57  
07:10:31  INFO        D M Water                       Power_Dis                         1.210000       165761.27  
07:10:31  INFO        D M Water                       Ret steam condensate              0.203000        27809.53  
07:10:31  INFO        HP Steam PRDS                   Boiler Feed Water                 0.076800          381.85  
07:10:31  INFO        HP Steam PRDS                   SHP Steam_Dis                     0.923200         4590.15  
07:10:31  INFO        HP Steam_Dis                    HP Steam PRDS                     1.000000         4972.00  
07:10:31  INFO        HRSG2_SHP STEAM                 Boiler Feed Water                 1.024000        44236.80  
07:10:31  INFO        HRSG2_SHP STEAM                 COMPRESSED AIR                    9.853236       425659.80  
07:10:31  INFO        HRSG2_SHP STEAM                 LP Steam_Dis                     -0.078000        -3369.60  YES
07:10:31  INFO        HRSG3_SHP STEAM                 Boiler Feed Water                 1.024000        44236.80  
07:10:31  INFO        HRSG3_SHP STEAM                 COMPRESSED AIR                    9.596520       414569.66  
07:10:31  INFO        HRSG3_SHP STEAM                 LP Steam_Dis                     -0.078000        -3369.60  YES
07:10:31  INFO        LP Steam PRDS                   Boiler Feed Water                 0.250000         3503.60  
07:10:31  INFO        LP Steam PRDS                   MP Steam_Dis                      0.750000        10510.80  
07:10:31  INFO        LP Steam_Dis                    LP Steam PRDS                     0.359600        14014.40  
07:10:31  INFO        LP Steam_Dis                    STG1_LP STEAM                     0.640400        24957.79  
07:10:31  INFO        MP Steam PRDS SHP               Boiler Feed Water                 0.090000         2066.33  
07:10:31  INFO        MP Steam PRDS SHP               SHP Steam_Dis                     0.910000        20892.87  
07:10:31  INFO        MP Steam_Dis                    MP Steam PRDS SHP                 0.916200        22959.23  
07:10:31  INFO        MP Steam_Dis                    STG1_MP STEAM                     0.083800         2099.96  
07:10:31  INFO        Oxygen                          Cooling Water 2                   0.261000         1510.41  
07:10:31  INFO        Oxygen                          Power_Dis                       968.650000      5605577.55  
07:10:31  INFO        POWERGEN                        COMPRESSED AIR                    0.003420        60328.80  
07:10:31  INFO        POWERGEN                        COMPRESSED AIR                    0.003839        67719.96  
07:10:31  INFO        POWERGEN                        COMPRESSED AIR                    0.004011        70754.04  
07:10:31  INFO        POWERGEN                        Cooling Water 2                   0.000012          211.68  
07:10:31  INFO        POWERGEN                        Cooling Water 2                   0.000232         4092.48  
07:10:31  INFO        POWERGEN                        Cooling Water 2                   0.000013          229.32  
07:10:31  INFO        POWERGEN                        Power_Dis                         0.014000       246960.00  
07:10:31  INFO        POWERGEN                        Power_Dis                         0.002000        35280.00  
07:10:31  INFO        POWERGEN                        Power_Dis                         0.014000       246960.00  
07:10:31  INFO        POWERGEN                        SHP Steam_Dis                     0.003615        63768.60  
07:10:31  INFO        Power_Dis                       POWERGEN                          0.196717      5769023.07  
07:10:31  INFO        Power_Dis                       POWERGEN                          0.207066      6072523.12  
07:10:31  INFO        Power_Dis                       POWERGEN                          0.186036      5455786.62  
07:10:31  INFO        Power_Dis                       Power from MEL                    0.410169     12028825.28  
07:10:31  INFO        SHP Steam_Dis                   HRSG2_SHP STEAM                   0.500000        61827.65  
07:10:31  INFO        SHP Steam_Dis                   HRSG3_SHP STEAM                   0.500000        61827.65  
07:10:31  INFO        STG1_LP STEAM                   SHP Steam_Dis                     0.480000        11979.74  
07:10:31  INFO        STG1_MP STEAM                   SHP Steam_Dis                     0.690000         1448.97  
07:10:31  INFO      
07:10:31  INFO        All U4U materials converged within tolerance
07:10:31  INFO        ------------------------------------------------------------------------------------------
07:10:31  WARNING     [DISPATCH] No aux power norm for 'NMD-Power Plant-2'; using 0.0
07:10:31  WARNING     [DISPATCH] No aux power norm for 'NMD-Power Plant-3'; using 0.0
07:10:31  WARNING     [DISPATCH] No aux power norm for 'NMD-STG Power Plant'; using 0.0
07:10:31  INFO        ==============================================================================
07:10:31  INFO        POWER DISPATCH  (April 2025)
07:10:31  INFO        ==============================================================================
07:10:31  INFO        Demand:  Process = 29326.51 MWh  |  Fixed = 0.00 MWh  |  Total = 29326.51 MWh
07:10:31  INFO      
07:10:31  INFO        Asset                      Priority    Min MW    Max MW     Hours   Dispatched MW  Dispatched MWh    Load %  Free Steam MT  Aux Power MWh
07:10:31  INFO        -------------------------  --------  --------  --------  --------  --------------  --------------  --------  ------------  ------------
07:10:31  INFO        NMD-Power Plant-2                 1      5.00      5.00    720.00            5.00         3600.00    100.0%          0.00          0.00
07:10:31  INFO        NMD-Power Plant-3                 1      5.00      5.00    720.00            5.00         3600.00    100.0%          0.00          0.00
07:10:31  INFO        NMD-STG Power Plant               2      6.00     14.50    720.00           14.50        10440.00    100.0%          0.00          0.00
07:10:31  INFO        TOTAL                                                                                    17640.00                    0.00          0.00
07:10:31  INFO        DEFICIT: 11686.51 MWh under-generation
07:10:31  INFO        ==============================================================================
07:10:32  INFO        ==============================================================================
07:10:32  INFO        STEAM DISPATCH  (April 2025)
07:10:32  INFO        ==============================================================================
07:10:32  INFO        Grade      Process/Fixed MT  Letdown MT  Byproduct MT     Net Demand MT
07:10:32  INFO        ---------  ----------------  ----------  ------------  ----------------
07:10:32  INFO        MP                 25059.20    18794.40          0.00          25059.20
07:10:32  INFO        SHP               123655.32   131509.58          0.00         142449.72
07:10:32  INFO        HP                  4972.00        0.00          0.00           4972.00
07:10:32  INFO      
07:10:32  INFO        Total Free Steam available: 0.00 MT
07:10:32  INFO      
07:10:32  INFO        FINAL SUPPLEMENTARY FIRING DISPATCH
07:10:32  INFO        Asset                      Priority     Min TPH     Max TPH     Hours  Dispatched TPH   Dispatched MT    Load %
07:10:32  INFO        -------------------------  --------  ----------  ----------  --------  --------------  --------------  --------
07:10:32  INFO        HRSG-1                          999       60.00      136.00      0.00            0.00            0.00      0.0%
07:10:32  INFO        HRSG-2                            1       60.00      136.00    720.00           60.00        43200.00     44.1%
07:10:32  INFO        HRSG-3                            1       60.00      136.00    720.00           60.00        43200.00     44.1%
07:10:32  INFO        TOTAL SUPPLEMENTARY                                                                          86400.00          
07:10:32  INFO        TOTAL STEAM GENERATED                                                                        86400.00          
07:10:32  INFO        SURPLUS: 81428.00 MT
07:10:32  INFO        ==============================================================================
07:10:32  INFO        [U4U LOOP] Excess SHP: 81428.00 MT → STG +22873.03 MWh, GT -22873.03 MWh
07:10:32  INFO      
07:10:32  INFO        ------------------------------------------------------------------------------------------
07:10:32  INFO        ITERATION 16
07:10:32  INFO        ------------------------------------------------------------------------------------------
07:10:32  INFO        Power:  Demand =    29326510.11 KWH  |  Gen =       17640.00 MWh  |  Surplus =     0.00  |  Deficit = 11686.51
07:10:32  INFO        Steam:  Gen =       86400.00 MT  |  Surplus = 81428.00  |  Deficit =     0.00
07:10:32  INFO        Excess SHP:   81428.00 MT → STG override = 33313.03 MWh, GT reduction = 22873.03 MWh
07:10:32  INFO        Power delta: 0.1005 MWh  |  Converged: NO
07:10:32  INFO      
07:10:32  INFO        Utility                                Total Demand      U4U Demand         Initial    Change %
07:10:32  INFO        -----------------------------------  --------------  --------------  --------------  ----------
07:10:32  INFO        Boiler Feed Water                          94425.38        94425.38            0.00     0.0000%
07:10:32  INFO        COMPRESSED AIR                           7218148.91      1134043.32      6084105.59    84.2890%
07:10:32  INFO        Cooling Water 1                            15194.00            0.00        15194.00   100.0000%
07:10:32  INFO        Cooling Water 2                           289327.25       280311.01         9016.31     3.1163%
07:10:32  INFO        D M Water                                 136992.82        81205.82        55787.00    40.7226%
07:10:32  INFO        HP Steam PRDS                               4972.00         4972.00            0.00     0.0000%
07:10:32  INFO        HP Steam_Dis                                4972.00            0.00         4972.00   100.0000%
07:10:32  INFO        HRSG2_SHP STEAM                            61827.65        61827.66            0.00     0.0003%
07:10:32  INFO        HRSG3_SHP STEAM                            61827.65        61827.66            0.00     0.0003%
07:10:32  INFO        LP Steam PRDS                              14014.40        14014.40            0.00     0.0000%
07:10:32  INFO        LP Steam_Dis                               38972.19        13691.68        25280.51    64.8681%
07:10:32  INFO        MP Steam PRDS SHP                          22959.23        22959.24            0.00     0.0001%
07:10:32  INFO        MP Steam_Dis                               25059.20        10510.80        14548.40    58.0562%
07:10:32  INFO        Nitrogen Gas                             5437630.00            0.00      5437630.00   100.0000% (PT)
07:10:32  INFO        Oxygen                                      5787.00            0.00         5787.00   100.0000%
07:10:32  INFO        POWERGEN                                17297332.81     17297332.87            0.00     0.0000%
07:10:32  INFO        Power_Dis                               29326510.11        84442.92     29242067.20    99.7121%
07:10:32  INFO        SHP Steam_Dis                             123655.32       102680.36        20975.00    16.9625%
07:10:32  INFO        STG1_LP STEAM                              24957.79        24957.79            0.00     0.0000%
07:10:32  INFO        STG1_MP STEAM                               2099.96         2099.96            0.00     0.0001%
07:10:32  INFO        Water                                     280371.80            0.00       280371.80   100.0000% (PT)
07:10:32  INFO      
07:10:32  INFO        U4U CONSUMPTION BREAKDOWN (per producer per material):
07:10:32  INFO        Producer                        Material Consumed                     Norm        Quantity  Credit
07:10:32  INFO        ------------------------------  ------------------------------  ----------  --------------  ------
07:10:32  INFO        Boiler Feed Water               COMPRESSED AIR                    0.500000        47212.69  
07:10:32  INFO        Boiler Feed Water               Cooling Water 2                   0.001070          101.04  
07:10:32  INFO        Boiler Feed Water               D M Water                         0.860000        81205.82  
07:10:32  INFO        Boiler Feed Water               LP Steam_Dis                      0.145000        13691.68  
07:10:32  INFO        Boiler Feed Water               Power_Dis                         9.500000       897041.07  
07:10:32  INFO        COMPRESSED AIR                  Cooling Water 2                   0.000025          180.45  
07:10:32  INFO        COMPRESSED AIR                  Power_Dis                         0.165000      1190994.57  
07:10:32  INFO        Cooling Water 1                 COMPRESSED AIR                    0.108592         1649.95  
07:10:32  INFO        Cooling Water 1                 Power_Dis                       244.999997      3722529.95  
07:10:32  INFO        Cooling Water 2                 COMPRESSED AIR                    0.123044        35599.98  
07:10:32  INFO        Cooling Water 2                 Power_Dis                       249.999997     72331812.19  
07:10:32  INFO        D M Water                       COMPRESSED AIR                    0.077000        10548.45  
07:10:32  INFO        D M Water                       Cooling Water 2                   2.000000       273985.64  
07:10:32  INFO        D M Water                       Power_Dis                         1.210000       165761.31  
07:10:32  INFO        D M Water                       Ret steam condensate              0.203000        27809.54  
07:10:32  INFO        HP Steam PRDS                   Boiler Feed Water                 0.076800          381.85  
07:10:32  INFO        HP Steam PRDS                   SHP Steam_Dis                     0.923200         4590.15  
07:10:32  INFO        HP Steam_Dis                    HP Steam PRDS                     1.000000         4972.00  
07:10:32  INFO        HRSG2_SHP STEAM                 Boiler Feed Water                 1.024000        44236.80  
07:10:32  INFO        HRSG2_SHP STEAM                 COMPRESSED AIR                    9.853236       425659.80  
07:10:32  INFO        HRSG2_SHP STEAM                 LP Steam_Dis                     -0.078000        -3369.60  YES
07:10:32  INFO        HRSG3_SHP STEAM                 Boiler Feed Water                 1.024000        44236.80  
07:10:32  INFO        HRSG3_SHP STEAM                 COMPRESSED AIR                    9.596520       414569.66  
07:10:32  INFO        HRSG3_SHP STEAM                 LP Steam_Dis                     -0.078000        -3369.60  YES
07:10:32  INFO        LP Steam PRDS                   Boiler Feed Water                 0.250000         3503.60  
07:10:32  INFO        LP Steam PRDS                   MP Steam_Dis                      0.750000        10510.80  
07:10:32  INFO        LP Steam_Dis                    LP Steam PRDS                     0.359600        14014.40  
07:10:32  INFO        LP Steam_Dis                    STG1_LP STEAM                     0.640400        24957.79  
07:10:32  INFO        MP Steam PRDS SHP               Boiler Feed Water                 0.090000         2066.33  
07:10:32  INFO        MP Steam PRDS SHP               SHP Steam_Dis                     0.910000        20892.90  
07:10:32  INFO        MP Steam_Dis                    MP Steam PRDS SHP                 0.916200        22959.24  
07:10:32  INFO        MP Steam_Dis                    STG1_MP STEAM                     0.083800         2099.96  
07:10:32  INFO        Oxygen                          Cooling Water 2                   0.261000         1510.41  
07:10:32  INFO        Oxygen                          Power_Dis                       968.650000      5605577.55  
07:10:32  INFO        POWERGEN                        COMPRESSED AIR                    0.003420        60328.80  
07:10:32  INFO        POWERGEN                        COMPRESSED AIR                    0.003839        67719.96  
07:10:32  INFO        POWERGEN                        COMPRESSED AIR                    0.004011        70754.04  
07:10:32  INFO        POWERGEN                        Cooling Water 2                   0.000012          211.68  
07:10:32  INFO        POWERGEN                        Cooling Water 2                   0.000232         4092.48  
07:10:32  INFO        POWERGEN                        Cooling Water 2                   0.000013          229.32  
07:10:32  INFO        POWERGEN                        Power_Dis                         0.014000       246960.00  
07:10:32  INFO        POWERGEN                        Power_Dis                         0.002000        35280.00  
07:10:32  INFO        POWERGEN                        Power_Dis                         0.014000       246960.00  
07:10:32  INFO        POWERGEN                        SHP Steam_Dis                     0.003615        63768.60  
07:10:32  INFO        Power_Dis                       POWERGEN                          0.196717      5769023.09  
07:10:32  INFO        Power_Dis                       POWERGEN                          0.207066      6072523.14  
07:10:32  INFO        Power_Dis                       POWERGEN                          0.186036      5455786.64  
07:10:32  INFO        Power_Dis                       Power from MEL                    0.410169     12028825.33  
07:10:32  INFO        SHP Steam_Dis                   HRSG2_SHP STEAM                   0.500000        61827.66  
07:10:32  INFO        SHP Steam_Dis                   HRSG3_SHP STEAM                   0.500000        61827.66  
07:10:32  INFO        STG1_LP STEAM                   SHP Steam_Dis                     0.480000        11979.74  
07:10:32  INFO        STG1_MP STEAM                   SHP Steam_Dis                     0.690000         1448.97  
07:10:32  INFO      
07:10:32  INFO        All U4U materials converged within tolerance
07:10:32  INFO        ------------------------------------------------------------------------------------------
07:10:33  WARNING     [DISPATCH] No aux power norm for 'NMD-Power Plant-2'; using 0.0
07:10:33  WARNING     [DISPATCH] No aux power norm for 'NMD-Power Plant-3'; using 0.0
07:10:33  WARNING     [DISPATCH] No aux power norm for 'NMD-STG Power Plant'; using 0.0
07:10:33  INFO        ==============================================================================
07:10:33  INFO        POWER DISPATCH  (April 2025)
07:10:33  INFO        ==============================================================================
07:10:33  INFO        Demand:  Process = 29326.51 MWh  |  Fixed = 0.00 MWh  |  Total = 29326.51 MWh
07:10:33  INFO      
07:10:33  INFO        Asset                      Priority    Min MW    Max MW     Hours   Dispatched MW  Dispatched MWh    Load %  Free Steam MT  Aux Power MWh
07:10:33  INFO        -------------------------  --------  --------  --------  --------  --------------  --------------  --------  ------------  ------------
07:10:33  INFO        NMD-Power Plant-2                 1      5.00      5.00    720.00            5.00         3600.00    100.0%          0.00          0.00
07:10:33  INFO        NMD-Power Plant-3                 1      5.00      5.00    720.00            5.00         3600.00    100.0%          0.00          0.00
07:10:33  INFO        NMD-STG Power Plant               2      6.00     14.50    720.00           14.50        10440.00    100.0%          0.00          0.00
07:10:33  INFO        TOTAL                                                                                    17640.00                    0.00          0.00
07:10:33  INFO        DEFICIT: 11686.51 MWh under-generation
07:10:33  INFO        ==============================================================================
07:10:34  INFO        ==============================================================================
07:10:34  INFO        STEAM DISPATCH  (April 2025)
07:10:34  INFO        ==============================================================================
07:10:34  INFO        Grade      Process/Fixed MT  Letdown MT  Byproduct MT     Net Demand MT
07:10:34  INFO        ---------  ----------------  ----------  ------------  ----------------
07:10:34  INFO        MP                 25059.20    18794.40          0.00          25059.20
07:10:34  INFO        SHP               123655.36   131509.61          0.00         142449.76
07:10:34  INFO        HP                  4972.00        0.00          0.00           4972.00
07:10:34  INFO      
07:10:34  INFO        Total Free Steam available: 0.00 MT
07:10:34  INFO      
07:10:34  INFO        FINAL SUPPLEMENTARY FIRING DISPATCH
07:10:34  INFO        Asset                      Priority     Min TPH     Max TPH     Hours  Dispatched TPH   Dispatched MT    Load %
07:10:34  INFO        -------------------------  --------  ----------  ----------  --------  --------------  --------------  --------
07:10:34  INFO        HRSG-1                          999       60.00      136.00      0.00            0.00            0.00      0.0%
07:10:34  INFO        HRSG-2                            1       60.00      136.00    720.00           60.00        43200.00     44.1%
07:10:34  INFO        HRSG-3                            1       60.00      136.00    720.00           60.00        43200.00     44.1%
07:10:34  INFO        TOTAL SUPPLEMENTARY                                                                          86400.00          
07:10:34  INFO        TOTAL STEAM GENERATED                                                                        86400.00          
07:10:34  INFO        SURPLUS: 81428.00 MT
07:10:34  INFO        ==============================================================================
07:10:34  INFO        [U4U LOOP] Excess SHP: 81428.00 MT → STG +22873.03 MWh, GT -22873.03 MWh
07:10:34  INFO      
07:10:34  INFO        ------------------------------------------------------------------------------------------
07:10:34  INFO        ITERATION 17
07:10:34  INFO        ------------------------------------------------------------------------------------------
07:10:34  INFO        Power:  Demand =    29326510.12 KWH  |  Gen =       17640.00 MWh  |  Surplus =     0.00  |  Deficit = 11686.51
07:10:34  INFO        Steam:  Gen =       86400.00 MT  |  Surplus = 81428.00  |  Deficit =     0.00
07:10:34  INFO        Excess SHP:   81428.00 MT → STG override = 33313.03 MWh, GT reduction = 22873.03 MWh
07:10:34  INFO        Power delta: 0.0045 MWh  |  Converged: YES
07:10:34  INFO      
07:10:34  INFO        Utility                                Total Demand      U4U Demand         Initial    Change %
07:10:34  INFO        -----------------------------------  --------------  --------------  --------------  ----------
07:10:34  INFO        Boiler Feed Water                          94425.38        94425.38            0.00     0.0000%
07:10:34  INFO        COMPRESSED AIR                           7218148.91      1134043.33      6084105.59    84.2890%
07:10:34  INFO        Cooling Water 1                            15194.00            0.00        15194.00   100.0000%
07:10:34  INFO        Cooling Water 2                           289327.32       280311.02         9016.31     3.1163%
07:10:34  INFO        D M Water                                 136992.82        81205.83        55787.00    40.7226%
07:10:34  INFO        HP Steam PRDS                               4972.00         4972.00            0.00     0.0000%
07:10:34  INFO        HP Steam_Dis                                4972.00            0.00         4972.00   100.0000%
07:10:34  INFO        HRSG2_SHP STEAM                            61827.66        61827.68            0.00     0.0000%
07:10:34  INFO        HRSG3_SHP STEAM                            61827.66        61827.68            0.00     0.0000%
07:10:34  INFO        LP Steam PRDS                              14014.40        14014.40            0.00     0.0000%
07:10:34  INFO        LP Steam_Dis                               38972.19        13691.68        25280.51    64.8681%
07:10:34  INFO        MP Steam PRDS SHP                          22959.24        22959.24            0.00     0.0000%
07:10:34  INFO        MP Steam_Dis                               25059.20        10510.80        14548.40    58.0561%
07:10:34  INFO        Nitrogen Gas                             5437630.00            0.00      5437630.00   100.0000% (PT)
07:10:34  INFO        Oxygen                                      5787.00            0.00         5787.00   100.0000%
07:10:34  INFO        POWERGEN                                17297332.87     17297332.87            0.00     0.0000%
07:10:34  INFO        Power_Dis                               29326510.12        84442.93     29242067.20    99.7121%
07:10:34  INFO        SHP Steam_Dis                             123655.36       102680.37        20975.00    16.9625%
07:10:34  INFO        STG1_LP STEAM                              24957.79        24957.79            0.00     0.0000%
07:10:34  INFO        STG1_MP STEAM                               2099.96         2099.96            0.00     0.0000%
07:10:34  INFO        Water                                     280371.80            0.00       280371.80   100.0000% (PT)
07:10:34  INFO      
07:10:34  INFO        U4U CONSUMPTION BREAKDOWN (per producer per material):
07:10:34  INFO        Producer                        Material Consumed                     Norm        Quantity  Credit
07:10:34  INFO        ------------------------------  ------------------------------  ----------  --------------  ------
07:10:34  INFO        Boiler Feed Water               COMPRESSED AIR                    0.500000        47212.69  
07:10:34  INFO        Boiler Feed Water               Cooling Water 2                   0.001070          101.04  
07:10:34  INFO        Boiler Feed Water               D M Water                         0.860000        81205.83  
07:10:34  INFO        Boiler Feed Water               LP Steam_Dis                      0.145000        13691.68  
07:10:34  INFO        Boiler Feed Water               Power_Dis                         9.500000       897041.10  
07:10:34  INFO        COMPRESSED AIR                  Cooling Water 2                   0.000025          180.45  
07:10:34  INFO        COMPRESSED AIR                  Power_Dis                         0.165000      1190994.57  
07:10:34  INFO        Cooling Water 1                 COMPRESSED AIR                    0.108592         1649.95  
07:10:34  INFO        Cooling Water 1                 Power_Dis                       244.999997      3722529.95  
07:10:34  INFO        Cooling Water 2                 COMPRESSED AIR                    0.123044        35599.99  
07:10:34  INFO        Cooling Water 2                 Power_Dis                       249.999997     72331830.23  
07:10:34  INFO        D M Water                       COMPRESSED AIR                    0.077000        10548.45  
07:10:34  INFO        D M Water                       Cooling Water 2                   2.000000       273985.65  
07:10:34  INFO        D M Water                       Power_Dis                         1.210000       165761.32  
07:10:34  INFO        D M Water                       Ret steam condensate              0.203000        27809.54  
07:10:34  INFO        HP Steam PRDS                   Boiler Feed Water                 0.076800          381.85  
07:10:34  INFO        HP Steam PRDS                   SHP Steam_Dis                     0.923200         4590.15  
07:10:34  INFO        HP Steam_Dis                    HP Steam PRDS                     1.000000         4972.00  
07:10:34  INFO        HRSG2_SHP STEAM                 Boiler Feed Water                 1.024000        44236.80  
07:10:34  INFO        HRSG2_SHP STEAM                 COMPRESSED AIR                    9.853236       425659.80  
07:10:34  INFO        HRSG2_SHP STEAM                 LP Steam_Dis                     -0.078000        -3369.60  YES
07:10:34  INFO        HRSG3_SHP STEAM                 Boiler Feed Water                 1.024000        44236.80  
07:10:34  INFO        HRSG3_SHP STEAM                 COMPRESSED AIR                    9.596520       414569.66  
07:10:34  INFO        HRSG3_SHP STEAM                 LP Steam_Dis                     -0.078000        -3369.60  YES
07:10:34  INFO        LP Steam PRDS                   Boiler Feed Water                 0.250000         3503.60  
07:10:34  INFO        LP Steam PRDS                   MP Steam_Dis                      0.750000        10510.80  
07:10:34  INFO        LP Steam_Dis                    LP Steam PRDS                     0.359600        14014.40  
07:10:34  INFO        LP Steam_Dis                    STG1_LP STEAM                     0.640400        24957.79  
07:10:34  INFO        MP Steam PRDS SHP               Boiler Feed Water                 0.090000         2066.33  
07:10:34  INFO        MP Steam PRDS SHP               SHP Steam_Dis                     0.910000        20892.91  
07:10:34  INFO        MP Steam_Dis                    MP Steam PRDS SHP                 0.916200        22959.24  
07:10:34  INFO        MP Steam_Dis                    STG1_MP STEAM                     0.083800         2099.96  
07:10:34  INFO        Oxygen                          Cooling Water 2                   0.261000         1510.41  
07:10:34  INFO        Oxygen                          Power_Dis                       968.650000      5605577.55  
07:10:34  INFO        POWERGEN                        COMPRESSED AIR                    0.003420        60328.80  
07:10:34  INFO        POWERGEN                        COMPRESSED AIR                    0.003839        67719.96  
07:10:34  INFO        POWERGEN                        COMPRESSED AIR                    0.004011        70754.04  
07:10:34  INFO        POWERGEN                        Cooling Water 2                   0.000012          211.68  
07:10:34  INFO        POWERGEN                        Cooling Water 2                   0.000232         4092.48  
07:10:34  INFO        POWERGEN                        Cooling Water 2                   0.000013          229.32  
07:10:34  INFO        POWERGEN                        Power_Dis                         0.014000       246960.00  
07:10:34  INFO        POWERGEN                        Power_Dis                         0.002000        35280.00  
07:10:34  INFO        POWERGEN                        Power_Dis                         0.014000       246960.00  
07:10:34  INFO        POWERGEN                        SHP Steam_Dis                     0.003615        63768.60  
07:10:34  INFO        Power_Dis                       POWERGEN                          0.196717      5769023.09  
07:10:34  INFO        Power_Dis                       POWERGEN                          0.207066      6072523.14  
07:10:34  INFO        Power_Dis                       POWERGEN                          0.186036      5455786.64  
07:10:34  INFO        Power_Dis                       Power from MEL                    0.410169     12028825.33  
07:10:34  INFO        SHP Steam_Dis                   HRSG2_SHP STEAM                   0.500000        61827.68  
07:10:34  INFO        SHP Steam_Dis                   HRSG3_SHP STEAM                   0.500000        61827.68  
07:10:34  INFO        STG1_LP STEAM                   SHP Steam_Dis                     0.480000        11979.74  
07:10:34  INFO        STG1_MP STEAM                   SHP Steam_Dis                     0.690000         1448.97  
07:10:34  INFO      
07:10:34  INFO        All U4U materials converged within tolerance
07:10:34  INFO        ------------------------------------------------------------------------------------------
07:10:34  INFO      
07:10:34  INFO        [U4U LOOP] === CONVERGED in 17 iterations ===
07:10:34  INFO      
07:10:34  INFO        ==========================================================================================
07:10:34  INFO        FINAL BALANCE  (after 17 iterations, CONVERGED)
07:10:34  INFO        ==========================================================================================
07:10:34  INFO      
07:10:34  INFO        POWER BALANCE
07:10:34  INFO        Process + Fixed Demand                  29242067.20 KWH
07:10:34  INFO        U4U Demand                                 84442.93 KWH
07:10:34  INFO        TOTAL DEMAND                            29326510.12 KWH
07:10:34  INFO        GT/STG Generation                          17640.00 MWh
07:10:34  INFO        Import Power                               18000.00 MWh
07:10:34  INFO        TOTAL SUPPLY                               35640.00 MWh
07:10:34  INFO        BALANCE                                     6313.49 MWh
07:10:34  INFO      
07:10:34  INFO        STEAM BALANCE
07:10:34  INFO        Grade            Demand (MT)        Gen (MT)    Surplus (MT)    Deficit (MT)
07:10:34  INFO        ------------  --------------  --------------  --------------  --------------
07:10:34  INFO        MP                  25059.20            0.00            0.00            0.00
07:10:34  INFO        SHP                142449.76        86400.00            0.00        56049.76
07:10:34  INFO        HP                   4972.00            0.00            0.00            0.00
07:10:34  INFO      
07:10:34  INFO        U4U CONSUMPTION SUMMARY
07:10:34  INFO        Utility                              Initial Demand      U4U Demand    Total Demand
07:10:34  INFO        -----------------------------------  --------------  --------------  --------------
07:10:34  INFO        Boiler Feed Water                              0.00        94425.38        94425.38
07:10:34  INFO        COMPRESSED AIR                           6084105.59      1134043.33      7218148.91
07:10:34  INFO        Cooling Water 1                            15194.00            0.00        15194.00
07:10:34  INFO        Cooling Water 2                             9016.31       280311.02       289327.32
07:10:34  INFO        D M Water                                  55787.00        81205.83       136992.82
07:10:34  INFO        HP Steam PRDS                                  0.00         4972.00         4972.00
07:10:34  INFO        HP Steam_Dis                                4972.00            0.00         4972.00
07:10:34  INFO        HRSG2_SHP STEAM                                0.00        61827.68        61827.66
07:10:34  INFO        HRSG3_SHP STEAM                                0.00        61827.68        61827.66
07:10:34  INFO        LP Steam PRDS                                  0.00        14014.40        14014.40
07:10:34  INFO        LP Steam_Dis                               25280.51        13691.68        38972.19
07:10:34  INFO        MP Steam PRDS SHP                              0.00        22959.24        22959.24
07:10:34  INFO        MP Steam_Dis                               14548.40        10510.80        25059.20
07:10:34  INFO        Nitrogen Gas                             5437630.00            0.00      5437630.00 (PT)
07:10:34  INFO        Oxygen                                      5787.00            0.00         5787.00
07:10:34  INFO        POWERGEN                                       0.00     17297332.87     17297332.87
07:10:34  INFO        Power_Dis                               29242067.20        84442.93     29326510.12
07:10:34  INFO        SHP Steam_Dis                              20975.00       102680.37       123655.36
07:10:34  INFO        STG1_LP STEAM                                  0.00        24957.79        24957.79
07:10:34  INFO        STG1_MP STEAM                                  0.00         2099.96         2099.96
07:10:34  INFO        Water                                     280371.80            0.00       280371.80 (PT)
07:10:34  INFO      
07:10:34  INFO        PASS-THROUGH UTILITIES (demand but no norms configuration):
07:10:34  INFO          Nitrogen Gas                         demand = 5437630.00  (assumed external supply)
07:10:34  INFO          Water                                demand = 280371.80  (assumed external supply)
07:10:34  INFO        ==========================================================================================

  Iterations: 17  |  Converged: YES
  Pass-through utilities: Nitrogen Gas, Water

======================================================================
  DONE
======================================================================
